fecha,ticker,simbolo,cierre
2010-01-01,BOGOTA,BOGOTA.CL,33100.0
2010-01-08,BOGOTA,BOGOTA.CL,34100.0
2010-01-15,BOGOTA,BOGOTA.CL,33600.0
2010-01-22,BOGOTA,BOGOTA.CL,33660.0
2010-01-29,BOGOTA,BOGOTA.CL,34100.0
2010-02-05,BOGOTA,BOGOTA.CL,35000.0
2010-02-12,BOGOTA,BOGOTA.CL,36700.0
2010-02-19,BOGOTA,BOGOTA.CL,34907.27
2010-02-26,BOGOTA,BOGOTA.CL,36264.88
2010-03-05,BOGOTA,BOGOTA.CL,35799.94
2010-03-12,BOGOTA,BOGOTA.CL,34405.14
2010-03-19,BOGOTA,BOGOTA.CL,33475.27
2010-03-26,BOGOTA,BOGOTA.CL,34684.1
2010-04-02,BOGOTA,BOGOTA.CL,34405.14
2010-04-09,BOGOTA,BOGOTA.CL,35335.0
2010-04-16,BOGOTA,BOGOTA.CL,35335.0
2010-04-23,BOGOTA,BOGOTA.CL,36636.82
2010-04-30,BOGOTA,BOGOTA.CL,34814.28
2010-05-07,BOGOTA,BOGOTA.CL,36264.88
2010-05-14,BOGOTA,BOGOTA.CL,35335.0
2010-05-21,BOGOTA,BOGOTA.CL,36078.9
2010-05-28,BOGOTA,BOGOTA.CL,36171.89
2010-06-04,BOGOTA,BOGOTA.CL,36432.25
2010-06-11,BOGOTA,BOGOTA.CL,36246.28
2010-06-18,BOGOTA,BOGOTA.CL,35799.94
2010-06-25,BOGOTA,BOGOTA.CL,35930.12
2010-07-02,BOGOTA,BOGOTA.CL,35967.32
2010-07-09,BOGOTA,BOGOTA.CL,37194.74
2010-07-16,BOGOTA,BOGOTA.CL,38310.59
2010-07-23,BOGOTA,BOGOTA.CL,39054.48
2010-07-30,BOGOTA,BOGOTA.CL,40449.28
2010-08-06,BOGOTA,BOGOTA.CL,41844.09
2010-08-13,BOGOTA,BOGOTA.CL,41844.09
2010-08-20,BOGOTA,BOGOTA.CL,42773.95
2010-08-27,BOGOTA,BOGOTA.CL,47869.63
2010-09-03,BOGOTA,BOGOTA.CL,48818.1
2010-09-10,BOGOTA,BOGOTA.CL,47609.27
2010-09-17,BOGOTA,BOGOTA.CL,47237.32
2010-09-24,BOGOTA,BOGOTA.CL,48353.16
2010-10-01,BOGOTA,BOGOTA.CL,48446.15
2010-10-08,BOGOTA,BOGOTA.CL,50212.9
2010-10-15,BOGOTA,BOGOTA.CL,49840.95
2010-10-22,BOGOTA,BOGOTA.CL,48483.35
2010-10-29,BOGOTA,BOGOTA.CL,50956.8
2010-11-05,BOGOTA,BOGOTA.CL,50305.89
2010-11-12,BOGOTA,BOGOTA.CL,49747.97
2010-11-19,BOGOTA,BOGOTA.CL,47330.31
2010-11-26,BOGOTA,BOGOTA.CL,47423.3
2010-12-03,BOGOTA,BOGOTA.CL,47516.28
2010-12-10,BOGOTA,BOGOTA.CL,50677.84
2010-12-17,BOGOTA,BOGOTA.CL,53560.43
2010-12-24,BOGOTA,BOGOTA.CL,53839.39
2010-12-31,BOGOTA,BOGOTA.CL,51198.56
2011-01-07,BOGOTA,BOGOTA.CL,51142.77
2011-01-14,BOGOTA,BOGOTA.CL,51142.77
2011-01-21,BOGOTA,BOGOTA.CL,51886.66
2011-01-28,BOGOTA,BOGOTA.CL,51979.65
2011-02-04,BOGOTA,BOGOTA.CL,51031.19
2011-02-11,BOGOTA,BOGOTA.CL,49933.94
2011-02-18,BOGOTA,BOGOTA.CL,50194.3
2011-02-25,BOGOTA,BOGOTA.CL,50677.84
2011-03-04,BOGOTA,BOGOTA.CL,50770.82
2011-03-11,BOGOTA,BOGOTA.CL,50398.88
2011-03-18,BOGOTA,BOGOTA.CL,51142.77
2011-03-25,BOGOTA,BOGOTA.CL,50584.85
2011-04-01,BOGOTA,BOGOTA.CL,50696.43
2011-04-08,BOGOTA,BOGOTA.CL,50212.9
2011-04-15,BOGOTA,BOGOTA.CL,50677.84
2011-04-22,BOGOTA,BOGOTA.CL,50212.9
2011-04-29,BOGOTA,BOGOTA.CL,49283.04
2011-05-06,BOGOTA,BOGOTA.CL,50212.9
2011-05-13,BOGOTA,BOGOTA.CL,48353.16
2011-05-20,BOGOTA,BOGOTA.CL,48725.11
2011-05-27,BOGOTA,BOGOTA.CL,48818.1
2011-06-03,BOGOTA,BOGOTA.CL,48836.7
2011-06-10,BOGOTA,BOGOTA.CL,49283.04
2011-06-17,BOGOTA,BOGOTA.CL,48818.1
2011-06-24,BOGOTA,BOGOTA.CL,49524.8
2011-07-01,BOGOTA,BOGOTA.CL,48446.15
2011-07-08,BOGOTA,BOGOTA.CL,48353.16
2011-07-15,BOGOTA,BOGOTA.CL,49283.04
2011-07-22,BOGOTA,BOGOTA.CL,48334.57
2011-07-29,BOGOTA,BOGOTA.CL,48074.2
2011-08-05,BOGOTA,BOGOTA.CL,47534.88
2011-08-12,BOGOTA,BOGOTA.CL,46493.43
2011-08-19,BOGOTA,BOGOTA.CL,45191.61
2011-08-26,BOGOTA,BOGOTA.CL,45377.59
2011-09-02,BOGOTA,BOGOTA.CL,45284.6
2011-09-09,BOGOTA,BOGOTA.CL,46493.43
2011-09-16,BOGOTA,BOGOTA.CL,46958.36
2011-09-23,BOGOTA,BOGOTA.CL,46233.07
2011-09-30,BOGOTA,BOGOTA.CL,45284.6
2011-10-07,BOGOTA,BOGOTA.CL,45749.53
2011-10-14,BOGOTA,BOGOTA.CL,46493.43
2011-10-21,BOGOTA,BOGOTA.CL,45954.11
2011-10-28,BOGOTA,BOGOTA.CL,45749.53
2011-11-04,BOGOTA,BOGOTA.CL,45563.56
2011-11-11,BOGOTA,BOGOTA.CL,45098.63
2011-11-18,BOGOTA,BOGOTA.CL,44168.76
2011-11-25,BOGOTA,BOGOTA.CL,44373.33
2011-12-02,BOGOTA,BOGOTA.CL,44633.69
2011-12-09,BOGOTA,BOGOTA.CL,45526.36
2011-12-16,BOGOTA,BOGOTA.CL,44633.69
2011-12-23,BOGOTA,BOGOTA.CL,45563.56
2011-12-30,BOGOTA,BOGOTA.CL,46363.25
2012-01-06,BOGOTA,BOGOTA.CL,46028.49
2012-01-13,BOGOTA,BOGOTA.CL,44912.65
2012-01-20,BOGOTA,BOGOTA.CL,44670.89
2012-01-27,BOGOTA,BOGOTA.CL,44633.69
2012-02-03,BOGOTA,BOGOTA.CL,45470.57
2012-02-10,BOGOTA,BOGOTA.CL,47888.23
2012-02-17,BOGOTA,BOGOTA.CL,47404.7
2012-02-24,BOGOTA,BOGOTA.CL,46958.36
2012-03-02,BOGOTA,BOGOTA.CL,47423.3
2012-03-09,BOGOTA,BOGOTA.CL,47795.24
2012-03-16,BOGOTA,BOGOTA.CL,47423.3
2012-03-23,BOGOTA,BOGOTA.CL,46586.41
2012-03-30,BOGOTA,BOGOTA.CL,47423.3
2012-04-06,BOGOTA,BOGOTA.CL,47051.35
2012-04-13,BOGOTA,BOGOTA.CL,46772.39
2012-04-20,BOGOTA,BOGOTA.CL,46493.43
2012-04-27,BOGOTA,BOGOTA.CL,47423.3
2012-05-04,BOGOTA,BOGOTA.CL,47962.62
2012-05-11,BOGOTA,BOGOTA.CL,47423.3
2012-05-18,BOGOTA,BOGOTA.CL,47255.92
2012-05-25,BOGOTA,BOGOTA.CL,47051.35
2012-06-01,BOGOTA,BOGOTA.CL,46958.36
2012-06-08,BOGOTA,BOGOTA.CL,46493.43
2012-06-15,BOGOTA,BOGOTA.CL,46493.43
2012-06-22,BOGOTA,BOGOTA.CL,46586.41
2012-06-29,BOGOTA,BOGOTA.CL,46809.58
2012-07-06,BOGOTA,BOGOTA.CL,46214.47
2012-07-13,BOGOTA,BOGOTA.CL,46958.36
2012-07-20,BOGOTA,BOGOTA.CL,47218.73
2012-07-27,BOGOTA,BOGOTA.CL,47125.74
2012-08-03,BOGOTA,BOGOTA.CL,46493.43
2012-08-10,BOGOTA,BOGOTA.CL,46288.86
2012-08-17,BOGOTA,BOGOTA.CL,46028.49
2012-08-24,BOGOTA,BOGOTA.CL,46474.83
2012-08-31,BOGOTA,BOGOTA.CL,46140.08
2012-09-07,BOGOTA,BOGOTA.CL,46493.43
2012-09-14,BOGOTA,BOGOTA.CL,46921.17
2012-09-21,BOGOTA,BOGOTA.CL,47423.3
2012-09-28,BOGOTA,BOGOTA.CL,47274.52
2012-10-05,BOGOTA,BOGOTA.CL,47423.3
2012-10-12,BOGOTA,BOGOTA.CL,49227.24
2012-10-19,BOGOTA,BOGOTA.CL,50677.84
2012-10-26,BOGOTA,BOGOTA.CL,50677.84
2012-11-02,BOGOTA,BOGOTA.CL,48167.19
2012-11-09,BOGOTA,BOGOTA.CL,50212.9
2012-11-16,BOGOTA,BOGOTA.CL,48353.16
2012-11-23,BOGOTA,BOGOTA.CL,49245.84
2012-11-30,BOGOTA,BOGOTA.CL,49376.02
2012-12-07,BOGOTA,BOGOTA.CL,50863.81
2012-12-14,BOGOTA,BOGOTA.CL,50901.0
2012-12-21,BOGOTA,BOGOTA.CL,50677.84
2012-12-28,BOGOTA,BOGOTA.CL,50380.28
2013-01-04,BOGOTA,BOGOTA.CL,50677.84
2013-01-11,BOGOTA,BOGOTA.CL,51756.48
2013-01-18,BOGOTA,BOGOTA.CL,52072.64
2013-01-25,BOGOTA,BOGOTA.CL,52054.04
2013-02-01,BOGOTA,BOGOTA.CL,53653.41
2013-02-08,BOGOTA,BOGOTA.CL,55029.62
2013-02-15,BOGOTA,BOGOTA.CL,53932.38
2013-02-22,BOGOTA,BOGOTA.CL,54490.3
2013-03-01,BOGOTA,BOGOTA.CL,53932.38
2013-03-08,BOGOTA,BOGOTA.CL,53988.17
2013-03-15,BOGOTA,BOGOTA.CL,53467.44
2013-03-22,BOGOTA,BOGOTA.CL,53932.38
2013-03-29,BOGOTA,BOGOTA.CL,53653.41
2013-04-05,BOGOTA,BOGOTA.CL,53839.39
2013-04-12,BOGOTA,BOGOTA.CL,54862.25
2013-04-19,BOGOTA,BOGOTA.CL,57279.9
2013-04-26,BOGOTA,BOGOTA.CL,58860.68
2013-05-03,BOGOTA,BOGOTA.CL,61743.27
2013-05-10,BOGOTA,BOGOTA.CL,61557.3
2013-05-17,BOGOTA,BOGOTA.CL,63324.05
2013-05-24,BOGOTA,BOGOTA.CL,65090.8
2013-05-31,BOGOTA,BOGOTA.CL,64160.93
2013-06-07,BOGOTA,BOGOTA.CL,61371.32
2013-06-14,BOGOTA,BOGOTA.CL,64867.63
2013-06-21,BOGOTA,BOGOTA.CL,64160.93
2013-06-28,BOGOTA,BOGOTA.CL,64160.93
2013-07-05,BOGOTA,BOGOTA.CL,63045.09
2013-07-12,BOGOTA,BOGOTA.CL,62096.62
2013-07-19,BOGOTA,BOGOTA.CL,65909.09
2013-07-26,BOGOTA,BOGOTA.CL,65462.75
2013-08-02,BOGOTA,BOGOTA.CL,65369.76
2013-08-09,BOGOTA,BOGOTA.CL,65090.8
2013-08-16,BOGOTA,BOGOTA.CL,64979.21
2013-08-23,BOGOTA,BOGOTA.CL,65090.8
2013-08-30,BOGOTA,BOGOTA.CL,64160.93
2013-09-06,BOGOTA,BOGOTA.CL,64607.27
2013-09-13,BOGOTA,BOGOTA.CL,64960.62
2013-09-20,BOGOTA,BOGOTA.CL,65090.8
2013-09-27,BOGOTA,BOGOTA.CL,63231.06
2013-10-04,BOGOTA,BOGOTA.CL,65090.8
2013-10-11,BOGOTA,BOGOTA.CL,65090.8
2013-10-18,BOGOTA,BOGOTA.CL,65053.61
2013-10-25,BOGOTA,BOGOTA.CL,62319.79
2013-11-01,BOGOTA,BOGOTA.CL,62264.0
2013-11-08,BOGOTA,BOGOTA.CL,61947.84
2013-11-15,BOGOTA,BOGOTA.CL,63212.46
2013-11-22,BOGOTA,BOGOTA.CL,63082.28
2013-11-29,BOGOTA,BOGOTA.CL,60646.03
2013-12-06,BOGOTA,BOGOTA.CL,62301.19
2013-12-13,BOGOTA,BOGOTA.CL,62096.62
2013-12-20,BOGOTA,BOGOTA.CL,64067.95
2013-12-27,BOGOTA,BOGOTA.CL,66485.6
2014-01-03,BOGOTA,BOGOTA.CL,63640.2
2014-01-10,BOGOTA,BOGOTA.CL,63231.06
2014-01-17,BOGOTA,BOGOTA.CL,63956.36
2014-01-24,BOGOTA,BOGOTA.CL,60497.25
2014-01-31,BOGOTA,BOGOTA.CL,62208.21
2014-02-07,BOGOTA,BOGOTA.CL,60906.39
2014-02-14,BOGOTA,BOGOTA.CL,61371.32
2014-02-21,BOGOTA,BOGOTA.CL,62338.39
2014-02-28,BOGOTA,BOGOTA.CL,64142.33
2014-03-07,BOGOTA,BOGOTA.CL,65090.8
2014-03-14,BOGOTA,BOGOTA.CL,64997.81
2014-03-21,BOGOTA,BOGOTA.CL,64793.24
2014-03-28,BOGOTA,BOGOTA.CL,66020.66
2014-04-04,BOGOTA,BOGOTA.CL,63696.0
2014-04-11,BOGOTA,BOGOTA.CL,64160.93
2014-04-18,BOGOTA,BOGOTA.CL,64160.93
2014-04-25,BOGOTA,BOGOTA.CL,64997.81
2014-05-02,BOGOTA,BOGOTA.CL,64160.93
2014-05-09,BOGOTA,BOGOTA.CL,64160.93
2014-05-16,BOGOTA,BOGOTA.CL,64123.73
2014-05-23,BOGOTA,BOGOTA.CL,63881.97
2014-05-30,BOGOTA,BOGOTA.CL,63974.96
2014-06-06,BOGOTA,BOGOTA.CL,64160.93
2014-06-13,BOGOTA,BOGOTA.CL,64421.29
2014-06-20,BOGOTA,BOGOTA.CL,64532.88
2014-06-27,BOGOTA,BOGOTA.CL,63696.0
2014-07-04,BOGOTA,BOGOTA.CL,63881.97
2014-07-11,BOGOTA,BOGOTA.CL,63714.59
2014-07-18,BOGOTA,BOGOTA.CL,63454.23
2014-07-25,BOGOTA,BOGOTA.CL,64346.9
2014-08-01,BOGOTA,BOGOTA.CL,64644.46
2014-08-08,BOGOTA,BOGOTA.CL,65202.38
2014-08-15,BOGOTA,BOGOTA.CL,68308.14
2014-08-22,BOGOTA,BOGOTA.CL,67861.8
2014-08-29,BOGOTA,BOGOTA.CL,67452.66
2014-09-05,BOGOTA,BOGOTA.CL,66950.54
2014-09-12,BOGOTA,BOGOTA.CL,68345.34
2014-09-19,BOGOTA,BOGOTA.CL,66950.54
2014-09-26,BOGOTA,BOGOTA.CL,65592.93
2014-10-03,BOGOTA,BOGOTA.CL,65090.8
2014-10-10,BOGOTA,BOGOTA.CL,62319.79
2014-10-17,BOGOTA,BOGOTA.CL,63788.98
2014-10-24,BOGOTA,BOGOTA.CL,63714.59
2014-10-31,BOGOTA,BOGOTA.CL,63231.06
2014-11-07,BOGOTA,BOGOTA.CL,61371.32
2014-11-14,BOGOTA,BOGOTA.CL,62301.19
2014-11-21,BOGOTA,BOGOTA.CL,62766.13
2014-11-28,BOGOTA,BOGOTA.CL,62189.61
2014-12-05,BOGOTA,BOGOTA.CL,59734.76
2014-12-12,BOGOTA,BOGOTA.CL,60441.46
2014-12-19,BOGOTA,BOGOTA.CL,63696.0
2014-12-26,BOGOTA,BOGOTA.CL,61464.31
2015-01-02,BOGOTA,BOGOTA.CL,59139.64
2015-01-09,BOGOTA,BOGOTA.CL,59511.59
2015-01-16,BOGOTA,BOGOTA.CL,58581.72
2015-01-23,BOGOTA,BOGOTA.CL,59139.64
2015-01-30,BOGOTA,BOGOTA.CL,60422.86
2015-02-06,BOGOTA,BOGOTA.CL,59046.65
2015-02-13,BOGOTA,BOGOTA.CL,58600.32
2015-02-20,BOGOTA,BOGOTA.CL,56721.98
2015-02-27,BOGOTA,BOGOTA.CL,56907.96
2015-03-06,BOGOTA,BOGOTA.CL,52258.61
2015-03-13,BOGOTA,BOGOTA.CL,54025.36
2015-03-20,BOGOTA,BOGOTA.CL,53002.51
2015-03-27,BOGOTA,BOGOTA.CL,52518.98
2015-04-03,BOGOTA,BOGOTA.CL,54862.25
2015-04-10,BOGOTA,BOGOTA.CL,54564.69
2015-04-17,BOGOTA,BOGOTA.CL,54248.53
2015-04-24,BOGOTA,BOGOTA.CL,59139.64
2015-05-01,BOGOTA,BOGOTA.CL,58581.72
2015-05-08,BOGOTA,BOGOTA.CL,57800.63
2015-05-15,BOGOTA,BOGOTA.CL,59790.55
2015-05-22,BOGOTA,BOGOTA.CL,58209.77
2015-05-29,BOGOTA,BOGOTA.CL,58023.8
2015-06-05,BOGOTA,BOGOTA.CL,57372.89
2015-06-12,BOGOTA,BOGOTA.CL,54862.25
2015-06-19,BOGOTA,BOGOTA.CL,55792.11
2015-06-26,BOGOTA,BOGOTA.CL,55792.11
2015-07-03,BOGOTA,BOGOTA.CL,55699.13
2015-07-10,BOGOTA,BOGOTA.CL,56721.98
2015-07-17,BOGOTA,BOGOTA.CL,56721.98
2015-07-24,BOGOTA,BOGOTA.CL,56312.84
2015-07-31,BOGOTA,BOGOTA.CL,55847.91
2015-08-07,BOGOTA,BOGOTA.CL,54843.65
2015-08-14,BOGOTA,BOGOTA.CL,54211.34
2015-08-21,BOGOTA,BOGOTA.CL,51347.34
2015-08-28,BOGOTA,BOGOTA.CL,55141.21
2015-09-04,BOGOTA,BOGOTA.CL,53932.38
2015-09-11,BOGOTA,BOGOTA.CL,54862.25
2015-09-18,BOGOTA,BOGOTA.CL,54862.25
2015-09-25,BOGOTA,BOGOTA.CL,54862.25
2015-10-02,BOGOTA,BOGOTA.CL,54862.25
2015-10-09,BOGOTA,BOGOTA.CL,54955.23
2015-10-16,BOGOTA,BOGOTA.CL,54973.83
2015-10-23,BOGOTA,BOGOTA.CL,54862.25
2015-10-30,BOGOTA,BOGOTA.CL,55234.19
2015-11-06,BOGOTA,BOGOTA.CL,55606.14
2015-11-13,BOGOTA,BOGOTA.CL,54397.31
2015-11-20,BOGOTA,BOGOTA.CL,54843.65
2015-11-27,BOGOTA,BOGOTA.CL,53095.5
2015-12-04,BOGOTA,BOGOTA.CL,53746.4
2015-12-11,BOGOTA,BOGOTA.CL,54862.25
2015-12-18,BOGOTA,BOGOTA.CL,54862.25
2015-12-25,BOGOTA,BOGOTA.CL,55327.18
2016-01-01,BOGOTA,BOGOTA.CL,54397.31
2016-01-08,BOGOTA,BOGOTA.CL,53188.48
2016-01-15,BOGOTA,BOGOTA.CL,52946.71
2016-01-22,BOGOTA,BOGOTA.CL,52872.32
2016-01-29,BOGOTA,BOGOTA.CL,52258.61
2016-02-05,BOGOTA,BOGOTA.CL,52165.63
2016-02-12,BOGOTA,BOGOTA.CL,52686.35
2016-02-19,BOGOTA,BOGOTA.CL,52704.95
2016-02-26,BOGOTA,BOGOTA.CL,53913.78
2016-03-04,BOGOTA,BOGOTA.CL,55754.92
2016-03-11,BOGOTA,BOGOTA.CL,55792.11
2016-03-18,BOGOTA,BOGOTA.CL,55792.11
2016-03-25,BOGOTA,BOGOTA.CL,55661.93
2016-04-01,BOGOTA,BOGOTA.CL,56257.05
2016-04-08,BOGOTA,BOGOTA.CL,57651.85
2016-04-15,BOGOTA,BOGOTA.CL,58563.12
2016-04-22,BOGOTA,BOGOTA.CL,57651.85
2016-04-29,BOGOTA,BOGOTA.CL,56796.37
2016-05-06,BOGOTA,BOGOTA.CL,58581.72
2016-05-13,BOGOTA,BOGOTA.CL,57224.11
2016-05-20,BOGOTA,BOGOTA.CL,54862.25
2016-05-27,BOGOTA,BOGOTA.CL,54397.31
2016-06-03,BOGOTA,BOGOTA.CL,54862.25
2016-06-10,BOGOTA,BOGOTA.CL,55308.58
2016-06-17,BOGOTA,BOGOTA.CL,55234.19
2016-06-24,BOGOTA,BOGOTA.CL,54397.31
2016-07-01,BOGOTA,BOGOTA.CL,54062.56
2016-07-08,BOGOTA,BOGOTA.CL,54843.65
2016-07-15,BOGOTA,BOGOTA.CL,54862.25
2016-07-22,BOGOTA,BOGOTA.CL,54415.91
2016-07-29,BOGOTA,BOGOTA.CL,55048.22
2016-08-05,BOGOTA,BOGOTA.CL,54248.53
2016-08-12,BOGOTA,BOGOTA.CL,55457.36
2016-08-19,BOGOTA,BOGOTA.CL,56219.85
2016-08-26,BOGOTA,BOGOTA.CL,56275.64
2016-09-02,BOGOTA,BOGOTA.CL,59288.42
2016-09-09,BOGOTA,BOGOTA.CL,58581.72
2016-09-16,BOGOTA,BOGOTA.CL,58116.79
2016-09-23,BOGOTA,BOGOTA.CL,58563.12
2016-09-30,BOGOTA,BOGOTA.CL,58451.54
2016-10-07,BOGOTA,BOGOTA.CL,58023.8
2016-10-14,BOGOTA,BOGOTA.CL,56907.96
2016-10-21,BOGOTA,BOGOTA.CL,57726.24
2016-10-28,BOGOTA,BOGOTA.CL,56721.98
2016-11-04,BOGOTA,BOGOTA.CL,55792.11
2016-11-11,BOGOTA,BOGOTA.CL,55792.11
2016-11-18,BOGOTA,BOGOTA.CL,55773.52
2016-11-25,BOGOTA,BOGOTA.CL,57298.5
2016-12-02,BOGOTA,BOGOTA.CL,57596.06
2016-12-09,BOGOTA,BOGOTA.CL,55699.13
2016-12-16,BOGOTA,BOGOTA.CL,57577.46
2016-12-23,BOGOTA,BOGOTA.CL,55978.09
2016-12-30,BOGOTA,BOGOTA.CL,58581.72
2017-01-06,BOGOTA,BOGOTA.CL,57242.71
2017-01-13,BOGOTA,BOGOTA.CL,57577.46
2017-01-20,BOGOTA,BOGOTA.CL,56443.02
2017-01-27,BOGOTA,BOGOTA.CL,55903.7
2017-02-03,BOGOTA,BOGOTA.CL,56443.02
2017-02-10,BOGOTA,BOGOTA.CL,53913.78
2017-02-17,BOGOTA,BOGOTA.CL,54657.67
2017-02-24,BOGOTA,BOGOTA.CL,53932.38
2017-03-03,BOGOTA,BOGOTA.CL,53932.38
2017-03-10,BOGOTA,BOGOTA.CL,54415.91
2017-03-17,BOGOTA,BOGOTA.CL,54862.25
2017-03-24,BOGOTA,BOGOTA.CL,55327.18
2017-03-31,BOGOTA,BOGOTA.CL,55959.49
2017-04-07,BOGOTA,BOGOTA.CL,56536.01
2017-04-14,BOGOTA,BOGOTA.CL,55792.11
2017-04-21,BOGOTA,BOGOTA.CL,56052.48
2017-04-28,BOGOTA,BOGOTA.CL,56536.01
2017-05-05,BOGOTA,BOGOTA.CL,58023.8
2017-05-12,BOGOTA,BOGOTA.CL,56721.98
2017-05-19,BOGOTA,BOGOTA.CL,57986.6
2017-05-26,BOGOTA,BOGOTA.CL,57986.6
2017-06-02,BOGOTA,BOGOTA.CL,58525.93
2017-06-09,BOGOTA,BOGOTA.CL,58581.72
2017-06-16,BOGOTA,BOGOTA.CL,58395.75
2017-06-23,BOGOTA,BOGOTA.CL,57837.82
2017-06-30,BOGOTA,BOGOTA.CL,59046.65
2017-07-07,BOGOTA,BOGOTA.CL,58581.72
2017-07-14,BOGOTA,BOGOTA.CL,61557.3
2017-07-21,BOGOTA,BOGOTA.CL,63119.48
2017-07-28,BOGOTA,BOGOTA.CL,63696.0
2017-08-04,BOGOTA,BOGOTA.CL,62487.17
2017-08-11,BOGOTA,BOGOTA.CL,63658.8
2017-08-18,BOGOTA,BOGOTA.CL,62673.14
2017-08-25,BOGOTA,BOGOTA.CL,64142.33
2017-09-01,BOGOTA,BOGOTA.CL,65090.8
2017-09-08,BOGOTA,BOGOTA.CL,63417.04
2017-09-15,BOGOTA,BOGOTA.CL,63696.0
2017-09-22,BOGOTA,BOGOTA.CL,63696.0
2017-09-29,BOGOTA,BOGOTA.CL,63788.98
2017-10-06,BOGOTA,BOGOTA.CL,63881.97
2017-10-13,BOGOTA,BOGOTA.CL,63472.83
2017-10-20,BOGOTA,BOGOTA.CL,64160.93
2017-10-27,BOGOTA,BOGOTA.CL,62505.77
2017-11-03,BOGOTA,BOGOTA.CL,62598.75
2017-11-10,BOGOTA,BOGOTA.CL,61706.08
2017-11-17,BOGOTA,BOGOTA.CL,62319.79
2017-11-24,BOGOTA,BOGOTA.CL,62449.97
2017-12-01,BOGOTA,BOGOTA.CL,61836.26
2017-12-08,BOGOTA,BOGOTA.CL,62952.1
2017-12-15,BOGOTA,BOGOTA.CL,63696.0
2017-12-22,BOGOTA,BOGOTA.CL,62728.93
2017-12-29,BOGOTA,BOGOTA.CL,62301.19
2018-01-05,BOGOTA,BOGOTA.CL,61371.32
2018-01-12,BOGOTA,BOGOTA.CL,62208.21
2018-01-19,BOGOTA,BOGOTA.CL,63324.05
2018-01-26,BOGOTA,BOGOTA.CL,61389.92
2018-02-02,BOGOTA,BOGOTA.CL,61743.27
2018-02-09,BOGOTA,BOGOTA.CL,61557.3
2018-02-16,BOGOTA,BOGOTA.CL,61854.86
2018-02-23,BOGOTA,BOGOTA.CL,61389.92
2018-03-02,BOGOTA,BOGOTA.CL,62301.19
2018-03-09,BOGOTA,BOGOTA.CL,63231.06
2018-03-16,BOGOTA,BOGOTA.CL,62952.1
2018-03-23,BOGOTA,BOGOTA.CL,62952.1
2018-03-30,BOGOTA,BOGOTA.CL,64625.86
2018-04-06,BOGOTA,BOGOTA.CL,64235.32
2018-04-13,BOGOTA,BOGOTA.CL,64532.88
2018-04-20,BOGOTA,BOGOTA.CL,64532.88
2018-04-27,BOGOTA,BOGOTA.CL,65090.8
2018-05-04,BOGOTA,BOGOTA.CL,65053.61
2018-05-11,BOGOTA,BOGOTA.CL,64997.81
2018-05-18,BOGOTA,BOGOTA.CL,64811.84
2018-05-25,BOGOTA,BOGOTA.CL,65072.2
2018-06-01,BOGOTA,BOGOTA.CL,64997.81
2018-06-08,BOGOTA,BOGOTA.CL,63361.24
2018-06-15,BOGOTA,BOGOTA.CL,63361.24
2018-06-22,BOGOTA,BOGOTA.CL,63231.06
2018-06-29,BOGOTA,BOGOTA.CL,64067.95
2018-07-06,BOGOTA,BOGOTA.CL,63807.58
2018-07-13,BOGOTA,BOGOTA.CL,64458.49
2018-07-20,BOGOTA,BOGOTA.CL,64625.86
2018-07-27,BOGOTA,BOGOTA.CL,64142.33
2018-08-03,BOGOTA,BOGOTA.CL,64160.93
2018-08-10,BOGOTA,BOGOTA.CL,63696.0
2018-08-17,BOGOTA,BOGOTA.CL,64123.73
2018-08-24,BOGOTA,BOGOTA.CL,63974.96
2018-08-31,BOGOTA,BOGOTA.CL,63510.02
2018-09-07,BOGOTA,BOGOTA.CL,63510.02
2018-09-14,BOGOTA,BOGOTA.CL,62766.13
2018-09-21,BOGOTA,BOGOTA.CL,63231.06
2018-09-28,BOGOTA,BOGOTA.CL,62747.53
2018-10-05,BOGOTA,BOGOTA.CL,62859.11
2018-10-12,BOGOTA,BOGOTA.CL,62673.14
2018-10-19,BOGOTA,BOGOTA.CL,63045.09
2018-10-26,BOGOTA,BOGOTA.CL,59530.18
2018-11-02,BOGOTA,BOGOTA.CL,59418.6
2018-11-09,BOGOTA,BOGOTA.CL,59139.64
2018-11-16,BOGOTA,BOGOTA.CL,54862.25
2018-11-23,BOGOTA,BOGOTA.CL,54397.31
2018-11-30,BOGOTA,BOGOTA.CL,54992.43
2018-12-07,BOGOTA,BOGOTA.CL,52109.83
2018-12-14,BOGOTA,BOGOTA.CL,52072.64
2018-12-21,BOGOTA,BOGOTA.CL,51793.68
2018-12-28,BOGOTA,BOGOTA.CL,53002.51
2019-01-04,BOGOTA,BOGOTA.CL,53932.38
2019-01-11,BOGOTA,BOGOTA.CL,52165.63
2019-01-18,BOGOTA,BOGOTA.CL,53746.4
2019-01-25,BOGOTA,BOGOTA.CL,55606.14
2019-02-01,BOGOTA,BOGOTA.CL,58842.08
2019-02-08,BOGOTA,BOGOTA.CL,58544.52
2019-02-15,BOGOTA,BOGOTA.CL,59009.46
2019-02-22,BOGOTA,BOGOTA.CL,58693.3
2019-03-01,BOGOTA,BOGOTA.CL,62096.62
2019-03-08,BOGOTA,BOGOTA.CL,64160.93
2019-03-15,BOGOTA,BOGOTA.CL,62784.73
2019-03-22,BOGOTA,BOGOTA.CL,61371.32
2019-03-29,BOGOTA,BOGOTA.CL,62096.62
2019-04-05,BOGOTA,BOGOTA.CL,61929.25
2019-04-12,BOGOTA,BOGOTA.CL,62115.22
2019-04-19,BOGOTA,BOGOTA.CL,64886.23
2019-04-26,BOGOTA,BOGOTA.CL,63472.83
2019-05-03,BOGOTA,BOGOTA.CL,61594.49
2019-05-10,BOGOTA,BOGOTA.CL,61687.48
2019-05-17,BOGOTA,BOGOTA.CL,62301.19
2019-05-24,BOGOTA,BOGOTA.CL,60924.99
2019-05-31,BOGOTA,BOGOTA.CL,60478.65
2019-06-07,BOGOTA,BOGOTA.CL,61538.7
2019-06-14,BOGOTA,BOGOTA.CL,63677.4
2019-06-21,BOGOTA,BOGOTA.CL,62524.36
2019-06-28,BOGOTA,BOGOTA.CL,63584.41
2019-07-05,BOGOTA,BOGOTA.CL,65927.68
2019-07-12,BOGOTA,BOGOTA.CL,68252.35
2019-07-19,BOGOTA,BOGOTA.CL,67880.41
2019-07-26,BOGOTA,BOGOTA.CL,66485.6
2019-08-02,BOGOTA,BOGOTA.CL,66020.66
2019-08-09,BOGOTA,BOGOTA.CL,63491.43
2019-08-16,BOGOTA,BOGOTA.CL,65946.28
2019-08-23,BOGOTA,BOGOTA.CL,66485.6
2019-08-30,BOGOTA,BOGOTA.CL,66113.66
2019-09-06,BOGOTA,BOGOTA.CL,68345.34
2019-09-13,BOGOTA,BOGOTA.CL,69758.74
2019-09-20,BOGOTA,BOGOTA.CL,71599.88
2019-09-27,BOGOTA,BOGOTA.CL,74835.82
2019-10-04,BOGOTA,BOGOTA.CL,74556.86
2019-10-11,BOGOTA,BOGOTA.CL,74482.47
2019-10-18,BOGOTA,BOGOTA.CL,76528.18
2019-10-25,BOGOTA,BOGOTA.CL,80917.16
2019-11-01,BOGOTA,BOGOTA.CL,83390.61
2019-11-08,BOGOTA,BOGOTA.CL,76249.22
2019-11-15,BOGOTA,BOGOTA.CL,76230.63
2019-11-22,BOGOTA,BOGOTA.CL,79968.7
2019-11-29,BOGOTA,BOGOTA.CL,79968.7
2019-12-06,BOGOTA,BOGOTA.CL,79968.7
2019-12-13,BOGOTA,BOGOTA.CL,80898.56
2019-12-20,BOGOTA,BOGOTA.CL,82758.3
2019-12-27,BOGOTA,BOGOTA.CL,79169.01
2020-01-03,BOGOTA,BOGOTA.CL,81010.15
2020-01-10,BOGOTA,BOGOTA.CL,82293.37
2020-01-17,BOGOTA,BOGOTA.CL,81363.5
2020-01-24,BOGOTA,BOGOTA.CL,81419.29
2020-01-31,BOGOTA,BOGOTA.CL,83409.21
2020-02-07,BOGOTA,BOGOTA.CL,81772.64
2020-02-14,BOGOTA,BOGOTA.CL,83446.41
2020-02-21,BOGOTA,BOGOTA.CL,81047.34
2020-02-28,BOGOTA,BOGOTA.CL,81791.23
2020-03-06,BOGOTA,BOGOTA.CL,75319.35
2020-03-13,BOGOTA,BOGOTA.CL,57651.85
2020-03-20,BOGOTA,BOGOTA.CL,57633.25
2020-03-27,BOGOTA,BOGOTA.CL,69944.71
2020-04-03,BOGOTA,BOGOTA.CL,68810.27
2020-04-10,BOGOTA,BOGOTA.CL,67880.41
2020-04-17,BOGOTA,BOGOTA.CL,65090.8
2020-04-24,BOGOTA,BOGOTA.CL,59511.59
2020-05-01,BOGOTA,BOGOTA.CL,57651.85
2020-05-08,BOGOTA,BOGOTA.CL,55122.61
2020-05-15,BOGOTA,BOGOTA.CL,55048.22
2020-05-22,BOGOTA,BOGOTA.CL,54676.27
2020-05-29,BOGOTA,BOGOTA.CL,56257.05
2020-06-05,BOGOTA,BOGOTA.CL,57930.81
2020-06-12,BOGOTA,BOGOTA.CL,63138.07
2020-06-19,BOGOTA,BOGOTA.CL,57651.85
2020-06-26,BOGOTA,BOGOTA.CL,57465.88
2020-07-03,BOGOTA,BOGOTA.CL,58581.72
2020-07-10,BOGOTA,BOGOTA.CL,62115.22
2020-07-17,BOGOTA,BOGOTA.CL,63788.98
2020-07-24,BOGOTA,BOGOTA.CL,61836.26
2020-07-31,BOGOTA,BOGOTA.CL,59474.39
2020-08-07,BOGOTA,BOGOTA.CL,60404.26
2020-08-14,BOGOTA,BOGOTA.CL,62208.21
2020-08-21,BOGOTA,BOGOTA.CL,64997.81
2020-08-28,BOGOTA,BOGOTA.CL,64663.06
2020-09-04,BOGOTA,BOGOTA.CL,64160.93
2020-09-11,BOGOTA,BOGOTA.CL,62766.13
2020-09-18,BOGOTA,BOGOTA.CL,64997.81
2020-09-25,BOGOTA,BOGOTA.CL,64160.93
2020-10-02,BOGOTA,BOGOTA.CL,66225.24
2020-10-09,BOGOTA,BOGOTA.CL,63221.76
2020-10-16,BOGOTA,BOGOTA.CL,66950.54
2020-10-23,BOGOTA,BOGOTA.CL,65555.73
2020-10-30,BOGOTA,BOGOTA.CL,65090.8
2020-11-06,BOGOTA,BOGOTA.CL,65155.89
2020-11-13,BOGOTA,BOGOTA.CL,65713.81
2020-11-20,BOGOTA,BOGOTA.CL,66020.66
2020-11-27,BOGOTA,BOGOTA.CL,67229.5
2020-12-04,BOGOTA,BOGOTA.CL,69182.22
2020-12-11,BOGOTA,BOGOTA.CL,70670.01
2020-12-18,BOGOTA,BOGOTA.CL,69702.95
2020-12-25,BOGOTA,BOGOTA.CL,70298.06
2021-01-01,BOGOTA,BOGOTA.CL,70716.5
2021-01-08,BOGOTA,BOGOTA.CL,72064.81
2021-01-15,BOGOTA,BOGOTA.CL,75226.37
2021-01-22,BOGOTA,BOGOTA.CL,74045.43
2021-01-29,BOGOTA,BOGOTA.CL,74668.45
2021-02-05,BOGOTA,BOGOTA.CL,74854.42
2021-02-12,BOGOTA,BOGOTA.CL,76230.63
2021-02-19,BOGOTA,BOGOTA.CL,74584.76
2021-02-26,BOGOTA,BOGOTA.CL,73487.52
2021-03-05,BOGOTA,BOGOTA.CL,72697.13
2021-03-12,BOGOTA,BOGOTA.CL,73459.62
2021-03-19,BOGOTA,BOGOTA.CL,72901.7
2021-03-26,BOGOTA,BOGOTA.CL,72529.75
2021-04-02,BOGOTA,BOGOTA.CL,71813.75
2021-04-09,BOGOTA,BOGOTA.CL,72883.09
2021-04-16,BOGOTA,BOGOTA.CL,70707.2
2021-04-23,BOGOTA,BOGOTA.CL,73385.23
2021-04-30,BOGOTA,BOGOTA.CL,70670.01
2021-05-07,BOGOTA,BOGOTA.CL,69414.69
2021-05-14,BOGOTA,BOGOTA.CL,67415.47
2021-05-21,BOGOTA,BOGOTA.CL,62766.13
2021-05-28,BOGOTA,BOGOTA.CL,66392.62
2021-06-04,BOGOTA,BOGOTA.CL,67787.41
2021-06-11,BOGOTA,BOGOTA.CL,65434.85
2021-06-18,BOGOTA,BOGOTA.CL,65090.8
2021-06-25,BOGOTA,BOGOTA.CL,65555.73
2021-07-02,BOGOTA,BOGOTA.CL,66002.07
2021-07-09,BOGOTA,BOGOTA.CL,66290.33
2021-07-16,BOGOTA,BOGOTA.CL,65537.13
2021-07-23,BOGOTA,BOGOTA.CL,64969.91
2021-07-30,BOGOTA,BOGOTA.CL,64346.9
2021-08-06,BOGOTA,BOGOTA.CL,63417.04
2021-08-13,BOGOTA,BOGOTA.CL,66950.54
2021-08-20,BOGOTA,BOGOTA.CL,68131.47
2021-08-27,BOGOTA,BOGOTA.CL,66067.16
2021-09-03,BOGOTA,BOGOTA.CL,66188.05
2021-09-10,BOGOTA,BOGOTA.CL,69107.83
2021-09-17,BOGOTA,BOGOTA.CL,68159.37
2021-09-24,BOGOTA,BOGOTA.CL,67155.11
2021-10-01,BOGOTA,BOGOTA.CL,69089.23
2021-10-08,BOGOTA,BOGOTA.CL,67880.41
2021-10-15,BOGOTA,BOGOTA.CL,68615.0
2021-10-22,BOGOTA,BOGOTA.CL,70660.71
2021-10-29,BOGOTA,BOGOTA.CL,68354.64
2021-11-05,BOGOTA,BOGOTA.CL,67880.41
2021-11-12,BOGOTA,BOGOTA.CL,67694.43
2021-11-19,BOGOTA,BOGOTA.CL,66941.23
2021-11-26,BOGOTA,BOGOTA.CL,66002.07
2021-12-03,BOGOTA,BOGOTA.CL,64467.79
2021-12-10,BOGOTA,BOGOTA.CL,66941.23
2021-12-17,BOGOTA,BOGOTA.CL,66857.55
2021-12-24,BOGOTA,BOGOTA.CL,65276.77
2021-12-31,BOGOTA,BOGOTA.CL,65379.06
2022-01-07,BOGOTA,BOGOTA.CL,66401.91
2022-01-14,BOGOTA,BOGOTA.CL,70205.08
2022-01-21,BOGOTA,BOGOTA.CL,70205.08
2022-01-28,BOGOTA,BOGOTA.CL,70391.05
2022-02-04,BOGOTA,BOGOTA.CL,70670.01
2022-02-11,BOGOTA,BOGOTA.CL,70484.04
2022-02-18,BOGOTA,BOGOTA.CL,68345.34
2022-02-25,BOGOTA,BOGOTA.CL,67833.91
2022-03-04,BOGOTA,BOGOTA.CL,66299.63
2022-03-11,BOGOTA,BOGOTA.CL,63751.79
2022-03-18,BOGOTA,BOGOTA.CL,63417.04
2022-03-25,BOGOTA,BOGOTA.CL,46167.97
2022-04-01,BOGOTA,BOGOTA.CL,49283.04
2022-04-08,BOGOTA,BOGOTA.CL,48446.15
2022-04-15,BOGOTA,BOGOTA.CL,48446.15
2022-04-22,BOGOTA,BOGOTA.CL,46930.46
2022-04-29,BOGOTA,BOGOTA.CL,45303.2
2022-05-06,BOGOTA,BOGOTA.CL,44633.69
2022-05-13,BOGOTA,BOGOTA.CL,47423.3
2022-05-20,BOGOTA,BOGOTA.CL,49645.68
2022-05-27,BOGOTA,BOGOTA.CL,55308.58
2022-06-03,BOGOTA,BOGOTA.CL,57837.82
2022-06-10,BOGOTA,BOGOTA.CL,49757.27
2022-06-17,BOGOTA,BOGOTA.CL,50000.0
2022-06-24,BOGOTA,BOGOTA.CL,46000.0
2022-07-01,BOGOTA,BOGOTA.CL,46920.0
2022-07-08,BOGOTA,BOGOTA.CL,43480.0
2022-07-15,BOGOTA,BOGOTA.CL,42000.0
2022-07-22,BOGOTA,BOGOTA.CL,42000.0
2022-07-29,BOGOTA,BOGOTA.CL,40550.0
2022-08-05,BOGOTA,BOGOTA.CL,42000.0
2022-08-12,BOGOTA,BOGOTA.CL,42520.0
2022-08-19,BOGOTA,BOGOTA.CL,39400.0
2022-08-26,BOGOTA,BOGOTA.CL,36900.0
2022-09-02,BOGOTA,BOGOTA.CL,36600.0
2022-09-09,BOGOTA,BOGOTA.CL,35300.0
2022-09-16,BOGOTA,BOGOTA.CL,32530.0
2022-09-23,BOGOTA,BOGOTA.CL,28250.0
2022-09-30,BOGOTA,BOGOTA.CL,30700.0
2022-10-07,BOGOTA,BOGOTA.CL,29250.0
2022-10-14,BOGOTA,BOGOTA.CL,29000.0
2022-10-21,BOGOTA,BOGOTA.CL,26000.0
2022-10-28,BOGOTA,BOGOTA.CL,27570.0
2022-11-04,BOGOTA,BOGOTA.CL,29990.0
2022-11-11,BOGOTA,BOGOTA.CL,29300.0
2022-11-18,BOGOTA,BOGOTA.CL,31500.0
2022-11-25,BOGOTA,BOGOTA.CL,34000.0
2022-12-02,BOGOTA,BOGOTA.CL,34000.0
2022-12-09,BOGOTA,BOGOTA.CL,31950.0
2022-12-16,BOGOTA,BOGOTA.CL,36900.0
2022-12-23,BOGOTA,BOGOTA.CL,37000.0
2022-12-30,BOGOTA,BOGOTA.CL,39990.0
2023-01-06,BOGOTA,BOGOTA.CL,39100.0
2023-01-13,BOGOTA,BOGOTA.CL,38692.73
2023-01-20,BOGOTA,BOGOTA.CL,35860.0
2023-01-27,BOGOTA,BOGOTA.CL,36000.0
2023-02-03,BOGOTA,BOGOTA.CL,33700.0
2023-02-10,BOGOTA,BOGOTA.CL,31762.99
2023-02-17,BOGOTA,BOGOTA.CL,29500.0
2023-02-24,BOGOTA,BOGOTA.CL,25500.0
2023-03-03,BOGOTA,BOGOTA.CL,27450.0
2023-03-10,BOGOTA,BOGOTA.CL,29760.0
2023-03-17,BOGOTA,BOGOTA.CL,29363.03
2023-03-24,BOGOTA,BOGOTA.CL,32420.0
2023-03-31,BOGOTA,BOGOTA.CL,32570.0
2023-04-07,BOGOTA,BOGOTA.CL,33730.0
2023-04-14,BOGOTA,BOGOTA.CL,35590.0
2023-04-21,BOGOTA,BOGOTA.CL,34100.0
2023-04-28,BOGOTA,BOGOTA.CL,36990.0
2023-05-05,BOGOTA,BOGOTA.CL,36590.0
2023-05-12,BOGOTA,BOGOTA.CL,35990.0
2023-05-19,BOGOTA,BOGOTA.CL,34013.42
2023-05-26,BOGOTA,BOGOTA.CL,32500.0
2023-06-02,BOGOTA,BOGOTA.CL,33536.08
2023-06-09,BOGOTA,BOGOTA.CL,32700.0
2023-06-16,BOGOTA,BOGOTA.CL,33194.0
2023-06-23,BOGOTA,BOGOTA.CL,32550.0
2023-06-30,BOGOTA,BOGOTA.CL,30000.0
2023-07-07,BOGOTA,BOGOTA.CL,30580.0
2023-07-14,BOGOTA,BOGOTA.CL,31100.0
2023-07-21,BOGOTA,BOGOTA.CL,30200.0
2023-07-28,BOGOTA,BOGOTA.CL,30300.0
2023-08-04,BOGOTA,BOGOTA.CL,29780.0
2023-08-11,BOGOTA,BOGOTA.CL,28540.0
2023-08-18,BOGOTA,BOGOTA.CL,28200.0
2023-08-25,BOGOTA,BOGOTA.CL,25650.0
2023-09-01,BOGOTA,BOGOTA.CL,24990.0
2023-09-08,BOGOTA,BOGOTA.CL,24600.0
2023-09-15,BOGOTA,BOGOTA.CL,25000.0
2023-09-22,BOGOTA,BOGOTA.CL,25650.0
2023-09-29,BOGOTA,BOGOTA.CL,25090.0
2023-10-06,BOGOTA,BOGOTA.CL,25490.0
2023-10-13,BOGOTA,BOGOTA.CL,25900.0
2023-10-20,BOGOTA,BOGOTA.CL,24950.0
2023-10-27,BOGOTA,BOGOTA.CL,24900.0
2023-11-03,BOGOTA,BOGOTA.CL,24600.0
2023-11-10,BOGOTA,BOGOTA.CL,24300.0
2023-11-17,BOGOTA,BOGOTA.CL,24000.0
2023-11-24,BOGOTA,BOGOTA.CL,24480.0
2023-12-01,BOGOTA,BOGOTA.CL,24000.0
2023-12-08,BOGOTA,BOGOTA.CL,24020.0
2023-12-15,BOGOTA,BOGOTA.CL,26500.0
2023-12-22,BOGOTA,BOGOTA.CL,27460.0
2023-12-29,BOGOTA,BOGOTA.CL,28900.0
2024-01-05,BOGOTA,BOGOTA.CL,29400.0
2024-01-12,BOGOTA,BOGOTA.CL,29920.0
2024-01-19,BOGOTA,BOGOTA.CL,30280.0
2024-01-26,BOGOTA,BOGOTA.CL,31680.0
2024-02-02,BOGOTA,BOGOTA.CL,32760.0
2024-02-09,BOGOTA,BOGOTA.CL,31500.0
2024-02-16,BOGOTA,BOGOTA.CL,33000.0
2024-02-23,BOGOTA,BOGOTA.CL,32480.0
2024-03-01,BOGOTA,BOGOTA.CL,32380.0
2024-03-08,BOGOTA,BOGOTA.CL,29900.0
2024-03-15,BOGOTA,BOGOTA.CL,27000.0
2024-03-22,BOGOTA,BOGOTA.CL,27000.0
2024-03-29,BOGOTA,BOGOTA.CL,28300.0
2024-04-05,BOGOTA,BOGOTA.CL,29600.0
2024-04-12,BOGOTA,BOGOTA.CL,27900.0
2024-04-19,BOGOTA,BOGOTA.CL,27600.0
2024-04-26,BOGOTA,BOGOTA.CL,28460.0
2024-05-03,BOGOTA,BOGOTA.CL,28060.0
2024-05-10,BOGOTA,BOGOTA.CL,28300.0
2024-05-17,BOGOTA,BOGOTA.CL,28160.0
2024-05-24,BOGOTA,BOGOTA.CL,27980.0
2024-05-31,BOGOTA,BOGOTA.CL,27640.0
2024-06-07,BOGOTA,BOGOTA.CL,27500.0
2024-06-14,BOGOTA,BOGOTA.CL,27000.0
2024-06-21,BOGOTA,BOGOTA.CL,26600.0
2024-06-28,BOGOTA,BOGOTA.CL,26300.0
2024-07-05,BOGOTA,BOGOTA.CL,25080.0
2024-07-12,BOGOTA,BOGOTA.CL,25420.0
2024-07-19,BOGOTA,BOGOTA.CL,25420.0
2024-07-26,BOGOTA,BOGOTA.CL,25000.0
2024-08-02,BOGOTA,BOGOTA.CL,24960.0
2024-08-09,BOGOTA,BOGOTA.CL,25500.0
2024-08-16,BOGOTA,BOGOTA.CL,27080.0
2024-08-23,BOGOTA,BOGOTA.CL,28220.0
2024-08-30,BOGOTA,BOGOTA.CL,28300.0
2024-09-06,BOGOTA,BOGOTA.CL,28200.0
2024-09-13,BOGOTA,BOGOTA.CL,28160.0
2024-09-20,BOGOTA,BOGOTA.CL,27240.0
2024-09-27,BOGOTA,BOGOTA.CL,27660.0
2024-10-04,BOGOTA,BOGOTA.CL,26940.0
2024-10-11,BOGOTA,BOGOTA.CL,27480.0
2024-10-18,BOGOTA,BOGOTA.CL,27740.0
2024-10-25,BOGOTA,BOGOTA.CL,28100.0
2024-11-01,BOGOTA,BOGOTA.CL,27600.0
2024-11-08,BOGOTA,BOGOTA.CL,27200.0
2024-11-15,BOGOTA,BOGOTA.CL,27300.0
2024-11-22,BOGOTA,BOGOTA.CL,27380.0
2024-11-29,BOGOTA,BOGOTA.CL,26960.0
2024-12-06,BOGOTA,BOGOTA.CL,26920.0
2024-12-13,BOGOTA,BOGOTA.CL,26060.0
2024-12-20,BOGOTA,BOGOTA.CL,26240.0
2024-12-27,BOGOTA,BOGOTA.CL,26860.0
2025-01-03,BOGOTA,BOGOTA.CL,26900.0
2025-01-10,BOGOTA,BOGOTA.CL,27500.0
2025-01-17,BOGOTA,BOGOTA.CL,27900.0
2025-01-24,BOGOTA,BOGOTA.CL,29020.0
2025-01-31,BOGOTA,BOGOTA.CL,29120.0
2025-02-07,BOGOTA,BOGOTA.CL,28520.0
2025-02-14,BOGOTA,BOGOTA.CL,30900.0
2025-02-21,BOGOTA,BOGOTA.CL,30000.0
2025-02-28,BOGOTA,BOGOTA.CL,29960.0
2025-03-07,BOGOTA,BOGOTA.CL,30500.0
2025-03-14,BOGOTA,BOGOTA.CL,30420.0
2025-03-21,BOGOTA,BOGOTA.CL,30460.0
2025-03-28,BOGOTA,BOGOTA.CL,31500.0
2025-04-04,BOGOTA,BOGOTA.CL,28600.0
2025-04-11,BOGOTA,BOGOTA.CL,29980.0
2025-04-18,BOGOTA,BOGOTA.CL,30100.0
2025-04-25,BOGOTA,BOGOTA.CL,30900.0
2025-05-02,BOGOTA,BOGOTA.CL,31800.0
2025-05-09,BOGOTA,BOGOTA.CL,32380.0
2025-05-16,BOGOTA,BOGOTA.CL,32700.0
2025-05-23,BOGOTA,BOGOTA.CL,31900.0
2025-05-30,BOGOTA,BOGOTA.CL,32500.0
2025-06-06,BOGOTA,BOGOTA.CL,32500.0
2025-06-13,BOGOTA,BOGOTA.CL,31960.0
2025-06-20,BOGOTA,BOGOTA.CL,31980.0
2025-06-27,BOGOTA,BOGOTA.CL,32000.0
2025-07-04,BOGOTA,BOGOTA.CL,31700.0
2025-07-11,BOGOTA,BOGOTA.CL,32020.0
2025-07-18,BOGOTA,BOGOTA.CL,32280.0
2025-07-25,BOGOTA,BOGOTA.CL,32300.0
2025-08-01,BOGOTA,BOGOTA.CL,32000.0
2025-08-08,BOGOTA,BOGOTA.CL,34100.0
2025-08-15,BOGOTA,BOGOTA.CL,35600.0
2025-08-22,BOGOTA,BOGOTA.CL,35000.0
2025-08-29,BOGOTA,BOGOTA.CL,35000.0
2025-09-05,BOGOTA,BOGOTA.CL,34700.0
2025-09-12,BOGOTA,BOGOTA.CL,35000.0
2025-09-19,BOGOTA,BOGOTA.CL,34180.0
2025-09-26,BOGOTA,BOGOTA.CL,34520.0
2025-10-03,BOGOTA,BOGOTA.CL,35000.0
2025-10-10,BOGOTA,BOGOTA.CL,36100.0
2025-10-17,BOGOTA,BOGOTA.CL,36100.0
2025-10-24,BOGOTA,BOGOTA.CL,38700.0
2025-10-31,BOGOTA,BOGOTA.CL,38400.0
2025-11-07,BOGOTA,BOGOTA.CL,38960.0
2025-11-14,BOGOTA,BOGOTA.CL,38600.0
2025-11-21,BOGOTA,BOGOTA.CL,38300.0
2025-11-28,BOGOTA,BOGOTA.CL,38200.0
2025-12-05,BOGOTA,BOGOTA.CL,39200.0
2025-12-12,BOGOTA,BOGOTA.CL,38400.0
2025-12-19,BOGOTA,BOGOTA.CL,39900.0
2025-12-26,BOGOTA,BOGOTA.CL,39780.0
2026-01-02,BOGOTA,BOGOTA.CL,39300.0
2026-01-09,BOGOTA,BOGOTA.CL,39980.0
2026-01-16,BOGOTA,BOGOTA.CL,43000.0
2026-01-23,BOGOTA,BOGOTA.CL,42900.0
2026-01-30,BOGOTA,BOGOTA.CL,40540.0
2026-02-06,BOGOTA,BOGOTA.CL,40200.0
2026-02-13,BOGOTA,BOGOTA.CL,42300.0
2026-02-20,BOGOTA,BOGOTA.CL,40980.0
2026-02-27,BOGOTA,BOGOTA.CL,40060.0
2026-03-06,BOGOTA,BOGOTA.CL,39020.0
2026-03-13,BOGOTA,BOGOTA.CL,37520.0
2026-03-20,BOGOTA,BOGOTA.CL,38700.0
2026-03-27,BOGOTA,BOGOTA.CL,38000.0
2026-04-03,BOGOTA,BOGOTA.CL,38660.0
2026-04-10,BOGOTA,BOGOTA.CL,40300.0
2026-04-17,BOGOTA,BOGOTA.CL,38620.0
2026-04-24,BOGOTA,BOGOTA.CL,37960.0
2026-05-01,BOGOTA,BOGOTA.CL,37060.0
2026-05-08,BOGOTA,BOGOTA.CL,36780.0
2026-05-15,BOGOTA,BOGOTA.CL,35520.0
2026-05-22,BOGOTA,BOGOTA.CL,36120.0
2026-05-29,BOGOTA,BOGOTA.CL,38820.0
2026-06-05,BOGOTA,BOGOTA.CL,39000.0
2026-06-12,BOGOTA,BOGOTA.CL,40020.0
2026-06-19,BOGOTA,BOGOTA.CL,38440.0
2026-06-26,BOGOTA,BOGOTA.CL,37460.0
2026-07-03,BOGOTA,BOGOTA.CL,36920.0
2026-07-10,BOGOTA,BOGOTA.CL,37880.0
2026-07-17,BOGOTA,BOGOTA.CL,37440.0
2026-07-24,BOGOTA,BOGOTA.CL,37500.0
2026-07-31,BOGOTA,BOGOTA.CL,38900.0
2026-08-07,BOGOTA,BOGOTA.CL,39060.0
2026-08-14,BOGOTA,BOGOTA.CL,38620.0
2026-08-21,BOGOTA,BOGOTA.CL,40000.0
2026-08-28,BOGOTA,BOGOTA.CL,38860.0
2026-09-04,BOGOTA,BOGOTA.CL,38960.0
2026-09-11,BOGOTA,BOGOTA.CL,38600.0
2026-09-18,BOGOTA,BOGOTA.CL,39240.0
2026-09-25,BOGOTA,BOGOTA.CL,38560.0
2026-09-30,BOGOTA,BOGOTA.CL,38560.0
2010-01-01,CELSIA,CELSIA.CL,3657.18
2010-01-08,CELSIA,CELSIA.CL,3687.63
2010-01-15,CELSIA,CELSIA.CL,3556.17
2010-01-22,CELSIA,CELSIA.CL,3590.77
2010-01-29,CELSIA,CELSIA.CL,3459.31
2010-02-05,CELSIA,CELSIA.CL,3583.85
2010-02-12,CELSIA,CELSIA.CL,3574.16
2010-02-19,CELSIA,CELSIA.CL,3632.28
2010-02-26,CELSIA,CELSIA.CL,3583.85
2010-03-05,CELSIA,CELSIA.CL,3528.5
2010-03-12,CELSIA,CELSIA.CL,3664.1
2010-03-19,CELSIA,CELSIA.CL,3950.53
2010-03-26,CELSIA,CELSIA.CL,4081.99
2010-04-02,CELSIA,CELSIA.CL,4166.4
2010-04-09,CELSIA,CELSIA.CL,4033.56
2010-04-16,CELSIA,CELSIA.CL,4081.99
2010-04-23,CELSIA,CELSIA.CL,4220.36
2010-04-30,CELSIA,CELSIA.CL,3971.29
2010-05-07,CELSIA,CELSIA.CL,4324.14
2010-05-14,CELSIA,CELSIA.CL,4213.44
2010-05-21,CELSIA,CELSIA.CL,4178.85
2010-05-28,CELSIA,CELSIA.CL,4185.77
2010-06-04,CELSIA,CELSIA.CL,4178.85
2010-06-11,CELSIA,CELSIA.CL,4254.95
2010-06-18,CELSIA,CELSIA.CL,4296.47
2010-06-25,CELSIA,CELSIA.CL,4241.12
2010-07-02,CELSIA,CELSIA.CL,4289.55
2010-07-09,CELSIA,CELSIA.CL,4358.73
2010-07-16,CELSIA,CELSIA.CL,4441.76
2010-07-23,CELSIA,CELSIA.CL,4497.11
2010-07-30,CELSIA,CELSIA.CL,4469.43
2010-08-06,CELSIA,CELSIA.CL,4462.51
2010-08-13,CELSIA,CELSIA.CL,4317.22
2010-08-20,CELSIA,CELSIA.CL,4317.22
2010-08-27,CELSIA,CELSIA.CL,4670.07
2010-09-03,CELSIA,CELSIA.CL,4566.29
2010-09-10,CELSIA,CELSIA.CL,4351.81
2010-09-17,CELSIA,CELSIA.CL,4628.56
2010-09-24,CELSIA,CELSIA.CL,4704.66
2010-10-01,CELSIA,CELSIA.CL,4580.13
2010-10-08,CELSIA,CELSIA.CL,4559.37
2010-10-15,CELSIA,CELSIA.CL,4517.86
2010-10-22,CELSIA,CELSIA.CL,4517.86
2010-10-29,CELSIA,CELSIA.CL,4497.11
2010-11-05,CELSIA,CELSIA.CL,4289.55
2010-11-12,CELSIA,CELSIA.CL,4275.71
2010-11-19,CELSIA,CELSIA.CL,4171.93
2010-11-26,CELSIA,CELSIA.CL,4109.66
2010-12-03,CELSIA,CELSIA.CL,4220.36
2010-12-10,CELSIA,CELSIA.CL,3992.05
2010-12-17,CELSIA,CELSIA.CL,4081.99
2010-12-24,CELSIA,CELSIA.CL,3992.05
2010-12-31,CELSIA,CELSIA.CL,4033.56
2011-01-07,CELSIA,CELSIA.CL,3971.29
2011-01-14,CELSIA,CELSIA.CL,3832.92
2011-01-21,CELSIA,CELSIA.CL,3805.24
2011-01-28,CELSIA,CELSIA.CL,3653.03
2011-02-04,CELSIA,CELSIA.CL,3521.58
2011-02-11,CELSIA,CELSIA.CL,3248.29
2011-02-18,CELSIA,CELSIA.CL,3528.5
2011-02-25,CELSIA,CELSIA.CL,3736.06
2011-03-04,CELSIA,CELSIA.CL,3542.34
2011-03-11,CELSIA,CELSIA.CL,3549.25
2011-03-18,CELSIA,CELSIA.CL,3722.22
2011-03-25,CELSIA,CELSIA.CL,3597.68
2011-04-01,CELSIA,CELSIA.CL,3445.48
2011-04-08,CELSIA,CELSIA.CL,3362.45
2011-04-15,CELSIA,CELSIA.CL,3452.39
2011-04-22,CELSIA,CELSIA.CL,3448.93
2011-04-29,CELSIA,CELSIA.CL,3314.02
2011-05-06,CELSIA,CELSIA.CL,3417.8
2011-05-13,CELSIA,CELSIA.CL,3459.31
2011-05-20,CELSIA,CELSIA.CL,3493.91
2011-05-27,CELSIA,CELSIA.CL,3570.01
2011-06-03,CELSIA,CELSIA.CL,3597.68
2011-06-10,CELSIA,CELSIA.CL,3542.34
2011-06-17,CELSIA,CELSIA.CL,3493.91
2011-06-24,CELSIA,CELSIA.CL,3507.74
2011-07-01,CELSIA,CELSIA.CL,3459.31
2011-07-08,CELSIA,CELSIA.CL,3109.92
2011-07-15,CELSIA,CELSIA.CL,3251.75
2011-07-22,CELSIA,CELSIA.CL,3327.86
2011-07-29,CELSIA,CELSIA.CL,3320.94
2011-08-05,CELSIA,CELSIA.CL,3362.45
2011-08-12,CELSIA,CELSIA.CL,3314.02
2011-08-19,CELSIA,CELSIA.CL,3300.18
2011-08-26,CELSIA,CELSIA.CL,3393.59
2011-09-02,CELSIA,CELSIA.CL,3362.45
2011-09-09,CELSIA,CELSIA.CL,3376.29
2011-09-16,CELSIA,CELSIA.CL,3258.67
2011-09-23,CELSIA,CELSIA.CL,2975.01
2011-09-30,CELSIA,CELSIA.CL,2985.39
2011-10-07,CELSIA,CELSIA.CL,2995.76
2011-10-14,CELSIA,CELSIA.CL,2961.17
2011-10-21,CELSIA,CELSIA.CL,2957.71
2011-10-28,CELSIA,CELSIA.CL,2902.36
2011-11-04,CELSIA,CELSIA.CL,2767.45
2011-11-11,CELSIA,CELSIA.CL,2739.78
2011-11-18,CELSIA,CELSIA.CL,2629.08
2011-11-25,CELSIA,CELSIA.CL,2753.61
2011-12-02,CELSIA,CELSIA.CL,2684.43
2011-12-09,CELSIA,CELSIA.CL,2698.26
2011-12-16,CELSIA,CELSIA.CL,2795.12
2011-12-23,CELSIA,CELSIA.CL,2646.37
2011-12-30,CELSIA,CELSIA.CL,2701.72
2012-01-06,CELSIA,CELSIA.CL,2750.15
2012-01-13,CELSIA,CELSIA.CL,3009.6
2012-01-20,CELSIA,CELSIA.CL,3064.95
2012-01-27,CELSIA,CELSIA.CL,3058.03
2012-02-03,CELSIA,CELSIA.CL,3085.71
2012-02-10,CELSIA,CELSIA.CL,3289.81
2012-02-17,CELSIA,CELSIA.CL,3137.6
2012-02-24,CELSIA,CELSIA.CL,3044.19
2012-03-02,CELSIA,CELSIA.CL,3016.52
2012-03-09,CELSIA,CELSIA.CL,3037.28
2012-03-16,CELSIA,CELSIA.CL,3030.36
2012-03-23,CELSIA,CELSIA.CL,3106.46
2012-03-30,CELSIA,CELSIA.CL,3019.98
2012-04-06,CELSIA,CELSIA.CL,3040.74
2012-04-13,CELSIA,CELSIA.CL,3040.74
2012-04-20,CELSIA,CELSIA.CL,3258.67
2012-04-27,CELSIA,CELSIA.CL,3445.48
2012-05-04,CELSIA,CELSIA.CL,3379.75
2012-05-11,CELSIA,CELSIA.CL,3251.75
2012-05-18,CELSIA,CELSIA.CL,3251.75
2012-05-25,CELSIA,CELSIA.CL,3099.54
2012-06-01,CELSIA,CELSIA.CL,3127.22
2012-06-08,CELSIA,CELSIA.CL,3002.68
2012-06-15,CELSIA,CELSIA.CL,3009.6
2012-06-22,CELSIA,CELSIA.CL,2905.82
2012-06-29,CELSIA,CELSIA.CL,2975.01
2012-07-06,CELSIA,CELSIA.CL,2905.82
2012-07-13,CELSIA,CELSIA.CL,3092.63
2012-07-20,CELSIA,CELSIA.CL,3144.51
2012-07-27,CELSIA,CELSIA.CL,3282.89
2012-08-03,CELSIA,CELSIA.CL,3282.89
2012-08-10,CELSIA,CELSIA.CL,3379.75
2012-08-17,CELSIA,CELSIA.CL,3293.27
2012-08-24,CELSIA,CELSIA.CL,3320.94
2012-08-31,CELSIA,CELSIA.CL,3448.93
2012-09-07,CELSIA,CELSIA.CL,3528.5
2012-09-14,CELSIA,CELSIA.CL,3597.68
2012-09-21,CELSIA,CELSIA.CL,3445.48
2012-09-28,CELSIA,CELSIA.CL,3442.02
2012-10-05,CELSIA,CELSIA.CL,3320.94
2012-10-12,CELSIA,CELSIA.CL,3576.93
2012-10-19,CELSIA,CELSIA.CL,3563.09
2012-10-26,CELSIA,CELSIA.CL,3770.65
2012-11-02,CELSIA,CELSIA.CL,3459.31
2012-11-09,CELSIA,CELSIA.CL,3618.44
2012-11-16,CELSIA,CELSIA.CL,3687.63
2012-11-23,CELSIA,CELSIA.CL,3611.52
2012-11-30,CELSIA,CELSIA.CL,3659.95
2012-12-07,CELSIA,CELSIA.CL,3756.81
2012-12-14,CELSIA,CELSIA.CL,3756.81
2012-12-21,CELSIA,CELSIA.CL,3680.71
2012-12-28,CELSIA,CELSIA.CL,3666.87
2013-01-04,CELSIA,CELSIA.CL,3736.06
2013-01-11,CELSIA,CELSIA.CL,3971.29
2013-01-18,CELSIA,CELSIA.CL,4061.23
2013-01-25,CELSIA,CELSIA.CL,4012.8
2013-02-01,CELSIA,CELSIA.CL,4123.5
2013-02-08,CELSIA,CELSIA.CL,4095.83
2013-02-15,CELSIA,CELSIA.CL,4109.66
2013-02-22,CELSIA,CELSIA.CL,4130.42
2013-03-01,CELSIA,CELSIA.CL,4012.8
2013-03-08,CELSIA,CELSIA.CL,4012.8
2013-03-15,CELSIA,CELSIA.CL,3874.43
2013-03-22,CELSIA,CELSIA.CL,3874.43
2013-03-29,CELSIA,CELSIA.CL,3860.59
2013-04-05,CELSIA,CELSIA.CL,3902.1
2013-04-12,CELSIA,CELSIA.CL,3770.65
2013-04-19,CELSIA,CELSIA.CL,3666.87
2013-04-26,CELSIA,CELSIA.CL,3653.03
2013-05-03,CELSIA,CELSIA.CL,3466.23
2013-05-10,CELSIA,CELSIA.CL,3597.68
2013-05-17,CELSIA,CELSIA.CL,3493.91
2013-05-24,CELSIA,CELSIA.CL,3563.09
2013-05-31,CELSIA,CELSIA.CL,3556.17
2013-06-07,CELSIA,CELSIA.CL,3435.1
2013-06-14,CELSIA,CELSIA.CL,3445.48
2013-06-21,CELSIA,CELSIA.CL,3345.16
2013-06-28,CELSIA,CELSIA.CL,3369.37
2013-07-05,CELSIA,CELSIA.CL,3369.37
2013-07-12,CELSIA,CELSIA.CL,3549.25
2013-07-19,CELSIA,CELSIA.CL,3659.95
2013-07-26,CELSIA,CELSIA.CL,3998.97
2013-08-02,CELSIA,CELSIA.CL,3902.1
2013-08-09,CELSIA,CELSIA.CL,3985.13
2013-08-16,CELSIA,CELSIA.CL,3971.29
2013-08-23,CELSIA,CELSIA.CL,3915.94
2013-08-30,CELSIA,CELSIA.CL,4040.48
2013-09-06,CELSIA,CELSIA.CL,4178.85
2013-09-13,CELSIA,CELSIA.CL,4289.55
2013-09-20,CELSIA,CELSIA.CL,4310.3
2013-09-27,CELSIA,CELSIA.CL,4241.12
2013-10-04,CELSIA,CELSIA.CL,4268.79
2013-10-11,CELSIA,CELSIA.CL,4386.41
2013-10-18,CELSIA,CELSIA.CL,4393.33
2013-10-25,CELSIA,CELSIA.CL,4206.52
2013-11-01,CELSIA,CELSIA.CL,3957.45
2013-11-08,CELSIA,CELSIA.CL,3950.53
2013-11-15,CELSIA,CELSIA.CL,4012.8
2013-11-22,CELSIA,CELSIA.CL,3929.78
2013-11-29,CELSIA,CELSIA.CL,3839.84
2013-12-06,CELSIA,CELSIA.CL,3943.62
2013-12-13,CELSIA,CELSIA.CL,3853.67
2013-12-20,CELSIA,CELSIA.CL,3929.78
2013-12-27,CELSIA,CELSIA.CL,3943.62
2014-01-03,CELSIA,CELSIA.CL,3819.08
2014-01-10,CELSIA,CELSIA.CL,3507.74
2014-01-17,CELSIA,CELSIA.CL,3556.17
2014-01-24,CELSIA,CELSIA.CL,3390.13
2014-01-31,CELSIA,CELSIA.CL,3701.46
2014-02-07,CELSIA,CELSIA.CL,3770.65
2014-02-14,CELSIA,CELSIA.CL,3763.73
2014-02-21,CELSIA,CELSIA.CL,3666.87
2014-02-28,CELSIA,CELSIA.CL,3812.16
2014-03-07,CELSIA,CELSIA.CL,3839.84
2014-03-14,CELSIA,CELSIA.CL,3812.16
2014-03-21,CELSIA,CELSIA.CL,3957.45
2014-03-28,CELSIA,CELSIA.CL,4130.42
2014-04-04,CELSIA,CELSIA.CL,3985.13
2014-04-11,CELSIA,CELSIA.CL,3978.21
2014-04-18,CELSIA,CELSIA.CL,4165.01
2014-04-25,CELSIA,CELSIA.CL,4116.58
2014-05-02,CELSIA,CELSIA.CL,4123.5
2014-05-09,CELSIA,CELSIA.CL,4206.52
2014-05-16,CELSIA,CELSIA.CL,4185.77
2014-05-23,CELSIA,CELSIA.CL,4088.91
2014-05-30,CELSIA,CELSIA.CL,4081.99
2014-06-06,CELSIA,CELSIA.CL,4144.26
2014-06-13,CELSIA,CELSIA.CL,4241.12
2014-06-20,CELSIA,CELSIA.CL,4220.36
2014-06-27,CELSIA,CELSIA.CL,4192.69
2014-07-04,CELSIA,CELSIA.CL,4185.77
2014-07-11,CELSIA,CELSIA.CL,4158.09
2014-07-18,CELSIA,CELSIA.CL,4192.69
2014-07-25,CELSIA,CELSIA.CL,4220.36
2014-08-01,CELSIA,CELSIA.CL,4324.14
2014-08-08,CELSIA,CELSIA.CL,4289.55
2014-08-15,CELSIA,CELSIA.CL,4393.33
2014-08-22,CELSIA,CELSIA.CL,4538.62
2014-08-29,CELSIA,CELSIA.CL,4531.7
2014-09-05,CELSIA,CELSIA.CL,4427.92
2014-09-12,CELSIA,CELSIA.CL,4386.41
2014-09-19,CELSIA,CELSIA.CL,4331.06
2014-09-26,CELSIA,CELSIA.CL,4192.69
2014-10-03,CELSIA,CELSIA.CL,4220.36
2014-10-10,CELSIA,CELSIA.CL,4026.64
2014-10-17,CELSIA,CELSIA.CL,4081.99
2014-10-24,CELSIA,CELSIA.CL,3978.21
2014-10-31,CELSIA,CELSIA.CL,4054.31
2014-11-07,CELSIA,CELSIA.CL,4033.56
2014-11-14,CELSIA,CELSIA.CL,3971.29
2014-11-21,CELSIA,CELSIA.CL,3867.51
2014-11-28,CELSIA,CELSIA.CL,3791.41
2014-12-05,CELSIA,CELSIA.CL,3784.49
2014-12-12,CELSIA,CELSIA.CL,3812.16
2014-12-19,CELSIA,CELSIA.CL,4185.77
2014-12-26,CELSIA,CELSIA.CL,4061.23
2015-01-02,CELSIA,CELSIA.CL,3625.36
2015-01-09,CELSIA,CELSIA.CL,3680.71
2015-01-16,CELSIA,CELSIA.CL,3632.28
2015-01-23,CELSIA,CELSIA.CL,3736.06
2015-01-30,CELSIA,CELSIA.CL,3777.57
2015-02-06,CELSIA,CELSIA.CL,3729.14
2015-02-13,CELSIA,CELSIA.CL,3639.2
2015-02-20,CELSIA,CELSIA.CL,3459.31
2015-02-27,CELSIA,CELSIA.CL,3265.59
2015-03-06,CELSIA,CELSIA.CL,3210.24
2015-03-13,CELSIA,CELSIA.CL,3455.85
2015-03-20,CELSIA,CELSIA.CL,3455.85
2015-03-27,CELSIA,CELSIA.CL,3341.7
2015-04-03,CELSIA,CELSIA.CL,3386.67
2015-04-10,CELSIA,CELSIA.CL,3244.83
2015-04-17,CELSIA,CELSIA.CL,3265.59
2015-04-24,CELSIA,CELSIA.CL,3500.82
2015-05-01,CELSIA,CELSIA.CL,3459.31
2015-05-08,CELSIA,CELSIA.CL,3320.94
2015-05-15,CELSIA,CELSIA.CL,3279.43
2015-05-22,CELSIA,CELSIA.CL,3251.75
2015-05-29,CELSIA,CELSIA.CL,3044.19
2015-06-05,CELSIA,CELSIA.CL,3019.98
2015-06-12,CELSIA,CELSIA.CL,3040.74
2015-06-19,CELSIA,CELSIA.CL,2975.01
2015-06-26,CELSIA,CELSIA.CL,2947.33
2015-07-03,CELSIA,CELSIA.CL,2947.33
2015-07-10,CELSIA,CELSIA.CL,3040.74
2015-07-17,CELSIA,CELSIA.CL,2919.66
2015-07-24,CELSIA,CELSIA.CL,2888.53
2015-07-31,CELSIA,CELSIA.CL,2767.45
2015-08-07,CELSIA,CELSIA.CL,2757.07
2015-08-14,CELSIA,CELSIA.CL,2719.02
2015-08-21,CELSIA,CELSIA.CL,2200.12
2015-08-28,CELSIA,CELSIA.CL,2456.11
2015-09-04,CELSIA,CELSIA.CL,2597.94
2015-09-11,CELSIA,CELSIA.CL,2698.26
2015-09-18,CELSIA,CELSIA.CL,2559.89
2015-09-25,CELSIA,CELSIA.CL,2469.95
2015-10-02,CELSIA,CELSIA.CL,2487.25
2015-10-09,CELSIA,CELSIA.CL,2449.19
2015-10-16,CELSIA,CELSIA.CL,2269.31
2015-10-23,CELSIA,CELSIA.CL,2103.26
2015-10-30,CELSIA,CELSIA.CL,2044.45
2015-11-06,CELSIA,CELSIA.CL,1968.35
2015-11-13,CELSIA,CELSIA.CL,1798.84
2015-11-20,CELSIA,CELSIA.CL,1660.47
2015-11-27,CELSIA,CELSIA.CL,1798.84
2015-12-04,CELSIA,CELSIA.CL,1695.06
2015-12-11,CELSIA,CELSIA.CL,1833.44
2015-12-18,CELSIA,CELSIA.CL,1937.21
2015-12-25,CELSIA,CELSIA.CL,1937.21
2016-01-01,CELSIA,CELSIA.CL,2047.91
2016-01-08,CELSIA,CELSIA.CL,2068.67
2016-01-15,CELSIA,CELSIA.CL,2096.34
2016-01-22,CELSIA,CELSIA.CL,2127.48
2016-01-29,CELSIA,CELSIA.CL,2096.34
2016-02-05,CELSIA,CELSIA.CL,2345.41
2016-02-12,CELSIA,CELSIA.CL,2397.3
2016-02-19,CELSIA,CELSIA.CL,2407.68
2016-02-26,CELSIA,CELSIA.CL,2546.05
2016-03-04,CELSIA,CELSIA.CL,2435.36
2016-03-11,CELSIA,CELSIA.CL,2483.79
2016-03-18,CELSIA,CELSIA.CL,2525.3
2016-03-25,CELSIA,CELSIA.CL,2649.83
2016-04-01,CELSIA,CELSIA.CL,2725.94
2016-04-08,CELSIA,CELSIA.CL,2708.64
2016-04-15,CELSIA,CELSIA.CL,2843.55
2016-04-22,CELSIA,CELSIA.CL,2767.45
2016-04-29,CELSIA,CELSIA.CL,2629.08
2016-05-06,CELSIA,CELSIA.CL,2708.64
2016-05-13,CELSIA,CELSIA.CL,2684.43
2016-05-20,CELSIA,CELSIA.CL,2684.43
2016-05-27,CELSIA,CELSIA.CL,2674.05
2016-06-03,CELSIA,CELSIA.CL,2656.75
2016-06-10,CELSIA,CELSIA.CL,2701.72
2016-06-17,CELSIA,CELSIA.CL,2722.48
2016-06-24,CELSIA,CELSIA.CL,2670.59
2016-07-01,CELSIA,CELSIA.CL,2667.13
2016-07-08,CELSIA,CELSIA.CL,2705.18
2016-07-15,CELSIA,CELSIA.CL,2684.43
2016-07-22,CELSIA,CELSIA.CL,2642.91
2016-07-29,CELSIA,CELSIA.CL,2639.46
2016-08-05,CELSIA,CELSIA.CL,2649.83
2016-08-12,CELSIA,CELSIA.CL,2732.86
2016-08-19,CELSIA,CELSIA.CL,2802.04
2016-08-26,CELSIA,CELSIA.CL,2774.37
2016-09-02,CELSIA,CELSIA.CL,2836.64
2016-09-09,CELSIA,CELSIA.CL,2812.42
2016-09-16,CELSIA,CELSIA.CL,2795.12
2016-09-23,CELSIA,CELSIA.CL,2788.21
2016-09-30,CELSIA,CELSIA.CL,2763.99
2016-10-07,CELSIA,CELSIA.CL,2798.58
2016-10-14,CELSIA,CELSIA.CL,2788.21
2016-10-21,CELSIA,CELSIA.CL,2802.04
2016-10-28,CELSIA,CELSIA.CL,2812.42
2016-11-04,CELSIA,CELSIA.CL,2802.04
2016-11-11,CELSIA,CELSIA.CL,2795.12
2016-11-18,CELSIA,CELSIA.CL,2781.29
2016-11-25,CELSIA,CELSIA.CL,2715.56
2016-12-02,CELSIA,CELSIA.CL,2725.94
2016-12-09,CELSIA,CELSIA.CL,2763.99
2016-12-16,CELSIA,CELSIA.CL,2784.75
2016-12-23,CELSIA,CELSIA.CL,2784.75
2016-12-30,CELSIA,CELSIA.CL,2812.42
2017-01-06,CELSIA,CELSIA.CL,2923.12
2017-01-13,CELSIA,CELSIA.CL,2902.36
2017-01-20,CELSIA,CELSIA.CL,2926.58
2017-01-27,CELSIA,CELSIA.CL,2975.01
2017-02-03,CELSIA,CELSIA.CL,3044.19
2017-02-10,CELSIA,CELSIA.CL,3006.14
2017-02-17,CELSIA,CELSIA.CL,3096.08
2017-02-24,CELSIA,CELSIA.CL,3099.54
2017-03-03,CELSIA,CELSIA.CL,3061.49
2017-03-10,CELSIA,CELSIA.CL,3061.49
2017-03-17,CELSIA,CELSIA.CL,2981.93
2017-03-24,CELSIA,CELSIA.CL,3030.36
2017-03-31,CELSIA,CELSIA.CL,3006.14
2017-04-07,CELSIA,CELSIA.CL,3037.28
2017-04-14,CELSIA,CELSIA.CL,3030.36
2017-04-21,CELSIA,CELSIA.CL,3071.87
2017-04-28,CELSIA,CELSIA.CL,3113.38
2017-05-05,CELSIA,CELSIA.CL,3103.0
2017-05-12,CELSIA,CELSIA.CL,3182.57
2017-05-19,CELSIA,CELSIA.CL,3255.21
2017-05-26,CELSIA,CELSIA.CL,3123.76
2017-06-02,CELSIA,CELSIA.CL,3210.24
2017-06-09,CELSIA,CELSIA.CL,3203.32
2017-06-16,CELSIA,CELSIA.CL,3123.76
2017-06-23,CELSIA,CELSIA.CL,3165.27
2017-06-30,CELSIA,CELSIA.CL,3182.57
2017-07-07,CELSIA,CELSIA.CL,3161.81
2017-07-14,CELSIA,CELSIA.CL,3189.49
2017-07-21,CELSIA,CELSIA.CL,3203.32
2017-07-28,CELSIA,CELSIA.CL,3279.43
2017-08-04,CELSIA,CELSIA.CL,3314.02
2017-08-11,CELSIA,CELSIA.CL,3310.56
2017-08-18,CELSIA,CELSIA.CL,3310.56
2017-08-25,CELSIA,CELSIA.CL,3251.75
2017-09-01,CELSIA,CELSIA.CL,3310.56
2017-09-08,CELSIA,CELSIA.CL,3279.43
2017-09-15,CELSIA,CELSIA.CL,3269.05
2017-09-22,CELSIA,CELSIA.CL,3234.46
2017-09-29,CELSIA,CELSIA.CL,3217.16
2017-10-06,CELSIA,CELSIA.CL,3237.92
2017-10-13,CELSIA,CELSIA.CL,3220.62
2017-10-20,CELSIA,CELSIA.CL,3231.0
2017-10-27,CELSIA,CELSIA.CL,3147.97
2017-11-03,CELSIA,CELSIA.CL,3147.97
2017-11-10,CELSIA,CELSIA.CL,3217.16
2017-11-17,CELSIA,CELSIA.CL,3186.03
2017-11-24,CELSIA,CELSIA.CL,3320.94
2017-12-01,CELSIA,CELSIA.CL,3289.81
2017-12-08,CELSIA,CELSIA.CL,3289.81
2017-12-15,CELSIA,CELSIA.CL,3282.89
2017-12-22,CELSIA,CELSIA.CL,3293.27
2017-12-29,CELSIA,CELSIA.CL,3265.59
2018-01-05,CELSIA,CELSIA.CL,3251.75
2018-01-12,CELSIA,CELSIA.CL,3251.75
2018-01-19,CELSIA,CELSIA.CL,4640.0
2018-01-26,CELSIA,CELSIA.CL,4850.0
2018-02-02,CELSIA,CELSIA.CL,4730.0
2018-02-09,CELSIA,CELSIA.CL,4670.0
2018-02-16,CELSIA,CELSIA.CL,4650.0
2018-02-23,CELSIA,CELSIA.CL,4575.0
2018-03-02,CELSIA,CELSIA.CL,4520.0
2018-03-09,CELSIA,CELSIA.CL,4580.0
2018-03-16,CELSIA,CELSIA.CL,4530.0
2018-03-23,CELSIA,CELSIA.CL,4475.0
2018-03-30,CELSIA,CELSIA.CL,4690.0
2018-04-06,CELSIA,CELSIA.CL,4680.0
2018-04-13,CELSIA,CELSIA.CL,4615.0
2018-04-20,CELSIA,CELSIA.CL,4580.0
2018-04-27,CELSIA,CELSIA.CL,4600.0
2018-05-04,CELSIA,CELSIA.CL,4625.0
2018-05-11,CELSIA,CELSIA.CL,4590.0
2018-05-18,CELSIA,CELSIA.CL,4600.0
2018-05-25,CELSIA,CELSIA.CL,4600.0
2018-06-01,CELSIA,CELSIA.CL,4695.0
2018-06-08,CELSIA,CELSIA.CL,4655.0
2018-06-15,CELSIA,CELSIA.CL,4630.0
2018-06-22,CELSIA,CELSIA.CL,4640.0
2018-06-29,CELSIA,CELSIA.CL,4640.0
2018-07-06,CELSIA,CELSIA.CL,4535.0
2018-07-13,CELSIA,CELSIA.CL,4535.0
2018-07-20,CELSIA,CELSIA.CL,4510.0
2018-07-27,CELSIA,CELSIA.CL,4480.0
2018-08-03,CELSIA,CELSIA.CL,4505.0
2018-08-10,CELSIA,CELSIA.CL,4505.0
2018-08-17,CELSIA,CELSIA.CL,4505.0
2018-08-24,CELSIA,CELSIA.CL,4525.0
2018-08-31,CELSIA,CELSIA.CL,4500.0
2018-09-07,CELSIA,CELSIA.CL,4480.0
2018-09-14,CELSIA,CELSIA.CL,4405.0
2018-09-21,CELSIA,CELSIA.CL,4410.0
2018-09-28,CELSIA,CELSIA.CL,4370.0
2018-10-05,CELSIA,CELSIA.CL,4310.0
2018-10-12,CELSIA,CELSIA.CL,4215.0
2018-10-19,CELSIA,CELSIA.CL,4110.0
2018-10-26,CELSIA,CELSIA.CL,3980.0
2018-11-02,CELSIA,CELSIA.CL,4145.0
2018-11-09,CELSIA,CELSIA.CL,4250.0
2018-11-16,CELSIA,CELSIA.CL,4000.0
2018-11-23,CELSIA,CELSIA.CL,3935.0
2018-11-30,CELSIA,CELSIA.CL,3985.0
2018-12-07,CELSIA,CELSIA.CL,3930.0
2018-12-14,CELSIA,CELSIA.CL,3875.0
2018-12-21,CELSIA,CELSIA.CL,4000.0
2018-12-28,CELSIA,CELSIA.CL,3900.0
2019-01-04,CELSIA,CELSIA.CL,3945.0
2019-01-11,CELSIA,CELSIA.CL,3975.0
2019-01-18,CELSIA,CELSIA.CL,4080.0
2019-01-25,CELSIA,CELSIA.CL,4285.0
2019-02-01,CELSIA,CELSIA.CL,4300.0
2019-02-08,CELSIA,CELSIA.CL,4295.0
2019-02-15,CELSIA,CELSIA.CL,4375.0
2019-02-22,CELSIA,CELSIA.CL,4400.0
2019-03-01,CELSIA,CELSIA.CL,4365.0
2019-03-08,CELSIA,CELSIA.CL,4440.0
2019-03-15,CELSIA,CELSIA.CL,4595.0
2019-03-22,CELSIA,CELSIA.CL,4465.0
2019-03-29,CELSIA,CELSIA.CL,4440.0
2019-04-05,CELSIA,CELSIA.CL,4600.0
2019-04-12,CELSIA,CELSIA.CL,4575.0
2019-04-19,CELSIA,CELSIA.CL,4595.0
2019-04-26,CELSIA,CELSIA.CL,4540.0
2019-05-03,CELSIA,CELSIA.CL,4365.0
2019-05-10,CELSIA,CELSIA.CL,4310.0
2019-05-17,CELSIA,CELSIA.CL,4155.0
2019-05-24,CELSIA,CELSIA.CL,4225.0
2019-05-31,CELSIA,CELSIA.CL,4075.0
2019-06-07,CELSIA,CELSIA.CL,4215.0
2019-06-14,CELSIA,CELSIA.CL,4265.0
2019-06-21,CELSIA,CELSIA.CL,4315.0
2019-06-28,CELSIA,CELSIA.CL,4355.0
2019-07-05,CELSIA,CELSIA.CL,4555.0
2019-07-12,CELSIA,CELSIA.CL,4510.0
2019-07-19,CELSIA,CELSIA.CL,4485.0
2019-07-26,CELSIA,CELSIA.CL,4450.0
2019-08-02,CELSIA,CELSIA.CL,4380.0
2019-08-09,CELSIA,CELSIA.CL,4370.0
2019-08-16,CELSIA,CELSIA.CL,4360.0
2019-08-23,CELSIA,CELSIA.CL,4300.0
2019-08-30,CELSIA,CELSIA.CL,4360.0
2019-09-06,CELSIA,CELSIA.CL,4290.0
2019-09-13,CELSIA,CELSIA.CL,4350.0
2019-09-20,CELSIA,CELSIA.CL,4350.0
2019-09-27,CELSIA,CELSIA.CL,4320.0
2019-10-04,CELSIA,CELSIA.CL,4355.0
2019-10-11,CELSIA,CELSIA.CL,4340.0
2019-10-18,CELSIA,CELSIA.CL,4300.0
2019-10-25,CELSIA,CELSIA.CL,4350.0
2019-11-01,CELSIA,CELSIA.CL,4320.0
2019-11-08,CELSIA,CELSIA.CL,4350.0
2019-11-15,CELSIA,CELSIA.CL,4395.0
2019-11-22,CELSIA,CELSIA.CL,4400.0
2019-11-29,CELSIA,CELSIA.CL,4380.0
2019-12-06,CELSIA,CELSIA.CL,4415.0
2019-12-13,CELSIA,CELSIA.CL,4390.0
2019-12-20,CELSIA,CELSIA.CL,4410.0
2019-12-27,CELSIA,CELSIA.CL,4410.0
2020-01-03,CELSIA,CELSIA.CL,4480.0
2020-01-10,CELSIA,CELSIA.CL,4385.0
2020-01-17,CELSIA,CELSIA.CL,4535.0
2020-01-24,CELSIA,CELSIA.CL,4530.0
2020-01-31,CELSIA,CELSIA.CL,4535.0
2020-02-07,CELSIA,CELSIA.CL,4460.0
2020-02-14,CELSIA,CELSIA.CL,4575.0
2020-02-21,CELSIA,CELSIA.CL,4580.0
2020-02-28,CELSIA,CELSIA.CL,4600.0
2020-03-06,CELSIA,CELSIA.CL,4100.0
2020-03-13,CELSIA,CELSIA.CL,3700.0
2020-03-20,CELSIA,CELSIA.CL,4100.0
2020-03-27,CELSIA,CELSIA.CL,4000.0
2020-04-03,CELSIA,CELSIA.CL,4180.0
2020-04-10,CELSIA,CELSIA.CL,4290.0
2020-04-17,CELSIA,CELSIA.CL,4260.0
2020-04-24,CELSIA,CELSIA.CL,4200.0
2020-05-01,CELSIA,CELSIA.CL,4345.0
2020-05-08,CELSIA,CELSIA.CL,4040.0
2020-05-15,CELSIA,CELSIA.CL,4000.0
2020-05-22,CELSIA,CELSIA.CL,4120.0
2020-05-29,CELSIA,CELSIA.CL,4250.0
2020-06-05,CELSIA,CELSIA.CL,4185.0
2020-06-12,CELSIA,CELSIA.CL,4155.0
2020-06-19,CELSIA,CELSIA.CL,4060.0
2020-06-26,CELSIA,CELSIA.CL,4080.0
2020-07-03,CELSIA,CELSIA.CL,4165.0
2020-07-10,CELSIA,CELSIA.CL,4235.0
2020-07-17,CELSIA,CELSIA.CL,4385.0
2020-07-24,CELSIA,CELSIA.CL,4280.0
2020-07-31,CELSIA,CELSIA.CL,4295.0
2020-08-07,CELSIA,CELSIA.CL,4285.0
2020-08-14,CELSIA,CELSIA.CL,4420.0
2020-08-21,CELSIA,CELSIA.CL,4655.0
2020-08-28,CELSIA,CELSIA.CL,4640.0
2020-09-04,CELSIA,CELSIA.CL,4490.0
2020-09-11,CELSIA,CELSIA.CL,4520.0
2020-09-18,CELSIA,CELSIA.CL,4500.0
2020-09-25,CELSIA,CELSIA.CL,4520.0
2020-10-02,CELSIA,CELSIA.CL,4630.0
2020-10-09,CELSIA,CELSIA.CL,4541.0
2020-10-16,CELSIA,CELSIA.CL,4610.0
2020-10-23,CELSIA,CELSIA.CL,4480.0
2020-10-30,CELSIA,CELSIA.CL,4335.0
2020-11-06,CELSIA,CELSIA.CL,4315.0
2020-11-13,CELSIA,CELSIA.CL,4440.0
2020-11-20,CELSIA,CELSIA.CL,4480.0
2020-11-27,CELSIA,CELSIA.CL,4620.0
2020-12-04,CELSIA,CELSIA.CL,4610.0
2020-12-11,CELSIA,CELSIA.CL,4705.0
2020-12-18,CELSIA,CELSIA.CL,4690.0
2020-12-25,CELSIA,CELSIA.CL,4738.0
2021-01-01,CELSIA,CELSIA.CL,4820.0
2021-01-08,CELSIA,CELSIA.CL,4780.0
2021-01-15,CELSIA,CELSIA.CL,4814.0
2021-01-22,CELSIA,CELSIA.CL,4742.0
2021-01-29,CELSIA,CELSIA.CL,4708.0
2021-02-05,CELSIA,CELSIA.CL,4740.0
2021-02-12,CELSIA,CELSIA.CL,4730.0
2021-02-19,CELSIA,CELSIA.CL,4780.0
2021-02-26,CELSIA,CELSIA.CL,4690.0
2021-03-05,CELSIA,CELSIA.CL,4799.0
2021-03-12,CELSIA,CELSIA.CL,4796.0
2021-03-19,CELSIA,CELSIA.CL,4730.0
2021-03-26,CELSIA,CELSIA.CL,4651.0
2021-04-02,CELSIA,CELSIA.CL,4673.0
2021-04-09,CELSIA,CELSIA.CL,4613.0
2021-04-16,CELSIA,CELSIA.CL,4500.0
2021-04-23,CELSIA,CELSIA.CL,4370.0
2021-04-30,CELSIA,CELSIA.CL,4394.0
2021-05-07,CELSIA,CELSIA.CL,4404.0
2021-05-14,CELSIA,CELSIA.CL,4360.0
2021-05-21,CELSIA,CELSIA.CL,3765.0
2021-05-28,CELSIA,CELSIA.CL,4197.0
2021-06-04,CELSIA,CELSIA.CL,4303.0
2021-06-11,CELSIA,CELSIA.CL,4310.0
2021-06-18,CELSIA,CELSIA.CL,4210.0
2021-06-25,CELSIA,CELSIA.CL,4166.0
2021-07-02,CELSIA,CELSIA.CL,4179.0
2021-07-09,CELSIA,CELSIA.CL,4150.0
2021-07-16,CELSIA,CELSIA.CL,4078.0
2021-07-23,CELSIA,CELSIA.CL,4085.0
2021-07-30,CELSIA,CELSIA.CL,4080.0
2021-08-06,CELSIA,CELSIA.CL,4139.0
2021-08-13,CELSIA,CELSIA.CL,4170.0
2021-08-20,CELSIA,CELSIA.CL,4290.0
2021-08-27,CELSIA,CELSIA.CL,4338.0
2021-09-03,CELSIA,CELSIA.CL,4241.0
2021-09-10,CELSIA,CELSIA.CL,4175.0
2021-09-17,CELSIA,CELSIA.CL,4290.0
2021-09-24,CELSIA,CELSIA.CL,4229.0
2021-10-01,CELSIA,CELSIA.CL,4325.0
2021-10-08,CELSIA,CELSIA.CL,4380.0
2021-10-15,CELSIA,CELSIA.CL,4329.0
2021-10-22,CELSIA,CELSIA.CL,4289.0
2021-10-29,CELSIA,CELSIA.CL,4280.0
2021-11-05,CELSIA,CELSIA.CL,4245.0
2021-11-12,CELSIA,CELSIA.CL,4259.0
2021-11-19,CELSIA,CELSIA.CL,4220.0
2021-11-26,CELSIA,CELSIA.CL,4362.0
2021-12-03,CELSIA,CELSIA.CL,4300.0
2021-12-10,CELSIA,CELSIA.CL,4328.0
2021-12-17,CELSIA,CELSIA.CL,4249.0
2021-12-24,CELSIA,CELSIA.CL,4184.0
2021-12-31,CELSIA,CELSIA.CL,4170.0
2022-01-07,CELSIA,CELSIA.CL,4270.0
2022-01-14,CELSIA,CELSIA.CL,4695.0
2022-01-21,CELSIA,CELSIA.CL,4322.0
2022-01-28,CELSIA,CELSIA.CL,4290.0
2022-02-04,CELSIA,CELSIA.CL,4250.0
2022-02-11,CELSIA,CELSIA.CL,4236.0
2022-02-18,CELSIA,CELSIA.CL,4140.0
2022-02-25,CELSIA,CELSIA.CL,4150.0
2022-03-04,CELSIA,CELSIA.CL,4300.0
2022-03-11,CELSIA,CELSIA.CL,4310.0
2022-03-18,CELSIA,CELSIA.CL,4378.0
2022-03-25,CELSIA,CELSIA.CL,4360.0
2022-04-01,CELSIA,CELSIA.CL,4366.0
2022-04-08,CELSIA,CELSIA.CL,4365.0
2022-04-15,CELSIA,CELSIA.CL,4261.0
2022-04-22,CELSIA,CELSIA.CL,4352.0
2022-04-29,CELSIA,CELSIA.CL,4190.0
2022-05-06,CELSIA,CELSIA.CL,4168.0
2022-05-13,CELSIA,CELSIA.CL,4160.0
2022-05-20,CELSIA,CELSIA.CL,4170.0
2022-05-27,CELSIA,CELSIA.CL,4348.0
2022-06-03,CELSIA,CELSIA.CL,4220.0
2022-06-10,CELSIA,CELSIA.CL,4023.0
2022-06-17,CELSIA,CELSIA.CL,3720.0
2022-06-24,CELSIA,CELSIA.CL,3800.0
2022-07-01,CELSIA,CELSIA.CL,3998.0
2022-07-08,CELSIA,CELSIA.CL,3700.0
2022-07-15,CELSIA,CELSIA.CL,3738.0
2022-07-22,CELSIA,CELSIA.CL,3599.0
2022-07-29,CELSIA,CELSIA.CL,3535.0
2022-08-05,CELSIA,CELSIA.CL,3630.0
2022-08-12,CELSIA,CELSIA.CL,3516.0
2022-08-19,CELSIA,CELSIA.CL,3400.0
2022-08-26,CELSIA,CELSIA.CL,3275.0
2022-09-02,CELSIA,CELSIA.CL,3200.0
2022-09-09,CELSIA,CELSIA.CL,3187.0
2022-09-16,CELSIA,CELSIA.CL,2971.0
2022-09-23,CELSIA,CELSIA.CL,2818.0
2022-09-30,CELSIA,CELSIA.CL,2955.0
2022-10-07,CELSIA,CELSIA.CL,2917.0
2022-10-14,CELSIA,CELSIA.CL,2852.0
2022-10-21,CELSIA,CELSIA.CL,2750.0
2022-10-28,CELSIA,CELSIA.CL,2900.0
2022-11-04,CELSIA,CELSIA.CL,2949.0
2022-11-11,CELSIA,CELSIA.CL,3049.0
2022-11-18,CELSIA,CELSIA.CL,3050.0
2022-11-25,CELSIA,CELSIA.CL,2910.0
2022-12-02,CELSIA,CELSIA.CL,2801.0
2022-12-09,CELSIA,CELSIA.CL,2691.0
2022-12-16,CELSIA,CELSIA.CL,2636.0
2022-12-23,CELSIA,CELSIA.CL,2780.0
2022-12-30,CELSIA,CELSIA.CL,2781.0
2023-01-06,CELSIA,CELSIA.CL,2988.0
2023-01-13,CELSIA,CELSIA.CL,2900.0
2023-01-20,CELSIA,CELSIA.CL,2615.0
2023-01-27,CELSIA,CELSIA.CL,2518.0
2023-02-03,CELSIA,CELSIA.CL,2380.0
2023-02-10,CELSIA,CELSIA.CL,2145.0
2023-02-17,CELSIA,CELSIA.CL,2233.0
2023-02-24,CELSIA,CELSIA.CL,2510.0
2023-03-03,CELSIA,CELSIA.CL,2500.0
2023-03-10,CELSIA,CELSIA.CL,2870.0
2023-03-17,CELSIA,CELSIA.CL,2790.0
2023-03-24,CELSIA,CELSIA.CL,2859.0
2023-03-31,CELSIA,CELSIA.CL,3050.0
2023-04-07,CELSIA,CELSIA.CL,3088.0
2023-04-14,CELSIA,CELSIA.CL,3018.08
2023-04-21,CELSIA,CELSIA.CL,2820.0
2023-04-28,CELSIA,CELSIA.CL,2870.0
2023-05-05,CELSIA,CELSIA.CL,2666.0
2023-05-12,CELSIA,CELSIA.CL,2700.0
2023-05-19,CELSIA,CELSIA.CL,2600.0
2023-05-26,CELSIA,CELSIA.CL,2690.0
2023-06-02,CELSIA,CELSIA.CL,2775.0
2023-06-09,CELSIA,CELSIA.CL,2860.0
2023-06-16,CELSIA,CELSIA.CL,2740.0
2023-06-23,CELSIA,CELSIA.CL,2680.0
2023-06-30,CELSIA,CELSIA.CL,2690.0
2023-07-07,CELSIA,CELSIA.CL,2740.0
2023-07-14,CELSIA,CELSIA.CL,2680.0
2023-07-21,CELSIA,CELSIA.CL,2650.0
2023-07-28,CELSIA,CELSIA.CL,2600.0
2023-08-04,CELSIA,CELSIA.CL,2510.0
2023-08-11,CELSIA,CELSIA.CL,2550.0
2023-08-18,CELSIA,CELSIA.CL,2500.0
2023-08-25,CELSIA,CELSIA.CL,2450.0
2023-09-01,CELSIA,CELSIA.CL,2240.0
2023-09-08,CELSIA,CELSIA.CL,2200.0
2023-09-15,CELSIA,CELSIA.CL,2300.0
2023-09-22,CELSIA,CELSIA.CL,2600.0
2023-09-29,CELSIA,CELSIA.CL,2400.0
2023-10-06,CELSIA,CELSIA.CL,2340.0
2023-10-13,CELSIA,CELSIA.CL,2511.0
2023-10-20,CELSIA,CELSIA.CL,2400.0
2023-10-27,CELSIA,CELSIA.CL,2423.0
2023-11-03,CELSIA,CELSIA.CL,2410.0
2023-11-10,CELSIA,CELSIA.CL,2445.0
2023-11-17,CELSIA,CELSIA.CL,2465.0
2023-11-24,CELSIA,CELSIA.CL,2400.0
2023-12-01,CELSIA,CELSIA.CL,2445.0
2023-12-08,CELSIA,CELSIA.CL,2710.0
2023-12-15,CELSIA,CELSIA.CL,2790.0
2023-12-22,CELSIA,CELSIA.CL,2960.0
2023-12-29,CELSIA,CELSIA.CL,3155.0
2024-01-05,CELSIA,CELSIA.CL,3135.0
2024-01-12,CELSIA,CELSIA.CL,3300.0
2024-01-19,CELSIA,CELSIA.CL,3320.0
2024-01-26,CELSIA,CELSIA.CL,3190.0
2024-02-02,CELSIA,CELSIA.CL,3250.0
2024-02-09,CELSIA,CELSIA.CL,3135.0
2024-02-16,CELSIA,CELSIA.CL,3470.0
2024-02-23,CELSIA,CELSIA.CL,3750.0
2024-03-01,CELSIA,CELSIA.CL,3900.0
2024-03-08,CELSIA,CELSIA.CL,3835.0
2024-03-15,CELSIA,CELSIA.CL,3880.0
2024-03-22,CELSIA,CELSIA.CL,3935.0
2024-03-29,CELSIA,CELSIA.CL,4150.0
2024-04-05,CELSIA,CELSIA.CL,4300.0
2024-04-12,CELSIA,CELSIA.CL,3995.0
2024-04-19,CELSIA,CELSIA.CL,4140.0
2024-04-26,CELSIA,CELSIA.CL,4160.0
2024-05-03,CELSIA,CELSIA.CL,4205.0
2024-05-10,CELSIA,CELSIA.CL,4370.0
2024-05-17,CELSIA,CELSIA.CL,4390.0
2024-05-24,CELSIA,CELSIA.CL,4380.0
2024-05-31,CELSIA,CELSIA.CL,4180.0
2024-06-07,CELSIA,CELSIA.CL,4050.0
2024-06-14,CELSIA,CELSIA.CL,4045.0
2024-06-21,CELSIA,CELSIA.CL,4060.0
2024-06-28,CELSIA,CELSIA.CL,4100.0
2024-07-05,CELSIA,CELSIA.CL,4270.0
2024-07-12,CELSIA,CELSIA.CL,4220.0
2024-07-19,CELSIA,CELSIA.CL,4095.0
2024-07-26,CELSIA,CELSIA.CL,4000.0
2024-08-02,CELSIA,CELSIA.CL,4050.0
2024-08-09,CELSIA,CELSIA.CL,4200.0
2024-08-16,CELSIA,CELSIA.CL,4130.0
2024-08-23,CELSIA,CELSIA.CL,4020.0
2024-08-30,CELSIA,CELSIA.CL,4000.0
2024-09-06,CELSIA,CELSIA.CL,3955.0
2024-09-13,CELSIA,CELSIA.CL,3845.0
2024-09-20,CELSIA,CELSIA.CL,3950.0
2024-09-27,CELSIA,CELSIA.CL,3950.0
2024-10-04,CELSIA,CELSIA.CL,3965.0
2024-10-11,CELSIA,CELSIA.CL,4000.0
2024-10-18,CELSIA,CELSIA.CL,3785.0
2024-10-25,CELSIA,CELSIA.CL,3780.0
2024-11-01,CELSIA,CELSIA.CL,3740.0
2024-11-08,CELSIA,CELSIA.CL,3605.0
2024-11-15,CELSIA,CELSIA.CL,3645.0
2024-11-22,CELSIA,CELSIA.CL,3590.0
2024-11-29,CELSIA,CELSIA.CL,3520.0
2024-12-06,CELSIA,CELSIA.CL,3500.0
2024-12-13,CELSIA,CELSIA.CL,3525.0
2024-12-20,CELSIA,CELSIA.CL,3665.0
2024-12-27,CELSIA,CELSIA.CL,3730.0
2025-01-03,CELSIA,CELSIA.CL,3750.0
2025-01-10,CELSIA,CELSIA.CL,3750.0
2025-01-17,CELSIA,CELSIA.CL,3675.0
2025-01-24,CELSIA,CELSIA.CL,3720.0
2025-01-31,CELSIA,CELSIA.CL,3690.0
2025-02-07,CELSIA,CELSIA.CL,3670.0
2025-02-14,CELSIA,CELSIA.CL,3750.0
2025-02-21,CELSIA,CELSIA.CL,3730.0
2025-02-28,CELSIA,CELSIA.CL,3730.0
2025-03-07,CELSIA,CELSIA.CL,3770.0
2025-03-14,CELSIA,CELSIA.CL,3850.0
2025-03-21,CELSIA,CELSIA.CL,3900.0
2025-03-28,CELSIA,CELSIA.CL,4005.0
2025-04-04,CELSIA,CELSIA.CL,3985.0
2025-04-11,CELSIA,CELSIA.CL,4000.0
2025-04-18,CELSIA,CELSIA.CL,3890.0
2025-04-25,CELSIA,CELSIA.CL,4020.0
2025-05-02,CELSIA,CELSIA.CL,4080.0
2025-05-09,CELSIA,CELSIA.CL,4340.0
2025-05-16,CELSIA,CELSIA.CL,4310.0
2025-05-23,CELSIA,CELSIA.CL,4400.0
2025-05-30,CELSIA,CELSIA.CL,4405.0
2025-06-06,CELSIA,CELSIA.CL,4505.0
2025-06-13,CELSIA,CELSIA.CL,4500.0
2025-06-20,CELSIA,CELSIA.CL,4575.0
2025-06-27,CELSIA,CELSIA.CL,4570.0
2025-07-04,CELSIA,CELSIA.CL,4520.0
2025-07-11,CELSIA,CELSIA.CL,4895.0
2025-07-18,CELSIA,CELSIA.CL,4750.0
2025-07-25,CELSIA,CELSIA.CL,4700.0
2025-08-01,CELSIA,CELSIA.CL,4710.0
2025-08-08,CELSIA,CELSIA.CL,4775.0
2025-08-15,CELSIA,CELSIA.CL,4780.0
2025-08-22,CELSIA,CELSIA.CL,4790.0
2025-08-29,CELSIA,CELSIA.CL,4725.0
2025-09-05,CELSIA,CELSIA.CL,4840.0
2025-09-12,CELSIA,CELSIA.CL,4520.0
2025-09-19,CELSIA,CELSIA.CL,4775.0
2025-09-26,CELSIA,CELSIA.CL,4630.0
2025-10-03,CELSIA,CELSIA.CL,4825.0
2025-10-10,CELSIA,CELSIA.CL,4830.0
2025-10-17,CELSIA,CELSIA.CL,4895.0
2025-10-24,CELSIA,CELSIA.CL,4910.0
2025-10-31,CELSIA,CELSIA.CL,4860.0
2025-11-07,CELSIA,CELSIA.CL,4945.0
2025-11-14,CELSIA,CELSIA.CL,4880.0
2025-11-21,CELSIA,CELSIA.CL,4800.0
2025-11-28,CELSIA,CELSIA.CL,4950.0
2025-12-05,CELSIA,CELSIA.CL,4935.0
2025-12-12,CELSIA,CELSIA.CL,4865.0
2025-12-19,CELSIA,CELSIA.CL,4950.0
2025-12-26,CELSIA,CELSIA.CL,4900.0
2026-01-02,CELSIA,CELSIA.CL,5000.0
2026-01-09,CELSIA,CELSIA.CL,5060.0
2026-01-16,CELSIA,CELSIA.CL,5080.0
2026-01-23,CELSIA,CELSIA.CL,5250.0
2026-01-30,CELSIA,CELSIA.CL,5040.0
2026-02-06,CELSIA,CELSIA.CL,4870.0
2026-02-13,CELSIA,CELSIA.CL,4990.0
2026-02-20,CELSIA,CELSIA.CL,5000.0
2026-02-27,CELSIA,CELSIA.CL,4760.0
2026-03-06,CELSIA,CELSIA.CL,5000.0
2026-03-13,CELSIA,CELSIA.CL,4500.0
2026-03-20,CELSIA,CELSIA.CL,5460.0
2026-03-27,CELSIA,CELSIA.CL,5280.0
2026-04-03,CELSIA,CELSIA.CL,5600.0
2026-04-10,CELSIA,CELSIA.CL,5700.0
2026-04-17,CELSIA,CELSIA.CL,5360.0
2026-04-24,CELSIA,CELSIA.CL,4990.0
2026-05-01,CELSIA,CELSIA.CL,4900.0
2026-05-08,CELSIA,CELSIA.CL,5010.0
2026-05-15,CELSIA,CELSIA.CL,4810.0
2026-05-22,CELSIA,CELSIA.CL,4800.0
2026-05-29,CELSIA,CELSIA.CL,4960.0
2026-06-05,CELSIA,CELSIA.CL,4950.0
2026-06-12,CELSIA,CELSIA.CL,5100.0
2026-06-19,CELSIA,CELSIA.CL,5000.0
2026-06-26,CELSIA,CELSIA.CL,5020.0
2026-07-03,CELSIA,CELSIA.CL,5180.0
2026-07-10,CELSIA,CELSIA.CL,5280.0
2026-07-17,CELSIA,CELSIA.CL,5100.0
2026-07-24,CELSIA,CELSIA.CL,4845.0
2026-07-31,CELSIA,CELSIA.CL,4995.0
2026-08-07,CELSIA,CELSIA.CL,4905.0
2026-08-14,CELSIA,CELSIA.CL,4820.0
2026-08-21,CELSIA,CELSIA.CL,4760.0
2026-08-28,CELSIA,CELSIA.CL,4760.0
2026-09-04,CELSIA,CELSIA.CL,5020.0
2026-09-11,CELSIA,CELSIA.CL,4850.0
2026-09-18,CELSIA,CELSIA.CL,5040.0
2026-09-25,CELSIA,CELSIA.CL,4915.0
2026-09-30,CELSIA,CELSIA.CL,4915.0
2010-01-01,CEMARGOS,CEMARGOS.CL,10820.0
2010-01-08,CEMARGOS,CEMARGOS.CL,11400.0
2010-01-15,CEMARGOS,CEMARGOS.CL,11400.0
2010-01-22,CEMARGOS,CEMARGOS.CL,11580.0
2010-01-29,CEMARGOS,CEMARGOS.CL,11420.0
2010-02-05,CEMARGOS,CEMARGOS.CL,11880.0
2010-02-12,CEMARGOS,CEMARGOS.CL,11680.0
2010-02-19,CEMARGOS,CEMARGOS.CL,5900.0
2010-02-26,CEMARGOS,CEMARGOS.CL,5850.0
2010-03-05,CEMARGOS,CEMARGOS.CL,5870.0
2010-03-12,CEMARGOS,CEMARGOS.CL,5910.0
2010-03-19,CEMARGOS,CEMARGOS.CL,5950.0
2010-03-26,CEMARGOS,CEMARGOS.CL,5990.0
2010-04-02,CEMARGOS,CEMARGOS.CL,6170.0
2010-04-09,CEMARGOS,CEMARGOS.CL,6130.0
2010-04-16,CEMARGOS,CEMARGOS.CL,6110.0
2010-04-23,CEMARGOS,CEMARGOS.CL,5820.0
2010-04-30,CEMARGOS,CEMARGOS.CL,5450.0
2010-05-07,CEMARGOS,CEMARGOS.CL,5800.0
2010-05-14,CEMARGOS,CEMARGOS.CL,5500.0
2010-05-21,CEMARGOS,CEMARGOS.CL,5620.0
2010-05-28,CEMARGOS,CEMARGOS.CL,5680.0
2010-06-04,CEMARGOS,CEMARGOS.CL,5580.0
2010-06-11,CEMARGOS,CEMARGOS.CL,5710.0
2010-06-18,CEMARGOS,CEMARGOS.CL,5780.0
2010-06-25,CEMARGOS,CEMARGOS.CL,5660.0
2010-07-02,CEMARGOS,CEMARGOS.CL,5740.0
2010-07-09,CEMARGOS,CEMARGOS.CL,5840.0
2010-07-16,CEMARGOS,CEMARGOS.CL,5890.0
2010-07-23,CEMARGOS,CEMARGOS.CL,5940.0
2010-07-30,CEMARGOS,CEMARGOS.CL,5740.0
2010-08-06,CEMARGOS,CEMARGOS.CL,5660.0
2010-08-13,CEMARGOS,CEMARGOS.CL,5740.0
2010-08-20,CEMARGOS,CEMARGOS.CL,5740.0
2010-08-27,CEMARGOS,CEMARGOS.CL,6160.0
2010-09-03,CEMARGOS,CEMARGOS.CL,6370.0
2010-09-10,CEMARGOS,CEMARGOS.CL,6190.0
2010-09-17,CEMARGOS,CEMARGOS.CL,6190.0
2010-09-24,CEMARGOS,CEMARGOS.CL,6300.0
2010-10-01,CEMARGOS,CEMARGOS.CL,6420.0
2010-10-08,CEMARGOS,CEMARGOS.CL,6550.0
2010-10-15,CEMARGOS,CEMARGOS.CL,6550.0
2010-10-22,CEMARGOS,CEMARGOS.CL,6400.0
2010-10-29,CEMARGOS,CEMARGOS.CL,6370.0
2010-11-05,CEMARGOS,CEMARGOS.CL,5850.0
2010-11-12,CEMARGOS,CEMARGOS.CL,5770.0
2010-11-19,CEMARGOS,CEMARGOS.CL,5760.0
2010-11-26,CEMARGOS,CEMARGOS.CL,5920.0
2010-12-03,CEMARGOS,CEMARGOS.CL,5980.0
2010-12-10,CEMARGOS,CEMARGOS.CL,5760.0
2010-12-17,CEMARGOS,CEMARGOS.CL,5850.0
2010-12-24,CEMARGOS,CEMARGOS.CL,5700.0
2010-12-31,CEMARGOS,CEMARGOS.CL,5640.0
2011-01-07,CEMARGOS,CEMARGOS.CL,5630.0
2011-01-14,CEMARGOS,CEMARGOS.CL,5650.0
2011-01-21,CEMARGOS,CEMARGOS.CL,5710.0
2011-01-28,CEMARGOS,CEMARGOS.CL,5540.0
2011-02-04,CEMARGOS,CEMARGOS.CL,5170.0
2011-02-11,CEMARGOS,CEMARGOS.CL,5160.0
2011-02-18,CEMARGOS,CEMARGOS.CL,5270.0
2011-02-25,CEMARGOS,CEMARGOS.CL,5450.0
2011-03-04,CEMARGOS,CEMARGOS.CL,5250.0
2011-03-11,CEMARGOS,CEMARGOS.CL,5010.0
2011-03-18,CEMARGOS,CEMARGOS.CL,5500.0
2011-03-25,CEMARGOS,CEMARGOS.CL,5370.0
2011-04-01,CEMARGOS,CEMARGOS.CL,5280.0
2011-04-08,CEMARGOS,CEMARGOS.CL,5250.0
2011-04-15,CEMARGOS,CEMARGOS.CL,5250.0
2011-04-22,CEMARGOS,CEMARGOS.CL,5310.0
2011-04-29,CEMARGOS,CEMARGOS.CL,5470.0
2011-05-06,CEMARGOS,CEMARGOS.CL,5400.0
2011-05-13,CEMARGOS,CEMARGOS.CL,5600.0
2011-05-20,CEMARGOS,CEMARGOS.CL,5710.0
2011-05-27,CEMARGOS,CEMARGOS.CL,5830.0
2011-06-03,CEMARGOS,CEMARGOS.CL,5830.0
2011-06-10,CEMARGOS,CEMARGOS.CL,5720.0
2011-06-17,CEMARGOS,CEMARGOS.CL,5760.0
2011-06-24,CEMARGOS,CEMARGOS.CL,5730.0
2011-07-01,CEMARGOS,CEMARGOS.CL,5620.0
2011-07-08,CEMARGOS,CEMARGOS.CL,5490.0
2011-07-15,CEMARGOS,CEMARGOS.CL,5760.0
2011-07-22,CEMARGOS,CEMARGOS.CL,5610.0
2011-07-29,CEMARGOS,CEMARGOS.CL,5590.0
2011-08-05,CEMARGOS,CEMARGOS.CL,5350.0
2011-08-12,CEMARGOS,CEMARGOS.CL,5320.0
2011-08-19,CEMARGOS,CEMARGOS.CL,5480.0
2011-08-26,CEMARGOS,CEMARGOS.CL,5550.0
2011-09-02,CEMARGOS,CEMARGOS.CL,5440.0
2011-09-09,CEMARGOS,CEMARGOS.CL,5570.0
2011-09-16,CEMARGOS,CEMARGOS.CL,5500.0
2011-09-23,CEMARGOS,CEMARGOS.CL,5340.0
2011-09-30,CEMARGOS,CEMARGOS.CL,5310.0
2011-10-07,CEMARGOS,CEMARGOS.CL,5450.0
2011-10-14,CEMARGOS,CEMARGOS.CL,5500.0
2011-10-21,CEMARGOS,CEMARGOS.CL,5480.0
2011-10-28,CEMARGOS,CEMARGOS.CL,5150.0
2011-11-04,CEMARGOS,CEMARGOS.CL,5100.0
2011-11-11,CEMARGOS,CEMARGOS.CL,5250.0
2011-11-18,CEMARGOS,CEMARGOS.CL,4965.0
2011-11-25,CEMARGOS,CEMARGOS.CL,5330.0
2011-12-02,CEMARGOS,CEMARGOS.CL,5320.0
2011-12-09,CEMARGOS,CEMARGOS.CL,5290.0
2011-12-16,CEMARGOS,CEMARGOS.CL,5410.0
2011-12-23,CEMARGOS,CEMARGOS.CL,5430.0
2011-12-30,CEMARGOS,CEMARGOS.CL,5590.0
2012-01-06,CEMARGOS,CEMARGOS.CL,5450.0
2012-01-13,CEMARGOS,CEMARGOS.CL,5400.0
2012-01-20,CEMARGOS,CEMARGOS.CL,5410.0
2012-01-27,CEMARGOS,CEMARGOS.CL,5500.0
2012-02-03,CEMARGOS,CEMARGOS.CL,5490.0
2012-02-10,CEMARGOS,CEMARGOS.CL,5530.0
2012-02-17,CEMARGOS,CEMARGOS.CL,5490.0
2012-02-24,CEMARGOS,CEMARGOS.CL,5450.0
2012-03-02,CEMARGOS,CEMARGOS.CL,5510.0
2012-03-09,CEMARGOS,CEMARGOS.CL,5460.0
2012-03-16,CEMARGOS,CEMARGOS.CL,5500.0
2012-03-23,CEMARGOS,CEMARGOS.CL,5550.0
2012-03-30,CEMARGOS,CEMARGOS.CL,5550.0
2012-04-06,CEMARGOS,CEMARGOS.CL,5590.0
2012-04-13,CEMARGOS,CEMARGOS.CL,5860.0
2012-04-20,CEMARGOS,CEMARGOS.CL,6000.0
2012-04-27,CEMARGOS,CEMARGOS.CL,6020.0
2012-05-04,CEMARGOS,CEMARGOS.CL,6040.0
2012-05-11,CEMARGOS,CEMARGOS.CL,6010.0
2012-05-18,CEMARGOS,CEMARGOS.CL,5850.0
2012-05-25,CEMARGOS,CEMARGOS.CL,5600.0
2012-06-01,CEMARGOS,CEMARGOS.CL,5800.0
2012-06-08,CEMARGOS,CEMARGOS.CL,6450.0
2012-06-15,CEMARGOS,CEMARGOS.CL,6700.0
2012-06-22,CEMARGOS,CEMARGOS.CL,6800.0
2012-06-29,CEMARGOS,CEMARGOS.CL,7110.0
2012-07-06,CEMARGOS,CEMARGOS.CL,7000.0
2012-07-13,CEMARGOS,CEMARGOS.CL,7210.0
2012-07-20,CEMARGOS,CEMARGOS.CL,6960.0
2012-07-27,CEMARGOS,CEMARGOS.CL,6790.0
2012-08-03,CEMARGOS,CEMARGOS.CL,6990.0
2012-08-10,CEMARGOS,CEMARGOS.CL,7100.0
2012-08-17,CEMARGOS,CEMARGOS.CL,7000.0
2012-08-24,CEMARGOS,CEMARGOS.CL,7040.0
2012-08-31,CEMARGOS,CEMARGOS.CL,7270.0
2012-09-07,CEMARGOS,CEMARGOS.CL,7510.0
2012-09-14,CEMARGOS,CEMARGOS.CL,7800.0
2012-09-21,CEMARGOS,CEMARGOS.CL,7750.0
2012-09-28,CEMARGOS,CEMARGOS.CL,8150.0
2012-10-05,CEMARGOS,CEMARGOS.CL,8070.0
2012-10-12,CEMARGOS,CEMARGOS.CL,8500.0
2012-10-19,CEMARGOS,CEMARGOS.CL,9000.0
2012-10-26,CEMARGOS,CEMARGOS.CL,8760.0
2012-11-02,CEMARGOS,CEMARGOS.CL,8550.0
2012-11-09,CEMARGOS,CEMARGOS.CL,8660.0
2012-11-16,CEMARGOS,CEMARGOS.CL,8880.0
2012-11-23,CEMARGOS,CEMARGOS.CL,8990.0
2012-11-30,CEMARGOS,CEMARGOS.CL,9880.0
2012-12-07,CEMARGOS,CEMARGOS.CL,10120.0
2012-12-14,CEMARGOS,CEMARGOS.CL,10320.0
2012-12-21,CEMARGOS,CEMARGOS.CL,10100.0
2012-12-28,CEMARGOS,CEMARGOS.CL,10700.0
2013-01-04,CEMARGOS,CEMARGOS.CL,11100.0
2013-01-11,CEMARGOS,CEMARGOS.CL,10900.0
2013-01-18,CEMARGOS,CEMARGOS.CL,10960.0
2013-01-25,CEMARGOS,CEMARGOS.CL,10940.0
2013-02-01,CEMARGOS,CEMARGOS.CL,10680.0
2013-02-08,CEMARGOS,CEMARGOS.CL,10500.0
2013-02-15,CEMARGOS,CEMARGOS.CL,9700.0
2013-02-22,CEMARGOS,CEMARGOS.CL,9300.0
2013-03-01,CEMARGOS,CEMARGOS.CL,8550.0
2013-03-08,CEMARGOS,CEMARGOS.CL,8810.0
2013-03-15,CEMARGOS,CEMARGOS.CL,8610.0
2013-03-22,CEMARGOS,CEMARGOS.CL,8700.0
2013-03-29,CEMARGOS,CEMARGOS.CL,8740.0
2013-04-05,CEMARGOS,CEMARGOS.CL,8800.0
2013-04-12,CEMARGOS,CEMARGOS.CL,8600.0
2013-04-19,CEMARGOS,CEMARGOS.CL,8200.0
2013-04-26,CEMARGOS,CEMARGOS.CL,8260.0
2013-05-03,CEMARGOS,CEMARGOS.CL,8300.0
2013-05-10,CEMARGOS,CEMARGOS.CL,8180.0
2013-05-17,CEMARGOS,CEMARGOS.CL,8100.0
2013-05-24,CEMARGOS,CEMARGOS.CL,8180.0
2013-05-31,CEMARGOS,CEMARGOS.CL,8020.0
2013-06-07,CEMARGOS,CEMARGOS.CL,7860.0
2013-06-14,CEMARGOS,CEMARGOS.CL,7830.0
2013-06-21,CEMARGOS,CEMARGOS.CL,7770.0
2013-06-28,CEMARGOS,CEMARGOS.CL,8080.0
2013-07-05,CEMARGOS,CEMARGOS.CL,8150.0
2013-07-12,CEMARGOS,CEMARGOS.CL,8850.0
2013-07-19,CEMARGOS,CEMARGOS.CL,8750.0
2013-07-26,CEMARGOS,CEMARGOS.CL,8980.0
2013-08-02,CEMARGOS,CEMARGOS.CL,9200.0
2013-08-09,CEMARGOS,CEMARGOS.CL,9110.0
2013-08-16,CEMARGOS,CEMARGOS.CL,8850.0
2013-08-23,CEMARGOS,CEMARGOS.CL,8870.0
2013-08-30,CEMARGOS,CEMARGOS.CL,9300.0
2013-09-06,CEMARGOS,CEMARGOS.CL,9540.0
2013-09-13,CEMARGOS,CEMARGOS.CL,9870.0
2013-09-20,CEMARGOS,CEMARGOS.CL,9960.0
2013-09-27,CEMARGOS,CEMARGOS.CL,9850.0
2013-10-04,CEMARGOS,CEMARGOS.CL,9600.0
2013-10-11,CEMARGOS,CEMARGOS.CL,9700.0
2013-10-18,CEMARGOS,CEMARGOS.CL,9840.0
2013-10-25,CEMARGOS,CEMARGOS.CL,9990.0
2013-11-01,CEMARGOS,CEMARGOS.CL,9640.0
2013-11-08,CEMARGOS,CEMARGOS.CL,9490.0
2013-11-15,CEMARGOS,CEMARGOS.CL,9400.0
2013-11-22,CEMARGOS,CEMARGOS.CL,9170.0
2013-11-29,CEMARGOS,CEMARGOS.CL,8900.0
2013-12-06,CEMARGOS,CEMARGOS.CL,9400.0
2013-12-13,CEMARGOS,CEMARGOS.CL,9300.0
2013-12-20,CEMARGOS,CEMARGOS.CL,9750.0
2013-12-27,CEMARGOS,CEMARGOS.CL,9980.0
2014-01-03,CEMARGOS,CEMARGOS.CL,9400.0
2014-01-10,CEMARGOS,CEMARGOS.CL,8880.0
2014-01-17,CEMARGOS,CEMARGOS.CL,8950.0
2014-01-24,CEMARGOS,CEMARGOS.CL,8350.0
2014-01-31,CEMARGOS,CEMARGOS.CL,8550.0
2014-02-07,CEMARGOS,CEMARGOS.CL,9050.0
2014-02-14,CEMARGOS,CEMARGOS.CL,9230.0
2014-02-21,CEMARGOS,CEMARGOS.CL,9180.0
2014-02-28,CEMARGOS,CEMARGOS.CL,9670.0
2014-03-07,CEMARGOS,CEMARGOS.CL,9560.0
2014-03-14,CEMARGOS,CEMARGOS.CL,9600.0
2014-03-21,CEMARGOS,CEMARGOS.CL,10000.0
2014-03-28,CEMARGOS,CEMARGOS.CL,10140.0
2014-04-04,CEMARGOS,CEMARGOS.CL,9890.0
2014-04-11,CEMARGOS,CEMARGOS.CL,10300.0
2014-04-18,CEMARGOS,CEMARGOS.CL,10100.0
2014-04-25,CEMARGOS,CEMARGOS.CL,10800.0
2014-05-02,CEMARGOS,CEMARGOS.CL,11000.0
2014-05-09,CEMARGOS,CEMARGOS.CL,11180.0
2014-05-16,CEMARGOS,CEMARGOS.CL,11100.0
2014-05-23,CEMARGOS,CEMARGOS.CL,10920.0
2014-05-30,CEMARGOS,CEMARGOS.CL,10800.0
2014-06-06,CEMARGOS,CEMARGOS.CL,11360.0
2014-06-13,CEMARGOS,CEMARGOS.CL,11780.0
2014-06-20,CEMARGOS,CEMARGOS.CL,11980.0
2014-06-27,CEMARGOS,CEMARGOS.CL,11900.0
2014-07-04,CEMARGOS,CEMARGOS.CL,11860.0
2014-07-11,CEMARGOS,CEMARGOS.CL,11140.0
2014-07-18,CEMARGOS,CEMARGOS.CL,11600.0
2014-07-25,CEMARGOS,CEMARGOS.CL,11180.0
2014-08-01,CEMARGOS,CEMARGOS.CL,11200.0
2014-08-08,CEMARGOS,CEMARGOS.CL,11400.0
2014-08-15,CEMARGOS,CEMARGOS.CL,11600.0
2014-08-22,CEMARGOS,CEMARGOS.CL,11380.0
2014-08-29,CEMARGOS,CEMARGOS.CL,11480.0
2014-09-05,CEMARGOS,CEMARGOS.CL,11100.0
2014-09-12,CEMARGOS,CEMARGOS.CL,11120.0
2014-09-19,CEMARGOS,CEMARGOS.CL,10520.0
2014-09-26,CEMARGOS,CEMARGOS.CL,10340.0
2014-10-03,CEMARGOS,CEMARGOS.CL,10300.0
2014-10-10,CEMARGOS,CEMARGOS.CL,9830.0
2014-10-17,CEMARGOS,CEMARGOS.CL,10500.0
2014-10-24,CEMARGOS,CEMARGOS.CL,10100.0
2014-10-31,CEMARGOS,CEMARGOS.CL,10360.0
2014-11-07,CEMARGOS,CEMARGOS.CL,10320.0
2014-11-14,CEMARGOS,CEMARGOS.CL,9700.0
2014-11-21,CEMARGOS,CEMARGOS.CL,9110.0
2014-11-28,CEMARGOS,CEMARGOS.CL,9390.0
2014-12-05,CEMARGOS,CEMARGOS.CL,9110.0
2014-12-12,CEMARGOS,CEMARGOS.CL,9120.0
2014-12-19,CEMARGOS,CEMARGOS.CL,10000.0
2014-12-26,CEMARGOS,CEMARGOS.CL,10200.0
2015-01-02,CEMARGOS,CEMARGOS.CL,9140.0
2015-01-09,CEMARGOS,CEMARGOS.CL,9320.0
2015-01-16,CEMARGOS,CEMARGOS.CL,9100.0
2015-01-23,CEMARGOS,CEMARGOS.CL,9470.0
2015-01-30,CEMARGOS,CEMARGOS.CL,9420.0
2015-02-06,CEMARGOS,CEMARGOS.CL,9100.0
2015-02-13,CEMARGOS,CEMARGOS.CL,9210.0
2015-02-20,CEMARGOS,CEMARGOS.CL,9020.0
2015-02-27,CEMARGOS,CEMARGOS.CL,8560.0
2015-03-06,CEMARGOS,CEMARGOS.CL,7780.0
2015-03-13,CEMARGOS,CEMARGOS.CL,8310.0
2015-03-20,CEMARGOS,CEMARGOS.CL,8280.0
2015-03-27,CEMARGOS,CEMARGOS.CL,8590.0
2015-04-03,CEMARGOS,CEMARGOS.CL,8650.0
2015-04-10,CEMARGOS,CEMARGOS.CL,9000.0
2015-04-17,CEMARGOS,CEMARGOS.CL,8840.0
2015-04-24,CEMARGOS,CEMARGOS.CL,9600.0
2015-05-01,CEMARGOS,CEMARGOS.CL,9780.0
2015-05-08,CEMARGOS,CEMARGOS.CL,9010.0
2015-05-15,CEMARGOS,CEMARGOS.CL,9290.0
2015-05-22,CEMARGOS,CEMARGOS.CL,9100.0
2015-05-29,CEMARGOS,CEMARGOS.CL,9210.0
2015-06-05,CEMARGOS,CEMARGOS.CL,9610.0
2015-06-12,CEMARGOS,CEMARGOS.CL,9730.0
2015-06-19,CEMARGOS,CEMARGOS.CL,9500.0
2015-06-26,CEMARGOS,CEMARGOS.CL,9050.0
2015-07-03,CEMARGOS,CEMARGOS.CL,9260.0
2015-07-10,CEMARGOS,CEMARGOS.CL,9340.0
2015-07-17,CEMARGOS,CEMARGOS.CL,9600.0
2015-07-24,CEMARGOS,CEMARGOS.CL,9790.0
2015-07-31,CEMARGOS,CEMARGOS.CL,9600.0
2015-08-07,CEMARGOS,CEMARGOS.CL,9530.0
2015-08-14,CEMARGOS,CEMARGOS.CL,9400.0
2015-08-21,CEMARGOS,CEMARGOS.CL,8930.0
2015-08-28,CEMARGOS,CEMARGOS.CL,9600.0
2015-09-04,CEMARGOS,CEMARGOS.CL,9700.0
2015-09-11,CEMARGOS,CEMARGOS.CL,9600.0
2015-09-18,CEMARGOS,CEMARGOS.CL,9450.0
2015-09-25,CEMARGOS,CEMARGOS.CL,9440.0
2015-10-02,CEMARGOS,CEMARGOS.CL,9470.0
2015-10-09,CEMARGOS,CEMARGOS.CL,9520.0
2015-10-16,CEMARGOS,CEMARGOS.CL,9520.0
2015-10-23,CEMARGOS,CEMARGOS.CL,9750.0
2015-10-30,CEMARGOS,CEMARGOS.CL,9710.0
2015-11-06,CEMARGOS,CEMARGOS.CL,9680.0
2015-11-13,CEMARGOS,CEMARGOS.CL,9180.0
2015-11-20,CEMARGOS,CEMARGOS.CL,9080.0
2015-11-27,CEMARGOS,CEMARGOS.CL,9040.0
2015-12-04,CEMARGOS,CEMARGOS.CL,9000.0
2015-12-11,CEMARGOS,CEMARGOS.CL,9200.0
2015-12-18,CEMARGOS,CEMARGOS.CL,9720.0
2015-12-25,CEMARGOS,CEMARGOS.CL,9720.0
2016-01-01,CEMARGOS,CEMARGOS.CL,9700.0
2016-01-08,CEMARGOS,CEMARGOS.CL,9210.0
2016-01-15,CEMARGOS,CEMARGOS.CL,9590.0
2016-01-22,CEMARGOS,CEMARGOS.CL,9560.0
2016-01-29,CEMARGOS,CEMARGOS.CL,9640.0
2016-02-05,CEMARGOS,CEMARGOS.CL,9980.0
2016-02-12,CEMARGOS,CEMARGOS.CL,10200.0
2016-02-19,CEMARGOS,CEMARGOS.CL,10120.0
2016-02-26,CEMARGOS,CEMARGOS.CL,10540.0
2016-03-04,CEMARGOS,CEMARGOS.CL,10620.0
2016-03-11,CEMARGOS,CEMARGOS.CL,10780.0
2016-03-18,CEMARGOS,CEMARGOS.CL,11680.0
2016-03-25,CEMARGOS,CEMARGOS.CL,11980.0
2016-04-01,CEMARGOS,CEMARGOS.CL,11760.0
2016-04-08,CEMARGOS,CEMARGOS.CL,11540.0
2016-04-15,CEMARGOS,CEMARGOS.CL,11400.0
2016-04-22,CEMARGOS,CEMARGOS.CL,11260.0
2016-04-29,CEMARGOS,CEMARGOS.CL,11260.0
2016-05-06,CEMARGOS,CEMARGOS.CL,11640.0
2016-05-13,CEMARGOS,CEMARGOS.CL,11600.0
2016-05-20,CEMARGOS,CEMARGOS.CL,11640.0
2016-05-27,CEMARGOS,CEMARGOS.CL,11760.0
2016-06-03,CEMARGOS,CEMARGOS.CL,11900.0
2016-06-10,CEMARGOS,CEMARGOS.CL,11540.0
2016-06-17,CEMARGOS,CEMARGOS.CL,11960.0
2016-06-24,CEMARGOS,CEMARGOS.CL,11800.0
2016-07-01,CEMARGOS,CEMARGOS.CL,11820.0
2016-07-08,CEMARGOS,CEMARGOS.CL,11840.0
2016-07-15,CEMARGOS,CEMARGOS.CL,11700.0
2016-07-22,CEMARGOS,CEMARGOS.CL,11600.0
2016-07-29,CEMARGOS,CEMARGOS.CL,11540.0
2016-08-05,CEMARGOS,CEMARGOS.CL,11600.0
2016-08-12,CEMARGOS,CEMARGOS.CL,11800.0
2016-08-19,CEMARGOS,CEMARGOS.CL,11780.0
2016-08-26,CEMARGOS,CEMARGOS.CL,11800.0
2016-09-02,CEMARGOS,CEMARGOS.CL,12000.0
2016-09-09,CEMARGOS,CEMARGOS.CL,11620.0
2016-09-16,CEMARGOS,CEMARGOS.CL,11580.0
2016-09-23,CEMARGOS,CEMARGOS.CL,11640.0
2016-09-30,CEMARGOS,CEMARGOS.CL,11560.0
2016-10-07,CEMARGOS,CEMARGOS.CL,11780.0
2016-10-14,CEMARGOS,CEMARGOS.CL,11880.0
2016-10-21,CEMARGOS,CEMARGOS.CL,11820.0
2016-10-28,CEMARGOS,CEMARGOS.CL,11760.0
2016-11-04,CEMARGOS,CEMARGOS.CL,11600.0
2016-11-11,CEMARGOS,CEMARGOS.CL,11080.0
2016-11-18,CEMARGOS,CEMARGOS.CL,11200.0
2016-11-25,CEMARGOS,CEMARGOS.CL,11140.0
2016-12-02,CEMARGOS,CEMARGOS.CL,11420.0
2016-12-09,CEMARGOS,CEMARGOS.CL,11420.0
2016-12-16,CEMARGOS,CEMARGOS.CL,11720.0
2016-12-23,CEMARGOS,CEMARGOS.CL,11860.0
2016-12-30,CEMARGOS,CEMARGOS.CL,11980.0
2017-01-06,CEMARGOS,CEMARGOS.CL,11780.0
2017-01-13,CEMARGOS,CEMARGOS.CL,11900.0
2017-01-20,CEMARGOS,CEMARGOS.CL,11900.0
2017-01-27,CEMARGOS,CEMARGOS.CL,11780.0
2017-02-03,CEMARGOS,CEMARGOS.CL,11700.0
2017-02-10,CEMARGOS,CEMARGOS.CL,11780.0
2017-02-17,CEMARGOS,CEMARGOS.CL,11860.0
2017-02-24,CEMARGOS,CEMARGOS.CL,11800.0
2017-03-03,CEMARGOS,CEMARGOS.CL,11920.0
2017-03-10,CEMARGOS,CEMARGOS.CL,11840.0
2017-03-17,CEMARGOS,CEMARGOS.CL,11960.0
2017-03-24,CEMARGOS,CEMARGOS.CL,11960.0
2017-03-31,CEMARGOS,CEMARGOS.CL,11900.0
2017-04-07,CEMARGOS,CEMARGOS.CL,11840.0
2017-04-14,CEMARGOS,CEMARGOS.CL,11960.0
2017-04-21,CEMARGOS,CEMARGOS.CL,11900.0
2017-04-28,CEMARGOS,CEMARGOS.CL,11900.0
2017-05-05,CEMARGOS,CEMARGOS.CL,12260.0
2017-05-12,CEMARGOS,CEMARGOS.CL,11880.0
2017-05-19,CEMARGOS,CEMARGOS.CL,12100.0
2017-05-26,CEMARGOS,CEMARGOS.CL,12020.0
2017-06-02,CEMARGOS,CEMARGOS.CL,12160.0
2017-06-09,CEMARGOS,CEMARGOS.CL,12100.0
2017-06-16,CEMARGOS,CEMARGOS.CL,11780.0
2017-06-23,CEMARGOS,CEMARGOS.CL,11800.0
2017-06-30,CEMARGOS,CEMARGOS.CL,11880.0
2017-07-07,CEMARGOS,CEMARGOS.CL,11920.0
2017-07-14,CEMARGOS,CEMARGOS.CL,11700.0
2017-07-21,CEMARGOS,CEMARGOS.CL,11880.0
2017-07-28,CEMARGOS,CEMARGOS.CL,11840.0
2017-08-04,CEMARGOS,CEMARGOS.CL,11860.0
2017-08-11,CEMARGOS,CEMARGOS.CL,11740.0
2017-08-18,CEMARGOS,CEMARGOS.CL,11940.0
2017-08-25,CEMARGOS,CEMARGOS.CL,11960.0
2017-09-01,CEMARGOS,CEMARGOS.CL,11860.0
2017-09-08,CEMARGOS,CEMARGOS.CL,11880.0
2017-09-15,CEMARGOS,CEMARGOS.CL,11740.0
2017-09-22,CEMARGOS,CEMARGOS.CL,11900.0
2017-09-29,CEMARGOS,CEMARGOS.CL,11780.0
2017-10-06,CEMARGOS,CEMARGOS.CL,11780.0
2017-10-13,CEMARGOS,CEMARGOS.CL,11500.0
2017-10-20,CEMARGOS,CEMARGOS.CL,11500.0
2017-10-27,CEMARGOS,CEMARGOS.CL,10940.0
2017-11-03,CEMARGOS,CEMARGOS.CL,10560.0
2017-11-10,CEMARGOS,CEMARGOS.CL,10800.0
2017-11-17,CEMARGOS,CEMARGOS.CL,10860.0
2017-11-24,CEMARGOS,CEMARGOS.CL,10600.0
2017-12-01,CEMARGOS,CEMARGOS.CL,10680.0
2017-12-08,CEMARGOS,CEMARGOS.CL,10760.0
2017-12-15,CEMARGOS,CEMARGOS.CL,11380.0
2017-12-22,CEMARGOS,CEMARGOS.CL,11520.0
2017-12-29,CEMARGOS,CEMARGOS.CL,11760.0
2018-01-05,CEMARGOS,CEMARGOS.CL,11500.0
2018-01-12,CEMARGOS,CEMARGOS.CL,11600.0
2018-01-19,CEMARGOS,CEMARGOS.CL,11800.0
2018-01-26,CEMARGOS,CEMARGOS.CL,11460.0
2018-02-02,CEMARGOS,CEMARGOS.CL,10500.0
2018-02-09,CEMARGOS,CEMARGOS.CL,10620.0
2018-02-16,CEMARGOS,CEMARGOS.CL,10780.0
2018-02-23,CEMARGOS,CEMARGOS.CL,9800.0
2018-03-02,CEMARGOS,CEMARGOS.CL,9640.0
2018-03-09,CEMARGOS,CEMARGOS.CL,9800.0
2018-03-16,CEMARGOS,CEMARGOS.CL,9530.0
2018-03-23,CEMARGOS,CEMARGOS.CL,9520.0
2018-03-30,CEMARGOS,CEMARGOS.CL,9700.0
2018-04-06,CEMARGOS,CEMARGOS.CL,9740.0
2018-04-13,CEMARGOS,CEMARGOS.CL,9840.0
2018-04-20,CEMARGOS,CEMARGOS.CL,9840.0
2018-04-27,CEMARGOS,CEMARGOS.CL,9560.0
2018-05-04,CEMARGOS,CEMARGOS.CL,9470.0
2018-05-11,CEMARGOS,CEMARGOS.CL,9030.0
2018-05-18,CEMARGOS,CEMARGOS.CL,9380.0
2018-05-25,CEMARGOS,CEMARGOS.CL,9200.0
2018-06-01,CEMARGOS,CEMARGOS.CL,9320.0
2018-06-08,CEMARGOS,CEMARGOS.CL,9540.0
2018-06-15,CEMARGOS,CEMARGOS.CL,9520.0
2018-06-22,CEMARGOS,CEMARGOS.CL,9730.0
2018-06-29,CEMARGOS,CEMARGOS.CL,9850.0
2018-07-06,CEMARGOS,CEMARGOS.CL,9700.0
2018-07-13,CEMARGOS,CEMARGOS.CL,9670.0
2018-07-20,CEMARGOS,CEMARGOS.CL,9340.0
2018-07-27,CEMARGOS,CEMARGOS.CL,9190.0
2018-08-03,CEMARGOS,CEMARGOS.CL,9200.0
2018-08-10,CEMARGOS,CEMARGOS.CL,9090.0
2018-08-17,CEMARGOS,CEMARGOS.CL,9160.0
2018-08-24,CEMARGOS,CEMARGOS.CL,8750.0
2018-08-31,CEMARGOS,CEMARGOS.CL,7840.0
2018-09-07,CEMARGOS,CEMARGOS.CL,7640.0
2018-09-14,CEMARGOS,CEMARGOS.CL,7520.0
2018-09-21,CEMARGOS,CEMARGOS.CL,7700.0
2018-09-28,CEMARGOS,CEMARGOS.CL,7700.0
2018-10-05,CEMARGOS,CEMARGOS.CL,7300.0
2018-10-12,CEMARGOS,CEMARGOS.CL,7400.0
2018-10-19,CEMARGOS,CEMARGOS.CL,7020.0
2018-10-26,CEMARGOS,CEMARGOS.CL,7020.0
2018-11-02,CEMARGOS,CEMARGOS.CL,7000.0
2018-11-09,CEMARGOS,CEMARGOS.CL,7000.0
2018-11-16,CEMARGOS,CEMARGOS.CL,7060.0
2018-11-23,CEMARGOS,CEMARGOS.CL,7020.0
2018-11-30,CEMARGOS,CEMARGOS.CL,6960.0
2018-12-07,CEMARGOS,CEMARGOS.CL,6980.0
2018-12-14,CEMARGOS,CEMARGOS.CL,6820.0
2018-12-21,CEMARGOS,CEMARGOS.CL,6980.0
2018-12-28,CEMARGOS,CEMARGOS.CL,7190.0
2019-01-04,CEMARGOS,CEMARGOS.CL,7100.0
2019-01-11,CEMARGOS,CEMARGOS.CL,7060.0
2019-01-18,CEMARGOS,CEMARGOS.CL,7700.0
2019-01-25,CEMARGOS,CEMARGOS.CL,8080.0
2019-02-01,CEMARGOS,CEMARGOS.CL,8200.0
2019-02-08,CEMARGOS,CEMARGOS.CL,8150.0
2019-02-15,CEMARGOS,CEMARGOS.CL,7800.0
2019-02-22,CEMARGOS,CEMARGOS.CL,8130.0
2019-03-01,CEMARGOS,CEMARGOS.CL,7820.0
2019-03-08,CEMARGOS,CEMARGOS.CL,7900.0
2019-03-15,CEMARGOS,CEMARGOS.CL,8100.0
2019-03-22,CEMARGOS,CEMARGOS.CL,7880.0
2019-03-29,CEMARGOS,CEMARGOS.CL,7980.0
2019-04-05,CEMARGOS,CEMARGOS.CL,8120.0
2019-04-12,CEMARGOS,CEMARGOS.CL,8080.0
2019-04-19,CEMARGOS,CEMARGOS.CL,8080.0
2019-04-26,CEMARGOS,CEMARGOS.CL,8040.0
2019-05-03,CEMARGOS,CEMARGOS.CL,7930.0
2019-05-10,CEMARGOS,CEMARGOS.CL,7400.0
2019-05-17,CEMARGOS,CEMARGOS.CL,7140.0
2019-05-24,CEMARGOS,CEMARGOS.CL,7160.0
2019-05-31,CEMARGOS,CEMARGOS.CL,7310.0
2019-06-07,CEMARGOS,CEMARGOS.CL,7350.0
2019-06-14,CEMARGOS,CEMARGOS.CL,7490.0
2019-06-21,CEMARGOS,CEMARGOS.CL,7500.0
2019-06-28,CEMARGOS,CEMARGOS.CL,7590.0
2019-07-05,CEMARGOS,CEMARGOS.CL,7820.0
2019-07-12,CEMARGOS,CEMARGOS.CL,7910.0
2019-07-19,CEMARGOS,CEMARGOS.CL,7760.0
2019-07-26,CEMARGOS,CEMARGOS.CL,7690.0
2019-08-02,CEMARGOS,CEMARGOS.CL,7370.0
2019-08-09,CEMARGOS,CEMARGOS.CL,7080.0
2019-08-16,CEMARGOS,CEMARGOS.CL,7380.0
2019-08-23,CEMARGOS,CEMARGOS.CL,7610.0
2019-08-30,CEMARGOS,CEMARGOS.CL,7610.0
2019-09-06,CEMARGOS,CEMARGOS.CL,7700.0
2019-09-13,CEMARGOS,CEMARGOS.CL,7560.0
2019-09-20,CEMARGOS,CEMARGOS.CL,7680.0
2019-09-27,CEMARGOS,CEMARGOS.CL,7440.0
2019-10-04,CEMARGOS,CEMARGOS.CL,7500.0
2019-10-11,CEMARGOS,CEMARGOS.CL,7500.0
2019-10-18,CEMARGOS,CEMARGOS.CL,7400.0
2019-10-25,CEMARGOS,CEMARGOS.CL,7630.0
2019-11-01,CEMARGOS,CEMARGOS.CL,7330.0
2019-11-08,CEMARGOS,CEMARGOS.CL,6800.0
2019-11-15,CEMARGOS,CEMARGOS.CL,6590.0
2019-11-22,CEMARGOS,CEMARGOS.CL,6370.0
2019-11-29,CEMARGOS,CEMARGOS.CL,6500.0
2019-12-06,CEMARGOS,CEMARGOS.CL,6630.0
2019-12-13,CEMARGOS,CEMARGOS.CL,6920.0
2019-12-20,CEMARGOS,CEMARGOS.CL,6900.0
2019-12-27,CEMARGOS,CEMARGOS.CL,7300.0
2020-01-03,CEMARGOS,CEMARGOS.CL,6810.0
2020-01-10,CEMARGOS,CEMARGOS.CL,6580.0
2020-01-17,CEMARGOS,CEMARGOS.CL,6600.0
2020-01-24,CEMARGOS,CEMARGOS.CL,6580.0
2020-01-31,CEMARGOS,CEMARGOS.CL,6390.0
2020-02-07,CEMARGOS,CEMARGOS.CL,6200.0
2020-02-14,CEMARGOS,CEMARGOS.CL,6060.0
2020-02-21,CEMARGOS,CEMARGOS.CL,5200.0
2020-02-28,CEMARGOS,CEMARGOS.CL,5110.0
2020-03-06,CEMARGOS,CEMARGOS.CL,4000.0
2020-03-13,CEMARGOS,CEMARGOS.CL,2420.0
2020-03-20,CEMARGOS,CEMARGOS.CL,3300.0
2020-03-27,CEMARGOS,CEMARGOS.CL,3990.0
2020-04-03,CEMARGOS,CEMARGOS.CL,3905.0
2020-04-10,CEMARGOS,CEMARGOS.CL,3860.0
2020-04-17,CEMARGOS,CEMARGOS.CL,3800.0
2020-04-24,CEMARGOS,CEMARGOS.CL,3895.0
2020-05-01,CEMARGOS,CEMARGOS.CL,3720.0
2020-05-08,CEMARGOS,CEMARGOS.CL,3355.0
2020-05-15,CEMARGOS,CEMARGOS.CL,3575.0
2020-05-22,CEMARGOS,CEMARGOS.CL,3460.0
2020-05-29,CEMARGOS,CEMARGOS.CL,3630.0
2020-06-05,CEMARGOS,CEMARGOS.CL,3385.0
2020-06-12,CEMARGOS,CEMARGOS.CL,3660.0
2020-06-19,CEMARGOS,CEMARGOS.CL,3465.0
2020-06-26,CEMARGOS,CEMARGOS.CL,3410.0
2020-07-03,CEMARGOS,CEMARGOS.CL,3730.0
2020-07-10,CEMARGOS,CEMARGOS.CL,3745.0
2020-07-17,CEMARGOS,CEMARGOS.CL,4150.0
2020-07-24,CEMARGOS,CEMARGOS.CL,4060.0
2020-07-31,CEMARGOS,CEMARGOS.CL,4035.0
2020-08-07,CEMARGOS,CEMARGOS.CL,4025.0
2020-08-14,CEMARGOS,CEMARGOS.CL,4400.0
2020-08-21,CEMARGOS,CEMARGOS.CL,4900.0
2020-08-28,CEMARGOS,CEMARGOS.CL,5000.0
2020-09-04,CEMARGOS,CEMARGOS.CL,4920.0
2020-09-11,CEMARGOS,CEMARGOS.CL,4410.0
2020-09-18,CEMARGOS,CEMARGOS.CL,4500.0
2020-09-25,CEMARGOS,CEMARGOS.CL,4590.0
2020-10-02,CEMARGOS,CEMARGOS.CL,4561.0
2020-10-09,CEMARGOS,CEMARGOS.CL,4565.0
2020-10-16,CEMARGOS,CEMARGOS.CL,4573.0
2020-10-23,CEMARGOS,CEMARGOS.CL,4300.0
2020-10-30,CEMARGOS,CEMARGOS.CL,4594.0
2020-11-06,CEMARGOS,CEMARGOS.CL,4801.0
2020-11-13,CEMARGOS,CEMARGOS.CL,4750.0
2020-11-20,CEMARGOS,CEMARGOS.CL,5025.0
2020-11-27,CEMARGOS,CEMARGOS.CL,5005.0
2020-12-04,CEMARGOS,CEMARGOS.CL,5450.0
2020-12-11,CEMARGOS,CEMARGOS.CL,5800.0
2020-12-18,CEMARGOS,CEMARGOS.CL,5700.0
2020-12-25,CEMARGOS,CEMARGOS.CL,6180.0
2021-01-01,CEMARGOS,CEMARGOS.CL,5700.0
2021-01-08,CEMARGOS,CEMARGOS.CL,5930.0
2021-01-15,CEMARGOS,CEMARGOS.CL,6000.0
2021-01-22,CEMARGOS,CEMARGOS.CL,5810.0
2021-01-29,CEMARGOS,CEMARGOS.CL,5900.0
2021-02-05,CEMARGOS,CEMARGOS.CL,5930.0
2021-02-12,CEMARGOS,CEMARGOS.CL,5770.0
2021-02-19,CEMARGOS,CEMARGOS.CL,5700.0
2021-02-26,CEMARGOS,CEMARGOS.CL,5395.0
2021-03-05,CEMARGOS,CEMARGOS.CL,5500.0
2021-03-12,CEMARGOS,CEMARGOS.CL,5020.0
2021-03-19,CEMARGOS,CEMARGOS.CL,5030.0
2021-03-26,CEMARGOS,CEMARGOS.CL,5150.0
2021-04-02,CEMARGOS,CEMARGOS.CL,5300.0
2021-04-09,CEMARGOS,CEMARGOS.CL,5300.0
2021-04-16,CEMARGOS,CEMARGOS.CL,5325.0
2021-04-23,CEMARGOS,CEMARGOS.CL,5230.0
2021-04-30,CEMARGOS,CEMARGOS.CL,5350.0
2021-05-07,CEMARGOS,CEMARGOS.CL,5345.0
2021-05-14,CEMARGOS,CEMARGOS.CL,5330.0
2021-05-21,CEMARGOS,CEMARGOS.CL,5000.0
2021-05-28,CEMARGOS,CEMARGOS.CL,5260.0
2021-06-04,CEMARGOS,CEMARGOS.CL,5250.0
2021-06-11,CEMARGOS,CEMARGOS.CL,5230.0
2021-06-18,CEMARGOS,CEMARGOS.CL,5460.0
2021-06-25,CEMARGOS,CEMARGOS.CL,5460.0
2021-07-02,CEMARGOS,CEMARGOS.CL,5550.0
2021-07-09,CEMARGOS,CEMARGOS.CL,5600.0
2021-07-16,CEMARGOS,CEMARGOS.CL,5575.0
2021-07-23,CEMARGOS,CEMARGOS.CL,5550.0
2021-07-30,CEMARGOS,CEMARGOS.CL,5310.0
2021-08-06,CEMARGOS,CEMARGOS.CL,5625.0
2021-08-13,CEMARGOS,CEMARGOS.CL,5820.0
2021-08-20,CEMARGOS,CEMARGOS.CL,5785.0
2021-08-27,CEMARGOS,CEMARGOS.CL,5835.0
2021-09-03,CEMARGOS,CEMARGOS.CL,5815.0
2021-09-10,CEMARGOS,CEMARGOS.CL,5895.0
2021-09-17,CEMARGOS,CEMARGOS.CL,5790.0
2021-09-24,CEMARGOS,CEMARGOS.CL,5895.0
2021-10-01,CEMARGOS,CEMARGOS.CL,6250.0
2021-10-08,CEMARGOS,CEMARGOS.CL,6325.0
2021-10-15,CEMARGOS,CEMARGOS.CL,6180.0
2021-10-22,CEMARGOS,CEMARGOS.CL,6320.0
2021-10-29,CEMARGOS,CEMARGOS.CL,6415.0
2021-11-05,CEMARGOS,CEMARGOS.CL,6255.0
2021-11-12,CEMARGOS,CEMARGOS.CL,6275.0
2021-11-19,CEMARGOS,CEMARGOS.CL,6140.0
2021-11-26,CEMARGOS,CEMARGOS.CL,6165.0
2021-12-03,CEMARGOS,CEMARGOS.CL,6400.0
2021-12-10,CEMARGOS,CEMARGOS.CL,6350.0
2021-12-17,CEMARGOS,CEMARGOS.CL,6385.0
2021-12-24,CEMARGOS,CEMARGOS.CL,6110.0
2021-12-31,CEMARGOS,CEMARGOS.CL,6050.0
2022-01-07,CEMARGOS,CEMARGOS.CL,6290.0
2022-01-14,CEMARGOS,CEMARGOS.CL,6580.0
2022-01-21,CEMARGOS,CEMARGOS.CL,6325.0
2022-01-28,CEMARGOS,CEMARGOS.CL,6340.0
2022-02-04,CEMARGOS,CEMARGOS.CL,6165.0
2022-02-11,CEMARGOS,CEMARGOS.CL,6355.0
2022-02-18,CEMARGOS,CEMARGOS.CL,6150.0
2022-02-25,CEMARGOS,CEMARGOS.CL,6145.0
2022-03-04,CEMARGOS,CEMARGOS.CL,6100.0
2022-03-11,CEMARGOS,CEMARGOS.CL,6130.0
2022-03-18,CEMARGOS,CEMARGOS.CL,6190.0
2022-03-25,CEMARGOS,CEMARGOS.CL,6230.0
2022-04-01,CEMARGOS,CEMARGOS.CL,6450.0
2022-04-08,CEMARGOS,CEMARGOS.CL,6450.0
2022-04-15,CEMARGOS,CEMARGOS.CL,6230.0
2022-04-22,CEMARGOS,CEMARGOS.CL,6005.0
2022-04-29,CEMARGOS,CEMARGOS.CL,5830.0
2022-05-06,CEMARGOS,CEMARGOS.CL,5040.0
2022-05-13,CEMARGOS,CEMARGOS.CL,4700.0
2022-05-20,CEMARGOS,CEMARGOS.CL,4980.0
2022-05-27,CEMARGOS,CEMARGOS.CL,5650.0
2022-06-03,CEMARGOS,CEMARGOS.CL,5190.0
2022-06-10,CEMARGOS,CEMARGOS.CL,5090.0
2022-06-17,CEMARGOS,CEMARGOS.CL,4600.0
2022-06-24,CEMARGOS,CEMARGOS.CL,4640.0
2022-07-01,CEMARGOS,CEMARGOS.CL,4480.0
2022-07-08,CEMARGOS,CEMARGOS.CL,4000.0
2022-07-15,CEMARGOS,CEMARGOS.CL,3980.0
2022-07-22,CEMARGOS,CEMARGOS.CL,3980.0
2022-07-29,CEMARGOS,CEMARGOS.CL,3800.0
2022-08-05,CEMARGOS,CEMARGOS.CL,3810.0
2022-08-12,CEMARGOS,CEMARGOS.CL,3780.0
2022-08-19,CEMARGOS,CEMARGOS.CL,3515.0
2022-08-26,CEMARGOS,CEMARGOS.CL,3585.0
2022-09-02,CEMARGOS,CEMARGOS.CL,3660.0
2022-09-09,CEMARGOS,CEMARGOS.CL,3770.0
2022-09-16,CEMARGOS,CEMARGOS.CL,3600.0
2022-09-23,CEMARGOS,CEMARGOS.CL,3286.0
2022-09-30,CEMARGOS,CEMARGOS.CL,3470.0
2022-10-07,CEMARGOS,CEMARGOS.CL,3181.0
2022-10-14,CEMARGOS,CEMARGOS.CL,3230.0
2022-10-21,CEMARGOS,CEMARGOS.CL,3199.0
2022-10-28,CEMARGOS,CEMARGOS.CL,3199.0
2022-11-04,CEMARGOS,CEMARGOS.CL,3350.0
2022-11-11,CEMARGOS,CEMARGOS.CL,3860.0
2022-11-18,CEMARGOS,CEMARGOS.CL,3846.0
2022-11-25,CEMARGOS,CEMARGOS.CL,3750.0
2022-12-02,CEMARGOS,CEMARGOS.CL,3667.0
2022-12-09,CEMARGOS,CEMARGOS.CL,3482.0
2022-12-16,CEMARGOS,CEMARGOS.CL,3560.0
2022-12-23,CEMARGOS,CEMARGOS.CL,3600.0
2022-12-30,CEMARGOS,CEMARGOS.CL,3680.0
2023-01-06,CEMARGOS,CEMARGOS.CL,3681.0
2023-01-13,CEMARGOS,CEMARGOS.CL,3560.0
2023-01-20,CEMARGOS,CEMARGOS.CL,3250.0
2023-01-27,CEMARGOS,CEMARGOS.CL,3200.0
2023-02-03,CEMARGOS,CEMARGOS.CL,2890.0
2023-02-10,CEMARGOS,CEMARGOS.CL,2850.0
2023-02-17,CEMARGOS,CEMARGOS.CL,2900.0
2023-02-24,CEMARGOS,CEMARGOS.CL,2980.0
2023-03-03,CEMARGOS,CEMARGOS.CL,2950.0
2023-03-10,CEMARGOS,CEMARGOS.CL,3090.0
2023-03-17,CEMARGOS,CEMARGOS.CL,3009.0
2023-03-24,CEMARGOS,CEMARGOS.CL,2980.0
2023-03-31,CEMARGOS,CEMARGOS.CL,3090.0
2023-04-07,CEMARGOS,CEMARGOS.CL,3133.0
2023-04-14,CEMARGOS,CEMARGOS.CL,3179.0
2023-04-21,CEMARGOS,CEMARGOS.CL,3069.0
2023-04-28,CEMARGOS,CEMARGOS.CL,3020.0
2023-05-05,CEMARGOS,CEMARGOS.CL,3001.0
2023-05-12,CEMARGOS,CEMARGOS.CL,2972.0
2023-05-19,CEMARGOS,CEMARGOS.CL,2945.0
2023-05-26,CEMARGOS,CEMARGOS.CL,3300.0
2023-06-02,CEMARGOS,CEMARGOS.CL,3537.0
2023-06-09,CEMARGOS,CEMARGOS.CL,3600.0
2023-06-16,CEMARGOS,CEMARGOS.CL,3364.0
2023-06-23,CEMARGOS,CEMARGOS.CL,3260.0
2023-06-30,CEMARGOS,CEMARGOS.CL,3280.0
2023-07-07,CEMARGOS,CEMARGOS.CL,3450.0
2023-07-14,CEMARGOS,CEMARGOS.CL,3600.0
2023-07-21,CEMARGOS,CEMARGOS.CL,3450.0
2023-07-28,CEMARGOS,CEMARGOS.CL,3500.0
2023-08-04,CEMARGOS,CEMARGOS.CL,3510.0
2023-08-11,CEMARGOS,CEMARGOS.CL,3310.0
2023-08-18,CEMARGOS,CEMARGOS.CL,3145.0
2023-08-25,CEMARGOS,CEMARGOS.CL,2902.0
2023-09-01,CEMARGOS,CEMARGOS.CL,3980.0
2023-09-08,CEMARGOS,CEMARGOS.CL,3900.0
2023-09-15,CEMARGOS,CEMARGOS.CL,4099.0
2023-09-22,CEMARGOS,CEMARGOS.CL,5080.0
2023-09-29,CEMARGOS,CEMARGOS.CL,4864.0
2023-10-06,CEMARGOS,CEMARGOS.CL,4639.0
2023-10-13,CEMARGOS,CEMARGOS.CL,4733.0
2023-10-20,CEMARGOS,CEMARGOS.CL,4800.0
2023-10-27,CEMARGOS,CEMARGOS.CL,4665.0
2023-11-03,CEMARGOS,CEMARGOS.CL,4945.0
2023-11-10,CEMARGOS,CEMARGOS.CL,4970.0
2023-11-17,CEMARGOS,CEMARGOS.CL,5340.0
2023-11-24,CEMARGOS,CEMARGOS.CL,5540.0
2023-12-01,CEMARGOS,CEMARGOS.CL,5620.0
2023-12-08,CEMARGOS,CEMARGOS.CL,6020.0
2023-12-15,CEMARGOS,CEMARGOS.CL,5920.0
2023-12-22,CEMARGOS,CEMARGOS.CL,6110.0
2023-12-29,CEMARGOS,CEMARGOS.CL,6240.0
2024-01-05,CEMARGOS,CEMARGOS.CL,6550.0
2024-01-12,CEMARGOS,CEMARGOS.CL,6660.0
2024-01-19,CEMARGOS,CEMARGOS.CL,6580.0
2024-01-26,CEMARGOS,CEMARGOS.CL,6300.0
2024-02-02,CEMARGOS,CEMARGOS.CL,6130.0
2024-02-09,CEMARGOS,CEMARGOS.CL,6350.0
2024-02-16,CEMARGOS,CEMARGOS.CL,6750.0
2024-02-23,CEMARGOS,CEMARGOS.CL,6790.0
2024-03-01,CEMARGOS,CEMARGOS.CL,7800.0
2024-03-08,CEMARGOS,CEMARGOS.CL,7750.0
2024-03-15,CEMARGOS,CEMARGOS.CL,8300.0
2024-03-22,CEMARGOS,CEMARGOS.CL,8640.0
2024-03-29,CEMARGOS,CEMARGOS.CL,8830.0
2024-04-05,CEMARGOS,CEMARGOS.CL,8650.0
2024-04-12,CEMARGOS,CEMARGOS.CL,8000.0
2024-04-19,CEMARGOS,CEMARGOS.CL,8540.0
2024-04-26,CEMARGOS,CEMARGOS.CL,8000.0
2024-05-03,CEMARGOS,CEMARGOS.CL,8440.0
2024-05-10,CEMARGOS,CEMARGOS.CL,8450.0
2024-05-17,CEMARGOS,CEMARGOS.CL,8270.0
2024-05-24,CEMARGOS,CEMARGOS.CL,8350.0
2024-05-31,CEMARGOS,CEMARGOS.CL,8170.0
2024-06-07,CEMARGOS,CEMARGOS.CL,8160.0
2024-06-14,CEMARGOS,CEMARGOS.CL,8330.0
2024-06-21,CEMARGOS,CEMARGOS.CL,8280.0
2024-06-28,CEMARGOS,CEMARGOS.CL,8450.0
2024-07-05,CEMARGOS,CEMARGOS.CL,8400.0
2024-07-12,CEMARGOS,CEMARGOS.CL,8390.0
2024-07-19,CEMARGOS,CEMARGOS.CL,8400.0
2024-07-26,CEMARGOS,CEMARGOS.CL,8390.0
2024-08-02,CEMARGOS,CEMARGOS.CL,8040.0
2024-08-09,CEMARGOS,CEMARGOS.CL,8670.0
2024-08-16,CEMARGOS,CEMARGOS.CL,8680.0
2024-08-23,CEMARGOS,CEMARGOS.CL,8620.0
2024-08-30,CEMARGOS,CEMARGOS.CL,8340.0
2024-09-06,CEMARGOS,CEMARGOS.CL,7860.0
2024-09-13,CEMARGOS,CEMARGOS.CL,7850.0
2024-09-20,CEMARGOS,CEMARGOS.CL,7410.0
2024-09-27,CEMARGOS,CEMARGOS.CL,7490.0
2024-10-04,CEMARGOS,CEMARGOS.CL,7540.0
2024-10-11,CEMARGOS,CEMARGOS.CL,7720.0
2024-10-18,CEMARGOS,CEMARGOS.CL,7960.0
2024-10-25,CEMARGOS,CEMARGOS.CL,8590.0
2024-11-01,CEMARGOS,CEMARGOS.CL,8670.0
2024-11-08,CEMARGOS,CEMARGOS.CL,8420.0
2024-11-15,CEMARGOS,CEMARGOS.CL,9300.0
2024-11-22,CEMARGOS,CEMARGOS.CL,9560.0
2024-11-29,CEMARGOS,CEMARGOS.CL,9670.0
2024-12-06,CEMARGOS,CEMARGOS.CL,9960.0
2024-12-13,CEMARGOS,CEMARGOS.CL,10080.0
2024-12-20,CEMARGOS,CEMARGOS.CL,10460.0
2024-12-27,CEMARGOS,CEMARGOS.CL,10300.0
2025-01-03,CEMARGOS,CEMARGOS.CL,10860.0
2025-01-10,CEMARGOS,CEMARGOS.CL,10260.0
2025-01-17,CEMARGOS,CEMARGOS.CL,9720.0
2025-01-24,CEMARGOS,CEMARGOS.CL,10500.0
2025-01-31,CEMARGOS,CEMARGOS.CL,10660.0
2025-02-07,CEMARGOS,CEMARGOS.CL,10700.0
2025-02-14,CEMARGOS,CEMARGOS.CL,10740.0
2025-02-21,CEMARGOS,CEMARGOS.CL,10200.0
2025-02-28,CEMARGOS,CEMARGOS.CL,9940.0
2025-03-07,CEMARGOS,CEMARGOS.CL,9860.0
2025-03-14,CEMARGOS,CEMARGOS.CL,10100.0
2025-03-21,CEMARGOS,CEMARGOS.CL,10000.0
2025-03-28,CEMARGOS,CEMARGOS.CL,10380.0
2025-04-04,CEMARGOS,CEMARGOS.CL,9810.0
2025-04-11,CEMARGOS,CEMARGOS.CL,10840.0
2025-04-18,CEMARGOS,CEMARGOS.CL,10560.0
2025-04-25,CEMARGOS,CEMARGOS.CL,10720.0
2025-05-02,CEMARGOS,CEMARGOS.CL,10860.0
2025-05-09,CEMARGOS,CEMARGOS.CL,10460.0
2025-05-16,CEMARGOS,CEMARGOS.CL,10740.0
2025-05-23,CEMARGOS,CEMARGOS.CL,10540.0
2025-05-30,CEMARGOS,CEMARGOS.CL,10660.0
2025-06-06,CEMARGOS,CEMARGOS.CL,10560.0
2025-06-13,CEMARGOS,CEMARGOS.CL,10520.0
2025-06-20,CEMARGOS,CEMARGOS.CL,10540.0
2025-06-27,CEMARGOS,CEMARGOS.CL,10680.0
2025-07-04,CEMARGOS,CEMARGOS.CL,9557.73
2025-07-11,CEMARGOS,CEMARGOS.CL,10260.0
2025-07-18,CEMARGOS,CEMARGOS.CL,10440.0
2025-07-25,CEMARGOS,CEMARGOS.CL,10980.0
2025-08-01,CEMARGOS,CEMARGOS.CL,11000.0
2025-08-08,CEMARGOS,CEMARGOS.CL,10560.0
2025-08-15,CEMARGOS,CEMARGOS.CL,10220.0
2025-08-22,CEMARGOS,CEMARGOS.CL,9900.0
2025-08-29,CEMARGOS,CEMARGOS.CL,9800.0
2025-09-05,CEMARGOS,CEMARGOS.CL,9980.0
2025-09-12,CEMARGOS,CEMARGOS.CL,9700.0
2025-09-19,CEMARGOS,CEMARGOS.CL,10640.0
2025-09-26,CEMARGOS,CEMARGOS.CL,10480.0
2025-10-03,CEMARGOS,CEMARGOS.CL,10480.0
2025-10-10,CEMARGOS,CEMARGOS.CL,10100.0
2025-10-17,CEMARGOS,CEMARGOS.CL,10160.0
2025-10-24,CEMARGOS,CEMARGOS.CL,10440.0
2025-10-31,CEMARGOS,CEMARGOS.CL,10400.0
2025-11-07,CEMARGOS,CEMARGOS.CL,10480.0
2025-11-14,CEMARGOS,CEMARGOS.CL,10760.0
2025-11-21,CEMARGOS,CEMARGOS.CL,10860.0
2025-11-28,CEMARGOS,CEMARGOS.CL,10940.0
2025-12-05,CEMARGOS,CEMARGOS.CL,10880.0
2025-12-12,CEMARGOS,CEMARGOS.CL,10700.0
2025-12-19,CEMARGOS,CEMARGOS.CL,10820.0
2025-12-26,CEMARGOS,CEMARGOS.CL,10760.0
2026-01-02,CEMARGOS,CEMARGOS.CL,11280.0
2026-01-09,CEMARGOS,CEMARGOS.CL,11700.0
2026-01-16,CEMARGOS,CEMARGOS.CL,13200.0
2026-01-23,CEMARGOS,CEMARGOS.CL,13760.0
2026-01-30,CEMARGOS,CEMARGOS.CL,13120.0
2026-02-06,CEMARGOS,CEMARGOS.CL,12000.0
2026-02-13,CEMARGOS,CEMARGOS.CL,12100.0
2026-02-20,CEMARGOS,CEMARGOS.CL,12320.0
2026-02-27,CEMARGOS,CEMARGOS.CL,11940.0
2026-03-06,CEMARGOS,CEMARGOS.CL,12120.0
2026-03-13,CEMARGOS,CEMARGOS.CL,11060.0
2026-03-20,CEMARGOS,CEMARGOS.CL,11480.0
2026-03-27,CEMARGOS,CEMARGOS.CL,11720.0
2026-04-03,CEMARGOS,CEMARGOS.CL,11980.0
2026-04-10,CEMARGOS,CEMARGOS.CL,12500.0
2026-04-17,CEMARGOS,CEMARGOS.CL,11960.0
2026-04-24,CEMARGOS,CEMARGOS.CL,11900.0
2026-05-01,CEMARGOS,CEMARGOS.CL,11900.0
2026-05-08,CEMARGOS,CEMARGOS.CL,11300.0
2026-05-15,CEMARGOS,CEMARGOS.CL,10500.0
2026-05-22,CEMARGOS,CEMARGOS.CL,10900.0
2026-05-29,CEMARGOS,CEMARGOS.CL,11580.0
2026-06-05,CEMARGOS,CEMARGOS.CL,11780.0
2026-06-12,CEMARGOS,CEMARGOS.CL,11580.0
2026-06-19,CEMARGOS,CEMARGOS.CL,11160.0
2026-06-26,CEMARGOS,CEMARGOS.CL,11600.0
2026-07-03,CEMARGOS,CEMARGOS.CL,11760.0
2026-07-10,CEMARGOS,CEMARGOS.CL,11520.0
2026-07-17,CEMARGOS,CEMARGOS.CL,10720.0
2026-07-24,CEMARGOS,CEMARGOS.CL,10960.0
2026-07-31,CEMARGOS,CEMARGOS.CL,10900.0
2026-08-07,CEMARGOS,CEMARGOS.CL,10940.0
2026-08-14,CEMARGOS,CEMARGOS.CL,10800.0
2026-08-21,CEMARGOS,CEMARGOS.CL,10900.0
2026-08-28,CEMARGOS,CEMARGOS.CL,10680.0
2026-09-04,CEMARGOS,CEMARGOS.CL,11480.0
2026-09-11,CEMARGOS,CEMARGOS.CL,11720.0
2026-09-18,CEMARGOS,CEMARGOS.CL,12100.0
2026-09-25,CEMARGOS,CEMARGOS.CL,11660.0
2026-09-30,CEMARGOS,CEMARGOS.CL,11660.0
2010-01-01,CIBEST,CIBEST.CL,22440.0
2010-01-08,CIBEST,CIBEST.CL,22220.0
2010-01-15,CIBEST,CIBEST.CL,22220.0
2010-01-22,CIBEST,CIBEST.CL,21640.0
2010-01-29,CIBEST,CIBEST.CL,21840.0
2010-02-05,CIBEST,CIBEST.CL,21300.0
2010-02-12,CIBEST,CIBEST.CL,21400.0
2010-02-19,CIBEST,CIBEST.CL,22320.0
2010-02-26,CIBEST,CIBEST.CL,22340.0
2010-03-05,CIBEST,CIBEST.CL,21680.0
2010-03-12,CIBEST,CIBEST.CL,22280.0
2010-03-19,CIBEST,CIBEST.CL,21920.0
2010-03-26,CIBEST,CIBEST.CL,22280.0
2010-04-02,CIBEST,CIBEST.CL,23260.0
2010-04-09,CIBEST,CIBEST.CL,23820.0
2010-04-16,CIBEST,CIBEST.CL,23200.0
2010-04-23,CIBEST,CIBEST.CL,23080.0
2010-04-30,CIBEST,CIBEST.CL,22300.0
2010-05-07,CIBEST,CIBEST.CL,23000.0
2010-05-14,CIBEST,CIBEST.CL,22440.0
2010-05-21,CIBEST,CIBEST.CL,22800.0
2010-05-28,CIBEST,CIBEST.CL,23700.0
2010-06-04,CIBEST,CIBEST.CL,23620.0
2010-06-11,CIBEST,CIBEST.CL,23500.0
2010-06-18,CIBEST,CIBEST.CL,23880.0
2010-06-25,CIBEST,CIBEST.CL,23620.0
2010-07-02,CIBEST,CIBEST.CL,24200.0
2010-07-09,CIBEST,CIBEST.CL,25200.0
2010-07-16,CIBEST,CIBEST.CL,26040.0
2010-07-23,CIBEST,CIBEST.CL,27500.0
2010-07-30,CIBEST,CIBEST.CL,26000.0
2010-08-06,CIBEST,CIBEST.CL,25100.0
2010-08-13,CIBEST,CIBEST.CL,25980.0
2010-08-20,CIBEST,CIBEST.CL,26780.0
2010-08-27,CIBEST,CIBEST.CL,29200.0
2010-09-03,CIBEST,CIBEST.CL,28200.0
2010-09-10,CIBEST,CIBEST.CL,28600.0
2010-09-17,CIBEST,CIBEST.CL,27900.0
2010-09-24,CIBEST,CIBEST.CL,29380.0
2010-10-01,CIBEST,CIBEST.CL,29280.0
2010-10-08,CIBEST,CIBEST.CL,28980.0
2010-10-15,CIBEST,CIBEST.CL,29160.0
2010-10-22,CIBEST,CIBEST.CL,28800.0
2010-10-29,CIBEST,CIBEST.CL,30500.0
2010-11-05,CIBEST,CIBEST.CL,29200.0
2010-11-12,CIBEST,CIBEST.CL,28980.0
2010-11-19,CIBEST,CIBEST.CL,28480.0
2010-11-26,CIBEST,CIBEST.CL,29420.0
2010-12-03,CIBEST,CIBEST.CL,30000.0
2010-12-10,CIBEST,CIBEST.CL,29500.0
2010-12-17,CIBEST,CIBEST.CL,29200.0
2010-12-24,CIBEST,CIBEST.CL,29500.0
2010-12-31,CIBEST,CIBEST.CL,28980.0
2011-01-07,CIBEST,CIBEST.CL,27740.0
2011-01-14,CIBEST,CIBEST.CL,26560.0
2011-01-21,CIBEST,CIBEST.CL,27840.0
2011-01-28,CIBEST,CIBEST.CL,27100.0
2011-02-04,CIBEST,CIBEST.CL,26440.0
2011-02-11,CIBEST,CIBEST.CL,25900.0
2011-02-18,CIBEST,CIBEST.CL,25700.0
2011-02-25,CIBEST,CIBEST.CL,27620.0
2011-03-04,CIBEST,CIBEST.CL,28040.0
2011-03-11,CIBEST,CIBEST.CL,27800.0
2011-03-18,CIBEST,CIBEST.CL,28880.0
2011-03-25,CIBEST,CIBEST.CL,29000.0
2011-04-01,CIBEST,CIBEST.CL,29220.0
2011-04-08,CIBEST,CIBEST.CL,28340.0
2011-04-15,CIBEST,CIBEST.CL,27800.0
2011-04-22,CIBEST,CIBEST.CL,28500.0
2011-04-29,CIBEST,CIBEST.CL,28000.0
2011-05-06,CIBEST,CIBEST.CL,28980.0
2011-05-13,CIBEST,CIBEST.CL,28700.0
2011-05-20,CIBEST,CIBEST.CL,29100.0
2011-05-27,CIBEST,CIBEST.CL,29480.0
2011-06-03,CIBEST,CIBEST.CL,29580.0
2011-06-10,CIBEST,CIBEST.CL,29400.0
2011-06-17,CIBEST,CIBEST.CL,29400.0
2011-06-24,CIBEST,CIBEST.CL,29300.0
2011-07-01,CIBEST,CIBEST.CL,29100.0
2011-07-08,CIBEST,CIBEST.CL,29160.0
2011-07-15,CIBEST,CIBEST.CL,28700.0
2011-07-22,CIBEST,CIBEST.CL,28320.0
2011-07-29,CIBEST,CIBEST.CL,28500.0
2011-08-05,CIBEST,CIBEST.CL,27000.0
2011-08-12,CIBEST,CIBEST.CL,27620.0
2011-08-19,CIBEST,CIBEST.CL,27360.0
2011-08-26,CIBEST,CIBEST.CL,28800.0
2011-09-02,CIBEST,CIBEST.CL,28620.0
2011-09-09,CIBEST,CIBEST.CL,28600.0
2011-09-16,CIBEST,CIBEST.CL,28500.0
2011-09-23,CIBEST,CIBEST.CL,26640.0
2011-09-30,CIBEST,CIBEST.CL,27200.0
2011-10-07,CIBEST,CIBEST.CL,27440.0
2011-10-14,CIBEST,CIBEST.CL,28280.0
2011-10-21,CIBEST,CIBEST.CL,28160.0
2011-10-28,CIBEST,CIBEST.CL,28600.0
2011-11-04,CIBEST,CIBEST.CL,28860.0
2011-11-11,CIBEST,CIBEST.CL,28100.0
2011-11-18,CIBEST,CIBEST.CL,25900.0
2011-11-25,CIBEST,CIBEST.CL,27600.0
2011-12-02,CIBEST,CIBEST.CL,27980.0
2011-12-09,CIBEST,CIBEST.CL,28480.0
2011-12-16,CIBEST,CIBEST.CL,28900.0
2011-12-23,CIBEST,CIBEST.CL,28380.0
2011-12-30,CIBEST,CIBEST.CL,28400.0
2012-01-06,CIBEST,CIBEST.CL,26740.0
2012-01-13,CIBEST,CIBEST.CL,26000.0
2012-01-20,CIBEST,CIBEST.CL,26100.0
2012-01-27,CIBEST,CIBEST.CL,26960.0
2012-02-03,CIBEST,CIBEST.CL,27500.0
2012-02-10,CIBEST,CIBEST.CL,27680.0
2012-02-17,CIBEST,CIBEST.CL,28120.0
2012-02-24,CIBEST,CIBEST.CL,27900.0
2012-03-02,CIBEST,CIBEST.CL,27900.0
2012-03-09,CIBEST,CIBEST.CL,28100.0
2012-03-16,CIBEST,CIBEST.CL,27820.0
2012-03-23,CIBEST,CIBEST.CL,28260.0
2012-03-30,CIBEST,CIBEST.CL,28080.0
2012-04-06,CIBEST,CIBEST.CL,28280.0
2012-04-13,CIBEST,CIBEST.CL,28400.0
2012-04-20,CIBEST,CIBEST.CL,28500.0
2012-04-27,CIBEST,CIBEST.CL,29180.0
2012-05-04,CIBEST,CIBEST.CL,28820.0
2012-05-11,CIBEST,CIBEST.CL,27580.0
2012-05-18,CIBEST,CIBEST.CL,27520.0
2012-05-25,CIBEST,CIBEST.CL,26780.0
2012-06-01,CIBEST,CIBEST.CL,27000.0
2012-06-08,CIBEST,CIBEST.CL,26400.0
2012-06-15,CIBEST,CIBEST.CL,26360.0
2012-06-22,CIBEST,CIBEST.CL,26800.0
2012-06-29,CIBEST,CIBEST.CL,27680.0
2012-07-06,CIBEST,CIBEST.CL,27180.0
2012-07-13,CIBEST,CIBEST.CL,27620.0
2012-07-20,CIBEST,CIBEST.CL,26660.0
2012-07-27,CIBEST,CIBEST.CL,26180.0
2012-08-03,CIBEST,CIBEST.CL,25260.0
2012-08-10,CIBEST,CIBEST.CL,25880.0
2012-08-17,CIBEST,CIBEST.CL,25900.0
2012-08-24,CIBEST,CIBEST.CL,25400.0
2012-08-31,CIBEST,CIBEST.CL,25760.0
2012-09-07,CIBEST,CIBEST.CL,26520.0
2012-09-14,CIBEST,CIBEST.CL,26800.0
2012-09-21,CIBEST,CIBEST.CL,26720.0
2012-09-28,CIBEST,CIBEST.CL,26500.0
2012-10-05,CIBEST,CIBEST.CL,26500.0
2012-10-12,CIBEST,CIBEST.CL,27780.0
2012-10-19,CIBEST,CIBEST.CL,27540.0
2012-10-26,CIBEST,CIBEST.CL,28660.0
2012-11-02,CIBEST,CIBEST.CL,27540.0
2012-11-09,CIBEST,CIBEST.CL,27960.0
2012-11-16,CIBEST,CIBEST.CL,27660.0
2012-11-23,CIBEST,CIBEST.CL,28280.0
2012-11-30,CIBEST,CIBEST.CL,29200.0
2012-12-07,CIBEST,CIBEST.CL,29200.0
2012-12-14,CIBEST,CIBEST.CL,29500.0
2012-12-21,CIBEST,CIBEST.CL,29380.0
2012-12-28,CIBEST,CIBEST.CL,29680.0
2013-01-04,CIBEST,CIBEST.CL,30000.0
2013-01-11,CIBEST,CIBEST.CL,30500.0
2013-01-18,CIBEST,CIBEST.CL,30680.0
2013-01-25,CIBEST,CIBEST.CL,30480.0
2013-02-01,CIBEST,CIBEST.CL,30580.0
2013-02-08,CIBEST,CIBEST.CL,29960.0
2013-02-15,CIBEST,CIBEST.CL,29000.0
2013-02-22,CIBEST,CIBEST.CL,28800.0
2013-03-01,CIBEST,CIBEST.CL,28480.0
2013-03-08,CIBEST,CIBEST.CL,28200.0
2013-03-15,CIBEST,CIBEST.CL,27840.0
2013-03-22,CIBEST,CIBEST.CL,28800.0
2013-03-29,CIBEST,CIBEST.CL,28200.0
2013-04-05,CIBEST,CIBEST.CL,28600.0
2013-04-12,CIBEST,CIBEST.CL,29340.0
2013-04-19,CIBEST,CIBEST.CL,29880.0
2013-04-26,CIBEST,CIBEST.CL,30000.0
2013-05-03,CIBEST,CIBEST.CL,29580.0
2013-05-10,CIBEST,CIBEST.CL,27900.0
2013-05-17,CIBEST,CIBEST.CL,27920.0
2013-05-24,CIBEST,CIBEST.CL,28040.0
2013-05-31,CIBEST,CIBEST.CL,27380.0
2013-06-07,CIBEST,CIBEST.CL,26520.0
2013-06-14,CIBEST,CIBEST.CL,26540.0
2013-06-21,CIBEST,CIBEST.CL,25900.0
2013-06-28,CIBEST,CIBEST.CL,25560.0
2013-07-05,CIBEST,CIBEST.CL,24980.0
2013-07-12,CIBEST,CIBEST.CL,26500.0
2013-07-19,CIBEST,CIBEST.CL,26900.0
2013-07-26,CIBEST,CIBEST.CL,26920.0
2013-08-02,CIBEST,CIBEST.CL,26400.0
2013-08-09,CIBEST,CIBEST.CL,27220.0
2013-08-16,CIBEST,CIBEST.CL,26620.0
2013-08-23,CIBEST,CIBEST.CL,26440.0
2013-08-30,CIBEST,CIBEST.CL,26200.0
2013-09-06,CIBEST,CIBEST.CL,26860.0
2013-09-13,CIBEST,CIBEST.CL,26920.0
2013-09-20,CIBEST,CIBEST.CL,26760.0
2013-09-27,CIBEST,CIBEST.CL,26800.0
2013-10-04,CIBEST,CIBEST.CL,26540.0
2013-10-11,CIBEST,CIBEST.CL,26560.0
2013-10-18,CIBEST,CIBEST.CL,26180.0
2013-10-25,CIBEST,CIBEST.CL,26100.0
2013-11-01,CIBEST,CIBEST.CL,25300.0
2013-11-08,CIBEST,CIBEST.CL,25040.0
2013-11-15,CIBEST,CIBEST.CL,24820.0
2013-11-22,CIBEST,CIBEST.CL,23400.0
2013-11-29,CIBEST,CIBEST.CL,22920.0
2013-12-06,CIBEST,CIBEST.CL,23460.0
2013-12-13,CIBEST,CIBEST.CL,23300.0
2013-12-20,CIBEST,CIBEST.CL,23300.0
2013-12-27,CIBEST,CIBEST.CL,23640.0
2014-01-03,CIBEST,CIBEST.CL,23480.0
2014-01-10,CIBEST,CIBEST.CL,22400.0
2014-01-17,CIBEST,CIBEST.CL,22900.0
2014-01-24,CIBEST,CIBEST.CL,21800.0
2014-01-31,CIBEST,CIBEST.CL,21400.0
2014-02-07,CIBEST,CIBEST.CL,22300.0
2014-02-14,CIBEST,CIBEST.CL,22380.0
2014-02-21,CIBEST,CIBEST.CL,23720.0
2014-02-28,CIBEST,CIBEST.CL,25700.0
2014-03-07,CIBEST,CIBEST.CL,25300.0
2014-03-14,CIBEST,CIBEST.CL,25520.0
2014-03-21,CIBEST,CIBEST.CL,25700.0
2014-03-28,CIBEST,CIBEST.CL,26780.0
2014-04-04,CIBEST,CIBEST.CL,26700.0
2014-04-11,CIBEST,CIBEST.CL,26560.0
2014-04-18,CIBEST,CIBEST.CL,26520.0
2014-04-25,CIBEST,CIBEST.CL,26600.0
2014-05-02,CIBEST,CIBEST.CL,26500.0
2014-05-09,CIBEST,CIBEST.CL,26160.0
2014-05-16,CIBEST,CIBEST.CL,25300.0
2014-05-23,CIBEST,CIBEST.CL,25240.0
2014-05-30,CIBEST,CIBEST.CL,25920.0
2014-06-06,CIBEST,CIBEST.CL,26600.0
2014-06-13,CIBEST,CIBEST.CL,26940.0
2014-06-20,CIBEST,CIBEST.CL,26560.0
2014-06-27,CIBEST,CIBEST.CL,26300.0
2014-07-04,CIBEST,CIBEST.CL,26400.0
2014-07-11,CIBEST,CIBEST.CL,27400.0
2014-07-18,CIBEST,CIBEST.CL,27700.0
2014-07-25,CIBEST,CIBEST.CL,28780.0
2014-08-01,CIBEST,CIBEST.CL,28560.0
2014-08-08,CIBEST,CIBEST.CL,29340.0
2014-08-15,CIBEST,CIBEST.CL,29800.0
2014-08-22,CIBEST,CIBEST.CL,29000.0
2014-08-29,CIBEST,CIBEST.CL,29980.0
2014-09-05,CIBEST,CIBEST.CL,28680.0
2014-09-12,CIBEST,CIBEST.CL,28380.0
2014-09-19,CIBEST,CIBEST.CL,28220.0
2014-09-26,CIBEST,CIBEST.CL,27820.0
2014-10-03,CIBEST,CIBEST.CL,28500.0
2014-10-10,CIBEST,CIBEST.CL,27260.0
2014-10-17,CIBEST,CIBEST.CL,27500.0
2014-10-24,CIBEST,CIBEST.CL,27500.0
2014-10-31,CIBEST,CIBEST.CL,28200.0
2014-11-07,CIBEST,CIBEST.CL,29200.0
2014-11-14,CIBEST,CIBEST.CL,29040.0
2014-11-21,CIBEST,CIBEST.CL,28660.0
2014-11-28,CIBEST,CIBEST.CL,28420.0
2014-12-05,CIBEST,CIBEST.CL,27400.0
2014-12-12,CIBEST,CIBEST.CL,26700.0
2014-12-19,CIBEST,CIBEST.CL,28000.0
2014-12-26,CIBEST,CIBEST.CL,27640.0
2015-01-02,CIBEST,CIBEST.CL,27200.0
2015-01-09,CIBEST,CIBEST.CL,26200.0
2015-01-16,CIBEST,CIBEST.CL,26480.0
2015-01-23,CIBEST,CIBEST.CL,27340.0
2015-01-30,CIBEST,CIBEST.CL,26800.0
2015-02-06,CIBEST,CIBEST.CL,26280.0
2015-02-13,CIBEST,CIBEST.CL,25460.0
2015-02-20,CIBEST,CIBEST.CL,24800.0
2015-02-27,CIBEST,CIBEST.CL,24340.0
2015-03-06,CIBEST,CIBEST.CL,22300.0
2015-03-13,CIBEST,CIBEST.CL,25100.0
2015-03-20,CIBEST,CIBEST.CL,24480.0
2015-03-27,CIBEST,CIBEST.CL,24400.0
2015-04-03,CIBEST,CIBEST.CL,24800.0
2015-04-10,CIBEST,CIBEST.CL,25400.0
2015-04-17,CIBEST,CIBEST.CL,25500.0
2015-04-24,CIBEST,CIBEST.CL,26400.0
2015-05-01,CIBEST,CIBEST.CL,25960.0
2015-05-08,CIBEST,CIBEST.CL,26040.0
2015-05-15,CIBEST,CIBEST.CL,26660.0
2015-05-22,CIBEST,CIBEST.CL,24880.0
2015-05-29,CIBEST,CIBEST.CL,24580.0
2015-06-05,CIBEST,CIBEST.CL,24740.0
2015-06-12,CIBEST,CIBEST.CL,26100.0
2015-06-19,CIBEST,CIBEST.CL,26240.0
2015-06-26,CIBEST,CIBEST.CL,26300.0
2015-07-03,CIBEST,CIBEST.CL,25420.0
2015-07-10,CIBEST,CIBEST.CL,26300.0
2015-07-17,CIBEST,CIBEST.CL,25420.0
2015-07-24,CIBEST,CIBEST.CL,26400.0
2015-07-31,CIBEST,CIBEST.CL,26600.0
2015-08-07,CIBEST,CIBEST.CL,26060.0
2015-08-14,CIBEST,CIBEST.CL,23900.0
2015-08-21,CIBEST,CIBEST.CL,23680.0
2015-08-28,CIBEST,CIBEST.CL,24980.0
2015-09-04,CIBEST,CIBEST.CL,24520.0
2015-09-11,CIBEST,CIBEST.CL,25180.0
2015-09-18,CIBEST,CIBEST.CL,23000.0
2015-09-25,CIBEST,CIBEST.CL,23720.0
2015-10-02,CIBEST,CIBEST.CL,25960.0
2015-10-09,CIBEST,CIBEST.CL,25700.0
2015-10-16,CIBEST,CIBEST.CL,25360.0
2015-10-23,CIBEST,CIBEST.CL,23940.0
2015-10-30,CIBEST,CIBEST.CL,23000.0
2015-11-06,CIBEST,CIBEST.CL,23300.0
2015-11-13,CIBEST,CIBEST.CL,21620.0
2015-11-20,CIBEST,CIBEST.CL,20760.0
2015-11-27,CIBEST,CIBEST.CL,20580.0
2015-12-04,CIBEST,CIBEST.CL,19060.0
2015-12-11,CIBEST,CIBEST.CL,21500.0
2015-12-18,CIBEST,CIBEST.CL,21700.0
2015-12-25,CIBEST,CIBEST.CL,20980.0
2016-01-01,CIBEST,CIBEST.CL,20280.0
2016-01-08,CIBEST,CIBEST.CL,19720.0
2016-01-15,CIBEST,CIBEST.CL,20700.0
2016-01-22,CIBEST,CIBEST.CL,21740.0
2016-01-29,CIBEST,CIBEST.CL,23000.0
2016-02-05,CIBEST,CIBEST.CL,23200.0
2016-02-12,CIBEST,CIBEST.CL,23900.0
2016-02-19,CIBEST,CIBEST.CL,23020.0
2016-02-26,CIBEST,CIBEST.CL,23700.0
2016-03-04,CIBEST,CIBEST.CL,25120.0
2016-03-11,CIBEST,CIBEST.CL,24040.0
2016-03-18,CIBEST,CIBEST.CL,24260.0
2016-03-25,CIBEST,CIBEST.CL,24000.0
2016-04-01,CIBEST,CIBEST.CL,24640.0
2016-04-08,CIBEST,CIBEST.CL,26420.0
2016-04-15,CIBEST,CIBEST.CL,26660.0
2016-04-22,CIBEST,CIBEST.CL,26520.0
2016-04-29,CIBEST,CIBEST.CL,24820.0
2016-05-06,CIBEST,CIBEST.CL,25400.0
2016-05-13,CIBEST,CIBEST.CL,25120.0
2016-05-20,CIBEST,CIBEST.CL,24080.0
2016-05-27,CIBEST,CIBEST.CL,23620.0
2016-06-03,CIBEST,CIBEST.CL,24040.0
2016-06-10,CIBEST,CIBEST.CL,23300.0
2016-06-17,CIBEST,CIBEST.CL,24040.0
2016-06-24,CIBEST,CIBEST.CL,23900.0
2016-07-01,CIBEST,CIBEST.CL,23800.0
2016-07-08,CIBEST,CIBEST.CL,24000.0
2016-07-15,CIBEST,CIBEST.CL,24120.0
2016-07-22,CIBEST,CIBEST.CL,24100.0
2016-07-29,CIBEST,CIBEST.CL,24380.0
2016-08-05,CIBEST,CIBEST.CL,25060.0
2016-08-12,CIBEST,CIBEST.CL,25320.0
2016-08-19,CIBEST,CIBEST.CL,26200.0
2016-08-26,CIBEST,CIBEST.CL,26800.0
2016-09-02,CIBEST,CIBEST.CL,27660.0
2016-09-09,CIBEST,CIBEST.CL,26600.0
2016-09-16,CIBEST,CIBEST.CL,25300.0
2016-09-23,CIBEST,CIBEST.CL,25960.0
2016-09-30,CIBEST,CIBEST.CL,25500.0
2016-10-07,CIBEST,CIBEST.CL,26140.0
2016-10-14,CIBEST,CIBEST.CL,26400.0
2016-10-21,CIBEST,CIBEST.CL,26560.0
2016-10-28,CIBEST,CIBEST.CL,27100.0
2016-11-04,CIBEST,CIBEST.CL,26460.0
2016-11-11,CIBEST,CIBEST.CL,25220.0
2016-11-18,CIBEST,CIBEST.CL,25000.0
2016-11-25,CIBEST,CIBEST.CL,24880.0
2016-12-02,CIBEST,CIBEST.CL,24960.0
2016-12-09,CIBEST,CIBEST.CL,25700.0
2016-12-16,CIBEST,CIBEST.CL,25300.0
2016-12-23,CIBEST,CIBEST.CL,25220.0
2016-12-30,CIBEST,CIBEST.CL,25700.0
2017-01-06,CIBEST,CIBEST.CL,25860.0
2017-01-13,CIBEST,CIBEST.CL,25460.0
2017-01-20,CIBEST,CIBEST.CL,25700.0
2017-01-27,CIBEST,CIBEST.CL,25540.0
2017-02-03,CIBEST,CIBEST.CL,25120.0
2017-02-10,CIBEST,CIBEST.CL,25300.0
2017-02-17,CIBEST,CIBEST.CL,25460.0
2017-02-24,CIBEST,CIBEST.CL,25040.0
2017-03-03,CIBEST,CIBEST.CL,25120.0
2017-03-10,CIBEST,CIBEST.CL,25300.0
2017-03-17,CIBEST,CIBEST.CL,25920.0
2017-03-24,CIBEST,CIBEST.CL,26480.0
2017-03-31,CIBEST,CIBEST.CL,26500.0
2017-04-07,CIBEST,CIBEST.CL,26780.0
2017-04-14,CIBEST,CIBEST.CL,26020.0
2017-04-21,CIBEST,CIBEST.CL,26660.0
2017-04-28,CIBEST,CIBEST.CL,27300.0
2017-05-05,CIBEST,CIBEST.CL,28700.0
2017-05-12,CIBEST,CIBEST.CL,29320.0
2017-05-19,CIBEST,CIBEST.CL,29980.0
2017-05-26,CIBEST,CIBEST.CL,30460.0
2017-06-02,CIBEST,CIBEST.CL,30680.0
2017-06-09,CIBEST,CIBEST.CL,30900.0
2017-06-16,CIBEST,CIBEST.CL,30000.0
2017-06-23,CIBEST,CIBEST.CL,31600.0
2017-06-30,CIBEST,CIBEST.CL,32200.0
2017-07-07,CIBEST,CIBEST.CL,32900.0
2017-07-14,CIBEST,CIBEST.CL,31020.0
2017-07-21,CIBEST,CIBEST.CL,31000.0
2017-07-28,CIBEST,CIBEST.CL,30900.0
2017-08-04,CIBEST,CIBEST.CL,30160.0
2017-08-11,CIBEST,CIBEST.CL,30700.0
2017-08-18,CIBEST,CIBEST.CL,31200.0
2017-08-25,CIBEST,CIBEST.CL,33000.0
2017-09-01,CIBEST,CIBEST.CL,34000.0
2017-09-08,CIBEST,CIBEST.CL,33480.0
2017-09-15,CIBEST,CIBEST.CL,32700.0
2017-09-22,CIBEST,CIBEST.CL,32500.0
2017-09-29,CIBEST,CIBEST.CL,32700.0
2017-10-06,CIBEST,CIBEST.CL,31980.0
2017-10-13,CIBEST,CIBEST.CL,31000.0
2017-10-20,CIBEST,CIBEST.CL,30720.0
2017-10-27,CIBEST,CIBEST.CL,27540.0
2017-11-03,CIBEST,CIBEST.CL,28580.0
2017-11-10,CIBEST,CIBEST.CL,28280.0
2017-11-17,CIBEST,CIBEST.CL,28780.0
2017-11-24,CIBEST,CIBEST.CL,29000.0
2017-12-01,CIBEST,CIBEST.CL,29140.0
2017-12-08,CIBEST,CIBEST.CL,29600.0
2017-12-15,CIBEST,CIBEST.CL,29520.0
2017-12-22,CIBEST,CIBEST.CL,29980.0
2017-12-29,CIBEST,CIBEST.CL,29980.0
2018-01-05,CIBEST,CIBEST.CL,30000.0
2018-01-12,CIBEST,CIBEST.CL,31260.0
2018-01-19,CIBEST,CIBEST.CL,31840.0
2018-01-26,CIBEST,CIBEST.CL,32380.0
2018-02-02,CIBEST,CIBEST.CL,31220.0
2018-02-09,CIBEST,CIBEST.CL,31900.0
2018-02-16,CIBEST,CIBEST.CL,32400.0
2018-02-23,CIBEST,CIBEST.CL,30660.0
2018-03-02,CIBEST,CIBEST.CL,32100.0
2018-03-09,CIBEST,CIBEST.CL,31660.0
2018-03-16,CIBEST,CIBEST.CL,31400.0
2018-03-23,CIBEST,CIBEST.CL,29700.0
2018-03-30,CIBEST,CIBEST.CL,32960.0
2018-04-06,CIBEST,CIBEST.CL,34100.0
2018-04-13,CIBEST,CIBEST.CL,34900.0
2018-04-20,CIBEST,CIBEST.CL,33500.0
2018-04-27,CIBEST,CIBEST.CL,33520.0
2018-05-04,CIBEST,CIBEST.CL,34300.0
2018-05-11,CIBEST,CIBEST.CL,32720.0
2018-05-18,CIBEST,CIBEST.CL,32320.0
2018-05-25,CIBEST,CIBEST.CL,33120.0
2018-06-01,CIBEST,CIBEST.CL,33080.0
2018-06-08,CIBEST,CIBEST.CL,33800.0
2018-06-15,CIBEST,CIBEST.CL,34060.0
2018-06-22,CIBEST,CIBEST.CL,34560.0
2018-06-29,CIBEST,CIBEST.CL,35800.0
2018-07-06,CIBEST,CIBEST.CL,34600.0
2018-07-13,CIBEST,CIBEST.CL,34680.0
2018-07-20,CIBEST,CIBEST.CL,34000.0
2018-07-27,CIBEST,CIBEST.CL,33320.0
2018-08-03,CIBEST,CIBEST.CL,34000.0
2018-08-10,CIBEST,CIBEST.CL,33520.0
2018-08-17,CIBEST,CIBEST.CL,33080.0
2018-08-24,CIBEST,CIBEST.CL,32980.0
2018-08-31,CIBEST,CIBEST.CL,32260.0
2018-09-07,CIBEST,CIBEST.CL,30860.0
2018-09-14,CIBEST,CIBEST.CL,32000.0
2018-09-21,CIBEST,CIBEST.CL,31720.0
2018-09-28,CIBEST,CIBEST.CL,32400.0
2018-10-05,CIBEST,CIBEST.CL,31080.0
2018-10-12,CIBEST,CIBEST.CL,30880.0
2018-10-19,CIBEST,CIBEST.CL,30120.0
2018-10-26,CIBEST,CIBEST.CL,30280.0
2018-11-02,CIBEST,CIBEST.CL,32000.0
2018-11-09,CIBEST,CIBEST.CL,33300.0
2018-11-16,CIBEST,CIBEST.CL,33320.0
2018-11-23,CIBEST,CIBEST.CL,33500.0
2018-11-30,CIBEST,CIBEST.CL,32960.0
2018-12-07,CIBEST,CIBEST.CL,32600.0
2018-12-14,CIBEST,CIBEST.CL,30360.0
2018-12-21,CIBEST,CIBEST.CL,30640.0
2018-12-28,CIBEST,CIBEST.CL,32400.0
2019-01-04,CIBEST,CIBEST.CL,33100.0
2019-01-11,CIBEST,CIBEST.CL,33760.0
2019-01-18,CIBEST,CIBEST.CL,33840.0
2019-01-25,CIBEST,CIBEST.CL,33340.0
2019-02-01,CIBEST,CIBEST.CL,35100.0
2019-02-08,CIBEST,CIBEST.CL,34500.0
2019-02-15,CIBEST,CIBEST.CL,34780.0
2019-02-22,CIBEST,CIBEST.CL,35980.0
2019-03-01,CIBEST,CIBEST.CL,36940.0
2019-03-08,CIBEST,CIBEST.CL,39000.0
2019-03-15,CIBEST,CIBEST.CL,41300.0
2019-03-22,CIBEST,CIBEST.CL,38520.0
2019-03-29,CIBEST,CIBEST.CL,40060.0
2019-04-05,CIBEST,CIBEST.CL,41200.0
2019-04-12,CIBEST,CIBEST.CL,39980.0
2019-04-19,CIBEST,CIBEST.CL,41200.0
2019-04-26,CIBEST,CIBEST.CL,38740.0
2019-05-03,CIBEST,CIBEST.CL,38620.0
2019-05-10,CIBEST,CIBEST.CL,37520.0
2019-05-17,CIBEST,CIBEST.CL,36040.0
2019-05-24,CIBEST,CIBEST.CL,36860.0
2019-05-31,CIBEST,CIBEST.CL,37320.0
2019-06-07,CIBEST,CIBEST.CL,38200.0
2019-06-14,CIBEST,CIBEST.CL,38840.0
2019-06-21,CIBEST,CIBEST.CL,38620.0
2019-06-28,CIBEST,CIBEST.CL,38840.0
2019-07-05,CIBEST,CIBEST.CL,38800.0
2019-07-12,CIBEST,CIBEST.CL,39760.0
2019-07-19,CIBEST,CIBEST.CL,39300.0
2019-07-26,CIBEST,CIBEST.CL,39300.0
2019-08-02,CIBEST,CIBEST.CL,39520.0
2019-08-09,CIBEST,CIBEST.CL,39520.0
2019-08-16,CIBEST,CIBEST.CL,39320.0
2019-08-23,CIBEST,CIBEST.CL,39320.0
2019-08-30,CIBEST,CIBEST.CL,39500.0
2019-09-06,CIBEST,CIBEST.CL,39880.0
2019-09-13,CIBEST,CIBEST.CL,40000.0
2019-09-20,CIBEST,CIBEST.CL,40400.0
2019-09-27,CIBEST,CIBEST.CL,39500.0
2019-10-04,CIBEST,CIBEST.CL,39620.0
2019-10-11,CIBEST,CIBEST.CL,39900.0
2019-10-18,CIBEST,CIBEST.CL,41400.0
2019-10-25,CIBEST,CIBEST.CL,41100.0
2019-11-01,CIBEST,CIBEST.CL,43400.0
2019-11-08,CIBEST,CIBEST.CL,41760.0
2019-11-15,CIBEST,CIBEST.CL,42240.0
2019-11-22,CIBEST,CIBEST.CL,41600.0
2019-11-29,CIBEST,CIBEST.CL,42000.0
2019-12-06,CIBEST,CIBEST.CL,42200.0
2019-12-13,CIBEST,CIBEST.CL,44300.0
2019-12-20,CIBEST,CIBEST.CL,43700.0
2019-12-27,CIBEST,CIBEST.CL,44000.0
2020-01-03,CIBEST,CIBEST.CL,43300.0
2020-01-10,CIBEST,CIBEST.CL,43880.0
2020-01-17,CIBEST,CIBEST.CL,43720.0
2020-01-24,CIBEST,CIBEST.CL,42720.0
2020-01-31,CIBEST,CIBEST.CL,44200.0
2020-02-07,CIBEST,CIBEST.CL,44480.0
2020-02-14,CIBEST,CIBEST.CL,43700.0
2020-02-21,CIBEST,CIBEST.CL,39500.0
2020-02-28,CIBEST,CIBEST.CL,37540.0
2020-03-06,CIBEST,CIBEST.CL,28600.0
2020-03-13,CIBEST,CIBEST.CL,20400.0
2020-03-20,CIBEST,CIBEST.CL,22000.0
2020-03-27,CIBEST,CIBEST.CL,24900.0
2020-04-03,CIBEST,CIBEST.CL,26100.0
2020-04-10,CIBEST,CIBEST.CL,26880.0
2020-04-17,CIBEST,CIBEST.CL,24500.0
2020-04-24,CIBEST,CIBEST.CL,25320.0
2020-05-01,CIBEST,CIBEST.CL,24240.0
2020-05-08,CIBEST,CIBEST.CL,21480.0
2020-05-15,CIBEST,CIBEST.CL,21700.0
2020-05-22,CIBEST,CIBEST.CL,23700.0
2020-05-29,CIBEST,CIBEST.CL,27320.0
2020-06-05,CIBEST,CIBEST.CL,25220.0
2020-06-12,CIBEST,CIBEST.CL,25600.0
2020-06-19,CIBEST,CIBEST.CL,24740.0
2020-06-26,CIBEST,CIBEST.CL,24680.0
2020-07-03,CIBEST,CIBEST.CL,24800.0
2020-07-10,CIBEST,CIBEST.CL,24320.0
2020-07-17,CIBEST,CIBEST.CL,25480.0
2020-07-24,CIBEST,CIBEST.CL,26400.0
2020-07-31,CIBEST,CIBEST.CL,25000.0
2020-08-07,CIBEST,CIBEST.CL,25500.0
2020-08-14,CIBEST,CIBEST.CL,25520.0
2020-08-21,CIBEST,CIBEST.CL,26720.0
2020-08-28,CIBEST,CIBEST.CL,27300.0
2020-09-04,CIBEST,CIBEST.CL,26520.0
2020-09-11,CIBEST,CIBEST.CL,25700.0
2020-09-18,CIBEST,CIBEST.CL,24980.0
2020-09-25,CIBEST,CIBEST.CL,24160.0
2020-10-02,CIBEST,CIBEST.CL,24660.0
2020-10-09,CIBEST,CIBEST.CL,24300.0
2020-10-16,CIBEST,CIBEST.CL,25090.0
2020-10-23,CIBEST,CIBEST.CL,23980.0
2020-10-30,CIBEST,CIBEST.CL,25180.0
2020-11-06,CIBEST,CIBEST.CL,25940.0
2020-11-13,CIBEST,CIBEST.CL,27100.0
2020-11-20,CIBEST,CIBEST.CL,27590.0
2020-11-27,CIBEST,CIBEST.CL,29400.0
2020-12-04,CIBEST,CIBEST.CL,31720.0
2020-12-11,CIBEST,CIBEST.CL,35200.0
2020-12-18,CIBEST,CIBEST.CL,34650.0
2020-12-25,CIBEST,CIBEST.CL,34980.0
2021-01-01,CIBEST,CIBEST.CL,34310.0
2021-01-08,CIBEST,CIBEST.CL,34380.0
2021-01-15,CIBEST,CIBEST.CL,32150.0
2021-01-22,CIBEST,CIBEST.CL,29900.0
2021-01-29,CIBEST,CIBEST.CL,31000.0
2021-02-05,CIBEST,CIBEST.CL,31060.0
2021-02-12,CIBEST,CIBEST.CL,30890.0
2021-02-19,CIBEST,CIBEST.CL,30000.0
2021-02-26,CIBEST,CIBEST.CL,30380.0
2021-03-05,CIBEST,CIBEST.CL,30160.0
2021-03-12,CIBEST,CIBEST.CL,29800.0
2021-03-19,CIBEST,CIBEST.CL,30300.0
2021-03-26,CIBEST,CIBEST.CL,28750.0
2021-04-02,CIBEST,CIBEST.CL,30300.0
2021-04-09,CIBEST,CIBEST.CL,30850.0
2021-04-16,CIBEST,CIBEST.CL,29360.0
2021-04-23,CIBEST,CIBEST.CL,28500.0
2021-04-30,CIBEST,CIBEST.CL,28520.0
2021-05-07,CIBEST,CIBEST.CL,27910.0
2021-05-14,CIBEST,CIBEST.CL,27880.0
2021-05-21,CIBEST,CIBEST.CL,27500.0
2021-05-28,CIBEST,CIBEST.CL,28340.0
2021-06-04,CIBEST,CIBEST.CL,28100.0
2021-06-11,CIBEST,CIBEST.CL,27500.0
2021-06-18,CIBEST,CIBEST.CL,27400.0
2021-06-25,CIBEST,CIBEST.CL,26080.0
2021-07-02,CIBEST,CIBEST.CL,27610.0
2021-07-09,CIBEST,CIBEST.CL,28000.0
2021-07-16,CIBEST,CIBEST.CL,28100.0
2021-07-23,CIBEST,CIBEST.CL,27720.0
2021-07-30,CIBEST,CIBEST.CL,27530.0
2021-08-06,CIBEST,CIBEST.CL,28990.0
2021-08-13,CIBEST,CIBEST.CL,31600.0
2021-08-20,CIBEST,CIBEST.CL,30800.0
2021-08-27,CIBEST,CIBEST.CL,31200.0
2021-09-03,CIBEST,CIBEST.CL,31390.0
2021-09-10,CIBEST,CIBEST.CL,31180.0
2021-09-17,CIBEST,CIBEST.CL,30640.0
2021-09-24,CIBEST,CIBEST.CL,32960.0
2021-10-01,CIBEST,CIBEST.CL,33480.0
2021-10-08,CIBEST,CIBEST.CL,34380.0
2021-10-15,CIBEST,CIBEST.CL,34040.0
2021-10-22,CIBEST,CIBEST.CL,34490.0
2021-10-29,CIBEST,CIBEST.CL,33400.0
2021-11-05,CIBEST,CIBEST.CL,32200.0
2021-11-12,CIBEST,CIBEST.CL,30900.0
2021-11-19,CIBEST,CIBEST.CL,30550.0
2021-11-26,CIBEST,CIBEST.CL,35880.0
2021-12-03,CIBEST,CIBEST.CL,32600.0
2021-12-10,CIBEST,CIBEST.CL,34000.0
2021-12-17,CIBEST,CIBEST.CL,33000.0
2021-12-24,CIBEST,CIBEST.CL,34700.0
2021-12-31,CIBEST,CIBEST.CL,33860.0
2022-01-07,CIBEST,CIBEST.CL,37600.0
2022-01-14,CIBEST,CIBEST.CL,40300.0
2022-01-21,CIBEST,CIBEST.CL,39100.0
2022-01-28,CIBEST,CIBEST.CL,39000.0
2022-02-04,CIBEST,CIBEST.CL,36380.0
2022-02-11,CIBEST,CIBEST.CL,37920.0
2022-02-18,CIBEST,CIBEST.CL,38990.0
2022-02-25,CIBEST,CIBEST.CL,39990.0
2022-03-04,CIBEST,CIBEST.CL,39180.0
2022-03-11,CIBEST,CIBEST.CL,39100.0
2022-03-18,CIBEST,CIBEST.CL,41900.0
2022-03-25,CIBEST,CIBEST.CL,43380.0
2022-04-01,CIBEST,CIBEST.CL,43800.0
2022-04-08,CIBEST,CIBEST.CL,43700.0
2022-04-15,CIBEST,CIBEST.CL,43000.0
2022-04-22,CIBEST,CIBEST.CL,42000.0
2022-04-29,CIBEST,CIBEST.CL,41340.0
2022-05-06,CIBEST,CIBEST.CL,39030.0
2022-05-13,CIBEST,CIBEST.CL,35000.0
2022-05-20,CIBEST,CIBEST.CL,41990.0
2022-05-27,CIBEST,CIBEST.CL,43830.0
2022-06-03,CIBEST,CIBEST.CL,42650.0
2022-06-10,CIBEST,CIBEST.CL,40500.0
2022-06-17,CIBEST,CIBEST.CL,37000.0
2022-06-24,CIBEST,CIBEST.CL,33540.0
2022-07-01,CIBEST,CIBEST.CL,35280.0
2022-07-08,CIBEST,CIBEST.CL,33000.0
2022-07-15,CIBEST,CIBEST.CL,35000.0
2022-07-22,CIBEST,CIBEST.CL,38000.0
2022-07-29,CIBEST,CIBEST.CL,36700.0
2022-08-05,CIBEST,CIBEST.CL,38090.0
2022-08-12,CIBEST,CIBEST.CL,38950.0
2022-08-19,CIBEST,CIBEST.CL,37800.0
2022-08-26,CIBEST,CIBEST.CL,33900.0
2022-09-02,CIBEST,CIBEST.CL,33000.0
2022-09-09,CIBEST,CIBEST.CL,33260.0
2022-09-16,CIBEST,CIBEST.CL,34940.0
2022-09-23,CIBEST,CIBEST.CL,31880.0
2022-09-30,CIBEST,CIBEST.CL,34890.0
2022-10-07,CIBEST,CIBEST.CL,33720.0
2022-10-14,CIBEST,CIBEST.CL,34460.0
2022-10-21,CIBEST,CIBEST.CL,34790.0
2022-10-28,CIBEST,CIBEST.CL,36000.0
2022-11-04,CIBEST,CIBEST.CL,39700.0
2022-11-11,CIBEST,CIBEST.CL,41800.0
2022-11-18,CIBEST,CIBEST.CL,41690.0
2022-11-25,CIBEST,CIBEST.CL,38400.0
2022-12-02,CIBEST,CIBEST.CL,39200.0
2022-12-09,CIBEST,CIBEST.CL,41400.0
2022-12-16,CIBEST,CIBEST.CL,40500.0
2022-12-23,CIBEST,CIBEST.CL,42500.0
2022-12-30,CIBEST,CIBEST.CL,42750.0
2023-01-06,CIBEST,CIBEST.CL,43490.0
2023-01-13,CIBEST,CIBEST.CL,42800.0
2023-01-20,CIBEST,CIBEST.CL,41920.0
2023-01-27,CIBEST,CIBEST.CL,42000.0
2023-02-03,CIBEST,CIBEST.CL,41390.0
2023-02-10,CIBEST,CIBEST.CL,39400.0
2023-02-17,CIBEST,CIBEST.CL,37700.0
2023-02-24,CIBEST,CIBEST.CL,36550.0
2023-03-03,CIBEST,CIBEST.CL,38100.0
2023-03-10,CIBEST,CIBEST.CL,31010.0
2023-03-17,CIBEST,CIBEST.CL,32840.0
2023-03-24,CIBEST,CIBEST.CL,33700.0
2023-03-31,CIBEST,CIBEST.CL,35300.0
2023-04-07,CIBEST,CIBEST.CL,37400.0
2023-04-14,CIBEST,CIBEST.CL,38880.0
2023-04-21,CIBEST,CIBEST.CL,35110.0
2023-04-28,CIBEST,CIBEST.CL,35000.0
2023-05-05,CIBEST,CIBEST.CL,33670.0
2023-05-12,CIBEST,CIBEST.CL,32600.0
2023-05-19,CIBEST,CIBEST.CL,29500.0
2023-05-26,CIBEST,CIBEST.CL,28800.0
2023-06-02,CIBEST,CIBEST.CL,33850.0
2023-06-09,CIBEST,CIBEST.CL,32410.0
2023-06-16,CIBEST,CIBEST.CL,30980.0
2023-06-23,CIBEST,CIBEST.CL,30470.0
2023-06-30,CIBEST,CIBEST.CL,30410.0
2023-07-07,CIBEST,CIBEST.CL,33110.0
2023-07-14,CIBEST,CIBEST.CL,33600.0
2023-07-21,CIBEST,CIBEST.CL,33600.0
2023-07-28,CIBEST,CIBEST.CL,33490.0
2023-08-04,CIBEST,CIBEST.CL,31700.0
2023-08-11,CIBEST,CIBEST.CL,30940.0
2023-08-18,CIBEST,CIBEST.CL,29200.0
2023-08-25,CIBEST,CIBEST.CL,29100.0
2023-09-01,CIBEST,CIBEST.CL,29000.0
2023-09-08,CIBEST,CIBEST.CL,30000.0
2023-09-15,CIBEST,CIBEST.CL,32000.0
2023-09-22,CIBEST,CIBEST.CL,31200.0
2023-09-29,CIBEST,CIBEST.CL,29500.0
2023-10-06,CIBEST,CIBEST.CL,30200.0
2023-10-13,CIBEST,CIBEST.CL,30850.0
2023-10-20,CIBEST,CIBEST.CL,28510.0
2023-10-27,CIBEST,CIBEST.CL,28990.0
2023-11-03,CIBEST,CIBEST.CL,30800.0
2023-11-10,CIBEST,CIBEST.CL,30180.0
2023-11-17,CIBEST,CIBEST.CL,29600.0
2023-11-24,CIBEST,CIBEST.CL,31720.0
2023-12-01,CIBEST,CIBEST.CL,31980.0
2023-12-08,CIBEST,CIBEST.CL,31900.0
2023-12-15,CIBEST,CIBEST.CL,32300.0
2023-12-22,CIBEST,CIBEST.CL,33200.0
2023-12-29,CIBEST,CIBEST.CL,36000.0
2024-01-05,CIBEST,CIBEST.CL,34480.0
2024-01-12,CIBEST,CIBEST.CL,34000.0
2024-01-19,CIBEST,CIBEST.CL,32620.0
2024-01-26,CIBEST,CIBEST.CL,33780.0
2024-02-02,CIBEST,CIBEST.CL,33040.0
2024-02-09,CIBEST,CIBEST.CL,33460.0
2024-02-16,CIBEST,CIBEST.CL,33300.0
2024-02-23,CIBEST,CIBEST.CL,32940.0
2024-03-01,CIBEST,CIBEST.CL,33560.0
2024-03-08,CIBEST,CIBEST.CL,31700.0
2024-03-15,CIBEST,CIBEST.CL,34660.0
2024-03-22,CIBEST,CIBEST.CL,34280.0
2024-03-29,CIBEST,CIBEST.CL,36640.0
2024-04-05,CIBEST,CIBEST.CL,36300.0
2024-04-12,CIBEST,CIBEST.CL,33500.0
2024-04-19,CIBEST,CIBEST.CL,32920.0
2024-04-26,CIBEST,CIBEST.CL,34500.0
2024-05-03,CIBEST,CIBEST.CL,34580.0
2024-05-10,CIBEST,CIBEST.CL,35600.0
2024-05-17,CIBEST,CIBEST.CL,35520.0
2024-05-24,CIBEST,CIBEST.CL,35000.0
2024-05-31,CIBEST,CIBEST.CL,36240.0
2024-06-07,CIBEST,CIBEST.CL,35000.0
2024-06-14,CIBEST,CIBEST.CL,35400.0
2024-06-21,CIBEST,CIBEST.CL,35040.0
2024-06-28,CIBEST,CIBEST.CL,35300.0
2024-07-05,CIBEST,CIBEST.CL,35680.0
2024-07-12,CIBEST,CIBEST.CL,35700.0
2024-07-19,CIBEST,CIBEST.CL,35920.0
2024-07-26,CIBEST,CIBEST.CL,36700.0
2024-08-02,CIBEST,CIBEST.CL,34600.0
2024-08-09,CIBEST,CIBEST.CL,36560.0
2024-08-16,CIBEST,CIBEST.CL,35600.0
2024-08-23,CIBEST,CIBEST.CL,36180.0
2024-08-30,CIBEST,CIBEST.CL,37360.0
2024-09-06,CIBEST,CIBEST.CL,36000.0
2024-09-13,CIBEST,CIBEST.CL,36400.0
2024-09-20,CIBEST,CIBEST.CL,37800.0
2024-09-27,CIBEST,CIBEST.CL,35400.0
2024-10-04,CIBEST,CIBEST.CL,36400.0
2024-10-11,CIBEST,CIBEST.CL,37480.0
2024-10-18,CIBEST,CIBEST.CL,37000.0
2024-10-25,CIBEST,CIBEST.CL,37800.0
2024-11-01,CIBEST,CIBEST.CL,38000.0
2024-11-08,CIBEST,CIBEST.CL,38000.0
2024-11-15,CIBEST,CIBEST.CL,39000.0
2024-11-22,CIBEST,CIBEST.CL,39380.0
2024-11-29,CIBEST,CIBEST.CL,38460.0
2024-12-06,CIBEST,CIBEST.CL,38000.0
2024-12-13,CIBEST,CIBEST.CL,37700.0
2024-12-20,CIBEST,CIBEST.CL,38780.0
2024-12-27,CIBEST,CIBEST.CL,37800.0
2025-01-03,CIBEST,CIBEST.CL,37880.0
2025-01-10,CIBEST,CIBEST.CL,37000.0
2025-01-17,CIBEST,CIBEST.CL,39160.0
2025-01-24,CIBEST,CIBEST.CL,44360.0
2025-01-31,CIBEST,CIBEST.CL,43700.0
2025-02-07,CIBEST,CIBEST.CL,44600.0
2025-02-14,CIBEST,CIBEST.CL,47600.0
2025-02-21,CIBEST,CIBEST.CL,46500.0
2025-02-28,CIBEST,CIBEST.CL,47300.0
2025-03-07,CIBEST,CIBEST.CL,46240.0
2025-03-14,CIBEST,CIBEST.CL,46960.0
2025-03-21,CIBEST,CIBEST.CL,46060.0
2025-03-28,CIBEST,CIBEST.CL,49600.0
2025-04-04,CIBEST,CIBEST.CL,46200.0
2025-04-11,CIBEST,CIBEST.CL,51060.0
2025-04-18,CIBEST,CIBEST.CL,51860.0
2025-04-25,CIBEST,CIBEST.CL,50100.0
2025-05-02,CIBEST,CIBEST.CL,50140.0
2025-05-09,CIBEST,CIBEST.CL,52800.0
2025-05-16,CIBEST,CIBEST.CL,51300.0
2025-05-23,CIBEST,CIBEST.CL,51300.0
2025-05-30,CIBEST,CIBEST.CL,51300.0
2025-06-06,CIBEST,CIBEST.CL,51300.0
2025-06-13,CIBEST,CIBEST.CL,51300.0
2025-06-20,CIBEST,CIBEST.CL,51300.0
2025-06-27,CIBEST,CIBEST.CL,51300.0
2025-07-04,CIBEST,CIBEST.CL,51440.0
2025-07-11,CIBEST,CIBEST.CL,55980.0
2025-07-18,CIBEST,CIBEST.CL,52400.0
2025-07-25,CIBEST,CIBEST.CL,54500.0
2025-08-01,CIBEST,CIBEST.CL,53500.0
2025-08-08,CIBEST,CIBEST.CL,59500.0
2025-08-15,CIBEST,CIBEST.CL,60120.0
2025-08-22,CIBEST,CIBEST.CL,59040.0
2025-08-29,CIBEST,CIBEST.CL,60000.0
2025-09-05,CIBEST,CIBEST.CL,59200.0
2025-09-12,CIBEST,CIBEST.CL,58820.0
2025-09-19,CIBEST,CIBEST.CL,60960.0
2025-09-26,CIBEST,CIBEST.CL,59540.0
2025-10-03,CIBEST,CIBEST.CL,61880.0
2025-10-10,CIBEST,CIBEST.CL,61400.0
2025-10-17,CIBEST,CIBEST.CL,60700.0
2025-10-24,CIBEST,CIBEST.CL,62700.0
2025-10-31,CIBEST,CIBEST.CL,65000.0
2025-11-07,CIBEST,CIBEST.CL,63020.0
2025-11-14,CIBEST,CIBEST.CL,62300.0
2025-11-21,CIBEST,CIBEST.CL,63900.0
2025-11-28,CIBEST,CIBEST.CL,69000.0
2025-12-05,CIBEST,CIBEST.CL,69980.0
2025-12-12,CIBEST,CIBEST.CL,67280.0
2025-12-19,CIBEST,CIBEST.CL,69900.0
2025-12-26,CIBEST,CIBEST.CL,69200.0
2026-01-02,CIBEST,CIBEST.CL,74780.0
2026-01-09,CIBEST,CIBEST.CL,78300.0
2026-01-16,CIBEST,CIBEST.CL,87860.0
2026-01-23,CIBEST,CIBEST.CL,84500.0
2026-01-30,CIBEST,CIBEST.CL,78500.0
2026-02-06,CIBEST,CIBEST.CL,83000.0
2026-02-13,CIBEST,CIBEST.CL,83100.0
2026-02-20,CIBEST,CIBEST.CL,83600.0
2026-02-27,CIBEST,CIBEST.CL,82700.0
2026-03-06,CIBEST,CIBEST.CL,79140.0
2026-03-13,CIBEST,CIBEST.CL,84900.0
2026-03-20,CIBEST,CIBEST.CL,80400.0
2026-03-27,CIBEST,CIBEST.CL,86900.0
2026-04-03,CIBEST,CIBEST.CL,85980.0
2026-04-10,CIBEST,CIBEST.CL,86000.0
2026-04-17,CIBEST,CIBEST.CL,81600.0
2026-04-24,CIBEST,CIBEST.CL,75440.0
2026-05-01,CIBEST,CIBEST.CL,75900.0
2026-05-08,CIBEST,CIBEST.CL,73000.0
2026-05-15,CIBEST,CIBEST.CL,72440.0
2026-05-22,CIBEST,CIBEST.CL,74500.0
2026-05-29,CIBEST,CIBEST.CL,75600.0
2026-06-05,CIBEST,CIBEST.CL,84900.0
2026-06-12,CIBEST,CIBEST.CL,81980.0
2026-06-19,CIBEST,CIBEST.CL,77900.0
2026-06-26,CIBEST,CIBEST.CL,78800.0
2026-07-03,CIBEST,CIBEST.CL,81080.0
2026-07-10,CIBEST,CIBEST.CL,81460.0
2026-07-17,CIBEST,CIBEST.CL,83120.0
2026-07-24,CIBEST,CIBEST.CL,86000.0
2026-07-31,CIBEST,CIBEST.CL,83520.0
2026-08-07,CIBEST,CIBEST.CL,86600.0
2026-08-14,CIBEST,CIBEST.CL,88520.0
2026-08-21,CIBEST,CIBEST.CL,90360.0
2026-08-28,CIBEST,CIBEST.CL,90300.0
2026-09-04,CIBEST,CIBEST.CL,95460.0
2026-09-11,CIBEST,CIBEST.CL,89000.0
2026-09-18,CIBEST,CIBEST.CL,90720.0
2026-09-25,CIBEST,CIBEST.CL,90000.0
2026-09-30,CIBEST,CIBEST.CL,90000.0
2010-07-23,CNEC,CNEC.CL,93750.0
2010-07-30,CNEC,CNEC.CL,105250.0
2010-08-06,CNEC,CNEC.CL,108750.0
2010-08-13,CNEC,CNEC.CL,104000.0
2010-08-20,CNEC,CNEC.CL,106250.0
2010-08-27,CNEC,CNEC.CL,114750.0
2010-09-03,CNEC,CNEC.CL,121000.0
2010-09-10,CNEC,CNEC.CL,118500.0
2010-09-17,CNEC,CNEC.CL,115500.0
2010-09-24,CNEC,CNEC.CL,115000.0
2010-10-01,CNEC,CNEC.CL,118000.0
2010-10-08,CNEC,CNEC.CL,119500.0
2010-10-15,CNEC,CNEC.CL,135250.0
2010-10-22,CNEC,CNEC.CL,146750.0
2010-10-29,CNEC,CNEC.CL,165000.0
2010-11-05,CNEC,CNEC.CL,164750.0
2010-11-12,CNEC,CNEC.CL,148500.0
2010-11-19,CNEC,CNEC.CL,150000.0
2010-11-26,CNEC,CNEC.CL,154500.0
2010-12-03,CNEC,CNEC.CL,154500.0
2010-12-10,CNEC,CNEC.CL,152000.0
2010-12-17,CNEC,CNEC.CL,144000.0
2010-12-24,CNEC,CNEC.CL,146500.0
2010-12-31,CNEC,CNEC.CL,148500.0
2011-01-07,CNEC,CNEC.CL,146000.0
2011-01-14,CNEC,CNEC.CL,142500.0
2011-01-21,CNEC,CNEC.CL,140250.0
2011-01-28,CNEC,CNEC.CL,142500.0
2011-02-04,CNEC,CNEC.CL,141750.0
2011-02-11,CNEC,CNEC.CL,146000.0
2011-02-18,CNEC,CNEC.CL,148000.0
2011-02-25,CNEC,CNEC.CL,155750.0
2011-03-04,CNEC,CNEC.CL,162250.0
2011-03-11,CNEC,CNEC.CL,148000.0
2011-03-18,CNEC,CNEC.CL,143500.0
2011-03-25,CNEC,CNEC.CL,146500.0
2011-04-01,CNEC,CNEC.CL,144000.0
2011-04-08,CNEC,CNEC.CL,139750.0
2011-04-15,CNEC,CNEC.CL,121500.0
2011-04-22,CNEC,CNEC.CL,124750.0
2011-04-29,CNEC,CNEC.CL,116500.0
2011-05-06,CNEC,CNEC.CL,110500.0
2011-05-13,CNEC,CNEC.CL,107250.0
2011-05-20,CNEC,CNEC.CL,105750.0
2011-05-27,CNEC,CNEC.CL,111500.0
2011-06-03,CNEC,CNEC.CL,116000.0
2011-06-10,CNEC,CNEC.CL,110000.0
2011-06-17,CNEC,CNEC.CL,100750.0
2011-06-24,CNEC,CNEC.CL,101000.0
2011-07-01,CNEC,CNEC.CL,98250.0
2011-07-08,CNEC,CNEC.CL,92000.0
2011-07-15,CNEC,CNEC.CL,85750.0
2011-07-22,CNEC,CNEC.CL,89500.0
2011-07-29,CNEC,CNEC.CL,97500.0
2011-08-05,CNEC,CNEC.CL,86000.0
2011-08-12,CNEC,CNEC.CL,86250.0
2011-08-19,CNEC,CNEC.CL,80500.0
2011-08-26,CNEC,CNEC.CL,81000.0
2011-09-02,CNEC,CNEC.CL,81500.0
2011-09-09,CNEC,CNEC.CL,80500.0
2011-09-16,CNEC,CNEC.CL,78750.0
2011-09-23,CNEC,CNEC.CL,65000.0
2011-09-30,CNEC,CNEC.CL,60750.0
2011-10-07,CNEC,CNEC.CL,59250.0
2011-10-14,CNEC,CNEC.CL,68000.0
2011-10-21,CNEC,CNEC.CL,66750.0
2011-10-28,CNEC,CNEC.CL,68000.0
2011-11-04,CNEC,CNEC.CL,64500.0
2011-11-11,CNEC,CNEC.CL,61750.0
2011-11-18,CNEC,CNEC.CL,66500.0
2011-11-25,CNEC,CNEC.CL,60000.0
2011-12-02,CNEC,CNEC.CL,60500.0
2011-12-09,CNEC,CNEC.CL,59000.0
2011-12-16,CNEC,CNEC.CL,59000.0
2011-12-23,CNEC,CNEC.CL,60000.0
2011-12-30,CNEC,CNEC.CL,66750.0
2012-01-06,CNEC,CNEC.CL,77250.0
2012-01-13,CNEC,CNEC.CL,79500.0
2012-01-20,CNEC,CNEC.CL,81500.0
2012-01-27,CNEC,CNEC.CL,80750.0
2012-02-03,CNEC,CNEC.CL,81000.0
2012-02-10,CNEC,CNEC.CL,77250.0
2012-02-17,CNEC,CNEC.CL,80750.0
2012-02-24,CNEC,CNEC.CL,92000.0
2012-03-02,CNEC,CNEC.CL,91750.0
2012-03-09,CNEC,CNEC.CL,88500.0
2012-03-16,CNEC,CNEC.CL,87500.0
2012-03-23,CNEC,CNEC.CL,85750.0
2012-03-30,CNEC,CNEC.CL,70000.0
2012-04-06,CNEC,CNEC.CL,66750.0
2012-04-13,CNEC,CNEC.CL,72250.0
2012-04-20,CNEC,CNEC.CL,70750.0
2012-04-27,CNEC,CNEC.CL,68750.0
2012-05-04,CNEC,CNEC.CL,66500.0
2012-05-11,CNEC,CNEC.CL,64500.0
2012-05-18,CNEC,CNEC.CL,57500.0
2012-05-25,CNEC,CNEC.CL,59000.0
2012-06-01,CNEC,CNEC.CL,58250.0
2012-06-08,CNEC,CNEC.CL,54250.0
2012-06-15,CNEC,CNEC.CL,48000.0
2012-06-22,CNEC,CNEC.CL,42500.0
2012-06-29,CNEC,CNEC.CL,40500.0
2012-07-06,CNEC,CNEC.CL,40750.0
2012-07-13,CNEC,CNEC.CL,37750.0
2012-07-20,CNEC,CNEC.CL,39750.0
2012-07-27,CNEC,CNEC.CL,40000.0
2012-08-03,CNEC,CNEC.CL,37550.0
2012-08-10,CNEC,CNEC.CL,39750.0
2012-08-17,CNEC,CNEC.CL,39000.0
2012-08-24,CNEC,CNEC.CL,43500.0
2012-08-31,CNEC,CNEC.CL,42200.0
2012-09-07,CNEC,CNEC.CL,41900.0
2012-09-14,CNEC,CNEC.CL,41600.0
2012-09-21,CNEC,CNEC.CL,45200.0
2012-09-28,CNEC,CNEC.CL,43800.0
2012-10-05,CNEC,CNEC.CL,41050.0
2012-10-12,CNEC,CNEC.CL,38750.0
2012-10-19,CNEC,CNEC.CL,34000.0
2012-10-26,CNEC,CNEC.CL,33750.0
2012-11-02,CNEC,CNEC.CL,33050.0
2012-11-09,CNEC,CNEC.CL,28750.0
2012-11-16,CNEC,CNEC.CL,23400.0
2012-11-23,CNEC,CNEC.CL,27500.0
2012-11-30,CNEC,CNEC.CL,27700.0
2012-12-07,CNEC,CNEC.CL,30000.0
2012-12-14,CNEC,CNEC.CL,29350.0
2012-12-21,CNEC,CNEC.CL,29500.0
2012-12-28,CNEC,CNEC.CL,28350.0
2013-01-04,CNEC,CNEC.CL,29250.0
2013-01-11,CNEC,CNEC.CL,28850.0
2013-01-18,CNEC,CNEC.CL,29000.0
2013-01-25,CNEC,CNEC.CL,32300.0
2013-02-01,CNEC,CNEC.CL,31800.0
2013-02-08,CNEC,CNEC.CL,30750.0
2013-02-15,CNEC,CNEC.CL,30700.0
2013-02-22,CNEC,CNEC.CL,30000.0
2013-03-01,CNEC,CNEC.CL,29450.0
2013-03-08,CNEC,CNEC.CL,26500.0
2013-03-15,CNEC,CNEC.CL,28050.0
2013-03-22,CNEC,CNEC.CL,28300.0
2013-03-29,CNEC,CNEC.CL,28500.0
2013-04-05,CNEC,CNEC.CL,25000.0
2013-04-12,CNEC,CNEC.CL,26200.0
2013-04-19,CNEC,CNEC.CL,24375.0
2013-04-26,CNEC,CNEC.CL,25400.0
2013-05-03,CNEC,CNEC.CL,24900.0
2013-05-10,CNEC,CNEC.CL,25150.0
2013-05-17,CNEC,CNEC.CL,24000.0
2013-05-24,CNEC,CNEC.CL,24525.0
2013-05-31,CNEC,CNEC.CL,25700.0
2013-06-07,CNEC,CNEC.CL,26400.0
2013-06-14,CNEC,CNEC.CL,29500.0
2013-06-21,CNEC,CNEC.CL,27950.0
2013-06-28,CNEC,CNEC.CL,26500.0
2013-07-05,CNEC,CNEC.CL,25900.0
2013-07-12,CNEC,CNEC.CL,30050.0
2013-07-19,CNEC,CNEC.CL,33450.0
2013-07-26,CNEC,CNEC.CL,31850.0
2013-08-02,CNEC,CNEC.CL,36950.0
2013-08-09,CNEC,CNEC.CL,38750.0
2013-08-16,CNEC,CNEC.CL,38650.0
2013-08-23,CNEC,CNEC.CL,38200.0
2013-08-30,CNEC,CNEC.CL,36000.0
2013-09-06,CNEC,CNEC.CL,36650.0
2013-09-13,CNEC,CNEC.CL,40000.0
2013-09-20,CNEC,CNEC.CL,41850.0
2013-09-27,CNEC,CNEC.CL,40900.0
2013-10-04,CNEC,CNEC.CL,41450.0
2013-10-11,CNEC,CNEC.CL,45150.0
2013-10-18,CNEC,CNEC.CL,44050.0
2013-10-25,CNEC,CNEC.CL,45700.0
2013-11-01,CNEC,CNEC.CL,42800.0
2013-11-08,CNEC,CNEC.CL,39050.0
2013-11-15,CNEC,CNEC.CL,44200.0
2013-11-22,CNEC,CNEC.CL,44050.0
2013-11-29,CNEC,CNEC.CL,44500.0
2013-12-06,CNEC,CNEC.CL,54000.0
2013-12-13,CNEC,CNEC.CL,58300.0
2013-12-20,CNEC,CNEC.CL,61600.0
2013-12-27,CNEC,CNEC.CL,64000.0
2014-01-03,CNEC,CNEC.CL,66200.0
2014-01-10,CNEC,CNEC.CL,60800.0
2014-01-17,CNEC,CNEC.CL,59900.0
2014-01-24,CNEC,CNEC.CL,59100.0
2014-01-31,CNEC,CNEC.CL,62000.0
2014-02-07,CNEC,CNEC.CL,64500.0
2014-02-14,CNEC,CNEC.CL,61300.0
2014-02-21,CNEC,CNEC.CL,63800.0
2014-02-28,CNEC,CNEC.CL,65400.0
2014-03-07,CNEC,CNEC.CL,67100.0
2014-03-14,CNEC,CNEC.CL,63700.0
2014-03-21,CNEC,CNEC.CL,59700.0
2014-03-28,CNEC,CNEC.CL,60200.0
2014-04-04,CNEC,CNEC.CL,63600.0
2014-04-11,CNEC,CNEC.CL,62300.0
2014-04-18,CNEC,CNEC.CL,67500.0
2014-04-25,CNEC,CNEC.CL,70300.0
2014-05-02,CNEC,CNEC.CL,71800.0
2014-05-09,CNEC,CNEC.CL,67000.0
2014-05-16,CNEC,CNEC.CL,64000.0
2014-05-23,CNEC,CNEC.CL,63400.0
2014-05-30,CNEC,CNEC.CL,63400.0
2014-06-06,CNEC,CNEC.CL,63500.0
2014-06-13,CNEC,CNEC.CL,64900.0
2014-06-20,CNEC,CNEC.CL,65600.0
2014-06-27,CNEC,CNEC.CL,61100.0
2014-07-04,CNEC,CNEC.CL,62000.0
2014-07-11,CNEC,CNEC.CL,60000.0
2014-07-18,CNEC,CNEC.CL,61200.0
2014-07-25,CNEC,CNEC.CL,62700.0
2014-08-01,CNEC,CNEC.CL,61000.0
2014-08-08,CNEC,CNEC.CL,58600.0
2014-08-15,CNEC,CNEC.CL,53900.0
2014-08-22,CNEC,CNEC.CL,53000.0
2014-08-29,CNEC,CNEC.CL,59000.0
2014-09-05,CNEC,CNEC.CL,56800.0
2014-09-12,CNEC,CNEC.CL,54500.0
2014-09-19,CNEC,CNEC.CL,57500.0
2014-09-26,CNEC,CNEC.CL,48950.0
2014-10-03,CNEC,CNEC.CL,43600.0
2014-10-10,CNEC,CNEC.CL,36750.0
2014-10-17,CNEC,CNEC.CL,36250.0
2014-10-24,CNEC,CNEC.CL,34800.0
2014-10-31,CNEC,CNEC.CL,33500.0
2014-11-07,CNEC,CNEC.CL,33050.0
2014-11-14,CNEC,CNEC.CL,34050.0
2014-11-21,CNEC,CNEC.CL,36300.0
2014-11-28,CNEC,CNEC.CL,28800.0
2014-12-05,CNEC,CNEC.CL,23950.0
2014-12-12,CNEC,CNEC.CL,17375.0
2014-12-19,CNEC,CNEC.CL,19900.0
2014-12-26,CNEC,CNEC.CL,26000.0
2015-01-02,CNEC,CNEC.CL,25300.0
2015-01-09,CNEC,CNEC.CL,22700.0
2015-01-16,CNEC,CNEC.CL,24450.0
2015-01-23,CNEC,CNEC.CL,29000.0
2015-01-30,CNEC,CNEC.CL,31250.0
2015-02-06,CNEC,CNEC.CL,37700.0
2015-02-13,CNEC,CNEC.CL,30300.0
2015-02-20,CNEC,CNEC.CL,29700.0
2015-02-27,CNEC,CNEC.CL,27350.0
2015-03-06,CNEC,CNEC.CL,29750.0
2015-03-13,CNEC,CNEC.CL,27050.0
2015-03-20,CNEC,CNEC.CL,30850.0
2015-03-27,CNEC,CNEC.CL,30700.0
2015-04-03,CNEC,CNEC.CL,32300.0
2015-04-10,CNEC,CNEC.CL,32250.0
2015-04-17,CNEC,CNEC.CL,36300.0
2015-04-24,CNEC,CNEC.CL,37400.0
2015-05-01,CNEC,CNEC.CL,39050.0
2015-05-08,CNEC,CNEC.CL,35000.0
2015-05-15,CNEC,CNEC.CL,32350.0
2015-05-22,CNEC,CNEC.CL,31400.0
2015-05-29,CNEC,CNEC.CL,29000.0
2015-06-05,CNEC,CNEC.CL,29650.0
2015-06-12,CNEC,CNEC.CL,29900.0
2015-06-19,CNEC,CNEC.CL,28100.0
2015-06-26,CNEC,CNEC.CL,28800.0
2015-07-03,CNEC,CNEC.CL,28500.0
2015-07-10,CNEC,CNEC.CL,26650.0
2015-07-17,CNEC,CNEC.CL,29150.0
2015-07-24,CNEC,CNEC.CL,29700.0
2015-07-31,CNEC,CNEC.CL,28250.0
2015-08-07,CNEC,CNEC.CL,25800.0
2015-08-14,CNEC,CNEC.CL,25250.0
2015-08-21,CNEC,CNEC.CL,26950.0
2015-08-28,CNEC,CNEC.CL,27150.0
2015-09-04,CNEC,CNEC.CL,30950.0
2015-09-11,CNEC,CNEC.CL,28450.0
2015-09-18,CNEC,CNEC.CL,33750.0
2015-09-25,CNEC,CNEC.CL,32900.0
2015-10-02,CNEC,CNEC.CL,30300.0
2015-10-09,CNEC,CNEC.CL,35400.0
2015-10-16,CNEC,CNEC.CL,37400.0
2015-10-23,CNEC,CNEC.CL,34550.0
2015-10-30,CNEC,CNEC.CL,33200.0
2015-11-06,CNEC,CNEC.CL,36950.0
2015-11-13,CNEC,CNEC.CL,34650.0
2015-11-20,CNEC,CNEC.CL,34150.0
2015-11-27,CNEC,CNEC.CL,34550.0
2015-12-04,CNEC,CNEC.CL,33350.0
2015-12-11,CNEC,CNEC.CL,30500.0
2015-12-18,CNEC,CNEC.CL,30600.0
2015-12-25,CNEC,CNEC.CL,32300.0
2016-01-01,CNEC,CNEC.CL,30000.0
2016-01-08,CNEC,CNEC.CL,28800.0
2016-01-15,CNEC,CNEC.CL,25650.0
2016-01-22,CNEC,CNEC.CL,27950.0
2016-01-29,CNEC,CNEC.CL,29950.0
2016-02-05,CNEC,CNEC.CL,30550.0
2016-02-12,CNEC,CNEC.CL,29750.0
2016-02-19,CNEC,CNEC.CL,34000.0
2016-02-26,CNEC,CNEC.CL,37900.0
2016-03-04,CNEC,CNEC.CL,43150.0
2016-03-11,CNEC,CNEC.CL,39650.0
2016-03-18,CNEC,CNEC.CL,39300.0
2016-03-25,CNEC,CNEC.CL,38500.0
2016-04-01,CNEC,CNEC.CL,39850.0
2016-04-08,CNEC,CNEC.CL,38500.0
2016-04-15,CNEC,CNEC.CL,42900.0
2016-04-22,CNEC,CNEC.CL,45600.0
2016-04-29,CNEC,CNEC.CL,44500.0
2016-05-06,CNEC,CNEC.CL,42900.0
2016-05-13,CNEC,CNEC.CL,45050.0
2016-05-20,CNEC,CNEC.CL,42950.0
2016-05-27,CNEC,CNEC.CL,44500.0
2016-06-03,CNEC,CNEC.CL,46050.0
2016-06-10,CNEC,CNEC.CL,53000.0
2016-06-17,CNEC,CNEC.CL,50900.0
2016-06-24,CNEC,CNEC.CL,51500.0
2016-07-01,CNEC,CNEC.CL,49000.0
2016-07-08,CNEC,CNEC.CL,50900.0
2016-07-15,CNEC,CNEC.CL,49300.0
2016-07-22,CNEC,CNEC.CL,47450.0
2016-07-29,CNEC,CNEC.CL,47200.0
2016-08-05,CNEC,CNEC.CL,48700.0
2016-08-12,CNEC,CNEC.CL,49750.0
2016-08-19,CNEC,CNEC.CL,47950.0
2016-08-26,CNEC,CNEC.CL,48500.0
2016-09-02,CNEC,CNEC.CL,47750.0
2016-09-09,CNEC,CNEC.CL,48400.0
2016-09-16,CNEC,CNEC.CL,46050.0
2016-09-23,CNEC,CNEC.CL,46950.0
2016-09-30,CNEC,CNEC.CL,47150.0
2016-10-07,CNEC,CNEC.CL,48500.0
2016-10-14,CNEC,CNEC.CL,49600.0
2016-10-21,CNEC,CNEC.CL,51000.0
2016-10-28,CNEC,CNEC.CL,47650.0
2016-11-04,CNEC,CNEC.CL,47600.0
2016-11-11,CNEC,CNEC.CL,48700.0
2016-11-18,CNEC,CNEC.CL,51900.0
2016-11-25,CNEC,CNEC.CL,54400.0
2016-12-02,CNEC,CNEC.CL,52600.0
2016-12-09,CNEC,CNEC.CL,53600.0
2016-12-16,CNEC,CNEC.CL,51300.0
2016-12-23,CNEC,CNEC.CL,50000.0
2016-12-30,CNEC,CNEC.CL,49900.0
2017-01-06,CNEC,CNEC.CL,49850.0
2017-01-13,CNEC,CNEC.CL,48650.0
2017-01-20,CNEC,CNEC.CL,46300.0
2017-01-27,CNEC,CNEC.CL,45000.0
2017-02-03,CNEC,CNEC.CL,42500.0
2017-02-10,CNEC,CNEC.CL,42950.0
2017-02-17,CNEC,CNEC.CL,43750.0
2017-02-24,CNEC,CNEC.CL,42700.0
2017-03-03,CNEC,CNEC.CL,43550.0
2017-03-10,CNEC,CNEC.CL,42600.0
2017-03-17,CNEC,CNEC.CL,41300.0
2017-03-24,CNEC,CNEC.CL,41250.0
2017-03-31,CNEC,CNEC.CL,42700.0
2017-04-07,CNEC,CNEC.CL,42100.0
2017-04-14,CNEC,CNEC.CL,42800.0
2017-04-21,CNEC,CNEC.CL,41600.0
2017-04-28,CNEC,CNEC.CL,44350.0
2017-05-05,CNEC,CNEC.CL,43150.0
2017-05-12,CNEC,CNEC.CL,43300.0
2017-05-19,CNEC,CNEC.CL,43400.0
2017-05-26,CNEC,CNEC.CL,43200.0
2017-06-02,CNEC,CNEC.CL,43500.0
2017-06-09,CNEC,CNEC.CL,44150.0
2017-06-16,CNEC,CNEC.CL,46500.0
2017-06-23,CNEC,CNEC.CL,46950.0
2017-06-30,CNEC,CNEC.CL,50200.0
2017-07-07,CNEC,CNEC.CL,52300.0
2017-07-14,CNEC,CNEC.CL,52400.0
2017-07-21,CNEC,CNEC.CL,54200.0
2017-07-28,CNEC,CNEC.CL,54000.0
2017-08-04,CNEC,CNEC.CL,53500.0
2017-08-11,CNEC,CNEC.CL,50200.0
2017-08-18,CNEC,CNEC.CL,47600.0
2017-08-25,CNEC,CNEC.CL,48550.0
2017-09-01,CNEC,CNEC.CL,49500.0
2017-09-08,CNEC,CNEC.CL,48300.0
2017-09-15,CNEC,CNEC.CL,49300.0
2017-09-22,CNEC,CNEC.CL,49000.0
2017-09-29,CNEC,CNEC.CL,49000.0
2017-10-06,CNEC,CNEC.CL,49450.0
2017-10-13,CNEC,CNEC.CL,48400.0
2017-10-20,CNEC,CNEC.CL,46950.0
2017-10-27,CNEC,CNEC.CL,49000.0
2017-11-03,CNEC,CNEC.CL,48700.0
2017-11-10,CNEC,CNEC.CL,50000.0
2017-11-17,CNEC,CNEC.CL,50300.0
2017-11-24,CNEC,CNEC.CL,48650.0
2017-12-01,CNEC,CNEC.CL,49050.0
2017-12-08,CNEC,CNEC.CL,48400.0
2017-12-15,CNEC,CNEC.CL,49100.0
2017-12-22,CNEC,CNEC.CL,51800.0
2017-12-29,CNEC,CNEC.CL,52300.0
2018-01-05,CNEC,CNEC.CL,54000.0
2018-01-12,CNEC,CNEC.CL,51900.0
2018-01-19,CNEC,CNEC.CL,51500.0
2018-01-26,CNEC,CNEC.CL,50200.0
2018-02-02,CNEC,CNEC.CL,49050.0
2018-02-09,CNEC,CNEC.CL,49500.0
2018-02-16,CNEC,CNEC.CL,48650.0
2018-02-23,CNEC,CNEC.CL,49250.0
2018-03-02,CNEC,CNEC.CL,47000.0
2018-03-09,CNEC,CNEC.CL,48800.0
2018-03-16,CNEC,CNEC.CL,47850.0
2018-03-23,CNEC,CNEC.CL,49050.0
2018-03-30,CNEC,CNEC.CL,47250.0
2018-04-06,CNEC,CNEC.CL,46000.0
2018-04-13,CNEC,CNEC.CL,47050.0
2018-04-20,CNEC,CNEC.CL,46750.0
2018-04-27,CNEC,CNEC.CL,47450.0
2018-05-04,CNEC,CNEC.CL,47450.0
2018-05-11,CNEC,CNEC.CL,46600.0
2018-05-18,CNEC,CNEC.CL,47300.0
2018-05-25,CNEC,CNEC.CL,47100.0
2018-06-01,CNEC,CNEC.CL,46900.0
2018-06-08,CNEC,CNEC.CL,45800.0
2018-06-15,CNEC,CNEC.CL,47000.0
2018-06-22,CNEC,CNEC.CL,47400.0
2018-06-29,CNEC,CNEC.CL,47650.0
2018-07-06,CNEC,CNEC.CL,46950.0
2018-07-13,CNEC,CNEC.CL,46100.0
2018-07-20,CNEC,CNEC.CL,45700.0
2018-07-27,CNEC,CNEC.CL,46800.0
2018-08-03,CNEC,CNEC.CL,47500.0
2018-08-10,CNEC,CNEC.CL,47700.0
2018-08-17,CNEC,CNEC.CL,48000.0
2018-08-24,CNEC,CNEC.CL,47000.0
2018-08-31,CNEC,CNEC.CL,48500.0
2018-09-07,CNEC,CNEC.CL,46950.0
2018-09-14,CNEC,CNEC.CL,47900.0
2018-09-21,CNEC,CNEC.CL,47400.0
2018-09-28,CNEC,CNEC.CL,47500.0
2018-10-05,CNEC,CNEC.CL,46400.0
2018-10-12,CNEC,CNEC.CL,45050.0
2018-10-19,CNEC,CNEC.CL,45150.0
2018-10-26,CNEC,CNEC.CL,45000.0
2018-11-02,CNEC,CNEC.CL,45500.0
2018-11-09,CNEC,CNEC.CL,46250.0
2018-11-16,CNEC,CNEC.CL,50500.0
2018-11-23,CNEC,CNEC.CL,50000.0
2018-11-30,CNEC,CNEC.CL,48550.0
2018-12-07,CNEC,CNEC.CL,50400.0
2018-12-14,CNEC,CNEC.CL,50000.0
2018-12-21,CNEC,CNEC.CL,47500.0
2018-12-28,CNEC,CNEC.CL,48200.0
2019-01-04,CNEC,CNEC.CL,50000.0
2019-01-11,CNEC,CNEC.CL,50200.0
2019-01-18,CNEC,CNEC.CL,50500.0
2019-01-25,CNEC,CNEC.CL,52700.0
2019-02-01,CNEC,CNEC.CL,51000.0
2019-02-08,CNEC,CNEC.CL,49550.0
2019-02-15,CNEC,CNEC.CL,49650.0
2019-02-22,CNEC,CNEC.CL,50900.0
2019-03-01,CNEC,CNEC.CL,52600.0
2019-03-08,CNEC,CNEC.CL,53500.0
2019-03-15,CNEC,CNEC.CL,53600.0
2019-03-22,CNEC,CNEC.CL,52900.0
2019-03-29,CNEC,CNEC.CL,54000.0
2019-04-05,CNEC,CNEC.CL,51500.0
2019-04-12,CNEC,CNEC.CL,51000.0
2019-04-19,CNEC,CNEC.CL,50100.0
2019-04-26,CNEC,CNEC.CL,50500.0
2019-05-03,CNEC,CNEC.CL,49000.0
2019-05-10,CNEC,CNEC.CL,50400.0
2019-05-17,CNEC,CNEC.CL,50000.0
2019-05-24,CNEC,CNEC.CL,49500.0
2019-05-31,CNEC,CNEC.CL,50800.0
2019-06-07,CNEC,CNEC.CL,49600.0
2019-06-14,CNEC,CNEC.CL,51500.0
2019-06-21,CNEC,CNEC.CL,53800.0
2019-06-28,CNEC,CNEC.CL,54000.0
2019-07-05,CNEC,CNEC.CL,53200.0
2019-07-12,CNEC,CNEC.CL,56000.0
2019-07-19,CNEC,CNEC.CL,54700.0
2019-07-26,CNEC,CNEC.CL,58400.0
2019-08-02,CNEC,CNEC.CL,63000.0
2019-08-09,CNEC,CNEC.CL,62400.0
2019-08-16,CNEC,CNEC.CL,61300.0
2019-08-23,CNEC,CNEC.CL,58900.0
2019-08-30,CNEC,CNEC.CL,61600.0
2019-09-06,CNEC,CNEC.CL,60900.0
2019-09-13,CNEC,CNEC.CL,58900.0
2019-09-20,CNEC,CNEC.CL,60800.0
2019-09-27,CNEC,CNEC.CL,60200.0
2019-10-04,CNEC,CNEC.CL,57500.0
2019-10-11,CNEC,CNEC.CL,56200.0
2019-10-18,CNEC,CNEC.CL,56300.0
2019-10-25,CNEC,CNEC.CL,58200.0
2019-11-01,CNEC,CNEC.CL,65000.0
2019-11-08,CNEC,CNEC.CL,62500.0
2019-11-15,CNEC,CNEC.CL,61600.0
2019-11-22,CNEC,CNEC.CL,58900.0
2019-11-29,CNEC,CNEC.CL,57700.0
2019-12-06,CNEC,CNEC.CL,58300.0
2019-12-13,CNEC,CNEC.CL,58100.0
2019-12-20,CNEC,CNEC.CL,58800.0
2019-12-27,CNEC,CNEC.CL,59800.0
2020-01-03,CNEC,CNEC.CL,59200.0
2020-01-10,CNEC,CNEC.CL,56500.0
2020-01-17,CNEC,CNEC.CL,55300.0
2020-01-24,CNEC,CNEC.CL,55100.0
2020-01-31,CNEC,CNEC.CL,55000.0
2020-02-07,CNEC,CNEC.CL,56300.0
2020-02-14,CNEC,CNEC.CL,58300.0
2020-02-21,CNEC,CNEC.CL,59900.0
2020-02-28,CNEC,CNEC.CL,56500.0
2020-03-06,CNEC,CNEC.CL,55700.0
2020-03-13,CNEC,CNEC.CL,47100.0
2020-03-20,CNEC,CNEC.CL,51000.0
2020-03-27,CNEC,CNEC.CL,54200.0
2020-04-03,CNEC,CNEC.CL,50800.0
2020-04-10,CNEC,CNEC.CL,52600.0
2020-04-17,CNEC,CNEC.CL,50400.0
2020-04-24,CNEC,CNEC.CL,51500.0
2020-05-01,CNEC,CNEC.CL,50200.0
2020-05-08,CNEC,CNEC.CL,50000.0
2020-05-15,CNEC,CNEC.CL,48350.0
2020-05-22,CNEC,CNEC.CL,54600.0
2020-05-29,CNEC,CNEC.CL,53800.0
2020-06-05,CNEC,CNEC.CL,53100.0
2020-06-12,CNEC,CNEC.CL,51500.0
2020-06-19,CNEC,CNEC.CL,51000.0
2020-06-26,CNEC,CNEC.CL,50400.0
2020-07-03,CNEC,CNEC.CL,52500.0
2020-07-10,CNEC,CNEC.CL,50700.0
2020-07-17,CNEC,CNEC.CL,50900.0
2020-07-24,CNEC,CNEC.CL,51600.0
2020-07-31,CNEC,CNEC.CL,48950.0
2020-08-07,CNEC,CNEC.CL,50700.0
2020-08-14,CNEC,CNEC.CL,51500.0
2020-08-21,CNEC,CNEC.CL,51200.0
2020-08-28,CNEC,CNEC.CL,52200.0
2020-09-04,CNEC,CNEC.CL,51000.0
2020-09-11,CNEC,CNEC.CL,50000.0
2020-09-18,CNEC,CNEC.CL,50400.0
2020-09-25,CNEC,CNEC.CL,51000.0
2020-10-02,CNEC,CNEC.CL,49600.0
2020-10-09,CNEC,CNEC.CL,49475.0
2020-10-16,CNEC,CNEC.CL,50650.0
2020-10-23,CNEC,CNEC.CL,51700.0
2020-10-30,CNEC,CNEC.CL,52550.0
2020-11-06,CNEC,CNEC.CL,52000.0
2020-11-13,CNEC,CNEC.CL,53250.0
2020-11-20,CNEC,CNEC.CL,52950.0
2020-11-27,CNEC,CNEC.CL,55400.0
2020-12-04,CNEC,CNEC.CL,54000.0
2020-12-11,CNEC,CNEC.CL,54650.0
2020-12-18,CNEC,CNEC.CL,53250.0
2020-12-25,CNEC,CNEC.CL,52700.0
2021-01-01,CNEC,CNEC.CL,52000.0
2021-01-08,CNEC,CNEC.CL,50650.0
2021-01-15,CNEC,CNEC.CL,50950.0
2021-01-22,CNEC,CNEC.CL,51250.0
2021-01-29,CNEC,CNEC.CL,51450.0
2021-02-05,CNEC,CNEC.CL,51800.0
2021-02-12,CNEC,CNEC.CL,50950.0
2021-02-19,CNEC,CNEC.CL,51500.0
2021-02-26,CNEC,CNEC.CL,50700.0
2021-03-05,CNEC,CNEC.CL,51600.0
2021-03-12,CNEC,CNEC.CL,51750.0
2021-03-19,CNEC,CNEC.CL,50250.0
2021-03-26,CNEC,CNEC.CL,51750.0
2021-04-02,CNEC,CNEC.CL,52100.0
2021-04-09,CNEC,CNEC.CL,52900.0
2021-04-16,CNEC,CNEC.CL,53500.0
2021-04-23,CNEC,CNEC.CL,50900.0
2021-04-30,CNEC,CNEC.CL,52500.0
2021-05-07,CNEC,CNEC.CL,53000.0
2021-05-14,CNEC,CNEC.CL,50650.0
2021-05-21,CNEC,CNEC.CL,50500.0
2021-05-28,CNEC,CNEC.CL,50300.0
2021-06-04,CNEC,CNEC.CL,50500.0
2021-06-11,CNEC,CNEC.CL,52250.0
2021-06-18,CNEC,CNEC.CL,50300.0
2021-06-25,CNEC,CNEC.CL,52000.0
2021-07-02,CNEC,CNEC.CL,51200.0
2021-07-09,CNEC,CNEC.CL,51500.0
2021-07-16,CNEC,CNEC.CL,49250.0
2021-07-23,CNEC,CNEC.CL,49500.0
2021-07-30,CNEC,CNEC.CL,49325.0
2021-08-06,CNEC,CNEC.CL,49475.0
2021-08-13,CNEC,CNEC.CL,47400.0
2021-08-20,CNEC,CNEC.CL,46200.0
2021-08-27,CNEC,CNEC.CL,49800.0
2021-09-03,CNEC,CNEC.CL,50500.0
2021-09-10,CNEC,CNEC.CL,49475.0
2021-09-17,CNEC,CNEC.CL,50150.0
2021-09-24,CNEC,CNEC.CL,52800.0
2021-10-01,CNEC,CNEC.CL,52150.0
2021-10-08,CNEC,CNEC.CL,60800.0
2021-10-15,CNEC,CNEC.CL,60200.0
2021-10-22,CNEC,CNEC.CL,59450.0
2021-10-29,CNEC,CNEC.CL,58600.0
2021-11-05,CNEC,CNEC.CL,55750.0
2021-11-12,CNEC,CNEC.CL,52700.0
2021-11-19,CNEC,CNEC.CL,50700.0
2021-11-26,CNEC,CNEC.CL,49450.0
2021-12-03,CNEC,CNEC.CL,48525.0
2021-12-10,CNEC,CNEC.CL,49200.0
2021-12-17,CNEC,CNEC.CL,48300.0
2021-12-24,CNEC,CNEC.CL,50000.0
2021-12-31,CNEC,CNEC.CL,50550.0
2022-01-07,CNEC,CNEC.CL,50850.0
2022-01-14,CNEC,CNEC.CL,50350.0
2022-01-21,CNEC,CNEC.CL,49950.0
2022-01-28,CNEC,CNEC.CL,49625.0
2022-02-04,CNEC,CNEC.CL,50250.0
2022-02-11,CNEC,CNEC.CL,50300.0
2022-02-18,CNEC,CNEC.CL,50250.0
2022-02-25,CNEC,CNEC.CL,49325.0
2022-03-04,CNEC,CNEC.CL,51500.0
2022-03-11,CNEC,CNEC.CL,49825.0
2022-03-18,CNEC,CNEC.CL,48200.0
2022-03-25,CNEC,CNEC.CL,49000.0
2022-04-01,CNEC,CNEC.CL,47675.0
2022-04-08,CNEC,CNEC.CL,47100.0
2022-04-15,CNEC,CNEC.CL,46500.0
2022-04-22,CNEC,CNEC.CL,46600.0
2022-04-29,CNEC,CNEC.CL,45100.0
2022-05-06,CNEC,CNEC.CL,44300.0
2022-05-13,CNEC,CNEC.CL,42500.0
2022-05-20,CNEC,CNEC.CL,41500.0
2022-05-27,CNEC,CNEC.CL,42200.0
2022-06-03,CNEC,CNEC.CL,46600.0
2022-06-10,CNEC,CNEC.CL,45650.0
2022-06-17,CNEC,CNEC.CL,41000.0
2022-06-24,CNEC,CNEC.CL,40700.0
2022-07-01,CNEC,CNEC.CL,42200.0
2022-07-08,CNEC,CNEC.CL,41100.0
2022-07-15,CNEC,CNEC.CL,38350.0
2022-07-22,CNEC,CNEC.CL,41000.0
2022-07-29,CNEC,CNEC.CL,41000.0
2022-08-05,CNEC,CNEC.CL,40300.0
2022-08-12,CNEC,CNEC.CL,40500.0
2022-08-19,CNEC,CNEC.CL,41000.0
2022-08-26,CNEC,CNEC.CL,40975.0
2022-09-02,CNEC,CNEC.CL,40700.0
2022-09-09,CNEC,CNEC.CL,38150.0
2022-09-16,CNEC,CNEC.CL,37950.0
2022-09-23,CNEC,CNEC.CL,34000.0
2022-09-30,CNEC,CNEC.CL,31600.0
2022-10-07,CNEC,CNEC.CL,35300.0
2022-10-14,CNEC,CNEC.CL,34700.0
2022-10-21,CNEC,CNEC.CL,37900.0
2022-10-28,CNEC,CNEC.CL,36200.0
2022-11-04,CNEC,CNEC.CL,40000.0
2022-11-11,CNEC,CNEC.CL,41600.0
2022-11-18,CNEC,CNEC.CL,37000.0
2022-11-25,CNEC,CNEC.CL,37000.0
2022-12-02,CNEC,CNEC.CL,34700.0
2022-12-09,CNEC,CNEC.CL,34175.0
2022-12-16,CNEC,CNEC.CL,33200.0
2022-12-23,CNEC,CNEC.CL,35925.0
2022-12-30,CNEC,CNEC.CL,36475.0
2023-01-06,CNEC,CNEC.CL,37175.0
2023-01-13,CNEC,CNEC.CL,39325.0
2023-01-20,CNEC,CNEC.CL,39000.0
2023-01-27,CNEC,CNEC.CL,40280.0
2023-02-03,CNEC,CNEC.CL,39500.0
2023-02-10,CNEC,CNEC.CL,39210.0
2023-02-17,CNEC,CNEC.CL,36770.0
2023-02-24,CNEC,CNEC.CL,37300.0
2023-03-03,CNEC,CNEC.CL,39180.0
2023-03-10,CNEC,CNEC.CL,38030.0
2023-03-17,CNEC,CNEC.CL,36220.0
2023-03-24,CNEC,CNEC.CL,36500.0
2023-03-31,CNEC,CNEC.CL,38730.0
2023-04-07,CNEC,CNEC.CL,38810.0
2023-04-14,CNEC,CNEC.CL,36800.0
2023-04-21,CNEC,CNEC.CL,34190.0
2023-04-28,CNEC,CNEC.CL,34790.0
2023-05-05,CNEC,CNEC.CL,35020.0
2023-05-12,CNEC,CNEC.CL,34750.0
2023-05-19,CNEC,CNEC.CL,37610.0
2023-05-26,CNEC,CNEC.CL,36700.0
2023-06-02,CNEC,CNEC.CL,37560.0
2023-06-09,CNEC,CNEC.CL,37070.0
2023-06-16,CNEC,CNEC.CL,36400.0
2023-06-23,CNEC,CNEC.CL,34470.0
2023-06-30,CNEC,CNEC.CL,30660.0
2023-07-07,CNEC,CNEC.CL,33000.0
2023-07-14,CNEC,CNEC.CL,34010.0
2023-07-21,CNEC,CNEC.CL,33930.0
2023-07-28,CNEC,CNEC.CL,33540.0
2023-08-04,CNEC,CNEC.CL,37550.0
2023-08-11,CNEC,CNEC.CL,36050.0
2023-08-18,CNEC,CNEC.CL,34790.0
2023-08-25,CNEC,CNEC.CL,34060.0
2023-09-01,CNEC,CNEC.CL,34410.0
2023-09-08,CNEC,CNEC.CL,34150.0
2023-09-15,CNEC,CNEC.CL,33100.0
2023-09-22,CNEC,CNEC.CL,32920.0
2023-09-29,CNEC,CNEC.CL,32880.0
2023-10-06,CNEC,CNEC.CL,32200.0
2023-10-13,CNEC,CNEC.CL,31800.0
2023-10-20,CNEC,CNEC.CL,28190.0
2023-10-27,CNEC,CNEC.CL,21100.0
2023-11-03,CNEC,CNEC.CL,19910.0
2023-11-10,CNEC,CNEC.CL,19500.0
2023-11-17,CNEC,CNEC.CL,21100.0
2023-11-24,CNEC,CNEC.CL,20700.0
2023-12-01,CNEC,CNEC.CL,20180.0
2023-12-08,CNEC,CNEC.CL,20000.0
2023-12-15,CNEC,CNEC.CL,19140.0
2023-12-22,CNEC,CNEC.CL,20860.0
2023-12-29,CNEC,CNEC.CL,20800.0
2024-01-05,CNEC,CNEC.CL,19900.0
2024-01-12,CNEC,CNEC.CL,19400.0
2024-01-19,CNEC,CNEC.CL,19100.0
2024-01-26,CNEC,CNEC.CL,18900.0
2024-02-02,CNEC,CNEC.CL,17520.0
2024-02-09,CNEC,CNEC.CL,17100.0
2024-02-16,CNEC,CNEC.CL,15960.0
2024-02-23,CNEC,CNEC.CL,15900.0
2024-03-01,CNEC,CNEC.CL,15040.0
2024-03-08,CNEC,CNEC.CL,15200.0
2024-03-15,CNEC,CNEC.CL,16200.0
2024-03-22,CNEC,CNEC.CL,14260.0
2024-03-29,CNEC,CNEC.CL,13460.0
2024-04-05,CNEC,CNEC.CL,13100.0
2024-04-12,CNEC,CNEC.CL,12700.0
2024-04-19,CNEC,CNEC.CL,12800.0
2024-04-26,CNEC,CNEC.CL,14200.0
2024-05-03,CNEC,CNEC.CL,15260.0
2024-05-10,CNEC,CNEC.CL,14000.0
2024-05-17,CNEC,CNEC.CL,14200.0
2024-05-24,CNEC,CNEC.CL,13700.0
2024-05-31,CNEC,CNEC.CL,12520.0
2024-06-07,CNEC,CNEC.CL,11760.0
2024-06-14,CNEC,CNEC.CL,12340.0
2024-06-21,CNEC,CNEC.CL,12320.0
2024-06-28,CNEC,CNEC.CL,12860.0
2024-07-05,CNEC,CNEC.CL,13300.0
2024-07-12,CNEC,CNEC.CL,13900.0
2024-07-19,CNEC,CNEC.CL,13060.0
2024-07-26,CNEC,CNEC.CL,12940.0
2024-08-02,CNEC,CNEC.CL,12660.0
2024-08-09,CNEC,CNEC.CL,12500.0
2024-08-16,CNEC,CNEC.CL,12780.0
2024-08-23,CNEC,CNEC.CL,12220.0
2024-08-30,CNEC,CNEC.CL,12560.0
2024-09-06,CNEC,CNEC.CL,10400.0
2024-09-13,CNEC,CNEC.CL,10300.0
2024-09-20,CNEC,CNEC.CL,10560.0
2024-09-27,CNEC,CNEC.CL,10860.0
2024-10-04,CNEC,CNEC.CL,10900.0
2024-10-11,CNEC,CNEC.CL,10700.0
2024-10-18,CNEC,CNEC.CL,10320.0
2024-10-25,CNEC,CNEC.CL,9500.0
2024-11-01,CNEC,CNEC.CL,9080.0
2024-11-08,CNEC,CNEC.CL,9500.0
2024-11-15,CNEC,CNEC.CL,9640.0
2024-11-22,CNEC,CNEC.CL,12100.0
2024-11-29,CNEC,CNEC.CL,12080.0
2024-12-06,CNEC,CNEC.CL,12420.0
2024-12-13,CNEC,CNEC.CL,11640.0
2024-12-20,CNEC,CNEC.CL,11460.0
2024-12-27,CNEC,CNEC.CL,10900.0
2025-01-03,CNEC,CNEC.CL,11400.0
2025-01-10,CNEC,CNEC.CL,11600.0
2025-01-17,CNEC,CNEC.CL,11080.0
2025-01-24,CNEC,CNEC.CL,10340.0
2025-01-31,CNEC,CNEC.CL,11300.0
2025-02-07,CNEC,CNEC.CL,11480.0
2025-02-14,CNEC,CNEC.CL,11000.0
2025-02-21,CNEC,CNEC.CL,11300.0
2025-02-28,CNEC,CNEC.CL,10960.0
2025-03-07,CNEC,CNEC.CL,11200.0
2025-03-14,CNEC,CNEC.CL,11080.0
2025-03-21,CNEC,CNEC.CL,11740.0
2025-03-28,CNEC,CNEC.CL,10820.0
2025-04-04,CNEC,CNEC.CL,10400.0
2025-04-11,CNEC,CNEC.CL,10020.0
2025-04-18,CNEC,CNEC.CL,10080.0
2025-04-25,CNEC,CNEC.CL,9300.0
2025-05-02,CNEC,CNEC.CL,9100.0
2025-05-09,CNEC,CNEC.CL,9300.0
2025-05-16,CNEC,CNEC.CL,8770.0
2025-05-23,CNEC,CNEC.CL,7990.0
2025-05-30,CNEC,CNEC.CL,8110.0
2025-06-06,CNEC,CNEC.CL,8450.0
2025-06-13,CNEC,CNEC.CL,8140.0
2025-06-20,CNEC,CNEC.CL,8060.0
2025-06-27,CNEC,CNEC.CL,8100.0
2025-07-04,CNEC,CNEC.CL,7660.0
2025-07-11,CNEC,CNEC.CL,6920.0
2025-07-18,CNEC,CNEC.CL,6600.0
2025-07-25,CNEC,CNEC.CL,6800.0
2025-08-01,CNEC,CNEC.CL,6240.0
2025-08-08,CNEC,CNEC.CL,5800.0
2025-08-15,CNEC,CNEC.CL,5070.0
2025-08-22,CNEC,CNEC.CL,4960.0
2025-08-29,CNEC,CNEC.CL,7900.0
2025-09-05,CNEC,CNEC.CL,7900.0
2025-09-12,CNEC,CNEC.CL,7720.0
2025-09-19,CNEC,CNEC.CL,7850.0
2025-09-26,CNEC,CNEC.CL,7000.0
2025-10-03,CNEC,CNEC.CL,6700.0
2025-10-10,CNEC,CNEC.CL,6500.0
2025-10-17,CNEC,CNEC.CL,6300.0
2025-10-24,CNEC,CNEC.CL,6300.0
2025-10-31,CNEC,CNEC.CL,6390.0
2025-11-07,CNEC,CNEC.CL,5410.0
2025-11-14,CNEC,CNEC.CL,5000.0
2025-11-21,CNEC,CNEC.CL,5000.0
2025-11-28,CNEC,CNEC.CL,5000.0
2025-12-05,CNEC,CNEC.CL,6240.0
2025-12-12,CNEC,CNEC.CL,6240.0
2025-12-19,CNEC,CNEC.CL,6240.0
2025-12-26,CNEC,CNEC.CL,6240.0
2026-01-02,CNEC,CNEC.CL,6240.0
2026-01-09,CNEC,CNEC.CL,6240.0
2026-01-16,CNEC,CNEC.CL,6240.0
2026-01-23,CNEC,CNEC.CL,6240.0
2026-01-30,CNEC,CNEC.CL,6240.0
2026-02-06,CNEC,CNEC.CL,6240.0
2026-02-13,CNEC,CNEC.CL,6240.0
2026-02-20,CNEC,CNEC.CL,6240.0
2026-02-27,CNEC,CNEC.CL,6240.0
2026-03-06,CNEC,CNEC.CL,6240.0
2026-03-13,CNEC,CNEC.CL,6240.0
2026-03-20,CNEC,CNEC.CL,6240.0
2026-03-27,CNEC,CNEC.CL,6240.0
2026-04-03,CNEC,CNEC.CL,6240.0
2026-04-10,CNEC,CNEC.CL,6240.0
2026-04-17,CNEC,CNEC.CL,6240.0
2026-04-24,CNEC,CNEC.CL,6240.0
2026-05-01,CNEC,CNEC.CL,6240.0
2026-05-08,CNEC,CNEC.CL,6240.0
2026-05-15,CNEC,CNEC.CL,6240.0
2026-05-22,CNEC,CNEC.CL,6240.0
2026-05-29,CNEC,CNEC.CL,6240.0
2026-06-05,CNEC,CNEC.CL,6240.0
2026-06-12,CNEC,CNEC.CL,6240.0
2026-06-19,CNEC,CNEC.CL,6240.0
2026-06-26,CNEC,CNEC.CL,6240.0
2026-07-03,CNEC,CNEC.CL,6240.0
2026-07-10,CNEC,CNEC.CL,6240.0
2026-07-17,CNEC,CNEC.CL,6240.0
2026-07-24,CNEC,CNEC.CL,6240.0
2026-07-31,CNEC,CNEC.CL,6240.0
2026-08-07,CNEC,CNEC.CL,6240.0
2026-08-14,CNEC,CNEC.CL,6240.0
2026-08-21,CNEC,CNEC.CL,6240.0
2026-08-28,CNEC,CNEC.CL,6240.0
2026-09-04,CNEC,CNEC.CL,6240.0
2026-09-11,CNEC,CNEC.CL,6240.0
2026-09-18,CNEC,CNEC.CL,6240.0
2026-09-25,CNEC,CNEC.CL,6240.0
2026-09-30,CNEC,CNEC.CL,6240.0
2010-01-01,CORFICOLCF,CORFICOLCF.CL,16662.88
2010-01-08,CORFICOLCF,CORFICOLCF.CL,16735.64
2010-01-15,CORFICOLCF,CORFICOLCF.CL,16561.01
2010-01-22,CORFICOLCF,CORFICOLCF.CL,16400.93
2010-01-29,CORFICOLCF,CORFICOLCF.CL,17463.28
2010-02-05,CORFICOLCF,CORFICOLCF.CL,17885.31
2010-02-12,CORFICOLCF,CORFICOLCF.CL,18991.32
2010-02-19,CORFICOLCF,CORFICOLCF.CL,19209.61
2010-02-26,CORFICOLCF,CORFICOLCF.CL,20519.36
2010-03-05,CORFICOLCF,CORFICOLCF.CL,20955.94
2010-03-12,CORFICOLCF,CORFICOLCF.CL,20242.85
2010-03-19,CORFICOLCF,CORFICOLCF.CL,20155.54
2010-03-26,CORFICOLCF,CORFICOLCF.CL,20140.98
2010-04-02,CORFICOLCF,CORFICOLCF.CL,20883.17
2010-04-09,CORFICOLCF,CORFICOLCF.CL,21465.28
2010-04-16,CORFICOLCF,CORFICOLCF.CL,21174.23
2010-04-23,CORFICOLCF,CORFICOLCF.CL,21683.57
2010-04-30,CORFICOLCF,CORFICOLCF.CL,20824.96
2010-05-07,CORFICOLCF,CORFICOLCF.CL,21639.92
2010-05-14,CORFICOLCF,CORFICOLCF.CL,20373.83
2010-05-21,CORFICOLCF,CORFICOLCF.CL,20955.94
2010-05-28,CORFICOLCF,CORFICOLCF.CL,21174.23
2010-06-04,CORFICOLCF,CORFICOLCF.CL,21450.73
2010-06-11,CORFICOLCF,CORFICOLCF.CL,21654.47
2010-06-18,CORFICOLCF,CORFICOLCF.CL,21465.28
2010-06-25,CORFICOLCF,CORFICOLCF.CL,20577.57
2010-07-02,CORFICOLCF,CORFICOLCF.CL,20373.83
2010-07-09,CORFICOLCF,CORFICOLCF.CL,21377.97
2010-07-16,CORFICOLCF,CORFICOLCF.CL,21916.42
2010-07-23,CORFICOLCF,CORFICOLCF.CL,22222.03
2010-07-30,CORFICOLCF,CORFICOLCF.CL,23284.38
2010-08-06,CORFICOLCF,CORFICOLCF.CL,23138.85
2010-08-13,CORFICOLCF,CORFICOLCF.CL,22862.35
2010-08-20,CORFICOLCF,CORFICOLCF.CL,22775.03
2010-08-27,CORFICOLCF,CORFICOLCF.CL,24099.33
2010-09-03,CORFICOLCF,CORFICOLCF.CL,25234.44
2010-09-10,CORFICOLCF,CORFICOLCF.CL,24186.64
2010-09-17,CORFICOLCF,CORFICOLCF.CL,24725.1
2010-09-24,CORFICOLCF,CORFICOLCF.CL,25176.23
2010-10-01,CORFICOLCF,CORFICOLCF.CL,25292.65
2010-10-08,CORFICOLCF,CORFICOLCF.CL,25321.76
2010-10-15,CORFICOLCF,CORFICOLCF.CL,24739.65
2010-10-22,CORFICOLCF,CORFICOLCF.CL,24317.62
2010-10-29,CORFICOLCF,CORFICOLCF.CL,25976.63
2010-11-05,CORFICOLCF,CORFICOLCF.CL,24695.99
2010-11-12,CORFICOLCF,CORFICOLCF.CL,23779.17
2010-11-19,CORFICOLCF,CORFICOLCF.CL,24230.3
2010-11-26,CORFICOLCF,CORFICOLCF.CL,25612.81
2010-12-03,CORFICOLCF,CORFICOLCF.CL,25088.91
2010-12-10,CORFICOLCF,CORFICOLCF.CL,25394.52
2010-12-17,CORFICOLCF,CORFICOLCF.CL,26194.92
2010-12-24,CORFICOLCF,CORFICOLCF.CL,24972.49
2010-12-31,CORFICOLCF,CORFICOLCF.CL,25321.76
2011-01-07,CORFICOLCF,CORFICOLCF.CL,25438.18
2011-01-14,CORFICOLCF,CORFICOLCF.CL,25394.52
2011-01-21,CORFICOLCF,CORFICOLCF.CL,25540.05
2011-01-28,CORFICOLCF,CORFICOLCF.CL,25569.15
2011-02-04,CORFICOLCF,CORFICOLCF.CL,25103.47
2011-02-11,CORFICOLCF,CORFICOLCF.CL,25176.23
2011-02-18,CORFICOLCF,CORFICOLCF.CL,25059.81
2011-02-25,CORFICOLCF,CORFICOLCF.CL,25321.76
2011-03-04,CORFICOLCF,CORFICOLCF.CL,25569.15
2011-03-11,CORFICOLCF,CORFICOLCF.CL,25365.42
2011-03-18,CORFICOLCF,CORFICOLCF.CL,25467.29
2011-03-25,CORFICOLCF,CORFICOLCF.CL,25234.44
2011-04-01,CORFICOLCF,CORFICOLCF.CL,24739.65
2011-04-08,CORFICOLCF,CORFICOLCF.CL,24797.86
2011-04-15,CORFICOLCF,CORFICOLCF.CL,24739.65
2011-04-22,CORFICOLCF,CORFICOLCF.CL,24739.65
2011-04-29,CORFICOLCF,CORFICOLCF.CL,24739.65
2011-05-06,CORFICOLCF,CORFICOLCF.CL,24652.33
2011-05-13,CORFICOLCF,CORFICOLCF.CL,24099.33
2011-05-20,CORFICOLCF,CORFICOLCF.CL,24608.67
2011-05-27,CORFICOLCF,CORFICOLCF.CL,24812.41
2011-06-03,CORFICOLCF,CORFICOLCF.CL,25016.15
2011-06-10,CORFICOLCF,CORFICOLCF.CL,24797.86
2011-06-17,CORFICOLCF,CORFICOLCF.CL,24725.1
2011-06-24,CORFICOLCF,CORFICOLCF.CL,24739.65
2011-07-01,CORFICOLCF,CORFICOLCF.CL,24361.28
2011-07-08,CORFICOLCF,CORFICOLCF.CL,23939.25
2011-07-15,CORFICOLCF,CORFICOLCF.CL,23284.38
2011-07-22,CORFICOLCF,CORFICOLCF.CL,23619.09
2011-07-29,CORFICOLCF,CORFICOLCF.CL,24026.56
2011-08-05,CORFICOLCF,CORFICOLCF.CL,24230.3
2011-08-12,CORFICOLCF,CORFICOLCF.CL,24201.2
2011-08-19,CORFICOLCF,CORFICOLCF.CL,24535.91
2011-08-26,CORFICOLCF,CORFICOLCF.CL,25307.21
2011-09-02,CORFICOLCF,CORFICOLCF.CL,25467.29
2011-09-09,CORFICOLCF,CORFICOLCF.CL,25889.31
2011-09-16,CORFICOLCF,CORFICOLCF.CL,25993.18
2011-09-23,CORFICOLCF,CORFICOLCF.CL,25205.96
2011-09-30,CORFICOLCF,CORFICOLCF.CL,25473.32
2011-10-07,CORFICOLCF,CORFICOLCF.CL,25993.18
2011-10-14,CORFICOLCF,CORFICOLCF.CL,25978.33
2011-10-21,CORFICOLCF,CORFICOLCF.CL,25948.63
2011-10-28,CORFICOLCF,CORFICOLCF.CL,25918.92
2011-11-04,CORFICOLCF,CORFICOLCF.CL,25859.51
2011-11-11,CORFICOLCF,CORFICOLCF.CL,25993.18
2011-11-18,CORFICOLCF,CORFICOLCF.CL,24938.6
2011-11-25,CORFICOLCF,CORFICOLCF.CL,25101.99
2011-12-02,CORFICOLCF,CORFICOLCF.CL,25250.52
2011-12-09,CORFICOLCF,CORFICOLCF.CL,24953.46
2011-12-16,CORFICOLCF,CORFICOLCF.CL,25101.99
2011-12-23,CORFICOLCF,CORFICOLCF.CL,25473.32
2011-12-30,CORFICOLCF,CORFICOLCF.CL,25681.27
2012-01-06,CORFICOLCF,CORFICOLCF.CL,25354.49
2012-01-13,CORFICOLCF,CORFICOLCF.CL,25532.73
2012-01-20,CORFICOLCF,CORFICOLCF.CL,25607.0
2012-01-27,CORFICOLCF,CORFICOLCF.CL,25517.88
2012-02-03,CORFICOLCF,CORFICOLCF.CL,25473.32
2012-02-10,CORFICOLCF,CORFICOLCF.CL,25844.65
2012-02-17,CORFICOLCF,CORFICOLCF.CL,25250.52
2012-02-24,CORFICOLCF,CORFICOLCF.CL,25220.82
2012-03-02,CORFICOLCF,CORFICOLCF.CL,25146.55
2012-03-09,CORFICOLCF,CORFICOLCF.CL,25176.26
2012-03-16,CORFICOLCF,CORFICOLCF.CL,25191.11
2012-03-23,CORFICOLCF,CORFICOLCF.CL,25072.28
2012-03-30,CORFICOLCF,CORFICOLCF.CL,24582.13
2012-04-06,CORFICOLCF,CORFICOLCF.CL,24537.57
2012-04-13,CORFICOLCF,CORFICOLCF.CL,24804.92
2012-04-20,CORFICOLCF,CORFICOLCF.CL,24745.51
2012-04-27,CORFICOLCF,CORFICOLCF.CL,25517.88
2012-05-04,CORFICOLCF,CORFICOLCF.CL,25101.99
2012-05-11,CORFICOLCF,CORFICOLCF.CL,24507.86
2012-05-18,CORFICOLCF,CORFICOLCF.CL,24686.1
2012-05-25,CORFICOLCF,CORFICOLCF.CL,24329.62
2012-06-01,CORFICOLCF,CORFICOLCF.CL,23334.45
2012-06-08,CORFICOLCF,CORFICOLCF.CL,23765.2
2012-06-15,CORFICOLCF,CORFICOLCF.CL,22874.0
2012-06-22,CORFICOLCF,CORFICOLCF.CL,22383.85
2012-06-29,CORFICOLCF,CORFICOLCF.CL,23527.54
2012-07-06,CORFICOLCF,CORFICOLCF.CL,23512.69
2012-07-13,CORFICOLCF,CORFICOLCF.CL,23884.02
2012-07-20,CORFICOLCF,CORFICOLCF.CL,24195.94
2012-07-27,CORFICOLCF,CORFICOLCF.CL,24210.79
2012-08-03,CORFICOLCF,CORFICOLCF.CL,24567.27
2012-08-10,CORFICOLCF,CORFICOLCF.CL,24879.19
2012-08-17,CORFICOLCF,CORFICOLCF.CL,25428.76
2012-08-24,CORFICOLCF,CORFICOLCF.CL,25413.91
2012-08-31,CORFICOLCF,CORFICOLCF.CL,25636.71
2012-09-07,CORFICOLCF,CORFICOLCF.CL,26364.52
2012-09-14,CORFICOLCF,CORFICOLCF.CL,25948.63
2012-09-21,CORFICOLCF,CORFICOLCF.CL,26171.42
2012-09-28,CORFICOLCF,CORFICOLCF.CL,25844.65
2012-10-05,CORFICOLCF,CORFICOLCF.CL,26232.43
2012-10-12,CORFICOLCF,CORFICOLCF.CL,26828.62
2012-10-19,CORFICOLCF,CORFICOLCF.CL,26660.46
2012-10-26,CORFICOLCF,CORFICOLCF.CL,26599.32
2012-11-02,CORFICOLCF,CORFICOLCF.CL,25238.78
2012-11-09,CORFICOLCF,CORFICOLCF.CL,25223.49
2012-11-16,CORFICOLCF,CORFICOLCF.CL,25483.37
2012-11-23,CORFICOLCF,CORFICOLCF.CL,25223.49
2012-11-30,CORFICOLCF,CORFICOLCF.CL,25743.25
2012-12-07,CORFICOLCF,CORFICOLCF.CL,25666.81
2012-12-14,CORFICOLCF,CORFICOLCF.CL,26201.86
2012-12-21,CORFICOLCF,CORFICOLCF.CL,27271.94
2012-12-28,CORFICOLCF,CORFICOLCF.CL,27791.7
2013-01-04,CORFICOLCF,CORFICOLCF.CL,26889.77
2013-01-11,CORFICOLCF,CORFICOLCF.CL,26675.75
2013-01-18,CORFICOLCF,CORFICOLCF.CL,26905.05
2013-01-25,CORFICOLCF,CORFICOLCF.CL,26752.19
2013-02-01,CORFICOLCF,CORFICOLCF.CL,26675.75
2013-02-08,CORFICOLCF,CORFICOLCF.CL,26859.19
2013-02-15,CORFICOLCF,CORFICOLCF.CL,27103.79
2013-02-22,CORFICOLCF,CORFICOLCF.CL,27119.07
2013-03-01,CORFICOLCF,CORFICOLCF.CL,27134.36
2013-03-08,CORFICOLCF,CORFICOLCF.CL,27409.53
2013-03-15,CORFICOLCF,CORFICOLCF.CL,27486.98
2013-03-22,CORFICOLCF,CORFICOLCF.CL,27675.36
2013-03-29,CORFICOLCF,CORFICOLCF.CL,27439.89
2013-04-05,CORFICOLCF,CORFICOLCF.CL,27125.93
2013-04-12,CORFICOLCF,CORFICOLCF.CL,26968.95
2013-04-19,CORFICOLCF,CORFICOLCF.CL,27314.3
2013-04-26,CORFICOLCF,CORFICOLCF.CL,27565.47
2013-05-03,CORFICOLCF,CORFICOLCF.CL,27832.34
2013-05-10,CORFICOLCF,CORFICOLCF.CL,28020.71
2013-05-17,CORFICOLCF,CORFICOLCF.CL,27785.24
2013-05-24,CORFICOLCF,CORFICOLCF.CL,28931.19
2013-05-31,CORFICOLCF,CORFICOLCF.CL,29182.35
2013-06-07,CORFICOLCF,CORFICOLCF.CL,28271.88
2013-06-14,CORFICOLCF,CORFICOLCF.CL,28146.29
2013-06-21,CORFICOLCF,CORFICOLCF.CL,27628.26
2013-06-28,CORFICOLCF,CORFICOLCF.CL,28130.6
2013-07-05,CORFICOLCF,CORFICOLCF.CL,27565.47
2013-07-12,CORFICOLCF,CORFICOLCF.CL,28789.91
2013-07-19,CORFICOLCF,CORFICOLCF.CL,29276.54
2013-07-26,CORFICOLCF,CORFICOLCF.CL,29150.96
2013-08-02,CORFICOLCF,CORFICOLCF.CL,29668.99
2013-08-09,CORFICOLCF,CORFICOLCF.CL,29684.69
2013-08-16,CORFICOLCF,CORFICOLCF.CL,30516.67
2013-08-23,CORFICOLCF,CORFICOLCF.CL,30402.01
2013-08-30,CORFICOLCF,CORFICOLCF.CL,31353.08
2013-09-06,CORFICOLCF,CORFICOLCF.CL,32239.67
2013-09-13,CORFICOLCF,CORFICOLCF.CL,32078.47
2013-09-20,CORFICOLCF,CORFICOLCF.CL,31981.75
2013-09-27,CORFICOLCF,CORFICOLCF.CL,32223.55
2013-10-04,CORFICOLCF,CORFICOLCF.CL,31417.56
2013-10-11,CORFICOLCF,CORFICOLCF.CL,31433.68
2013-10-18,CORFICOLCF,CORFICOLCF.CL,31836.68
2013-10-25,CORFICOLCF,CORFICOLCF.CL,31739.96
2013-11-01,CORFICOLCF,CORFICOLCF.CL,31917.28
2013-11-08,CORFICOLCF,CORFICOLCF.CL,31530.4
2013-11-15,CORFICOLCF,CORFICOLCF.CL,31353.08
2013-11-22,CORFICOLCF,CORFICOLCF.CL,30385.89
2013-11-29,CORFICOLCF,CORFICOLCF.CL,30627.69
2013-12-06,CORFICOLCF,CORFICOLCF.CL,32078.47
2013-12-13,CORFICOLCF,CORFICOLCF.CL,31401.44
2013-12-20,CORFICOLCF,CORFICOLCF.CL,31433.68
2013-12-27,CORFICOLCF,CORFICOLCF.CL,31901.15
2014-01-03,CORFICOLCF,CORFICOLCF.CL,31433.68
2014-01-10,CORFICOLCF,CORFICOLCF.CL,31111.28
2014-01-17,CORFICOLCF,CORFICOLCF.CL,31030.68
2014-01-24,CORFICOLCF,CORFICOLCF.CL,28451.51
2014-01-31,CORFICOLCF,CORFICOLCF.CL,28048.51
2014-02-07,CORFICOLCF,CORFICOLCF.CL,29015.71
2014-02-14,CORFICOLCF,CORFICOLCF.CL,28677.19
2014-02-21,CORFICOLCF,CORFICOLCF.CL,27726.12
2014-02-28,CORFICOLCF,CORFICOLCF.CL,28838.39
2014-03-07,CORFICOLCF,CORFICOLCF.CL,29096.3
2014-03-14,CORFICOLCF,CORFICOLCF.CL,29080.18
2014-03-21,CORFICOLCF,CORFICOLCF.CL,29096.3
2014-03-28,CORFICOLCF,CORFICOLCF.CL,30514.85
2014-04-04,CORFICOLCF,CORFICOLCF.CL,30385.89
2014-04-11,CORFICOLCF,CORFICOLCF.CL,30901.72
2014-04-18,CORFICOLCF,CORFICOLCF.CL,30224.69
2014-04-25,CORFICOLCF,CORFICOLCF.CL,30176.33
2014-05-02,CORFICOLCF,CORFICOLCF.CL,29821.7
2014-05-09,CORFICOLCF,CORFICOLCF.CL,30627.69
2014-05-16,CORFICOLCF,CORFICOLCF.CL,30450.37
2014-05-23,CORFICOLCF,CORFICOLCF.CL,30466.49
2014-05-30,CORFICOLCF,CORFICOLCF.CL,30579.33
2014-06-06,CORFICOLCF,CORFICOLCF.CL,30498.73
2014-06-13,CORFICOLCF,CORFICOLCF.CL,30530.97
2014-06-20,CORFICOLCF,CORFICOLCF.CL,30885.61
2014-06-27,CORFICOLCF,CORFICOLCF.CL,31095.16
2014-07-04,CORFICOLCF,CORFICOLCF.CL,31723.84
2014-07-11,CORFICOLCF,CORFICOLCF.CL,31030.68
2014-07-18,CORFICOLCF,CORFICOLCF.CL,31191.88
2014-07-25,CORFICOLCF,CORFICOLCF.CL,30966.21
2014-08-01,CORFICOLCF,CORFICOLCF.CL,31385.32
2014-08-08,CORFICOLCF,CORFICOLCF.CL,32626.55
2014-08-15,CORFICOLCF,CORFICOLCF.CL,33013.42
2014-08-22,CORFICOLCF,CORFICOLCF.CL,32948.95
2014-08-29,CORFICOLCF,CORFICOLCF.CL,32803.87
2014-09-05,CORFICOLCF,CORFICOLCF.CL,33110.14
2014-09-12,CORFICOLCF,CORFICOLCF.CL,33126.26
2014-09-19,CORFICOLCF,CORFICOLCF.CL,32884.46
2014-09-26,CORFICOLCF,CORFICOLCF.CL,31836.68
2014-10-03,CORFICOLCF,CORFICOLCF.CL,32578.19
2014-10-10,CORFICOLCF,CORFICOLCF.CL,31433.68
2014-10-17,CORFICOLCF,CORFICOLCF.CL,31756.08
2014-10-24,CORFICOLCF,CORFICOLCF.CL,31917.28
2014-10-31,CORFICOLCF,CORFICOLCF.CL,32562.07
2014-11-07,CORFICOLCF,CORFICOLCF.CL,33029.54
2014-11-14,CORFICOLCF,CORFICOLCF.CL,33013.42
2014-11-21,CORFICOLCF,CORFICOLCF.CL,32013.99
2014-11-28,CORFICOLCF,CORFICOLCF.CL,31514.28
2014-12-05,CORFICOLCF,CORFICOLCF.CL,31643.24
2014-12-12,CORFICOLCF,CORFICOLCF.CL,30498.73
2014-12-19,CORFICOLCF,CORFICOLCF.CL,31772.2
2014-12-26,CORFICOLCF,CORFICOLCF.CL,32207.43
2015-01-02,CORFICOLCF,CORFICOLCF.CL,30466.49
2015-01-09,CORFICOLCF,CORFICOLCF.CL,30837.25
2015-01-16,CORFICOLCF,CORFICOLCF.CL,30805.01
2015-01-23,CORFICOLCF,CORFICOLCF.CL,30871.41
2015-01-30,CORFICOLCF,CORFICOLCF.CL,31413.01
2015-02-06,CORFICOLCF,CORFICOLCF.CL,30871.41
2015-02-13,CORFICOLCF,CORFICOLCF.CL,31084.77
2015-02-20,CORFICOLCF,CORFICOLCF.CL,30855.0
2015-02-27,CORFICOLCF,CORFICOLCF.CL,30346.22
2015-03-06,CORFICOLCF,CORFICOLCF.CL,27654.61
2015-03-13,CORFICOLCF,CORFICOLCF.CL,28967.59
2015-03-20,CORFICOLCF,CORFICOLCF.CL,29131.71
2015-03-27,CORFICOLCF,CORFICOLCF.CL,29788.2
2015-04-03,CORFICOLCF,CORFICOLCF.CL,30461.11
2015-04-10,CORFICOLCF,CORFICOLCF.CL,31166.83
2015-04-17,CORFICOLCF,CORFICOLCF.CL,30690.88
2015-04-24,CORFICOLCF,CORFICOLCF.CL,30772.94
2015-05-01,CORFICOLCF,CORFICOLCF.CL,31511.49
2015-05-08,CORFICOLCF,CORFICOLCF.CL,30805.76
2015-05-15,CORFICOLCF,CORFICOLCF.CL,30789.35
2015-05-22,CORFICOLCF,CORFICOLCF.CL,30280.57
2015-05-29,CORFICOLCF,CORFICOLCF.CL,30543.17
2015-06-05,CORFICOLCF,CORFICOLCF.CL,29952.33
2015-06-12,CORFICOLCF,CORFICOLCF.CL,29542.02
2015-06-19,CORFICOLCF,CORFICOLCF.CL,30067.21
2015-06-26,CORFICOLCF,CORFICOLCF.CL,29542.02
2015-07-03,CORFICOLCF,CORFICOLCF.CL,29591.26
2015-07-10,CORFICOLCF,CORFICOLCF.CL,30461.11
2015-07-17,CORFICOLCF,CORFICOLCF.CL,30526.75
2015-07-24,CORFICOLCF,CORFICOLCF.CL,30362.63
2015-07-31,CORFICOLCF,CORFICOLCF.CL,30313.39
2015-08-07,CORFICOLCF,CORFICOLCF.CL,30756.53
2015-08-14,CORFICOLCF,CORFICOLCF.CL,30116.45
2015-08-21,CORFICOLCF,CORFICOLCF.CL,28229.04
2015-08-28,CORFICOLCF,CORFICOLCF.CL,30017.97
2015-09-04,CORFICOLCF,CORFICOLCF.CL,30100.04
2015-09-11,CORFICOLCF,CORFICOLCF.CL,31183.24
2015-09-18,CORFICOLCF,CORFICOLCF.CL,30116.45
2015-09-25,CORFICOLCF,CORFICOLCF.CL,31166.83
2015-10-02,CORFICOLCF,CORFICOLCF.CL,31347.37
2015-10-09,CORFICOLCF,CORFICOLCF.CL,31298.13
2015-10-16,CORFICOLCF,CORFICOLCF.CL,31675.61
2015-10-23,CORFICOLCF,CORFICOLCF.CL,31577.14
2015-10-30,CORFICOLCF,CORFICOLCF.CL,31593.55
2015-11-06,CORFICOLCF,CORFICOLCF.CL,31593.55
2015-11-13,CORFICOLCF,CORFICOLCF.CL,29788.2
2015-11-20,CORFICOLCF,CORFICOLCF.CL,30772.94
2015-11-27,CORFICOLCF,CORFICOLCF.CL,30034.39
2015-12-04,CORFICOLCF,CORFICOLCF.CL,29427.13
2015-12-11,CORFICOLCF,CORFICOLCF.CL,29558.43
2015-12-18,CORFICOLCF,CORFICOLCF.CL,30756.53
2015-12-25,CORFICOLCF,CORFICOLCF.CL,31577.14
2016-01-01,CORFICOLCF,CORFICOLCF.CL,31511.49
2016-01-08,CORFICOLCF,CORFICOLCF.CL,29558.43
2016-01-15,CORFICOLCF,CORFICOLCF.CL,30034.39
2016-01-22,CORFICOLCF,CORFICOLCF.CL,30280.57
2016-01-29,CORFICOLCF,CORFICOLCF.CL,30198.51
2016-02-05,CORFICOLCF,CORFICOLCF.CL,30641.64
2016-02-12,CORFICOLCF,CORFICOLCF.CL,30608.81
2016-02-19,CORFICOLCF,CORFICOLCF.CL,31330.95
2016-02-26,CORFICOLCF,CORFICOLCF.CL,31002.71
2016-03-04,CORFICOLCF,CORFICOLCF.CL,31101.18
2016-03-11,CORFICOLCF,CORFICOLCF.CL,30772.94
2016-03-18,CORFICOLCF,CORFICOLCF.CL,32167.98
2016-03-25,CORFICOLCF,CORFICOLCF.CL,31593.55
2016-04-01,CORFICOLCF,CORFICOLCF.CL,31593.55
2016-04-08,CORFICOLCF,CORFICOLCF.CL,32348.51
2016-04-15,CORFICOLCF,CORFICOLCF.CL,32561.87
2016-04-22,CORFICOLCF,CORFICOLCF.CL,31511.49
2016-04-29,CORFICOLCF,CORFICOLCF.CL,31281.72
2016-05-06,CORFICOLCF,CORFICOLCF.CL,31954.62
2016-05-13,CORFICOLCF,CORFICOLCF.CL,30953.47
2016-05-20,CORFICOLCF,CORFICOLCF.CL,31265.3
2016-05-27,CORFICOLCF,CORFICOLCF.CL,31659.2
2016-06-03,CORFICOLCF,CORFICOLCF.CL,31314.54
2016-06-10,CORFICOLCF,CORFICOLCF.CL,31347.37
2016-06-17,CORFICOLCF,CORFICOLCF.CL,31101.18
2016-06-24,CORFICOLCF,CORFICOLCF.CL,31150.42
2016-07-01,CORFICOLCF,CORFICOLCF.CL,31051.95
2016-07-08,CORFICOLCF,CORFICOLCF.CL,31527.9
2016-07-15,CORFICOLCF,CORFICOLCF.CL,31166.83
2016-07-22,CORFICOLCF,CORFICOLCF.CL,31150.42
2016-07-29,CORFICOLCF,CORFICOLCF.CL,31101.18
2016-08-05,CORFICOLCF,CORFICOLCF.CL,31478.66
2016-08-12,CORFICOLCF,CORFICOLCF.CL,31314.54
2016-08-19,CORFICOLCF,CORFICOLCF.CL,31363.78
2016-08-26,CORFICOLCF,CORFICOLCF.CL,31971.03
2016-09-02,CORFICOLCF,CORFICOLCF.CL,31593.55
2016-09-09,CORFICOLCF,CORFICOLCF.CL,31298.13
2016-09-16,CORFICOLCF,CORFICOLCF.CL,31445.84
2016-09-23,CORFICOLCF,CORFICOLCF.CL,31495.08
2016-09-30,CORFICOLCF,CORFICOLCF.CL,31716.55
2016-10-07,CORFICOLCF,CORFICOLCF.CL,31766.84
2016-10-14,CORFICOLCF,CORFICOLCF.CL,31414.81
2016-10-21,CORFICOLCF,CORFICOLCF.CL,31247.17
2016-10-28,CORFICOLCF,CORFICOLCF.CL,31565.68
2016-11-04,CORFICOLCF,CORFICOLCF.CL,31364.52
2016-11-11,CORFICOLCF,CORFICOLCF.CL,30073.73
2016-11-18,CORFICOLCF,CORFICOLCF.CL,29721.69
2016-11-25,CORFICOLCF,CORFICOLCF.CL,29537.29
2016-12-02,CORFICOLCF,CORFICOLCF.CL,30593.39
2016-12-09,CORFICOLCF,CORFICOLCF.CL,30911.9
2016-12-16,CORFICOLCF,CORFICOLCF.CL,30693.98
2016-12-23,CORFICOLCF,CORFICOLCF.CL,31079.54
2016-12-30,CORFICOLCF,CORFICOLCF.CL,31314.23
2017-01-06,CORFICOLCF,CORFICOLCF.CL,31213.64
2017-01-13,CORFICOLCF,CORFICOLCF.CL,30006.67
2017-01-20,CORFICOLCF,CORFICOLCF.CL,30023.44
2017-01-27,CORFICOLCF,CORFICOLCF.CL,29084.68
2017-02-03,CORFICOLCF,CORFICOLCF.CL,28833.23
2017-02-10,CORFICOLCF,CORFICOLCF.CL,24726.17
2017-02-17,CORFICOLCF,CORFICOLCF.CL,24541.77
2017-02-24,CORFICOLCF,CORFICOLCF.CL,23971.81
2017-03-03,CORFICOLCF,CORFICOLCF.CL,22379.28
2017-03-10,CORFICOLCF,CORFICOLCF.CL,23301.27
2017-03-17,CORFICOLCF,CORFICOLCF.CL,23619.78
2017-03-24,CORFICOLCF,CORFICOLCF.CL,23636.54
2017-03-31,CORFICOLCF,CORFICOLCF.CL,23485.67
2017-04-07,CORFICOLCF,CORFICOLCF.CL,23351.56
2017-04-14,CORFICOLCF,CORFICOLCF.CL,23770.65
2017-04-21,CORFICOLCF,CORFICOLCF.CL,23535.96
2017-04-28,CORFICOLCF,CORFICOLCF.CL,24139.45
2017-05-05,CORFICOLCF,CORFICOLCF.CL,24793.22
2017-05-12,CORFICOLCF,CORFICOLCF.CL,23804.18
2017-05-19,CORFICOLCF,CORFICOLCF.CL,23301.27
2017-05-26,CORFICOLCF,CORFICOLCF.CL,22848.66
2017-06-02,CORFICOLCF,CORFICOLCF.CL,23016.29
2017-06-09,CORFICOLCF,CORFICOLCF.CL,22714.55
2017-06-16,CORFICOLCF,CORFICOLCF.CL,22379.28
2017-06-23,CORFICOLCF,CORFICOLCF.CL,22127.83
2017-06-30,CORFICOLCF,CORFICOLCF.CL,23066.58
2017-07-07,CORFICOLCF,CORFICOLCF.CL,23837.7
2017-07-14,CORFICOLCF,CORFICOLCF.CL,23854.47
2017-07-21,CORFICOLCF,CORFICOLCF.CL,24072.39
2017-07-28,CORFICOLCF,CORFICOLCF.CL,23955.05
2017-08-04,CORFICOLCF,CORFICOLCF.CL,23988.57
2017-08-11,CORFICOLCF,CORFICOLCF.CL,23971.81
2017-08-18,CORFICOLCF,CORFICOLCF.CL,23753.88
2017-08-25,CORFICOLCF,CORFICOLCF.CL,24122.68
2017-09-01,CORFICOLCF,CORFICOLCF.CL,24776.46
2017-09-08,CORFICOLCF,CORFICOLCF.CL,24893.8
2017-09-15,CORFICOLCF,CORFICOLCF.CL,24105.92
2017-09-22,CORFICOLCF,CORFICOLCF.CL,23938.29
2017-09-29,CORFICOLCF,CORFICOLCF.CL,24022.1
2017-10-06,CORFICOLCF,CORFICOLCF.CL,24474.72
2017-10-13,CORFICOLCF,CORFICOLCF.CL,24223.26
2017-10-20,CORFICOLCF,CORFICOLCF.CL,24441.19
2017-10-27,CORFICOLCF,CORFICOLCF.CL,24139.45
2017-11-03,CORFICOLCF,CORFICOLCF.CL,24223.26
2017-11-10,CORFICOLCF,CORFICOLCF.CL,24139.45
2017-11-17,CORFICOLCF,CORFICOLCF.CL,24256.79
2017-11-24,CORFICOLCF,CORFICOLCF.CL,24407.66
2017-12-01,CORFICOLCF,CORFICOLCF.CL,24156.21
2017-12-08,CORFICOLCF,CORFICOLCF.CL,24323.85
2017-12-15,CORFICOLCF,CORFICOLCF.CL,24390.9
2017-12-22,CORFICOLCF,CORFICOLCF.CL,24474.72
2017-12-29,CORFICOLCF,CORFICOLCF.CL,24357.37
2018-01-05,CORFICOLCF,CORFICOLCF.CL,24541.77
2018-01-12,CORFICOLCF,CORFICOLCF.CL,23837.7
2018-01-19,CORFICOLCF,CORFICOLCF.CL,23720.36
2018-01-26,CORFICOLCF,CORFICOLCF.CL,22463.1
2018-02-02,CORFICOLCF,CORFICOLCF.CL,21792.56
2018-02-09,CORFICOLCF,CORFICOLCF.CL,21423.76
2018-02-16,CORFICOLCF,CORFICOLCF.CL,21122.02
2018-02-23,CORFICOLCF,CORFICOLCF.CL,19613.3
2018-03-02,CORFICOLCF,CORFICOLCF.CL,19512.72
2018-03-09,CORFICOLCF,CORFICOLCF.CL,19278.03
2018-03-16,CORFICOLCF,CORFICOLCF.CL,20015.63
2018-03-23,CORFICOLCF,CORFICOLCF.CL,19831.23
2018-03-30,CORFICOLCF,CORFICOLCF.CL,20417.95
2018-04-06,CORFICOLCF,CORFICOLCF.CL,20451.47
2018-04-13,CORFICOLCF,CORFICOLCF.CL,20116.21
2018-04-20,CORFICOLCF,CORFICOLCF.CL,19697.12
2018-04-27,CORFICOLCF,CORFICOLCF.CL,19965.33
2018-05-04,CORFICOLCF,CORFICOLCF.CL,19294.79
2018-05-11,CORFICOLCF,CORFICOLCF.CL,19345.08
2018-05-18,CORFICOLCF,CORFICOLCF.CL,20300.6
2018-05-25,CORFICOLCF,CORFICOLCF.CL,21071.72
2018-06-01,CORFICOLCF,CORFICOLCF.CL,21289.65
2018-06-08,CORFICOLCF,CORFICOLCF.CL,21390.23
2018-06-15,CORFICOLCF,CORFICOLCF.CL,21105.25
2018-06-22,CORFICOLCF,CORFICOLCF.CL,20971.14
2018-06-29,CORFICOLCF,CORFICOLCF.CL,21122.02
2018-07-06,CORFICOLCF,CORFICOLCF.CL,20619.11
2018-07-13,CORFICOLCF,CORFICOLCF.CL,20518.53
2018-07-20,CORFICOLCF,CORFICOLCF.CL,20417.95
2018-07-27,CORFICOLCF,CORFICOLCF.CL,20367.66
2018-08-03,CORFICOLCF,CORFICOLCF.CL,20300.6
2018-08-10,CORFICOLCF,CORFICOLCF.CL,20099.44
2018-08-17,CORFICOLCF,CORFICOLCF.CL,20283.84
2018-08-24,CORFICOLCF,CORFICOLCF.CL,20451.47
2018-08-31,CORFICOLCF,CORFICOLCF.CL,19965.33
2018-09-07,CORFICOLCF,CORFICOLCF.CL,19881.52
2018-09-14,CORFICOLCF,CORFICOLCF.CL,18691.31
2018-09-21,CORFICOLCF,CORFICOLCF.CL,18439.86
2018-09-28,CORFICOLCF,CORFICOLCF.CL,18356.04
2018-10-05,CORFICOLCF,CORFICOLCF.CL,18004.0
2018-10-12,CORFICOLCF,CORFICOLCF.CL,18020.77
2018-10-19,CORFICOLCF,CORFICOLCF.CL,17836.37
2018-10-26,CORFICOLCF,CORFICOLCF.CL,16512.05
2018-11-02,CORFICOLCF,CORFICOLCF.CL,18171.64
2018-11-09,CORFICOLCF,CORFICOLCF.CL,17568.15
2018-11-16,CORFICOLCF,CORFICOLCF.CL,14701.59
2018-11-23,CORFICOLCF,CORFICOLCF.CL,15120.68
2018-11-30,CORFICOLCF,CORFICOLCF.CL,15321.84
2018-12-07,CORFICOLCF,CORFICOLCF.CL,15036.86
2018-12-14,CORFICOLCF,CORFICOLCF.CL,13427.57
2018-12-21,CORFICOLCF,CORFICOLCF.CL,13578.44
2018-12-28,CORFICOLCF,CORFICOLCF.CL,13410.8
2019-01-04,CORFICOLCF,CORFICOLCF.CL,13829.89
2019-01-11,CORFICOLCF,CORFICOLCF.CL,13813.13
2019-01-18,CORFICOLCF,CORFICOLCF.CL,15506.24
2019-01-25,CORFICOLCF,CORFICOLCF.CL,15925.33
2019-02-01,CORFICOLCF,CORFICOLCF.CL,17735.79
2019-02-08,CORFICOLCF,CORFICOLCF.CL,18775.13
2019-02-15,CORFICOLCF,CORFICOLCF.CL,19009.81
2019-02-22,CORFICOLCF,CORFICOLCF.CL,20535.29
2019-03-01,CORFICOLCF,CORFICOLCF.CL,20719.69
2019-03-08,CORFICOLCF,CORFICOLCF.CL,21189.07
2019-03-15,CORFICOLCF,CORFICOLCF.CL,22044.01
2019-03-22,CORFICOLCF,CORFICOLCF.CL,21960.19
2019-03-29,CORFICOLCF,CORFICOLCF.CL,21691.97
2019-04-05,CORFICOLCF,CORFICOLCF.CL,21373.47
2019-04-12,CORFICOLCF,CORFICOLCF.CL,21792.56
2019-04-19,CORFICOLCF,CORFICOLCF.CL,21909.9
2019-04-26,CORFICOLCF,CORFICOLCF.CL,20786.75
2019-05-03,CORFICOLCF,CORFICOLCF.CL,19697.12
2019-05-10,CORFICOLCF,CORFICOLCF.CL,19596.54
2019-05-17,CORFICOLCF,CORFICOLCF.CL,19613.3
2019-05-24,CORFICOLCF,CORFICOLCF.CL,19428.9
2019-05-31,CORFICOLCF,CORFICOLCF.CL,19278.03
2019-06-07,CORFICOLCF,CORFICOLCF.CL,20501.77
2019-06-14,CORFICOLCF,CORFICOLCF.CL,21088.49
2019-06-21,CORFICOLCF,CORFICOLCF.CL,20753.22
2019-06-28,CORFICOLCF,CORFICOLCF.CL,20870.56
2019-07-05,CORFICOLCF,CORFICOLCF.CL,21976.96
2019-07-12,CORFICOLCF,CORFICOLCF.CL,22831.89
2019-07-19,CORFICOLCF,CORFICOLCF.CL,22563.68
2019-07-26,CORFICOLCF,CORFICOLCF.CL,22647.49
2019-08-02,CORFICOLCF,CORFICOLCF.CL,22278.7
2019-08-09,CORFICOLCF,CORFICOLCF.CL,21574.63
2019-08-16,CORFICOLCF,CORFICOLCF.CL,22211.64
2019-08-23,CORFICOLCF,CORFICOLCF.CL,22194.88
2019-08-30,CORFICOLCF,CORFICOLCF.CL,22161.35
2019-09-06,CORFICOLCF,CORFICOLCF.CL,21775.79
2019-09-13,CORFICOLCF,CORFICOLCF.CL,22379.28
2019-09-20,CORFICOLCF,CORFICOLCF.CL,22546.91
2019-09-27,CORFICOLCF,CORFICOLCF.CL,23284.51
2019-10-04,CORFICOLCF,CORFICOLCF.CL,23334.8
2019-10-11,CORFICOLCF,CORFICOLCF.CL,23586.25
2019-10-18,CORFICOLCF,CORFICOLCF.CL,24022.1
2019-10-25,CORFICOLCF,CORFICOLCF.CL,24390.9
2019-11-01,CORFICOLCF,CORFICOLCF.CL,24474.72
2019-11-08,CORFICOLCF,CORFICOLCF.CL,23921.52
2019-11-15,CORFICOLCF,CORFICOLCF.CL,23955.05
2019-11-22,CORFICOLCF,CORFICOLCF.CL,24558.53
2019-11-29,CORFICOLCF,CORFICOLCF.CL,24424.43
2019-12-06,CORFICOLCF,CORFICOLCF.CL,24977.62
2019-12-13,CORFICOLCF,CORFICOLCF.CL,25480.53
2019-12-20,CORFICOLCF,CORFICOLCF.CL,25899.62
2019-12-27,CORFICOLCF,CORFICOLCF.CL,25815.8
2020-01-03,CORFICOLCF,CORFICOLCF.CL,26737.79
2020-01-10,CORFICOLCF,CORFICOLCF.CL,26821.61
2020-01-17,CORFICOLCF,CORFICOLCF.CL,27324.51
2020-01-24,CORFICOLCF,CORFICOLCF.CL,27290.98
2020-01-31,CORFICOLCF,CORFICOLCF.CL,27626.26
2020-02-07,CORFICOLCF,CORFICOLCF.CL,27827.42
2020-02-14,CORFICOLCF,CORFICOLCF.CL,27626.26
2020-02-21,CORFICOLCF,CORFICOLCF.CL,27324.51
2020-02-28,CORFICOLCF,CORFICOLCF.CL,27156.88
2020-03-06,CORFICOLCF,CORFICOLCF.CL,23049.82
2020-03-13,CORFICOLCF,CORFICOLCF.CL,16428.23
2020-03-20,CORFICOLCF,CORFICOLCF.CL,19864.75
2020-03-27,CORFICOLCF,CORFICOLCF.CL,22630.73
2020-04-03,CORFICOLCF,CORFICOLCF.CL,22613.97
2020-04-10,CORFICOLCF,CORFICOLCF.CL,22044.01
2020-04-17,CORFICOLCF,CORFICOLCF.CL,21792.56
2020-04-24,CORFICOLCF,CORFICOLCF.CL,21624.92
2020-05-01,CORFICOLCF,CORFICOLCF.CL,21457.29
2020-05-08,CORFICOLCF,CORFICOLCF.CL,20568.82
2020-05-15,CORFICOLCF,CORFICOLCF.CL,20954.38
2020-05-22,CORFICOLCF,CORFICOLCF.CL,21759.03
2020-05-29,CORFICOLCF,CORFICOLCF.CL,22597.2
2020-06-05,CORFICOLCF,CORFICOLCF.CL,21960.19
2020-06-12,CORFICOLCF,CORFICOLCF.CL,23049.82
2020-06-19,CORFICOLCF,CORFICOLCF.CL,23133.64
2020-06-26,CORFICOLCF,CORFICOLCF.CL,23334.8
2020-07-03,CORFICOLCF,CORFICOLCF.CL,24374.88
2020-07-10,CORFICOLCF,CORFICOLCF.CL,24581.44
2020-07-17,CORFICOLCF,CORFICOLCF.CL,24412.44
2020-07-24,CORFICOLCF,CORFICOLCF.CL,24412.44
2020-07-31,CORFICOLCF,CORFICOLCF.CL,24337.32
2020-08-07,CORFICOLCF,CORFICOLCF.CL,23924.19
2020-08-14,CORFICOLCF,CORFICOLCF.CL,24187.09
2020-08-21,CORFICOLCF,CORFICOLCF.CL,24881.9
2020-08-28,CORFICOLCF,CORFICOLCF.CL,25820.84
2020-09-04,CORFICOLCF,CORFICOLCF.CL,25351.38
2020-09-11,CORFICOLCF,CORFICOLCF.CL,24975.8
2020-09-18,CORFICOLCF,CORFICOLCF.CL,24694.12
2020-09-25,CORFICOLCF,CORFICOLCF.CL,24863.13
2020-10-02,CORFICOLCF,CORFICOLCF.CL,24290.37
2020-10-09,CORFICOLCF,CORFICOLCF.CL,24205.87
2020-10-16,CORFICOLCF,CORFICOLCF.CL,24572.05
2020-10-23,CORFICOLCF,CORFICOLCF.CL,24403.04
2020-10-30,CORFICOLCF,CORFICOLCF.CL,24834.96
2020-11-06,CORFICOLCF,CORFICOLCF.CL,26271.54
2020-11-13,CORFICOLCF,CORFICOLCF.CL,25764.51
2020-11-20,CORFICOLCF,CORFICOLCF.CL,26834.9
2020-11-27,CORFICOLCF,CORFICOLCF.CL,29107.13
2020-12-04,CORFICOLCF,CORFICOLCF.CL,29107.13
2020-12-11,CORFICOLCF,CORFICOLCF.CL,30797.23
2020-12-18,CORFICOLCF,CORFICOLCF.CL,30412.26
2020-12-25,CORFICOLCF,CORFICOLCF.CL,30421.65
2021-01-01,CORFICOLCF,CORFICOLCF.CL,30168.14
2021-01-08,CORFICOLCF,CORFICOLCF.CL,30139.97
2021-01-15,CORFICOLCF,CORFICOLCF.CL,30506.15
2021-01-22,CORFICOLCF,CORFICOLCF.CL,30468.6
2021-01-29,CORFICOLCF,CORFICOLCF.CL,30374.7
2021-02-05,CORFICOLCF,CORFICOLCF.CL,30750.28
2021-02-12,CORFICOLCF,CORFICOLCF.CL,30515.54
2021-02-19,CORFICOLCF,CORFICOLCF.CL,30534.32
2021-02-26,CORFICOLCF,CORFICOLCF.CL,30449.82
2021-03-05,CORFICOLCF,CORFICOLCF.CL,30393.48
2021-03-12,CORFICOLCF,CORFICOLCF.CL,29201.03
2021-03-19,CORFICOLCF,CORFICOLCF.CL,30168.14
2021-03-26,CORFICOLCF,CORFICOLCF.CL,30731.5
2021-04-02,CORFICOLCF,CORFICOLCF.CL,30421.65
2021-04-09,CORFICOLCF,CORFICOLCF.CL,30431.04
2021-04-16,CORFICOLCF,CORFICOLCF.CL,30609.44
2021-04-23,CORFICOLCF,CORFICOLCF.CL,30647.0
2021-04-30,CORFICOLCF,CORFICOLCF.CL,30797.23
2021-05-07,CORFICOLCF,CORFICOLCF.CL,31000.0
2021-05-14,CORFICOLCF,CORFICOLCF.CL,29500.0
2021-05-21,CORFICOLCF,CORFICOLCF.CL,28210.0
2021-05-28,CORFICOLCF,CORFICOLCF.CL,28560.0
2021-06-04,CORFICOLCF,CORFICOLCF.CL,29570.0
2021-06-11,CORFICOLCF,CORFICOLCF.CL,29990.0
2021-06-18,CORFICOLCF,CORFICOLCF.CL,29580.0
2021-06-25,CORFICOLCF,CORFICOLCF.CL,29300.0
2021-07-02,CORFICOLCF,CORFICOLCF.CL,29980.0
2021-07-09,CORFICOLCF,CORFICOLCF.CL,30090.0
2021-07-16,CORFICOLCF,CORFICOLCF.CL,29670.0
2021-07-23,CORFICOLCF,CORFICOLCF.CL,29460.0
2021-07-30,CORFICOLCF,CORFICOLCF.CL,28550.0
2021-08-06,CORFICOLCF,CORFICOLCF.CL,28300.0
2021-08-13,CORFICOLCF,CORFICOLCF.CL,30000.0
2021-08-20,CORFICOLCF,CORFICOLCF.CL,28880.0
2021-08-27,CORFICOLCF,CORFICOLCF.CL,28860.0
2021-09-03,CORFICOLCF,CORFICOLCF.CL,28600.0
2021-09-10,CORFICOLCF,CORFICOLCF.CL,28670.0
2021-09-17,CORFICOLCF,CORFICOLCF.CL,28640.0
2021-09-24,CORFICOLCF,CORFICOLCF.CL,28800.0
2021-10-01,CORFICOLCF,CORFICOLCF.CL,29310.0
2021-10-08,CORFICOLCF,CORFICOLCF.CL,29590.0
2021-10-15,CORFICOLCF,CORFICOLCF.CL,29490.0
2021-10-22,CORFICOLCF,CORFICOLCF.CL,29670.0
2021-10-29,CORFICOLCF,CORFICOLCF.CL,29700.0
2021-11-05,CORFICOLCF,CORFICOLCF.CL,29300.0
2021-11-12,CORFICOLCF,CORFICOLCF.CL,28900.0
2021-11-19,CORFICOLCF,CORFICOLCF.CL,28300.0
2021-11-26,CORFICOLCF,CORFICOLCF.CL,28600.0
2021-12-03,CORFICOLCF,CORFICOLCF.CL,28500.0
2021-12-10,CORFICOLCF,CORFICOLCF.CL,28650.0
2021-12-17,CORFICOLCF,CORFICOLCF.CL,28850.0
2021-12-24,CORFICOLCF,CORFICOLCF.CL,28600.0
2021-12-31,CORFICOLCF,CORFICOLCF.CL,28200.0
2022-01-07,CORFICOLCF,CORFICOLCF.CL,28830.0
2022-01-14,CORFICOLCF,CORFICOLCF.CL,29760.0
2022-01-21,CORFICOLCF,CORFICOLCF.CL,29800.0
2022-01-28,CORFICOLCF,CORFICOLCF.CL,29500.0
2022-02-04,CORFICOLCF,CORFICOLCF.CL,28850.0
2022-02-11,CORFICOLCF,CORFICOLCF.CL,28470.0
2022-02-18,CORFICOLCF,CORFICOLCF.CL,27700.0
2022-02-25,CORFICOLCF,CORFICOLCF.CL,27400.0
2022-03-04,CORFICOLCF,CORFICOLCF.CL,27600.0
2022-03-11,CORFICOLCF,CORFICOLCF.CL,28390.0
2022-03-18,CORFICOLCF,CORFICOLCF.CL,28200.0
2022-03-25,CORFICOLCF,CORFICOLCF.CL,28080.0
2022-04-01,CORFICOLCF,CORFICOLCF.CL,28150.0
2022-04-08,CORFICOLCF,CORFICOLCF.CL,28140.0
2022-04-15,CORFICOLCF,CORFICOLCF.CL,28250.0
2022-04-22,CORFICOLCF,CORFICOLCF.CL,29140.0
2022-04-29,CORFICOLCF,CORFICOLCF.CL,28000.0
2022-05-06,CORFICOLCF,CORFICOLCF.CL,27300.0
2022-05-13,CORFICOLCF,CORFICOLCF.CL,24500.0
2022-05-20,CORFICOLCF,CORFICOLCF.CL,23660.0
2022-05-27,CORFICOLCF,CORFICOLCF.CL,25800.0
2022-06-03,CORFICOLCF,CORFICOLCF.CL,23500.0
2022-06-10,CORFICOLCF,CORFICOLCF.CL,23300.0
2022-06-17,CORFICOLCF,CORFICOLCF.CL,21600.0
2022-06-24,CORFICOLCF,CORFICOLCF.CL,20500.0
2022-07-01,CORFICOLCF,CORFICOLCF.CL,21500.0
2022-07-08,CORFICOLCF,CORFICOLCF.CL,19150.0
2022-07-15,CORFICOLCF,CORFICOLCF.CL,20400.0
2022-07-22,CORFICOLCF,CORFICOLCF.CL,19930.0
2022-07-29,CORFICOLCF,CORFICOLCF.CL,19540.0
2022-08-05,CORFICOLCF,CORFICOLCF.CL,19450.0
2022-08-12,CORFICOLCF,CORFICOLCF.CL,18770.0
2022-08-19,CORFICOLCF,CORFICOLCF.CL,19800.0
2022-08-26,CORFICOLCF,CORFICOLCF.CL,19500.0
2022-09-02,CORFICOLCF,CORFICOLCF.CL,18490.0
2022-09-09,CORFICOLCF,CORFICOLCF.CL,17700.0
2022-09-16,CORFICOLCF,CORFICOLCF.CL,17990.0
2022-09-23,CORFICOLCF,CORFICOLCF.CL,17400.0
2022-09-30,CORFICOLCF,CORFICOLCF.CL,17900.0
2022-10-07,CORFICOLCF,CORFICOLCF.CL,16500.0
2022-10-14,CORFICOLCF,CORFICOLCF.CL,15630.0
2022-10-21,CORFICOLCF,CORFICOLCF.CL,16410.0
2022-10-28,CORFICOLCF,CORFICOLCF.CL,15350.0
2022-11-04,CORFICOLCF,CORFICOLCF.CL,16500.0
2022-11-11,CORFICOLCF,CORFICOLCF.CL,16690.0
2022-11-18,CORFICOLCF,CORFICOLCF.CL,16600.0
2022-11-25,CORFICOLCF,CORFICOLCF.CL,15800.0
2022-12-02,CORFICOLCF,CORFICOLCF.CL,15910.0
2022-12-09,CORFICOLCF,CORFICOLCF.CL,15560.0
2022-12-16,CORFICOLCF,CORFICOLCF.CL,14510.0
2022-12-23,CORFICOLCF,CORFICOLCF.CL,15000.0
2022-12-30,CORFICOLCF,CORFICOLCF.CL,15300.0
2023-01-06,CORFICOLCF,CORFICOLCF.CL,16890.0
2023-01-13,CORFICOLCF,CORFICOLCF.CL,17480.0
2023-01-20,CORFICOLCF,CORFICOLCF.CL,16390.0
2023-01-27,CORFICOLCF,CORFICOLCF.CL,15480.0
2023-02-03,CORFICOLCF,CORFICOLCF.CL,15000.0
2023-02-10,CORFICOLCF,CORFICOLCF.CL,13000.0
2023-02-17,CORFICOLCF,CORFICOLCF.CL,12230.0
2023-02-24,CORFICOLCF,CORFICOLCF.CL,11080.0
2023-03-03,CORFICOLCF,CORFICOLCF.CL,11400.0
2023-03-10,CORFICOLCF,CORFICOLCF.CL,11900.0
2023-03-17,CORFICOLCF,CORFICOLCF.CL,10910.0
2023-03-24,CORFICOLCF,CORFICOLCF.CL,11310.0
2023-03-31,CORFICOLCF,CORFICOLCF.CL,11600.0
2023-04-07,CORFICOLCF,CORFICOLCF.CL,13280.0
2023-04-14,CORFICOLCF,CORFICOLCF.CL,12860.0
2023-04-21,CORFICOLCF,CORFICOLCF.CL,12810.0
2023-04-28,CORFICOLCF,CORFICOLCF.CL,13080.0
2023-05-05,CORFICOLCF,CORFICOLCF.CL,13460.0
2023-05-12,CORFICOLCF,CORFICOLCF.CL,13450.0
2023-05-19,CORFICOLCF,CORFICOLCF.CL,13520.0
2023-05-26,CORFICOLCF,CORFICOLCF.CL,14400.0
2023-06-02,CORFICOLCF,CORFICOLCF.CL,15110.0
2023-06-09,CORFICOLCF,CORFICOLCF.CL,15490.0
2023-06-16,CORFICOLCF,CORFICOLCF.CL,14400.0
2023-06-23,CORFICOLCF,CORFICOLCF.CL,14700.0
2023-06-30,CORFICOLCF,CORFICOLCF.CL,14880.0
2023-07-07,CORFICOLCF,CORFICOLCF.CL,15760.0
2023-07-14,CORFICOLCF,CORFICOLCF.CL,15690.0
2023-07-21,CORFICOLCF,CORFICOLCF.CL,15500.0
2023-07-28,CORFICOLCF,CORFICOLCF.CL,15500.0
2023-08-04,CORFICOLCF,CORFICOLCF.CL,15500.0
2023-08-11,CORFICOLCF,CORFICOLCF.CL,14480.0
2023-08-18,CORFICOLCF,CORFICOLCF.CL,13100.0
2023-08-25,CORFICOLCF,CORFICOLCF.CL,11750.0
2023-09-01,CORFICOLCF,CORFICOLCF.CL,11350.0
2023-09-08,CORFICOLCF,CORFICOLCF.CL,13200.0
2023-09-15,CORFICOLCF,CORFICOLCF.CL,13060.0
2023-09-22,CORFICOLCF,CORFICOLCF.CL,13500.0
2023-09-29,CORFICOLCF,CORFICOLCF.CL,13160.0
2023-10-06,CORFICOLCF,CORFICOLCF.CL,13750.0
2023-10-13,CORFICOLCF,CORFICOLCF.CL,13000.0
2023-10-20,CORFICOLCF,CORFICOLCF.CL,12620.0
2023-10-27,CORFICOLCF,CORFICOLCF.CL,12380.0
2023-11-03,CORFICOLCF,CORFICOLCF.CL,12800.0
2023-11-10,CORFICOLCF,CORFICOLCF.CL,12560.0
2023-11-17,CORFICOLCF,CORFICOLCF.CL,12100.0
2023-11-24,CORFICOLCF,CORFICOLCF.CL,11940.0
2023-12-01,CORFICOLCF,CORFICOLCF.CL,11700.0
2023-12-08,CORFICOLCF,CORFICOLCF.CL,11600.0
2023-12-15,CORFICOLCF,CORFICOLCF.CL,12500.0
2023-12-22,CORFICOLCF,CORFICOLCF.CL,13500.0
2023-12-29,CORFICOLCF,CORFICOLCF.CL,14480.0
2024-01-05,CORFICOLCF,CORFICOLCF.CL,16480.0
2024-01-12,CORFICOLCF,CORFICOLCF.CL,15840.0
2024-01-19,CORFICOLCF,CORFICOLCF.CL,16120.0
2024-01-26,CORFICOLCF,CORFICOLCF.CL,16300.0
2024-02-02,CORFICOLCF,CORFICOLCF.CL,16000.0
2024-02-09,CORFICOLCF,CORFICOLCF.CL,14820.0
2024-02-16,CORFICOLCF,CORFICOLCF.CL,14160.0
2024-02-23,CORFICOLCF,CORFICOLCF.CL,14000.0
2024-03-01,CORFICOLCF,CORFICOLCF.CL,14200.0
2024-03-08,CORFICOLCF,CORFICOLCF.CL,13200.0
2024-03-15,CORFICOLCF,CORFICOLCF.CL,13480.0
2024-03-22,CORFICOLCF,CORFICOLCF.CL,13300.0
2024-03-29,CORFICOLCF,CORFICOLCF.CL,14300.0
2024-04-05,CORFICOLCF,CORFICOLCF.CL,15960.0
2024-04-12,CORFICOLCF,CORFICOLCF.CL,14700.0
2024-04-19,CORFICOLCF,CORFICOLCF.CL,14500.0
2024-04-26,CORFICOLCF,CORFICOLCF.CL,14780.0
2024-05-03,CORFICOLCF,CORFICOLCF.CL,14800.0
2024-05-10,CORFICOLCF,CORFICOLCF.CL,15500.0
2024-05-17,CORFICOLCF,CORFICOLCF.CL,15760.0
2024-05-24,CORFICOLCF,CORFICOLCF.CL,15400.0
2024-05-31,CORFICOLCF,CORFICOLCF.CL,15060.0
2024-06-07,CORFICOLCF,CORFICOLCF.CL,14780.0
2024-06-14,CORFICOLCF,CORFICOLCF.CL,14120.0
2024-06-21,CORFICOLCF,CORFICOLCF.CL,14100.0
2024-06-28,CORFICOLCF,CORFICOLCF.CL,14120.0
2024-07-05,CORFICOLCF,CORFICOLCF.CL,13900.0
2024-07-12,CORFICOLCF,CORFICOLCF.CL,13800.0
2024-07-19,CORFICOLCF,CORFICOLCF.CL,13700.0
2024-07-26,CORFICOLCF,CORFICOLCF.CL,13200.0
2024-08-02,CORFICOLCF,CORFICOLCF.CL,13000.0
2024-08-09,CORFICOLCF,CORFICOLCF.CL,13920.0
2024-08-16,CORFICOLCF,CORFICOLCF.CL,13200.0
2024-08-23,CORFICOLCF,CORFICOLCF.CL,12700.0
2024-08-30,CORFICOLCF,CORFICOLCF.CL,12780.0
2024-09-06,CORFICOLCF,CORFICOLCF.CL,12500.0
2024-09-13,CORFICOLCF,CORFICOLCF.CL,12000.0
2024-09-20,CORFICOLCF,CORFICOLCF.CL,12160.0
2024-09-27,CORFICOLCF,CORFICOLCF.CL,12300.0
2024-10-04,CORFICOLCF,CORFICOLCF.CL,13300.0
2024-10-11,CORFICOLCF,CORFICOLCF.CL,13940.0
2024-10-18,CORFICOLCF,CORFICOLCF.CL,14100.0
2024-10-25,CORFICOLCF,CORFICOLCF.CL,15080.0
2024-11-01,CORFICOLCF,CORFICOLCF.CL,15300.0
2024-11-08,CORFICOLCF,CORFICOLCF.CL,15500.0
2024-11-15,CORFICOLCF,CORFICOLCF.CL,15600.0
2024-11-22,CORFICOLCF,CORFICOLCF.CL,15400.0
2024-11-29,CORFICOLCF,CORFICOLCF.CL,15340.0
2024-12-06,CORFICOLCF,CORFICOLCF.CL,15400.0
2024-12-13,CORFICOLCF,CORFICOLCF.CL,15200.0
2024-12-20,CORFICOLCF,CORFICOLCF.CL,14600.0
2024-12-27,CORFICOLCF,CORFICOLCF.CL,14680.0
2025-01-03,CORFICOLCF,CORFICOLCF.CL,15200.0
2025-01-10,CORFICOLCF,CORFICOLCF.CL,15560.0
2025-01-17,CORFICOLCF,CORFICOLCF.CL,16320.0
2025-01-24,CORFICOLCF,CORFICOLCF.CL,17500.0
2025-01-31,CORFICOLCF,CORFICOLCF.CL,17660.0
2025-02-07,CORFICOLCF,CORFICOLCF.CL,17500.0
2025-02-14,CORFICOLCF,CORFICOLCF.CL,18800.0
2025-02-21,CORFICOLCF,CORFICOLCF.CL,18580.0
2025-02-28,CORFICOLCF,CORFICOLCF.CL,18000.0
2025-03-07,CORFICOLCF,CORFICOLCF.CL,16980.0
2025-03-14,CORFICOLCF,CORFICOLCF.CL,16880.0
2025-03-21,CORFICOLCF,CORFICOLCF.CL,16200.0
2025-03-28,CORFICOLCF,CORFICOLCF.CL,16880.0
2025-04-04,CORFICOLCF,CORFICOLCF.CL,15900.0
2025-04-11,CORFICOLCF,CORFICOLCF.CL,16260.0
2025-04-18,CORFICOLCF,CORFICOLCF.CL,16300.0
2025-04-25,CORFICOLCF,CORFICOLCF.CL,16560.0
2025-05-02,CORFICOLCF,CORFICOLCF.CL,17320.0
2025-05-09,CORFICOLCF,CORFICOLCF.CL,18400.0
2025-05-16,CORFICOLCF,CORFICOLCF.CL,18100.0
2025-05-23,CORFICOLCF,CORFICOLCF.CL,18420.0
2025-05-30,CORFICOLCF,CORFICOLCF.CL,18300.0
2025-06-06,CORFICOLCF,CORFICOLCF.CL,17900.0
2025-06-13,CORFICOLCF,CORFICOLCF.CL,17680.0
2025-06-20,CORFICOLCF,CORFICOLCF.CL,18060.0
2025-06-27,CORFICOLCF,CORFICOLCF.CL,18000.0
2025-07-04,CORFICOLCF,CORFICOLCF.CL,17580.0
2025-07-11,CORFICOLCF,CORFICOLCF.CL,17900.0
2025-07-18,CORFICOLCF,CORFICOLCF.CL,17620.0
2025-07-25,CORFICOLCF,CORFICOLCF.CL,17540.0
2025-08-01,CORFICOLCF,CORFICOLCF.CL,17280.0
2025-08-08,CORFICOLCF,CORFICOLCF.CL,17960.0
2025-08-15,CORFICOLCF,CORFICOLCF.CL,18120.0
2025-08-22,CORFICOLCF,CORFICOLCF.CL,18380.0
2025-08-29,CORFICOLCF,CORFICOLCF.CL,18200.0
2025-09-05,CORFICOLCF,CORFICOLCF.CL,17860.0
2025-09-12,CORFICOLCF,CORFICOLCF.CL,17000.0
2025-09-19,CORFICOLCF,CORFICOLCF.CL,17200.0
2025-09-26,CORFICOLCF,CORFICOLCF.CL,17000.0
2025-10-03,CORFICOLCF,CORFICOLCF.CL,17020.0
2025-10-10,CORFICOLCF,CORFICOLCF.CL,17160.0
2025-10-17,CORFICOLCF,CORFICOLCF.CL,17360.0
2025-10-24,CORFICOLCF,CORFICOLCF.CL,18500.0
2025-10-31,CORFICOLCF,CORFICOLCF.CL,18200.0
2025-11-07,CORFICOLCF,CORFICOLCF.CL,18800.0
2025-11-14,CORFICOLCF,CORFICOLCF.CL,18400.0
2025-11-21,CORFICOLCF,CORFICOLCF.CL,18100.0
2025-11-28,CORFICOLCF,CORFICOLCF.CL,18640.0
2025-12-05,CORFICOLCF,CORFICOLCF.CL,19020.0
2025-12-12,CORFICOLCF,CORFICOLCF.CL,18900.0
2025-12-19,CORFICOLCF,CORFICOLCF.CL,18900.0
2025-12-26,CORFICOLCF,CORFICOLCF.CL,18260.0
2026-01-02,CORFICOLCF,CORFICOLCF.CL,18880.0
2026-01-09,CORFICOLCF,CORFICOLCF.CL,18900.0
2026-01-16,CORFICOLCF,CORFICOLCF.CL,19500.0
2026-01-23,CORFICOLCF,CORFICOLCF.CL,20580.0
2026-01-30,CORFICOLCF,CORFICOLCF.CL,19640.0
2026-02-06,CORFICOLCF,CORFICOLCF.CL,18500.0
2026-02-13,CORFICOLCF,CORFICOLCF.CL,19000.0
2026-02-20,CORFICOLCF,CORFICOLCF.CL,17460.0
2026-02-27,CORFICOLCF,CORFICOLCF.CL,16920.0
2026-03-06,CORFICOLCF,CORFICOLCF.CL,16840.0
2026-03-13,CORFICOLCF,CORFICOLCF.CL,17100.0
2026-03-20,CORFICOLCF,CORFICOLCF.CL,16500.0
2026-03-27,CORFICOLCF,CORFICOLCF.CL,16040.0
2026-04-03,CORFICOLCF,CORFICOLCF.CL,16780.0
2026-04-10,CORFICOLCF,CORFICOLCF.CL,16380.0
2026-04-17,CORFICOLCF,CORFICOLCF.CL,16240.0
2026-04-24,CORFICOLCF,CORFICOLCF.CL,15500.0
2026-05-01,CORFICOLCF,CORFICOLCF.CL,15300.0
2026-05-08,CORFICOLCF,CORFICOLCF.CL,15040.0
2026-05-15,CORFICOLCF,CORFICOLCF.CL,14680.0
2026-05-22,CORFICOLCF,CORFICOLCF.CL,15500.0
2026-05-29,CORFICOLCF,CORFICOLCF.CL,16200.0
2026-06-05,CORFICOLCF,CORFICOLCF.CL,16940.0
2026-06-12,CORFICOLCF,CORFICOLCF.CL,17220.0
2026-06-19,CORFICOLCF,CORFICOLCF.CL,18480.0
2026-06-26,CORFICOLCF,CORFICOLCF.CL,17940.0
2026-07-03,CORFICOLCF,CORFICOLCF.CL,18140.0
2026-07-10,CORFICOLCF,CORFICOLCF.CL,19340.0
2026-07-17,CORFICOLCF,CORFICOLCF.CL,19500.0
2026-07-24,CORFICOLCF,CORFICOLCF.CL,19980.0
2026-07-31,CORFICOLCF,CORFICOLCF.CL,20800.0
2026-08-07,CORFICOLCF,CORFICOLCF.CL,20740.0
2026-08-14,CORFICOLCF,CORFICOLCF.CL,21140.0
2026-08-21,CORFICOLCF,CORFICOLCF.CL,21980.0
2026-08-28,CORFICOLCF,CORFICOLCF.CL,23300.0
2026-09-04,CORFICOLCF,CORFICOLCF.CL,23000.0
2026-09-11,CORFICOLCF,CORFICOLCF.CL,22000.0
2026-09-18,CORFICOLCF,CORFICOLCF.CL,23300.0
2026-09-25,CORFICOLCF,CORFICOLCF.CL,22020.0
2026-09-30,CORFICOLCF,CORFICOLCF.CL,22020.0
2010-01-01,ECOPETROL,ECOPETROL.CL,2440.0
2010-01-08,ECOPETROL,ECOPETROL.CL,2450.0
2010-01-15,ECOPETROL,ECOPETROL.CL,2390.0
2010-01-22,ECOPETROL,ECOPETROL.CL,2450.0
2010-01-29,ECOPETROL,ECOPETROL.CL,2425.0
2010-02-05,ECOPETROL,ECOPETROL.CL,2475.0
2010-02-12,ECOPETROL,ECOPETROL.CL,2470.0
2010-02-19,ECOPETROL,ECOPETROL.CL,2600.0
2010-02-26,ECOPETROL,ECOPETROL.CL,2605.0
2010-03-05,ECOPETROL,ECOPETROL.CL,2655.0
2010-03-12,ECOPETROL,ECOPETROL.CL,2710.0
2010-03-19,ECOPETROL,ECOPETROL.CL,2690.0
2010-03-26,ECOPETROL,ECOPETROL.CL,2700.0
2010-04-02,ECOPETROL,ECOPETROL.CL,2725.0
2010-04-09,ECOPETROL,ECOPETROL.CL,2730.0
2010-04-16,ECOPETROL,ECOPETROL.CL,2750.0
2010-04-23,ECOPETROL,ECOPETROL.CL,2765.0
2010-04-30,ECOPETROL,ECOPETROL.CL,2660.0
2010-05-07,ECOPETROL,ECOPETROL.CL,2765.0
2010-05-14,ECOPETROL,ECOPETROL.CL,2660.0
2010-05-21,ECOPETROL,ECOPETROL.CL,2695.0
2010-05-28,ECOPETROL,ECOPETROL.CL,2730.0
2010-06-04,ECOPETROL,ECOPETROL.CL,2700.0
2010-06-11,ECOPETROL,ECOPETROL.CL,2750.0
2010-06-18,ECOPETROL,ECOPETROL.CL,2770.0
2010-06-25,ECOPETROL,ECOPETROL.CL,2735.0
2010-07-02,ECOPETROL,ECOPETROL.CL,2765.0
2010-07-09,ECOPETROL,ECOPETROL.CL,2930.0
2010-07-16,ECOPETROL,ECOPETROL.CL,3100.0
2010-07-23,ECOPETROL,ECOPETROL.CL,3135.0
2010-07-30,ECOPETROL,ECOPETROL.CL,3450.0
2010-08-06,ECOPETROL,ECOPETROL.CL,3280.0
2010-08-13,ECOPETROL,ECOPETROL.CL,3310.0
2010-08-20,ECOPETROL,ECOPETROL.CL,3350.0
2010-08-27,ECOPETROL,ECOPETROL.CL,3580.0
2010-09-03,ECOPETROL,ECOPETROL.CL,3735.0
2010-09-10,ECOPETROL,ECOPETROL.CL,3550.0
2010-09-17,ECOPETROL,ECOPETROL.CL,3560.0
2010-09-24,ECOPETROL,ECOPETROL.CL,3700.0
2010-10-01,ECOPETROL,ECOPETROL.CL,4080.0
2010-10-08,ECOPETROL,ECOPETROL.CL,4150.0
2010-10-15,ECOPETROL,ECOPETROL.CL,4245.0
2010-10-22,ECOPETROL,ECOPETROL.CL,4360.0
2010-10-29,ECOPETROL,ECOPETROL.CL,4455.0
2010-11-05,ECOPETROL,ECOPETROL.CL,4345.0
2010-11-12,ECOPETROL,ECOPETROL.CL,4200.0
2010-11-19,ECOPETROL,ECOPETROL.CL,4115.0
2010-11-26,ECOPETROL,ECOPETROL.CL,3990.0
2010-12-03,ECOPETROL,ECOPETROL.CL,4080.0
2010-12-10,ECOPETROL,ECOPETROL.CL,4100.0
2010-12-17,ECOPETROL,ECOPETROL.CL,4095.0
2010-12-24,ECOPETROL,ECOPETROL.CL,4100.0
2010-12-31,ECOPETROL,ECOPETROL.CL,3885.0
2011-01-07,ECOPETROL,ECOPETROL.CL,3945.0
2011-01-14,ECOPETROL,ECOPETROL.CL,3920.0
2011-01-21,ECOPETROL,ECOPETROL.CL,3940.0
2011-01-28,ECOPETROL,ECOPETROL.CL,3960.0
2011-02-04,ECOPETROL,ECOPETROL.CL,3970.0
2011-02-11,ECOPETROL,ECOPETROL.CL,3920.0
2011-02-18,ECOPETROL,ECOPETROL.CL,3900.0
2011-02-25,ECOPETROL,ECOPETROL.CL,4000.0
2011-03-04,ECOPETROL,ECOPETROL.CL,3995.0
2011-03-11,ECOPETROL,ECOPETROL.CL,3780.0
2011-03-18,ECOPETROL,ECOPETROL.CL,3905.0
2011-03-25,ECOPETROL,ECOPETROL.CL,3880.0
2011-04-01,ECOPETROL,ECOPETROL.CL,3865.0
2011-04-08,ECOPETROL,ECOPETROL.CL,3690.0
2011-04-15,ECOPETROL,ECOPETROL.CL,3730.0
2011-04-22,ECOPETROL,ECOPETROL.CL,3800.0
2011-04-29,ECOPETROL,ECOPETROL.CL,3800.0
2011-05-06,ECOPETROL,ECOPETROL.CL,3885.0
2011-05-13,ECOPETROL,ECOPETROL.CL,3965.0
2011-05-20,ECOPETROL,ECOPETROL.CL,3940.0
2011-05-27,ECOPETROL,ECOPETROL.CL,3995.0
2011-06-03,ECOPETROL,ECOPETROL.CL,4040.0
2011-06-10,ECOPETROL,ECOPETROL.CL,3835.0
2011-06-17,ECOPETROL,ECOPETROL.CL,3805.0
2011-06-24,ECOPETROL,ECOPETROL.CL,3855.0
2011-07-01,ECOPETROL,ECOPETROL.CL,3760.0
2011-07-08,ECOPETROL,ECOPETROL.CL,3650.0
2011-07-15,ECOPETROL,ECOPETROL.CL,3705.0
2011-07-22,ECOPETROL,ECOPETROL.CL,3735.0
2011-07-29,ECOPETROL,ECOPETROL.CL,3725.0
2011-08-05,ECOPETROL,ECOPETROL.CL,3680.0
2011-08-12,ECOPETROL,ECOPETROL.CL,3595.0
2011-08-19,ECOPETROL,ECOPETROL.CL,3640.0
2011-08-26,ECOPETROL,ECOPETROL.CL,3855.0
2011-09-02,ECOPETROL,ECOPETROL.CL,3880.0
2011-09-09,ECOPETROL,ECOPETROL.CL,3900.0
2011-09-16,ECOPETROL,ECOPETROL.CL,4045.0
2011-09-23,ECOPETROL,ECOPETROL.CL,3870.0
2011-09-30,ECOPETROL,ECOPETROL.CL,3920.0
2011-10-07,ECOPETROL,ECOPETROL.CL,3905.0
2011-10-14,ECOPETROL,ECOPETROL.CL,3940.0
2011-10-21,ECOPETROL,ECOPETROL.CL,3995.0
2011-10-28,ECOPETROL,ECOPETROL.CL,4045.0
2011-11-04,ECOPETROL,ECOPETROL.CL,4035.0
2011-11-11,ECOPETROL,ECOPETROL.CL,3995.0
2011-11-18,ECOPETROL,ECOPETROL.CL,3860.0
2011-11-25,ECOPETROL,ECOPETROL.CL,4100.0
2011-12-02,ECOPETROL,ECOPETROL.CL,4175.0
2011-12-09,ECOPETROL,ECOPETROL.CL,4105.0
2011-12-16,ECOPETROL,ECOPETROL.CL,4255.0
2011-12-23,ECOPETROL,ECOPETROL.CL,4290.0
2011-12-30,ECOPETROL,ECOPETROL.CL,4330.0
2012-01-06,ECOPETROL,ECOPETROL.CL,4510.0
2012-01-13,ECOPETROL,ECOPETROL.CL,4550.0
2012-01-20,ECOPETROL,ECOPETROL.CL,4540.0
2012-01-27,ECOPETROL,ECOPETROL.CL,4700.0
2012-02-03,ECOPETROL,ECOPETROL.CL,4740.0
2012-02-10,ECOPETROL,ECOPETROL.CL,4970.0
2012-02-17,ECOPETROL,ECOPETROL.CL,4950.0
2012-02-24,ECOPETROL,ECOPETROL.CL,5210.0
2012-03-02,ECOPETROL,ECOPETROL.CL,5180.0
2012-03-09,ECOPETROL,ECOPETROL.CL,5280.0
2012-03-16,ECOPETROL,ECOPETROL.CL,5250.0
2012-03-23,ECOPETROL,ECOPETROL.CL,5480.0
2012-03-30,ECOPETROL,ECOPETROL.CL,5610.0
2012-04-06,ECOPETROL,ECOPETROL.CL,5550.0
2012-04-13,ECOPETROL,ECOPETROL.CL,5360.0
2012-04-20,ECOPETROL,ECOPETROL.CL,5510.0
2012-04-27,ECOPETROL,ECOPETROL.CL,5850.0
2012-05-04,ECOPETROL,ECOPETROL.CL,5610.0
2012-05-11,ECOPETROL,ECOPETROL.CL,5300.0
2012-05-18,ECOPETROL,ECOPETROL.CL,5260.0
2012-05-25,ECOPETROL,ECOPETROL.CL,5340.0
2012-06-01,ECOPETROL,ECOPETROL.CL,5280.0
2012-06-08,ECOPETROL,ECOPETROL.CL,5220.0
2012-06-15,ECOPETROL,ECOPETROL.CL,5230.0
2012-06-22,ECOPETROL,ECOPETROL.CL,4900.0
2012-06-29,ECOPETROL,ECOPETROL.CL,5020.0
2012-07-06,ECOPETROL,ECOPETROL.CL,4930.0
2012-07-13,ECOPETROL,ECOPETROL.CL,4985.0
2012-07-20,ECOPETROL,ECOPETROL.CL,4940.0
2012-07-27,ECOPETROL,ECOPETROL.CL,5230.0
2012-08-03,ECOPETROL,ECOPETROL.CL,5280.0
2012-08-10,ECOPETROL,ECOPETROL.CL,5400.0
2012-08-17,ECOPETROL,ECOPETROL.CL,5350.0
2012-08-24,ECOPETROL,ECOPETROL.CL,5280.0
2012-08-31,ECOPETROL,ECOPETROL.CL,5280.0
2012-09-07,ECOPETROL,ECOPETROL.CL,5260.0
2012-09-14,ECOPETROL,ECOPETROL.CL,5290.0
2012-09-21,ECOPETROL,ECOPETROL.CL,5280.0
2012-09-28,ECOPETROL,ECOPETROL.CL,5360.0
2012-10-05,ECOPETROL,ECOPETROL.CL,5410.0
2012-10-12,ECOPETROL,ECOPETROL.CL,5720.0
2012-10-19,ECOPETROL,ECOPETROL.CL,5710.0
2012-10-26,ECOPETROL,ECOPETROL.CL,5450.0
2012-11-02,ECOPETROL,ECOPETROL.CL,5150.0
2012-11-09,ECOPETROL,ECOPETROL.CL,5230.0
2012-11-16,ECOPETROL,ECOPETROL.CL,5350.0
2012-11-23,ECOPETROL,ECOPETROL.CL,5310.0
2012-11-30,ECOPETROL,ECOPETROL.CL,5200.0
2012-12-07,ECOPETROL,ECOPETROL.CL,5300.0
2012-12-14,ECOPETROL,ECOPETROL.CL,5350.0
2012-12-21,ECOPETROL,ECOPETROL.CL,5450.0
2012-12-28,ECOPETROL,ECOPETROL.CL,5490.0
2013-01-04,ECOPETROL,ECOPETROL.CL,5450.0
2013-01-11,ECOPETROL,ECOPETROL.CL,5440.0
2013-01-18,ECOPETROL,ECOPETROL.CL,5560.0
2013-01-25,ECOPETROL,ECOPETROL.CL,5650.0
2013-02-01,ECOPETROL,ECOPETROL.CL,5600.0
2013-02-08,ECOPETROL,ECOPETROL.CL,5450.0
2013-02-15,ECOPETROL,ECOPETROL.CL,5230.0
2013-02-22,ECOPETROL,ECOPETROL.CL,5210.0
2013-03-01,ECOPETROL,ECOPETROL.CL,5060.0
2013-03-08,ECOPETROL,ECOPETROL.CL,5100.0
2013-03-15,ECOPETROL,ECOPETROL.CL,4955.0
2013-03-22,ECOPETROL,ECOPETROL.CL,5050.0
2013-03-29,ECOPETROL,ECOPETROL.CL,4900.0
2013-04-05,ECOPETROL,ECOPETROL.CL,4525.0
2013-04-12,ECOPETROL,ECOPETROL.CL,4310.0
2013-04-19,ECOPETROL,ECOPETROL.CL,4405.0
2013-04-26,ECOPETROL,ECOPETROL.CL,4290.0
2013-05-03,ECOPETROL,ECOPETROL.CL,4200.0
2013-05-10,ECOPETROL,ECOPETROL.CL,4125.0
2013-05-17,ECOPETROL,ECOPETROL.CL,4135.0
2013-05-24,ECOPETROL,ECOPETROL.CL,4205.0
2013-05-31,ECOPETROL,ECOPETROL.CL,4085.0
2013-06-07,ECOPETROL,ECOPETROL.CL,3975.0
2013-06-14,ECOPETROL,ECOPETROL.CL,3960.0
2013-06-21,ECOPETROL,ECOPETROL.CL,3900.0
2013-06-28,ECOPETROL,ECOPETROL.CL,4100.0
2013-07-05,ECOPETROL,ECOPETROL.CL,3875.0
2013-07-12,ECOPETROL,ECOPETROL.CL,4295.0
2013-07-19,ECOPETROL,ECOPETROL.CL,4340.0
2013-07-26,ECOPETROL,ECOPETROL.CL,4350.0
2013-08-02,ECOPETROL,ECOPETROL.CL,4320.0
2013-08-09,ECOPETROL,ECOPETROL.CL,4345.0
2013-08-16,ECOPETROL,ECOPETROL.CL,4360.0
2013-08-23,ECOPETROL,ECOPETROL.CL,4385.0
2013-08-30,ECOPETROL,ECOPETROL.CL,4395.0
2013-09-06,ECOPETROL,ECOPETROL.CL,4490.0
2013-09-13,ECOPETROL,ECOPETROL.CL,4425.0
2013-09-20,ECOPETROL,ECOPETROL.CL,4435.0
2013-09-27,ECOPETROL,ECOPETROL.CL,4335.0
2013-10-04,ECOPETROL,ECOPETROL.CL,4320.0
2013-10-11,ECOPETROL,ECOPETROL.CL,4515.0
2013-10-18,ECOPETROL,ECOPETROL.CL,4540.0
2013-10-25,ECOPETROL,ECOPETROL.CL,4500.0
2013-11-01,ECOPETROL,ECOPETROL.CL,4415.0
2013-11-08,ECOPETROL,ECOPETROL.CL,4150.0
2013-11-15,ECOPETROL,ECOPETROL.CL,4035.0
2013-11-22,ECOPETROL,ECOPETROL.CL,3905.0
2013-11-29,ECOPETROL,ECOPETROL.CL,3975.0
2013-12-06,ECOPETROL,ECOPETROL.CL,4145.0
2013-12-13,ECOPETROL,ECOPETROL.CL,3705.0
2013-12-20,ECOPETROL,ECOPETROL.CL,3735.0
2013-12-27,ECOPETROL,ECOPETROL.CL,3700.0
2014-01-03,ECOPETROL,ECOPETROL.CL,3465.0
2014-01-10,ECOPETROL,ECOPETROL.CL,3440.0
2014-01-17,ECOPETROL,ECOPETROL.CL,3520.0
2014-01-24,ECOPETROL,ECOPETROL.CL,3510.0
2014-01-31,ECOPETROL,ECOPETROL.CL,3560.0
2014-02-07,ECOPETROL,ECOPETROL.CL,3700.0
2014-02-14,ECOPETROL,ECOPETROL.CL,3770.0
2014-02-21,ECOPETROL,ECOPETROL.CL,3440.0
2014-02-28,ECOPETROL,ECOPETROL.CL,3650.0
2014-03-07,ECOPETROL,ECOPETROL.CL,3625.0
2014-03-14,ECOPETROL,ECOPETROL.CL,3700.0
2014-03-21,ECOPETROL,ECOPETROL.CL,3830.0
2014-03-28,ECOPETROL,ECOPETROL.CL,4030.0
2014-04-04,ECOPETROL,ECOPETROL.CL,3945.0
2014-04-11,ECOPETROL,ECOPETROL.CL,3885.0
2014-04-18,ECOPETROL,ECOPETROL.CL,3510.0
2014-04-25,ECOPETROL,ECOPETROL.CL,3605.0
2014-05-02,ECOPETROL,ECOPETROL.CL,3515.0
2014-05-09,ECOPETROL,ECOPETROL.CL,3570.0
2014-05-16,ECOPETROL,ECOPETROL.CL,3625.0
2014-05-23,ECOPETROL,ECOPETROL.CL,3455.0
2014-05-30,ECOPETROL,ECOPETROL.CL,3480.0
2014-06-06,ECOPETROL,ECOPETROL.CL,3645.0
2014-06-13,ECOPETROL,ECOPETROL.CL,3510.0
2014-06-20,ECOPETROL,ECOPETROL.CL,3490.0
2014-06-27,ECOPETROL,ECOPETROL.CL,3340.0
2014-07-04,ECOPETROL,ECOPETROL.CL,3160.0
2014-07-11,ECOPETROL,ECOPETROL.CL,3315.0
2014-07-18,ECOPETROL,ECOPETROL.CL,3270.0
2014-07-25,ECOPETROL,ECOPETROL.CL,3210.0
2014-08-01,ECOPETROL,ECOPETROL.CL,3275.0
2014-08-08,ECOPETROL,ECOPETROL.CL,3195.0
2014-08-15,ECOPETROL,ECOPETROL.CL,3240.0
2014-08-22,ECOPETROL,ECOPETROL.CL,3330.0
2014-08-29,ECOPETROL,ECOPETROL.CL,3380.0
2014-09-05,ECOPETROL,ECOPETROL.CL,3375.0
2014-09-12,ECOPETROL,ECOPETROL.CL,3360.0
2014-09-19,ECOPETROL,ECOPETROL.CL,3230.0
2014-09-26,ECOPETROL,ECOPETROL.CL,3140.0
2014-10-03,ECOPETROL,ECOPETROL.CL,2990.0
2014-10-10,ECOPETROL,ECOPETROL.CL,2975.0
2014-10-17,ECOPETROL,ECOPETROL.CL,2930.0
2014-10-24,ECOPETROL,ECOPETROL.CL,2860.0
2014-10-31,ECOPETROL,ECOPETROL.CL,2675.0
2014-11-07,ECOPETROL,ECOPETROL.CL,2675.0
2014-11-14,ECOPETROL,ECOPETROL.CL,2690.0
2014-11-21,ECOPETROL,ECOPETROL.CL,2570.0
2014-11-28,ECOPETROL,ECOPETROL.CL,2285.0
2014-12-05,ECOPETROL,ECOPETROL.CL,1880.0
2014-12-12,ECOPETROL,ECOPETROL.CL,1910.0
2014-12-19,ECOPETROL,ECOPETROL.CL,2100.0
2014-12-26,ECOPETROL,ECOPETROL.CL,2080.0
2015-01-02,ECOPETROL,ECOPETROL.CL,1885.0
2015-01-09,ECOPETROL,ECOPETROL.CL,1895.0
2015-01-16,ECOPETROL,ECOPETROL.CL,1930.0
2015-01-23,ECOPETROL,ECOPETROL.CL,1975.0
2015-01-30,ECOPETROL,ECOPETROL.CL,2190.0
2015-02-06,ECOPETROL,ECOPETROL.CL,2070.0
2015-02-13,ECOPETROL,ECOPETROL.CL,2190.0
2015-02-20,ECOPETROL,ECOPETROL.CL,2145.0
2015-02-27,ECOPETROL,ECOPETROL.CL,1920.0
2015-03-06,ECOPETROL,ECOPETROL.CL,1850.0
2015-03-13,ECOPETROL,ECOPETROL.CL,1925.0
2015-03-20,ECOPETROL,ECOPETROL.CL,1965.0
2015-03-27,ECOPETROL,ECOPETROL.CL,2000.0
2015-04-03,ECOPETROL,ECOPETROL.CL,2015.0
2015-04-10,ECOPETROL,ECOPETROL.CL,2070.0
2015-04-17,ECOPETROL,ECOPETROL.CL,2015.0
2015-04-24,ECOPETROL,ECOPETROL.CL,2040.0
2015-05-01,ECOPETROL,ECOPETROL.CL,2070.0
2015-05-08,ECOPETROL,ECOPETROL.CL,1945.0
2015-05-15,ECOPETROL,ECOPETROL.CL,1905.0
2015-05-22,ECOPETROL,ECOPETROL.CL,1805.0
2015-05-29,ECOPETROL,ECOPETROL.CL,1805.0
2015-06-05,ECOPETROL,ECOPETROL.CL,1840.0
2015-06-12,ECOPETROL,ECOPETROL.CL,1645.0
2015-06-19,ECOPETROL,ECOPETROL.CL,1725.0
2015-06-26,ECOPETROL,ECOPETROL.CL,1645.0
2015-07-03,ECOPETROL,ECOPETROL.CL,1600.0
2015-07-10,ECOPETROL,ECOPETROL.CL,1635.0
2015-07-17,ECOPETROL,ECOPETROL.CL,1610.0
2015-07-24,ECOPETROL,ECOPETROL.CL,1640.0
2015-07-31,ECOPETROL,ECOPETROL.CL,1530.0
2015-08-07,ECOPETROL,ECOPETROL.CL,1530.0
2015-08-14,ECOPETROL,ECOPETROL.CL,1450.0
2015-08-21,ECOPETROL,ECOPETROL.CL,1425.0
2015-08-28,ECOPETROL,ECOPETROL.CL,1520.0
2015-09-04,ECOPETROL,ECOPETROL.CL,1435.0
2015-09-11,ECOPETROL,ECOPETROL.CL,1425.0
2015-09-18,ECOPETROL,ECOPETROL.CL,1355.0
2015-09-25,ECOPETROL,ECOPETROL.CL,1330.0
2015-10-02,ECOPETROL,ECOPETROL.CL,1495.0
2015-10-09,ECOPETROL,ECOPETROL.CL,1480.0
2015-10-16,ECOPETROL,ECOPETROL.CL,1375.0
2015-10-23,ECOPETROL,ECOPETROL.CL,1365.0
2015-10-30,ECOPETROL,ECOPETROL.CL,1400.0
2015-11-06,ECOPETROL,ECOPETROL.CL,1360.0
2015-11-13,ECOPETROL,ECOPETROL.CL,1320.0
2015-11-20,ECOPETROL,ECOPETROL.CL,1340.0
2015-11-27,ECOPETROL,ECOPETROL.CL,1260.0
2015-12-04,ECOPETROL,ECOPETROL.CL,1160.0
2015-12-11,ECOPETROL,ECOPETROL.CL,1160.0
2015-12-18,ECOPETROL,ECOPETROL.CL,1205.0
2015-12-25,ECOPETROL,ECOPETROL.CL,1110.0
2016-01-01,ECOPETROL,ECOPETROL.CL,1060.0
2016-01-08,ECOPETROL,ECOPETROL.CL,961.0
2016-01-15,ECOPETROL,ECOPETROL.CL,914.0
2016-01-22,ECOPETROL,ECOPETROL.CL,990.0
2016-01-29,ECOPETROL,ECOPETROL.CL,1035.0
2016-02-05,ECOPETROL,ECOPETROL.CL,1030.0
2016-02-12,ECOPETROL,ECOPETROL.CL,1155.0
2016-02-19,ECOPETROL,ECOPETROL.CL,1135.0
2016-02-26,ECOPETROL,ECOPETROL.CL,1260.0
2016-03-04,ECOPETROL,ECOPETROL.CL,1340.0
2016-03-11,ECOPETROL,ECOPETROL.CL,1345.0
2016-03-18,ECOPETROL,ECOPETROL.CL,1340.0
2016-03-25,ECOPETROL,ECOPETROL.CL,1310.0
2016-04-01,ECOPETROL,ECOPETROL.CL,1265.0
2016-04-08,ECOPETROL,ECOPETROL.CL,1400.0
2016-04-15,ECOPETROL,ECOPETROL.CL,1425.0
2016-04-22,ECOPETROL,ECOPETROL.CL,1460.0
2016-04-29,ECOPETROL,ECOPETROL.CL,1395.0
2016-05-06,ECOPETROL,ECOPETROL.CL,1400.0
2016-05-13,ECOPETROL,ECOPETROL.CL,1405.0
2016-05-20,ECOPETROL,ECOPETROL.CL,1410.0
2016-05-27,ECOPETROL,ECOPETROL.CL,1360.0
2016-06-03,ECOPETROL,ECOPETROL.CL,1450.0
2016-06-10,ECOPETROL,ECOPETROL.CL,1395.0
2016-06-17,ECOPETROL,ECOPETROL.CL,1410.0
2016-06-24,ECOPETROL,ECOPETROL.CL,1395.0
2016-07-01,ECOPETROL,ECOPETROL.CL,1370.0
2016-07-08,ECOPETROL,ECOPETROL.CL,1395.0
2016-07-15,ECOPETROL,ECOPETROL.CL,1365.0
2016-07-22,ECOPETROL,ECOPETROL.CL,1325.0
2016-07-29,ECOPETROL,ECOPETROL.CL,1235.0
2016-08-05,ECOPETROL,ECOPETROL.CL,1225.0
2016-08-12,ECOPETROL,ECOPETROL.CL,1320.0
2016-08-19,ECOPETROL,ECOPETROL.CL,1325.0
2016-08-26,ECOPETROL,ECOPETROL.CL,1320.0
2016-09-02,ECOPETROL,ECOPETROL.CL,1365.0
2016-09-09,ECOPETROL,ECOPETROL.CL,1275.0
2016-09-16,ECOPETROL,ECOPETROL.CL,1235.0
2016-09-23,ECOPETROL,ECOPETROL.CL,1230.0
2016-09-30,ECOPETROL,ECOPETROL.CL,1310.0
2016-10-07,ECOPETROL,ECOPETROL.CL,1315.0
2016-10-14,ECOPETROL,ECOPETROL.CL,1370.0
2016-10-21,ECOPETROL,ECOPETROL.CL,1335.0
2016-10-28,ECOPETROL,ECOPETROL.CL,1310.0
2016-11-04,ECOPETROL,ECOPETROL.CL,1325.0
2016-11-11,ECOPETROL,ECOPETROL.CL,1280.0
2016-11-18,ECOPETROL,ECOPETROL.CL,1300.0
2016-11-25,ECOPETROL,ECOPETROL.CL,1325.0
2016-12-02,ECOPETROL,ECOPETROL.CL,1305.0
2016-12-09,ECOPETROL,ECOPETROL.CL,1350.0
2016-12-16,ECOPETROL,ECOPETROL.CL,1355.0
2016-12-23,ECOPETROL,ECOPETROL.CL,1380.0
2016-12-30,ECOPETROL,ECOPETROL.CL,1415.0
2017-01-06,ECOPETROL,ECOPETROL.CL,1400.0
2017-01-13,ECOPETROL,ECOPETROL.CL,1395.0
2017-01-20,ECOPETROL,ECOPETROL.CL,1390.0
2017-01-27,ECOPETROL,ECOPETROL.CL,1390.0
2017-02-03,ECOPETROL,ECOPETROL.CL,1355.0
2017-02-10,ECOPETROL,ECOPETROL.CL,1360.0
2017-02-17,ECOPETROL,ECOPETROL.CL,1335.0
2017-02-24,ECOPETROL,ECOPETROL.CL,1315.0
2017-03-03,ECOPETROL,ECOPETROL.CL,1310.0
2017-03-10,ECOPETROL,ECOPETROL.CL,1320.0
2017-03-17,ECOPETROL,ECOPETROL.CL,1320.0
2017-03-24,ECOPETROL,ECOPETROL.CL,1340.0
2017-03-31,ECOPETROL,ECOPETROL.CL,1355.0
2017-04-07,ECOPETROL,ECOPETROL.CL,1400.0
2017-04-14,ECOPETROL,ECOPETROL.CL,1380.0
2017-04-21,ECOPETROL,ECOPETROL.CL,1340.0
2017-04-28,ECOPETROL,ECOPETROL.CL,1345.0
2017-05-05,ECOPETROL,ECOPETROL.CL,1375.0
2017-05-12,ECOPETROL,ECOPETROL.CL,1410.0
2017-05-19,ECOPETROL,ECOPETROL.CL,1390.0
2017-05-26,ECOPETROL,ECOPETROL.CL,1345.0
2017-06-02,ECOPETROL,ECOPETROL.CL,1350.0
2017-06-09,ECOPETROL,ECOPETROL.CL,1340.0
2017-06-16,ECOPETROL,ECOPETROL.CL,1350.0
2017-06-23,ECOPETROL,ECOPETROL.CL,1360.0
2017-06-30,ECOPETROL,ECOPETROL.CL,1380.0
2017-07-07,ECOPETROL,ECOPETROL.CL,1395.0
2017-07-14,ECOPETROL,ECOPETROL.CL,1390.0
2017-07-21,ECOPETROL,ECOPETROL.CL,1395.0
2017-07-28,ECOPETROL,ECOPETROL.CL,1385.0
2017-08-04,ECOPETROL,ECOPETROL.CL,1380.0
2017-08-11,ECOPETROL,ECOPETROL.CL,1365.0
2017-08-18,ECOPETROL,ECOPETROL.CL,1370.0
2017-08-25,ECOPETROL,ECOPETROL.CL,1370.0
2017-09-01,ECOPETROL,ECOPETROL.CL,1370.0
2017-09-08,ECOPETROL,ECOPETROL.CL,1365.0
2017-09-15,ECOPETROL,ECOPETROL.CL,1385.0
2017-09-22,ECOPETROL,ECOPETROL.CL,1395.0
2017-09-29,ECOPETROL,ECOPETROL.CL,1405.0
2017-10-06,ECOPETROL,ECOPETROL.CL,1410.0
2017-10-13,ECOPETROL,ECOPETROL.CL,1460.0
2017-10-20,ECOPETROL,ECOPETROL.CL,1565.0
2017-10-27,ECOPETROL,ECOPETROL.CL,1700.0
2017-11-03,ECOPETROL,ECOPETROL.CL,1820.0
2017-11-10,ECOPETROL,ECOPETROL.CL,1750.0
2017-11-17,ECOPETROL,ECOPETROL.CL,1775.0
2017-11-24,ECOPETROL,ECOPETROL.CL,1750.0
2017-12-01,ECOPETROL,ECOPETROL.CL,1780.0
2017-12-08,ECOPETROL,ECOPETROL.CL,1935.0
2017-12-15,ECOPETROL,ECOPETROL.CL,2015.0
2017-12-22,ECOPETROL,ECOPETROL.CL,2210.0
2017-12-29,ECOPETROL,ECOPETROL.CL,2350.0
2018-01-05,ECOPETROL,ECOPETROL.CL,2425.0
2018-01-12,ECOPETROL,ECOPETROL.CL,2420.0
2018-01-19,ECOPETROL,ECOPETROL.CL,2745.0
2018-01-26,ECOPETROL,ECOPETROL.CL,2770.0
2018-02-02,ECOPETROL,ECOPETROL.CL,2335.0
2018-02-09,ECOPETROL,ECOPETROL.CL,2490.0
2018-02-16,ECOPETROL,ECOPETROL.CL,2565.0
2018-02-23,ECOPETROL,ECOPETROL.CL,2480.0
2018-03-02,ECOPETROL,ECOPETROL.CL,2475.0
2018-03-09,ECOPETROL,ECOPETROL.CL,2535.0
2018-03-16,ECOPETROL,ECOPETROL.CL,2620.0
2018-03-23,ECOPETROL,ECOPETROL.CL,2645.0
2018-03-30,ECOPETROL,ECOPETROL.CL,2740.0
2018-04-06,ECOPETROL,ECOPETROL.CL,2955.0
2018-04-13,ECOPETROL,ECOPETROL.CL,3030.0
2018-04-20,ECOPETROL,ECOPETROL.CL,3010.0
2018-04-27,ECOPETROL,ECOPETROL.CL,3095.0
2018-05-04,ECOPETROL,ECOPETROL.CL,3100.0
2018-05-11,ECOPETROL,ECOPETROL.CL,3170.0
2018-05-18,ECOPETROL,ECOPETROL.CL,3075.0
2018-05-25,ECOPETROL,ECOPETROL.CL,3090.0
2018-06-01,ECOPETROL,ECOPETROL.CL,3060.0
2018-06-08,ECOPETROL,ECOPETROL.CL,3005.0
2018-06-15,ECOPETROL,ECOPETROL.CL,2845.0
2018-06-22,ECOPETROL,ECOPETROL.CL,2985.0
2018-06-29,ECOPETROL,ECOPETROL.CL,2895.0
2018-07-06,ECOPETROL,ECOPETROL.CL,2945.0
2018-07-13,ECOPETROL,ECOPETROL.CL,2965.0
2018-07-20,ECOPETROL,ECOPETROL.CL,3005.0
2018-07-27,ECOPETROL,ECOPETROL.CL,3130.0
2018-08-03,ECOPETROL,ECOPETROL.CL,3030.0
2018-08-10,ECOPETROL,ECOPETROL.CL,3065.0
2018-08-17,ECOPETROL,ECOPETROL.CL,3240.0
2018-08-24,ECOPETROL,ECOPETROL.CL,3445.0
2018-08-31,ECOPETROL,ECOPETROL.CL,3390.0
2018-09-07,ECOPETROL,ECOPETROL.CL,3765.0
2018-09-14,ECOPETROL,ECOPETROL.CL,3715.0
2018-09-21,ECOPETROL,ECOPETROL.CL,3980.0
2018-09-28,ECOPETROL,ECOPETROL.CL,4160.0
2018-10-05,ECOPETROL,ECOPETROL.CL,4015.0
2018-10-12,ECOPETROL,ECOPETROL.CL,3965.0
2018-10-19,ECOPETROL,ECOPETROL.CL,3685.0
2018-10-26,ECOPETROL,ECOPETROL.CL,3740.0
2018-11-02,ECOPETROL,ECOPETROL.CL,3480.0
2018-11-09,ECOPETROL,ECOPETROL.CL,3280.0
2018-11-16,ECOPETROL,ECOPETROL.CL,3140.0
2018-11-23,ECOPETROL,ECOPETROL.CL,3110.0
2018-11-30,ECOPETROL,ECOPETROL.CL,3100.0
2018-12-07,ECOPETROL,ECOPETROL.CL,2960.0
2018-12-14,ECOPETROL,ECOPETROL.CL,2615.0
2018-12-21,ECOPETROL,ECOPETROL.CL,2715.0
2018-12-28,ECOPETROL,ECOPETROL.CL,2760.0
2019-01-04,ECOPETROL,ECOPETROL.CL,2935.0
2019-01-11,ECOPETROL,ECOPETROL.CL,2910.0
2019-01-18,ECOPETROL,ECOPETROL.CL,2835.0
2019-01-25,ECOPETROL,ECOPETROL.CL,2920.0
2019-02-01,ECOPETROL,ECOPETROL.CL,2865.0
2019-02-08,ECOPETROL,ECOPETROL.CL,2965.0
2019-02-15,ECOPETROL,ECOPETROL.CL,3060.0
2019-02-22,ECOPETROL,ECOPETROL.CL,3120.0
2019-03-01,ECOPETROL,ECOPETROL.CL,3175.0
2019-03-08,ECOPETROL,ECOPETROL.CL,3320.0
2019-03-15,ECOPETROL,ECOPETROL.CL,3565.0
2019-03-22,ECOPETROL,ECOPETROL.CL,3370.0
2019-03-29,ECOPETROL,ECOPETROL.CL,3350.0
2019-04-05,ECOPETROL,ECOPETROL.CL,3320.0
2019-04-12,ECOPETROL,ECOPETROL.CL,3295.0
2019-04-19,ECOPETROL,ECOPETROL.CL,3075.0
2019-04-26,ECOPETROL,ECOPETROL.CL,2945.0
2019-05-03,ECOPETROL,ECOPETROL.CL,2970.0
2019-05-10,ECOPETROL,ECOPETROL.CL,3030.0
2019-05-17,ECOPETROL,ECOPETROL.CL,3040.0
2019-05-24,ECOPETROL,ECOPETROL.CL,2870.0
2019-05-31,ECOPETROL,ECOPETROL.CL,2755.0
2019-06-07,ECOPETROL,ECOPETROL.CL,2765.0
2019-06-14,ECOPETROL,ECOPETROL.CL,2980.0
2019-06-21,ECOPETROL,ECOPETROL.CL,2945.0
2019-06-28,ECOPETROL,ECOPETROL.CL,3010.0
2019-07-05,ECOPETROL,ECOPETROL.CL,3090.0
2019-07-12,ECOPETROL,ECOPETROL.CL,3000.0
2019-07-19,ECOPETROL,ECOPETROL.CL,3000.0
2019-07-26,ECOPETROL,ECOPETROL.CL,2940.0
2019-08-02,ECOPETROL,ECOPETROL.CL,2825.0
2019-08-09,ECOPETROL,ECOPETROL.CL,2750.0
2019-08-16,ECOPETROL,ECOPETROL.CL,2750.0
2019-08-23,ECOPETROL,ECOPETROL.CL,2665.0
2019-08-30,ECOPETROL,ECOPETROL.CL,2750.0
2019-09-06,ECOPETROL,ECOPETROL.CL,2900.0
2019-09-13,ECOPETROL,ECOPETROL.CL,3020.0
2019-09-20,ECOPETROL,ECOPETROL.CL,2980.0
2019-09-27,ECOPETROL,ECOPETROL.CL,2890.0
2019-10-04,ECOPETROL,ECOPETROL.CL,2925.0
2019-10-11,ECOPETROL,ECOPETROL.CL,2975.0
2019-10-18,ECOPETROL,ECOPETROL.CL,3030.0
2019-10-25,ECOPETROL,ECOPETROL.CL,3040.0
2019-11-01,ECOPETROL,ECOPETROL.CL,3130.0
2019-11-08,ECOPETROL,ECOPETROL.CL,3125.0
2019-11-15,ECOPETROL,ECOPETROL.CL,3145.0
2019-11-22,ECOPETROL,ECOPETROL.CL,3220.0
2019-11-29,ECOPETROL,ECOPETROL.CL,3280.0
2019-12-06,ECOPETROL,ECOPETROL.CL,3305.0
2019-12-13,ECOPETROL,ECOPETROL.CL,3300.0
2019-12-20,ECOPETROL,ECOPETROL.CL,3345.0
2019-12-27,ECOPETROL,ECOPETROL.CL,3315.0
2020-01-03,ECOPETROL,ECOPETROL.CL,3345.0
2020-01-10,ECOPETROL,ECOPETROL.CL,3405.0
2020-01-17,ECOPETROL,ECOPETROL.CL,3315.0
2020-01-24,ECOPETROL,ECOPETROL.CL,3200.0
2020-01-31,ECOPETROL,ECOPETROL.CL,3195.0
2020-02-07,ECOPETROL,ECOPETROL.CL,3360.0
2020-02-14,ECOPETROL,ECOPETROL.CL,3435.0
2020-02-21,ECOPETROL,ECOPETROL.CL,3120.0
2020-02-28,ECOPETROL,ECOPETROL.CL,3175.0
2020-03-06,ECOPETROL,ECOPETROL.CL,1940.0
2020-03-13,ECOPETROL,ECOPETROL.CL,1420.0
2020-03-20,ECOPETROL,ECOPETROL.CL,1810.0
2020-03-27,ECOPETROL,ECOPETROL.CL,2080.0
2020-04-03,ECOPETROL,ECOPETROL.CL,2360.0
2020-04-10,ECOPETROL,ECOPETROL.CL,2090.0
2020-04-17,ECOPETROL,ECOPETROL.CL,1980.0
2020-04-24,ECOPETROL,ECOPETROL.CL,2090.0
2020-05-01,ECOPETROL,ECOPETROL.CL,1975.0
2020-05-08,ECOPETROL,ECOPETROL.CL,1930.0
2020-05-15,ECOPETROL,ECOPETROL.CL,2000.0
2020-05-22,ECOPETROL,ECOPETROL.CL,1990.0
2020-05-29,ECOPETROL,ECOPETROL.CL,2160.0
2020-06-05,ECOPETROL,ECOPETROL.CL,2060.0
2020-06-12,ECOPETROL,ECOPETROL.CL,2115.0
2020-06-19,ECOPETROL,ECOPETROL.CL,2095.0
2020-06-26,ECOPETROL,ECOPETROL.CL,2080.0
2020-07-03,ECOPETROL,ECOPETROL.CL,2035.0
2020-07-10,ECOPETROL,ECOPETROL.CL,2180.0
2020-07-17,ECOPETROL,ECOPETROL.CL,2225.0
2020-07-24,ECOPETROL,ECOPETROL.CL,2195.0
2020-07-31,ECOPETROL,ECOPETROL.CL,2170.0
2020-08-07,ECOPETROL,ECOPETROL.CL,2180.0
2020-08-14,ECOPETROL,ECOPETROL.CL,2165.0
2020-08-21,ECOPETROL,ECOPETROL.CL,2160.0
2020-08-28,ECOPETROL,ECOPETROL.CL,2165.0
2020-09-04,ECOPETROL,ECOPETROL.CL,2015.0
2020-09-11,ECOPETROL,ECOPETROL.CL,2065.0
2020-09-18,ECOPETROL,ECOPETROL.CL,1950.0
2020-09-25,ECOPETROL,ECOPETROL.CL,1875.0
2020-10-02,ECOPETROL,ECOPETROL.CL,1911.0
2020-10-09,ECOPETROL,ECOPETROL.CL,1879.0
2020-10-16,ECOPETROL,ECOPETROL.CL,1880.0
2020-10-23,ECOPETROL,ECOPETROL.CL,1747.0
2020-10-30,ECOPETROL,ECOPETROL.CL,1850.0
2020-11-06,ECOPETROL,ECOPETROL.CL,1974.0
2020-11-13,ECOPETROL,ECOPETROL.CL,2145.0
2020-11-20,ECOPETROL,ECOPETROL.CL,2210.0
2020-11-27,ECOPETROL,ECOPETROL.CL,2120.0
2020-12-04,ECOPETROL,ECOPETROL.CL,2305.0
2020-12-11,ECOPETROL,ECOPETROL.CL,2370.0
2020-12-18,ECOPETROL,ECOPETROL.CL,2287.0
2020-12-25,ECOPETROL,ECOPETROL.CL,2245.0
2021-01-01,ECOPETROL,ECOPETROL.CL,2373.0
2021-01-08,ECOPETROL,ECOPETROL.CL,2484.0
2021-01-15,ECOPETROL,ECOPETROL.CL,2408.0
2021-01-22,ECOPETROL,ECOPETROL.CL,2145.0
2021-01-29,ECOPETROL,ECOPETROL.CL,2135.0
2021-02-05,ECOPETROL,ECOPETROL.CL,2140.0
2021-02-12,ECOPETROL,ECOPETROL.CL,2156.0
2021-02-19,ECOPETROL,ECOPETROL.CL,2280.0
2021-02-26,ECOPETROL,ECOPETROL.CL,2279.0
2021-03-05,ECOPETROL,ECOPETROL.CL,2368.0
2021-03-12,ECOPETROL,ECOPETROL.CL,2350.0
2021-03-19,ECOPETROL,ECOPETROL.CL,2315.0
2021-03-26,ECOPETROL,ECOPETROL.CL,2366.0
2021-04-02,ECOPETROL,ECOPETROL.CL,2281.0
2021-04-09,ECOPETROL,ECOPETROL.CL,2319.0
2021-04-16,ECOPETROL,ECOPETROL.CL,2250.0
2021-04-23,ECOPETROL,ECOPETROL.CL,2310.0
2021-04-30,ECOPETROL,ECOPETROL.CL,2288.0
2021-05-07,ECOPETROL,ECOPETROL.CL,2301.0
2021-05-14,ECOPETROL,ECOPETROL.CL,2314.0
2021-05-21,ECOPETROL,ECOPETROL.CL,2220.0
2021-05-28,ECOPETROL,ECOPETROL.CL,2360.0
2021-06-04,ECOPETROL,ECOPETROL.CL,2385.0
2021-06-11,ECOPETROL,ECOPETROL.CL,2392.0
2021-06-18,ECOPETROL,ECOPETROL.CL,2750.0
2021-06-25,ECOPETROL,ECOPETROL.CL,2819.0
2021-07-02,ECOPETROL,ECOPETROL.CL,2753.0
2021-07-09,ECOPETROL,ECOPETROL.CL,2570.0
2021-07-16,ECOPETROL,ECOPETROL.CL,2550.0
2021-07-23,ECOPETROL,ECOPETROL.CL,2646.0
2021-07-30,ECOPETROL,ECOPETROL.CL,2527.0
2021-08-06,ECOPETROL,ECOPETROL.CL,2622.0
2021-08-13,ECOPETROL,ECOPETROL.CL,2520.0
2021-08-20,ECOPETROL,ECOPETROL.CL,2632.0
2021-08-27,ECOPETROL,ECOPETROL.CL,2670.0
2021-09-03,ECOPETROL,ECOPETROL.CL,2570.0
2021-09-10,ECOPETROL,ECOPETROL.CL,2615.0
2021-09-17,ECOPETROL,ECOPETROL.CL,2590.0
2021-09-24,ECOPETROL,ECOPETROL.CL,2734.0
2021-10-01,ECOPETROL,ECOPETROL.CL,2860.0
2021-10-08,ECOPETROL,ECOPETROL.CL,2918.0
2021-10-15,ECOPETROL,ECOPETROL.CL,2910.0
2021-10-22,ECOPETROL,ECOPETROL.CL,2890.0
2021-10-29,ECOPETROL,ECOPETROL.CL,2871.0
2021-11-05,ECOPETROL,ECOPETROL.CL,2864.0
2021-11-12,ECOPETROL,ECOPETROL.CL,2759.0
2021-11-19,ECOPETROL,ECOPETROL.CL,2670.0
2021-11-26,ECOPETROL,ECOPETROL.CL,2659.0
2021-12-03,ECOPETROL,ECOPETROL.CL,2710.0
2021-12-10,ECOPETROL,ECOPETROL.CL,2643.0
2021-12-17,ECOPETROL,ECOPETROL.CL,2650.0
2021-12-24,ECOPETROL,ECOPETROL.CL,2690.0
2021-12-31,ECOPETROL,ECOPETROL.CL,2615.0
2022-01-07,ECOPETROL,ECOPETROL.CL,2798.0
2022-01-14,ECOPETROL,ECOPETROL.CL,2906.0
2022-01-21,ECOPETROL,ECOPETROL.CL,2905.0
2022-01-28,ECOPETROL,ECOPETROL.CL,2838.0
2022-02-04,ECOPETROL,ECOPETROL.CL,2850.0
2022-02-11,ECOPETROL,ECOPETROL.CL,3015.0
2022-02-18,ECOPETROL,ECOPETROL.CL,3056.0
2022-02-25,ECOPETROL,ECOPETROL.CL,3204.0
2022-03-04,ECOPETROL,ECOPETROL.CL,3400.0
2022-03-11,ECOPETROL,ECOPETROL.CL,3335.0
2022-03-18,ECOPETROL,ECOPETROL.CL,3535.0
2022-03-25,ECOPETROL,ECOPETROL.CL,3538.0
2022-04-01,ECOPETROL,ECOPETROL.CL,3610.0
2022-04-08,ECOPETROL,ECOPETROL.CL,3346.0
2022-04-15,ECOPETROL,ECOPETROL.CL,3314.0
2022-04-22,ECOPETROL,ECOPETROL.CL,3320.0
2022-04-29,ECOPETROL,ECOPETROL.CL,3315.0
2022-05-06,ECOPETROL,ECOPETROL.CL,3050.0
2022-05-13,ECOPETROL,ECOPETROL.CL,2800.0
2022-05-20,ECOPETROL,ECOPETROL.CL,2950.0
2022-05-27,ECOPETROL,ECOPETROL.CL,3252.0
2022-06-03,ECOPETROL,ECOPETROL.CL,3175.0
2022-06-10,ECOPETROL,ECOPETROL.CL,2815.0
2022-06-17,ECOPETROL,ECOPETROL.CL,2005.0
2022-06-24,ECOPETROL,ECOPETROL.CL,2253.0
2022-07-01,ECOPETROL,ECOPETROL.CL,2280.0
2022-07-08,ECOPETROL,ECOPETROL.CL,2130.0
2022-07-15,ECOPETROL,ECOPETROL.CL,2131.0
2022-07-22,ECOPETROL,ECOPETROL.CL,2273.0
2022-07-29,ECOPETROL,ECOPETROL.CL,2203.0
2022-08-05,ECOPETROL,ECOPETROL.CL,2340.0
2022-08-12,ECOPETROL,ECOPETROL.CL,2323.0
2022-08-19,ECOPETROL,ECOPETROL.CL,2460.0
2022-08-26,ECOPETROL,ECOPETROL.CL,2210.0
2022-09-02,ECOPETROL,ECOPETROL.CL,2240.0
2022-09-09,ECOPETROL,ECOPETROL.CL,2305.0
2022-09-16,ECOPETROL,ECOPETROL.CL,2209.0
2022-09-23,ECOPETROL,ECOPETROL.CL,2080.0
2022-09-30,ECOPETROL,ECOPETROL.CL,2372.0
2022-10-07,ECOPETROL,ECOPETROL.CL,2210.0
2022-10-14,ECOPETROL,ECOPETROL.CL,2314.0
2022-10-21,ECOPETROL,ECOPETROL.CL,2320.0
2022-10-28,ECOPETROL,ECOPETROL.CL,2450.0
2022-11-04,ECOPETROL,ECOPETROL.CL,2599.0
2022-11-11,ECOPETROL,ECOPETROL.CL,2500.0
2022-11-18,ECOPETROL,ECOPETROL.CL,2460.0
2022-11-25,ECOPETROL,ECOPETROL.CL,2300.0
2022-12-02,ECOPETROL,ECOPETROL.CL,2240.0
2022-12-09,ECOPETROL,ECOPETROL.CL,2183.0
2022-12-16,ECOPETROL,ECOPETROL.CL,2258.0
2022-12-23,ECOPETROL,ECOPETROL.CL,2420.0
2022-12-30,ECOPETROL,ECOPETROL.CL,2510.0
2023-01-06,ECOPETROL,ECOPETROL.CL,2694.0
2023-01-13,ECOPETROL,ECOPETROL.CL,2766.0
2023-01-20,ECOPETROL,ECOPETROL.CL,2693.0
2023-01-27,ECOPETROL,ECOPETROL.CL,2525.0
2023-02-03,ECOPETROL,ECOPETROL.CL,2500.0
2023-02-10,ECOPETROL,ECOPETROL.CL,2620.0
2023-02-17,ECOPETROL,ECOPETROL.CL,2612.0
2023-02-24,ECOPETROL,ECOPETROL.CL,2685.0
2023-03-03,ECOPETROL,ECOPETROL.CL,2632.0
2023-03-10,ECOPETROL,ECOPETROL.CL,2370.0
2023-03-17,ECOPETROL,ECOPETROL.CL,2292.0
2023-03-24,ECOPETROL,ECOPETROL.CL,2421.0
2023-03-31,ECOPETROL,ECOPETROL.CL,2540.0
2023-04-07,ECOPETROL,ECOPETROL.CL,2563.0
2023-04-14,ECOPETROL,ECOPETROL.CL,2520.0
2023-04-21,ECOPETROL,ECOPETROL.CL,2188.0
2023-04-28,ECOPETROL,ECOPETROL.CL,1990.0
2023-05-05,ECOPETROL,ECOPETROL.CL,2090.0
2023-05-12,ECOPETROL,ECOPETROL.CL,2113.0
2023-05-19,ECOPETROL,ECOPETROL.CL,2086.0
2023-05-26,ECOPETROL,ECOPETROL.CL,2064.0
2023-06-02,ECOPETROL,ECOPETROL.CL,2171.0
2023-06-09,ECOPETROL,ECOPETROL.CL,2153.0
2023-06-16,ECOPETROL,ECOPETROL.CL,2148.0
2023-06-23,ECOPETROL,ECOPETROL.CL,2153.0
2023-06-30,ECOPETROL,ECOPETROL.CL,2130.0
2023-07-07,ECOPETROL,ECOPETROL.CL,2236.0
2023-07-14,ECOPETROL,ECOPETROL.CL,2181.0
2023-07-21,ECOPETROL,ECOPETROL.CL,2199.0
2023-07-28,ECOPETROL,ECOPETROL.CL,2330.0
2023-08-04,ECOPETROL,ECOPETROL.CL,2270.0
2023-08-11,ECOPETROL,ECOPETROL.CL,2297.0
2023-08-18,ECOPETROL,ECOPETROL.CL,2304.0
2023-08-25,ECOPETROL,ECOPETROL.CL,2357.0
2023-09-01,ECOPETROL,ECOPETROL.CL,2385.0
2023-09-08,ECOPETROL,ECOPETROL.CL,2456.0
2023-09-15,ECOPETROL,ECOPETROL.CL,2468.0
2023-09-22,ECOPETROL,ECOPETROL.CL,2333.0
2023-09-29,ECOPETROL,ECOPETROL.CL,2321.0
2023-10-06,ECOPETROL,ECOPETROL.CL,2540.0
2023-10-13,ECOPETROL,ECOPETROL.CL,2619.0
2023-10-20,ECOPETROL,ECOPETROL.CL,2475.0
2023-10-27,ECOPETROL,ECOPETROL.CL,2480.0
2023-11-03,ECOPETROL,ECOPETROL.CL,2350.0
2023-11-10,ECOPETROL,ECOPETROL.CL,2395.0
2023-11-17,ECOPETROL,ECOPETROL.CL,2500.0
2023-11-24,ECOPETROL,ECOPETROL.CL,2520.0
2023-12-01,ECOPETROL,ECOPETROL.CL,2465.0
2023-12-08,ECOPETROL,ECOPETROL.CL,2555.0
2023-12-15,ECOPETROL,ECOPETROL.CL,2355.0
2023-12-22,ECOPETROL,ECOPETROL.CL,2340.0
2023-12-29,ECOPETROL,ECOPETROL.CL,2405.0
2024-01-05,ECOPETROL,ECOPETROL.CL,2355.0
2024-01-12,ECOPETROL,ECOPETROL.CL,2300.0
2024-01-19,ECOPETROL,ECOPETROL.CL,2295.0
2024-01-26,ECOPETROL,ECOPETROL.CL,2345.0
2024-02-02,ECOPETROL,ECOPETROL.CL,2340.0
2024-02-09,ECOPETROL,ECOPETROL.CL,2295.0
2024-02-16,ECOPETROL,ECOPETROL.CL,2340.0
2024-02-23,ECOPETROL,ECOPETROL.CL,2290.0
2024-03-01,ECOPETROL,ECOPETROL.CL,2090.0
2024-03-08,ECOPETROL,ECOPETROL.CL,2120.0
2024-03-15,ECOPETROL,ECOPETROL.CL,2125.0
2024-03-22,ECOPETROL,ECOPETROL.CL,2075.0
2024-03-29,ECOPETROL,ECOPETROL.CL,2320.0
2024-04-05,ECOPETROL,ECOPETROL.CL,2260.0
2024-04-12,ECOPETROL,ECOPETROL.CL,2225.0
2024-04-19,ECOPETROL,ECOPETROL.CL,2305.0
2024-04-26,ECOPETROL,ECOPETROL.CL,2255.0
2024-05-03,ECOPETROL,ECOPETROL.CL,2280.0
2024-05-10,ECOPETROL,ECOPETROL.CL,2300.0
2024-05-17,ECOPETROL,ECOPETROL.CL,2270.0
2024-05-24,ECOPETROL,ECOPETROL.CL,2350.0
2024-05-31,ECOPETROL,ECOPETROL.CL,2365.0
2024-06-07,ECOPETROL,ECOPETROL.CL,2405.0
2024-06-14,ECOPETROL,ECOPETROL.CL,2330.0
2024-06-21,ECOPETROL,ECOPETROL.CL,2325.0
2024-06-28,ECOPETROL,ECOPETROL.CL,2280.0
2024-07-05,ECOPETROL,ECOPETROL.CL,2240.0
2024-07-12,ECOPETROL,ECOPETROL.CL,2180.0
2024-07-19,ECOPETROL,ECOPETROL.CL,2140.0
2024-07-26,ECOPETROL,ECOPETROL.CL,2120.0
2024-08-02,ECOPETROL,ECOPETROL.CL,2085.0
2024-08-09,ECOPETROL,ECOPETROL.CL,2085.0
2024-08-16,ECOPETROL,ECOPETROL.CL,2035.0
2024-08-23,ECOPETROL,ECOPETROL.CL,2045.0
2024-08-30,ECOPETROL,ECOPETROL.CL,1925.0
2024-09-06,ECOPETROL,ECOPETROL.CL,1930.0
2024-09-13,ECOPETROL,ECOPETROL.CL,1905.0
2024-09-20,ECOPETROL,ECOPETROL.CL,1900.0
2024-09-27,ECOPETROL,ECOPETROL.CL,1905.0
2024-10-04,ECOPETROL,ECOPETROL.CL,1845.0
2024-10-11,ECOPETROL,ECOPETROL.CL,1740.0
2024-10-18,ECOPETROL,ECOPETROL.CL,1730.0
2024-10-25,ECOPETROL,ECOPETROL.CL,1700.0
2024-11-01,ECOPETROL,ECOPETROL.CL,1660.0
2024-11-08,ECOPETROL,ECOPETROL.CL,1725.0
2024-11-15,ECOPETROL,ECOPETROL.CL,1800.0
2024-11-22,ECOPETROL,ECOPETROL.CL,1780.0
2024-11-29,ECOPETROL,ECOPETROL.CL,1770.0
2024-12-06,ECOPETROL,ECOPETROL.CL,1815.0
2024-12-13,ECOPETROL,ECOPETROL.CL,1680.0
2024-12-20,ECOPETROL,ECOPETROL.CL,1660.0
2024-12-27,ECOPETROL,ECOPETROL.CL,1795.0
2025-01-03,ECOPETROL,ECOPETROL.CL,1815.0
2025-01-10,ECOPETROL,ECOPETROL.CL,1870.0
2025-01-17,ECOPETROL,ECOPETROL.CL,1775.0
2025-01-24,ECOPETROL,ECOPETROL.CL,2025.0
2025-01-31,ECOPETROL,ECOPETROL.CL,2000.0
2025-02-07,ECOPETROL,ECOPETROL.CL,2095.0
2025-02-14,ECOPETROL,ECOPETROL.CL,2235.0
2025-02-21,ECOPETROL,ECOPETROL.CL,2050.0
2025-02-28,ECOPETROL,ECOPETROL.CL,2000.0
2025-03-07,ECOPETROL,ECOPETROL.CL,2010.0
2025-03-14,ECOPETROL,ECOPETROL.CL,2100.0
2025-03-21,ECOPETROL,ECOPETROL.CL,2175.0
2025-03-28,ECOPETROL,ECOPETROL.CL,2000.0
2025-04-04,ECOPETROL,ECOPETROL.CL,1785.0
2025-04-11,ECOPETROL,ECOPETROL.CL,1905.0
2025-04-18,ECOPETROL,ECOPETROL.CL,1840.0
2025-04-25,ECOPETROL,ECOPETROL.CL,1725.0
2025-05-02,ECOPETROL,ECOPETROL.CL,1720.0
2025-05-09,ECOPETROL,ECOPETROL.CL,1800.0
2025-05-16,ECOPETROL,ECOPETROL.CL,1780.0
2025-05-23,ECOPETROL,ECOPETROL.CL,1795.0
2025-05-30,ECOPETROL,ECOPETROL.CL,1780.0
2025-06-06,ECOPETROL,ECOPETROL.CL,1925.0
2025-06-13,ECOPETROL,ECOPETROL.CL,1995.0
2025-06-20,ECOPETROL,ECOPETROL.CL,1880.0
2025-06-27,ECOPETROL,ECOPETROL.CL,1820.0
2025-07-04,ECOPETROL,ECOPETROL.CL,1810.0
2025-07-11,ECOPETROL,ECOPETROL.CL,1790.0
2025-07-18,ECOPETROL,ECOPETROL.CL,1755.0
2025-07-25,ECOPETROL,ECOPETROL.CL,1755.0
2025-08-01,ECOPETROL,ECOPETROL.CL,1750.0
2025-08-08,ECOPETROL,ECOPETROL.CL,1770.0
2025-08-15,ECOPETROL,ECOPETROL.CL,1805.0
2025-08-22,ECOPETROL,ECOPETROL.CL,1880.0
2025-08-29,ECOPETROL,ECOPETROL.CL,1815.0
2025-09-05,ECOPETROL,ECOPETROL.CL,1810.0
2025-09-12,ECOPETROL,ECOPETROL.CL,1760.0
2025-09-19,ECOPETROL,ECOPETROL.CL,1860.0
2025-09-26,ECOPETROL,ECOPETROL.CL,1760.0
2025-10-03,ECOPETROL,ECOPETROL.CL,1755.0
2025-10-10,ECOPETROL,ECOPETROL.CL,1725.0
2025-10-17,ECOPETROL,ECOPETROL.CL,1775.0
2025-10-24,ECOPETROL,ECOPETROL.CL,1800.0
2025-10-31,ECOPETROL,ECOPETROL.CL,1830.0
2025-11-07,ECOPETROL,ECOPETROL.CL,1870.0
2025-11-14,ECOPETROL,ECOPETROL.CL,1900.0
2025-11-21,ECOPETROL,ECOPETROL.CL,1865.0
2025-11-28,ECOPETROL,ECOPETROL.CL,1905.0
2025-12-05,ECOPETROL,ECOPETROL.CL,1865.0
2025-12-12,ECOPETROL,ECOPETROL.CL,1785.0
2025-12-19,ECOPETROL,ECOPETROL.CL,1800.0
2025-12-26,ECOPETROL,ECOPETROL.CL,1870.0
2026-01-02,ECOPETROL,ECOPETROL.CL,1995.0
2026-01-09,ECOPETROL,ECOPETROL.CL,2165.0
2026-01-16,ECOPETROL,ECOPETROL.CL,2200.0
2026-01-23,ECOPETROL,ECOPETROL.CL,2320.0
2026-01-30,ECOPETROL,ECOPETROL.CL,2170.0
2026-02-06,ECOPETROL,ECOPETROL.CL,2185.0
2026-02-13,ECOPETROL,ECOPETROL.CL,2315.0
2026-02-20,ECOPETROL,ECOPETROL.CL,2250.0
2026-02-27,ECOPETROL,ECOPETROL.CL,2370.0
2026-03-06,ECOPETROL,ECOPETROL.CL,2570.0
2026-03-13,ECOPETROL,ECOPETROL.CL,2675.0
2026-03-20,ECOPETROL,ECOPETROL.CL,2700.0
2026-03-27,ECOPETROL,ECOPETROL.CL,2640.0
2026-04-03,ECOPETROL,ECOPETROL.CL,2555.0
2026-04-10,ECOPETROL,ECOPETROL.CL,2470.0
2026-04-17,ECOPETROL,ECOPETROL.CL,2580.0
2026-04-24,ECOPETROL,ECOPETROL.CL,2600.0
2026-05-01,ECOPETROL,ECOPETROL.CL,2430.0
2026-05-08,ECOPETROL,ECOPETROL.CL,2485.0
2026-05-15,ECOPETROL,ECOPETROL.CL,2575.0
2026-05-22,ECOPETROL,ECOPETROL.CL,2695.0
2026-05-29,ECOPETROL,ECOPETROL.CL,2800.0
2026-06-05,ECOPETROL,ECOPETROL.CL,2835.0
2026-06-12,ECOPETROL,ECOPETROL.CL,2725.0
2026-06-19,ECOPETROL,ECOPETROL.CL,2500.0
2026-06-26,ECOPETROL,ECOPETROL.CL,2470.0
2026-07-03,ECOPETROL,ECOPETROL.CL,2535.0
2026-07-10,ECOPETROL,ECOPETROL.CL,2575.0
2026-07-17,ECOPETROL,ECOPETROL.CL,2605.0
2026-07-24,ECOPETROL,ECOPETROL.CL,2680.0
2026-07-31,ECOPETROL,ECOPETROL.CL,2770.0
2026-08-07,ECOPETROL,ECOPETROL.CL,2700.0
2026-08-14,ECOPETROL,ECOPETROL.CL,2695.0
2026-08-21,ECOPETROL,ECOPETROL.CL,2630.0
2026-08-28,ECOPETROL,ECOPETROL.CL,2690.0
2026-09-04,ECOPETROL,ECOPETROL.CL,2790.0
2026-09-11,ECOPETROL,ECOPETROL.CL,2770.0
2026-09-18,ECOPETROL,ECOPETROL.CL,2740.0
2026-09-25,ECOPETROL,ECOPETROL.CL,2740.0
2026-09-30,ECOPETROL,ECOPETROL.CL,2740.0
2010-01-01,EXITO,EXITO.CL,6660.0
2010-01-08,EXITO,EXITO.CL,6500.0
2010-01-15,EXITO,EXITO.CL,6333.33
2010-01-22,EXITO,EXITO.CL,6233.33
2010-01-29,EXITO,EXITO.CL,6166.67
2010-02-05,EXITO,EXITO.CL,6106.67
2010-02-12,EXITO,EXITO.CL,6140.0
2010-02-19,EXITO,EXITO.CL,6100.0
2010-02-26,EXITO,EXITO.CL,5833.33
2010-03-05,EXITO,EXITO.CL,5760.0
2010-03-12,EXITO,EXITO.CL,5800.0
2010-03-19,EXITO,EXITO.CL,5766.67
2010-03-26,EXITO,EXITO.CL,5793.33
2010-04-02,EXITO,EXITO.CL,5893.33
2010-04-09,EXITO,EXITO.CL,5933.33
2010-04-16,EXITO,EXITO.CL,5960.0
2010-04-23,EXITO,EXITO.CL,5900.0
2010-04-30,EXITO,EXITO.CL,5533.33
2010-05-07,EXITO,EXITO.CL,5913.33
2010-05-14,EXITO,EXITO.CL,5733.33
2010-05-21,EXITO,EXITO.CL,5866.67
2010-05-28,EXITO,EXITO.CL,5913.33
2010-06-04,EXITO,EXITO.CL,5900.0
2010-06-11,EXITO,EXITO.CL,5906.67
2010-06-18,EXITO,EXITO.CL,5946.67
2010-06-25,EXITO,EXITO.CL,5953.33
2010-07-02,EXITO,EXITO.CL,5960.0
2010-07-09,EXITO,EXITO.CL,6046.67
2010-07-16,EXITO,EXITO.CL,6293.33
2010-07-23,EXITO,EXITO.CL,6700.0
2010-07-30,EXITO,EXITO.CL,6753.33
2010-08-06,EXITO,EXITO.CL,6760.0
2010-08-13,EXITO,EXITO.CL,7133.33
2010-08-20,EXITO,EXITO.CL,7393.33
2010-08-27,EXITO,EXITO.CL,7593.33
2010-09-03,EXITO,EXITO.CL,7833.33
2010-09-10,EXITO,EXITO.CL,7333.33
2010-09-17,EXITO,EXITO.CL,7333.33
2010-09-24,EXITO,EXITO.CL,7460.0
2010-10-01,EXITO,EXITO.CL,7553.33
2010-10-08,EXITO,EXITO.CL,7693.33
2010-10-15,EXITO,EXITO.CL,7733.33
2010-10-22,EXITO,EXITO.CL,7646.67
2010-10-29,EXITO,EXITO.CL,8233.33
2010-11-05,EXITO,EXITO.CL,8020.0
2010-11-12,EXITO,EXITO.CL,7900.0
2010-11-19,EXITO,EXITO.CL,7620.0
2010-11-26,EXITO,EXITO.CL,7866.67
2010-12-03,EXITO,EXITO.CL,7940.0
2010-12-10,EXITO,EXITO.CL,7906.67
2010-12-17,EXITO,EXITO.CL,7926.67
2010-12-24,EXITO,EXITO.CL,7786.67
2010-12-31,EXITO,EXITO.CL,7766.67
2011-01-07,EXITO,EXITO.CL,7833.33
2011-01-14,EXITO,EXITO.CL,7600.0
2011-01-21,EXITO,EXITO.CL,7720.0
2011-01-28,EXITO,EXITO.CL,7733.33
2011-02-04,EXITO,EXITO.CL,7833.33
2011-02-11,EXITO,EXITO.CL,7933.33
2011-02-18,EXITO,EXITO.CL,7920.0
2011-02-25,EXITO,EXITO.CL,8393.33
2011-03-04,EXITO,EXITO.CL,8473.33
2011-03-11,EXITO,EXITO.CL,8340.0
2011-03-18,EXITO,EXITO.CL,9006.67
2011-03-25,EXITO,EXITO.CL,9060.0
2011-04-01,EXITO,EXITO.CL,9133.33
2011-04-08,EXITO,EXITO.CL,9286.67
2011-04-15,EXITO,EXITO.CL,9266.67
2011-04-22,EXITO,EXITO.CL,9100.0
2011-04-29,EXITO,EXITO.CL,8993.33
2011-05-06,EXITO,EXITO.CL,8973.33
2011-05-13,EXITO,EXITO.CL,8666.67
2011-05-20,EXITO,EXITO.CL,8666.67
2011-05-27,EXITO,EXITO.CL,8880.0
2011-06-03,EXITO,EXITO.CL,8866.67
2011-06-10,EXITO,EXITO.CL,8766.67
2011-06-17,EXITO,EXITO.CL,8700.0
2011-06-24,EXITO,EXITO.CL,8666.67
2011-07-01,EXITO,EXITO.CL,7906.67
2011-07-08,EXITO,EXITO.CL,7333.33
2011-07-15,EXITO,EXITO.CL,7693.33
2011-07-22,EXITO,EXITO.CL,7566.67
2011-07-29,EXITO,EXITO.CL,8033.33
2011-08-05,EXITO,EXITO.CL,8000.0
2011-08-12,EXITO,EXITO.CL,7966.67
2011-08-19,EXITO,EXITO.CL,8133.33
2011-08-26,EXITO,EXITO.CL,7820.0
2011-09-02,EXITO,EXITO.CL,7766.67
2011-09-09,EXITO,EXITO.CL,7626.67
2011-09-16,EXITO,EXITO.CL,8000.0
2011-09-23,EXITO,EXITO.CL,7613.33
2011-09-30,EXITO,EXITO.CL,7633.33
2011-10-07,EXITO,EXITO.CL,7653.33
2011-10-14,EXITO,EXITO.CL,7613.33
2011-10-21,EXITO,EXITO.CL,7980.0
2011-10-28,EXITO,EXITO.CL,8053.33
2011-11-04,EXITO,EXITO.CL,8073.33
2011-11-11,EXITO,EXITO.CL,8333.33
2011-11-18,EXITO,EXITO.CL,7980.0
2011-11-25,EXITO,EXITO.CL,7846.67
2011-12-02,EXITO,EXITO.CL,8226.67
2011-12-09,EXITO,EXITO.CL,8100.0
2011-12-16,EXITO,EXITO.CL,8293.33
2011-12-23,EXITO,EXITO.CL,8500.0
2011-12-30,EXITO,EXITO.CL,8760.0
2012-01-06,EXITO,EXITO.CL,8733.33
2012-01-13,EXITO,EXITO.CL,8486.67
2012-01-20,EXITO,EXITO.CL,8273.33
2012-01-27,EXITO,EXITO.CL,8500.0
2012-02-03,EXITO,EXITO.CL,8353.33
2012-02-10,EXITO,EXITO.CL,8346.67
2012-02-17,EXITO,EXITO.CL,8320.0
2012-02-24,EXITO,EXITO.CL,8393.33
2012-03-02,EXITO,EXITO.CL,8286.67
2012-03-09,EXITO,EXITO.CL,8220.0
2012-03-16,EXITO,EXITO.CL,8160.0
2012-03-23,EXITO,EXITO.CL,8480.0
2012-03-30,EXITO,EXITO.CL,9000.0
2012-04-06,EXITO,EXITO.CL,9120.0
2012-04-13,EXITO,EXITO.CL,9300.0
2012-04-20,EXITO,EXITO.CL,9300.0
2012-04-27,EXITO,EXITO.CL,9660.0
2012-05-04,EXITO,EXITO.CL,9813.33
2012-05-11,EXITO,EXITO.CL,9566.67
2012-05-18,EXITO,EXITO.CL,9700.0
2012-05-25,EXITO,EXITO.CL,9160.0
2012-06-01,EXITO,EXITO.CL,9400.0
2012-06-08,EXITO,EXITO.CL,9566.67
2012-06-15,EXITO,EXITO.CL,9433.33
2012-06-22,EXITO,EXITO.CL,9633.33
2012-06-29,EXITO,EXITO.CL,10320.0
2012-07-06,EXITO,EXITO.CL,9940.0
2012-07-13,EXITO,EXITO.CL,10266.67
2012-07-20,EXITO,EXITO.CL,10173.33
2012-07-27,EXITO,EXITO.CL,10200.0
2012-08-03,EXITO,EXITO.CL,9900.0
2012-08-10,EXITO,EXITO.CL,10160.0
2012-08-17,EXITO,EXITO.CL,10126.67
2012-08-24,EXITO,EXITO.CL,9940.0
2012-08-31,EXITO,EXITO.CL,9993.33
2012-09-07,EXITO,EXITO.CL,10046.67
2012-09-14,EXITO,EXITO.CL,10000.0
2012-09-21,EXITO,EXITO.CL,10033.33
2012-09-28,EXITO,EXITO.CL,10006.67
2012-10-05,EXITO,EXITO.CL,9906.67
2012-10-12,EXITO,EXITO.CL,10633.33
2012-10-19,EXITO,EXITO.CL,11266.67
2012-10-26,EXITO,EXITO.CL,11640.0
2012-11-02,EXITO,EXITO.CL,11000.0
2012-11-09,EXITO,EXITO.CL,11660.0
2012-11-16,EXITO,EXITO.CL,12093.33
2012-11-23,EXITO,EXITO.CL,11666.67
2012-11-30,EXITO,EXITO.CL,12213.33
2012-12-07,EXITO,EXITO.CL,12026.67
2012-12-14,EXITO,EXITO.CL,11866.67
2012-12-21,EXITO,EXITO.CL,11886.67
2012-12-28,EXITO,EXITO.CL,11833.33
2013-01-04,EXITO,EXITO.CL,12133.33
2013-01-11,EXITO,EXITO.CL,11780.0
2013-01-18,EXITO,EXITO.CL,11560.0
2013-01-25,EXITO,EXITO.CL,11066.67
2013-02-01,EXITO,EXITO.CL,11433.33
2013-02-08,EXITO,EXITO.CL,11586.67
2013-02-15,EXITO,EXITO.CL,11740.0
2013-02-22,EXITO,EXITO.CL,11666.67
2013-03-01,EXITO,EXITO.CL,11586.67
2013-03-08,EXITO,EXITO.CL,11346.67
2013-03-15,EXITO,EXITO.CL,10986.67
2013-03-22,EXITO,EXITO.CL,11000.0
2013-03-29,EXITO,EXITO.CL,10966.67
2013-04-05,EXITO,EXITO.CL,11000.0
2013-04-12,EXITO,EXITO.CL,10533.33
2013-04-19,EXITO,EXITO.CL,10566.67
2013-04-26,EXITO,EXITO.CL,10100.0
2013-05-03,EXITO,EXITO.CL,9833.33
2013-05-10,EXITO,EXITO.CL,10260.0
2013-05-17,EXITO,EXITO.CL,10946.67
2013-05-24,EXITO,EXITO.CL,10746.67
2013-05-31,EXITO,EXITO.CL,10566.67
2013-06-07,EXITO,EXITO.CL,10166.67
2013-06-14,EXITO,EXITO.CL,10086.67
2013-06-21,EXITO,EXITO.CL,10266.67
2013-06-28,EXITO,EXITO.CL,10366.67
2013-07-05,EXITO,EXITO.CL,10300.0
2013-07-12,EXITO,EXITO.CL,10753.33
2013-07-19,EXITO,EXITO.CL,10580.0
2013-07-26,EXITO,EXITO.CL,10586.67
2013-08-02,EXITO,EXITO.CL,10666.67
2013-08-09,EXITO,EXITO.CL,11000.0
2013-08-16,EXITO,EXITO.CL,11100.0
2013-08-23,EXITO,EXITO.CL,10420.0
2013-08-30,EXITO,EXITO.CL,11166.67
2013-09-06,EXITO,EXITO.CL,10913.33
2013-09-13,EXITO,EXITO.CL,10966.67
2013-09-20,EXITO,EXITO.CL,10880.0
2013-09-27,EXITO,EXITO.CL,10900.0
2013-10-04,EXITO,EXITO.CL,10706.67
2013-10-11,EXITO,EXITO.CL,10833.33
2013-10-18,EXITO,EXITO.CL,10793.33
2013-10-25,EXITO,EXITO.CL,10566.67
2013-11-01,EXITO,EXITO.CL,10706.67
2013-11-08,EXITO,EXITO.CL,10413.33
2013-11-15,EXITO,EXITO.CL,10366.67
2013-11-22,EXITO,EXITO.CL,10326.67
2013-11-29,EXITO,EXITO.CL,9733.33
2013-12-06,EXITO,EXITO.CL,9980.0
2013-12-13,EXITO,EXITO.CL,10133.33
2013-12-20,EXITO,EXITO.CL,9993.33
2013-12-27,EXITO,EXITO.CL,10266.67
2014-01-03,EXITO,EXITO.CL,9833.33
2014-01-10,EXITO,EXITO.CL,9500.0
2014-01-17,EXITO,EXITO.CL,9300.0
2014-01-24,EXITO,EXITO.CL,8673.33
2014-01-31,EXITO,EXITO.CL,8580.0
2014-02-07,EXITO,EXITO.CL,9160.0
2014-02-14,EXITO,EXITO.CL,9260.0
2014-02-21,EXITO,EXITO.CL,8360.0
2014-02-28,EXITO,EXITO.CL,9053.33
2014-03-07,EXITO,EXITO.CL,9026.67
2014-03-14,EXITO,EXITO.CL,9493.33
2014-03-21,EXITO,EXITO.CL,9486.67
2014-03-28,EXITO,EXITO.CL,10066.67
2014-04-04,EXITO,EXITO.CL,10033.33
2014-04-11,EXITO,EXITO.CL,9993.33
2014-04-18,EXITO,EXITO.CL,9900.0
2014-04-25,EXITO,EXITO.CL,9833.33
2014-05-02,EXITO,EXITO.CL,9933.33
2014-05-09,EXITO,EXITO.CL,10133.33
2014-05-16,EXITO,EXITO.CL,10233.33
2014-05-23,EXITO,EXITO.CL,10360.0
2014-05-30,EXITO,EXITO.CL,10406.67
2014-06-06,EXITO,EXITO.CL,10633.33
2014-06-13,EXITO,EXITO.CL,10500.0
2014-06-20,EXITO,EXITO.CL,10566.67
2014-06-27,EXITO,EXITO.CL,10626.67
2014-07-04,EXITO,EXITO.CL,10586.67
2014-07-11,EXITO,EXITO.CL,10373.33
2014-07-18,EXITO,EXITO.CL,10553.33
2014-07-25,EXITO,EXITO.CL,10200.0
2014-08-01,EXITO,EXITO.CL,10700.0
2014-08-08,EXITO,EXITO.CL,10620.0
2014-08-15,EXITO,EXITO.CL,10733.33
2014-08-22,EXITO,EXITO.CL,11066.67
2014-08-29,EXITO,EXITO.CL,10866.67
2014-09-05,EXITO,EXITO.CL,10933.33
2014-09-12,EXITO,EXITO.CL,10520.0
2014-09-19,EXITO,EXITO.CL,10053.33
2014-09-26,EXITO,EXITO.CL,9540.0
2014-10-03,EXITO,EXITO.CL,9966.67
2014-10-10,EXITO,EXITO.CL,9666.67
2014-10-17,EXITO,EXITO.CL,9933.33
2014-10-24,EXITO,EXITO.CL,9566.67
2014-10-31,EXITO,EXITO.CL,9666.67
2014-11-07,EXITO,EXITO.CL,9666.67
2014-11-14,EXITO,EXITO.CL,9626.67
2014-11-21,EXITO,EXITO.CL,9160.0
2014-11-28,EXITO,EXITO.CL,8866.67
2014-12-05,EXITO,EXITO.CL,8573.33
2014-12-12,EXITO,EXITO.CL,8600.0
2014-12-19,EXITO,EXITO.CL,9546.67
2014-12-26,EXITO,EXITO.CL,9733.33
2015-01-02,EXITO,EXITO.CL,9366.67
2015-01-09,EXITO,EXITO.CL,8480.0
2015-01-16,EXITO,EXITO.CL,8600.0
2015-01-23,EXITO,EXITO.CL,8840.0
2015-01-30,EXITO,EXITO.CL,8720.0
2015-02-06,EXITO,EXITO.CL,8226.67
2015-02-13,EXITO,EXITO.CL,8333.33
2015-02-20,EXITO,EXITO.CL,8233.33
2015-02-27,EXITO,EXITO.CL,8220.0
2015-03-06,EXITO,EXITO.CL,7540.0
2015-03-13,EXITO,EXITO.CL,7733.33
2015-03-20,EXITO,EXITO.CL,7700.0
2015-03-27,EXITO,EXITO.CL,8433.33
2015-04-03,EXITO,EXITO.CL,8626.67
2015-04-10,EXITO,EXITO.CL,8633.33
2015-04-17,EXITO,EXITO.CL,8173.33
2015-04-24,EXITO,EXITO.CL,8640.0
2015-05-01,EXITO,EXITO.CL,8666.67
2015-05-08,EXITO,EXITO.CL,8073.33
2015-05-15,EXITO,EXITO.CL,7733.33
2015-05-22,EXITO,EXITO.CL,7566.67
2015-05-29,EXITO,EXITO.CL,7633.33
2015-06-05,EXITO,EXITO.CL,7640.0
2015-06-12,EXITO,EXITO.CL,7486.67
2015-06-19,EXITO,EXITO.CL,7353.33
2015-06-26,EXITO,EXITO.CL,7600.0
2015-07-03,EXITO,EXITO.CL,7260.0
2015-07-10,EXITO,EXITO.CL,7600.0
2015-07-17,EXITO,EXITO.CL,7480.0
2015-07-24,EXITO,EXITO.CL,7600.0
2015-07-31,EXITO,EXITO.CL,6500.0
2015-08-07,EXITO,EXITO.CL,6700.0
2015-08-14,EXITO,EXITO.CL,6200.0
2015-08-21,EXITO,EXITO.CL,4840.0
2015-08-28,EXITO,EXITO.CL,5306.67
2015-09-04,EXITO,EXITO.CL,5533.33
2015-09-11,EXITO,EXITO.CL,5333.33
2015-09-18,EXITO,EXITO.CL,4900.0
2015-09-25,EXITO,EXITO.CL,4420.0
2015-10-02,EXITO,EXITO.CL,4993.33
2015-10-09,EXITO,EXITO.CL,4900.0
2015-10-16,EXITO,EXITO.CL,4693.33
2015-10-23,EXITO,EXITO.CL,4526.67
2015-10-30,EXITO,EXITO.CL,4353.33
2015-11-06,EXITO,EXITO.CL,4260.0
2015-11-13,EXITO,EXITO.CL,3753.33
2015-11-20,EXITO,EXITO.CL,3366.67
2015-11-27,EXITO,EXITO.CL,3680.0
2015-12-04,EXITO,EXITO.CL,4166.67
2015-12-11,EXITO,EXITO.CL,4540.0
2015-12-18,EXITO,EXITO.CL,4386.67
2015-12-25,EXITO,EXITO.CL,4500.0
2016-01-01,EXITO,EXITO.CL,4253.33
2016-01-08,EXITO,EXITO.CL,4206.67
2016-01-15,EXITO,EXITO.CL,4353.33
2016-01-22,EXITO,EXITO.CL,4506.67
2016-01-29,EXITO,EXITO.CL,4506.67
2016-02-05,EXITO,EXITO.CL,4540.0
2016-02-12,EXITO,EXITO.CL,4506.67
2016-02-19,EXITO,EXITO.CL,4506.67
2016-02-26,EXITO,EXITO.CL,4966.67
2016-03-04,EXITO,EXITO.CL,4993.33
2016-03-11,EXITO,EXITO.CL,5173.33
2016-03-18,EXITO,EXITO.CL,4900.0
2016-03-25,EXITO,EXITO.CL,5226.67
2016-04-01,EXITO,EXITO.CL,5120.0
2016-04-08,EXITO,EXITO.CL,5333.33
2016-04-15,EXITO,EXITO.CL,5386.67
2016-04-22,EXITO,EXITO.CL,5620.0
2016-04-29,EXITO,EXITO.CL,5166.67
2016-05-06,EXITO,EXITO.CL,5273.33
2016-05-13,EXITO,EXITO.CL,5140.0
2016-05-20,EXITO,EXITO.CL,5053.33
2016-05-27,EXITO,EXITO.CL,5066.67
2016-06-03,EXITO,EXITO.CL,5093.33
2016-06-10,EXITO,EXITO.CL,4760.0
2016-06-17,EXITO,EXITO.CL,4900.0
2016-06-24,EXITO,EXITO.CL,4800.0
2016-07-01,EXITO,EXITO.CL,4606.67
2016-07-08,EXITO,EXITO.CL,4693.33
2016-07-15,EXITO,EXITO.CL,4833.33
2016-07-22,EXITO,EXITO.CL,4780.0
2016-07-29,EXITO,EXITO.CL,4660.0
2016-08-05,EXITO,EXITO.CL,4713.33
2016-08-12,EXITO,EXITO.CL,4660.0
2016-08-19,EXITO,EXITO.CL,4653.33
2016-08-26,EXITO,EXITO.CL,4866.67
2016-09-02,EXITO,EXITO.CL,4986.67
2016-09-09,EXITO,EXITO.CL,4900.0
2016-09-16,EXITO,EXITO.CL,4946.67
2016-09-23,EXITO,EXITO.CL,4946.67
2016-09-30,EXITO,EXITO.CL,4893.33
2016-10-07,EXITO,EXITO.CL,4880.0
2016-10-14,EXITO,EXITO.CL,4906.67
2016-10-21,EXITO,EXITO.CL,4960.0
2016-10-28,EXITO,EXITO.CL,5033.33
2016-11-04,EXITO,EXITO.CL,4926.67
2016-11-11,EXITO,EXITO.CL,4766.67
2016-11-18,EXITO,EXITO.CL,4793.33
2016-11-25,EXITO,EXITO.CL,4760.0
2016-12-02,EXITO,EXITO.CL,4893.33
2016-12-09,EXITO,EXITO.CL,4846.67
2016-12-16,EXITO,EXITO.CL,4953.33
2016-12-23,EXITO,EXITO.CL,4966.67
2016-12-30,EXITO,EXITO.CL,5066.67
2017-01-06,EXITO,EXITO.CL,4973.33
2017-01-13,EXITO,EXITO.CL,4913.33
2017-01-20,EXITO,EXITO.CL,5133.33
2017-01-27,EXITO,EXITO.CL,5180.0
2017-02-03,EXITO,EXITO.CL,5293.33
2017-02-10,EXITO,EXITO.CL,5280.0
2017-02-17,EXITO,EXITO.CL,5306.67
2017-02-24,EXITO,EXITO.CL,5120.0
2017-03-03,EXITO,EXITO.CL,5066.67
2017-03-10,EXITO,EXITO.CL,5046.67
2017-03-17,EXITO,EXITO.CL,5100.0
2017-03-24,EXITO,EXITO.CL,5133.33
2017-03-31,EXITO,EXITO.CL,5120.0
2017-04-07,EXITO,EXITO.CL,5093.33
2017-04-14,EXITO,EXITO.CL,5046.67
2017-04-21,EXITO,EXITO.CL,4993.33
2017-04-28,EXITO,EXITO.CL,5133.33
2017-05-05,EXITO,EXITO.CL,5226.67
2017-05-12,EXITO,EXITO.CL,5086.67
2017-05-19,EXITO,EXITO.CL,5186.67
2017-05-26,EXITO,EXITO.CL,5193.33
2017-06-02,EXITO,EXITO.CL,5200.0
2017-06-09,EXITO,EXITO.CL,5193.33
2017-06-16,EXITO,EXITO.CL,5133.33
2017-06-23,EXITO,EXITO.CL,5120.0
2017-06-30,EXITO,EXITO.CL,5020.0
2017-07-07,EXITO,EXITO.CL,4966.67
2017-07-14,EXITO,EXITO.CL,4946.67
2017-07-21,EXITO,EXITO.CL,5073.33
2017-07-28,EXITO,EXITO.CL,5073.33
2017-08-04,EXITO,EXITO.CL,4953.33
2017-08-11,EXITO,EXITO.CL,5080.0
2017-08-18,EXITO,EXITO.CL,5086.67
2017-08-25,EXITO,EXITO.CL,5120.0
2017-09-01,EXITO,EXITO.CL,5133.33
2017-09-08,EXITO,EXITO.CL,5153.33
2017-09-15,EXITO,EXITO.CL,5106.67
2017-09-22,EXITO,EXITO.CL,5140.0
2017-09-29,EXITO,EXITO.CL,5260.0
2017-10-06,EXITO,EXITO.CL,5246.67
2017-10-13,EXITO,EXITO.CL,5293.33
2017-10-20,EXITO,EXITO.CL,5400.0
2017-10-27,EXITO,EXITO.CL,5493.33
2017-11-03,EXITO,EXITO.CL,5400.0
2017-11-10,EXITO,EXITO.CL,5460.0
2017-11-17,EXITO,EXITO.CL,5426.67
2017-11-24,EXITO,EXITO.CL,5460.0
2017-12-01,EXITO,EXITO.CL,5500.0
2017-12-08,EXITO,EXITO.CL,5546.67
2017-12-15,EXITO,EXITO.CL,5493.33
2017-12-22,EXITO,EXITO.CL,5520.0
2017-12-29,EXITO,EXITO.CL,5446.67
2018-01-05,EXITO,EXITO.CL,5593.33
2018-01-12,EXITO,EXITO.CL,5606.67
2018-01-19,EXITO,EXITO.CL,6093.33
2018-01-26,EXITO,EXITO.CL,6166.67
2018-02-02,EXITO,EXITO.CL,5826.67
2018-02-09,EXITO,EXITO.CL,5673.33
2018-02-16,EXITO,EXITO.CL,5766.67
2018-02-23,EXITO,EXITO.CL,5533.33
2018-03-02,EXITO,EXITO.CL,5573.33
2018-03-09,EXITO,EXITO.CL,5560.0
2018-03-16,EXITO,EXITO.CL,5460.0
2018-03-23,EXITO,EXITO.CL,5366.67
2018-03-30,EXITO,EXITO.CL,5346.67
2018-04-06,EXITO,EXITO.CL,5293.33
2018-04-13,EXITO,EXITO.CL,5533.33
2018-04-20,EXITO,EXITO.CL,5480.0
2018-04-27,EXITO,EXITO.CL,5600.0
2018-05-04,EXITO,EXITO.CL,5560.0
2018-05-11,EXITO,EXITO.CL,5266.67
2018-05-18,EXITO,EXITO.CL,5373.33
2018-05-25,EXITO,EXITO.CL,5500.0
2018-06-01,EXITO,EXITO.CL,5380.0
2018-06-08,EXITO,EXITO.CL,5546.67
2018-06-15,EXITO,EXITO.CL,5393.33
2018-06-22,EXITO,EXITO.CL,5313.33
2018-06-29,EXITO,EXITO.CL,5340.0
2018-07-06,EXITO,EXITO.CL,5380.0
2018-07-13,EXITO,EXITO.CL,5400.0
2018-07-20,EXITO,EXITO.CL,5420.0
2018-07-27,EXITO,EXITO.CL,5426.67
2018-08-03,EXITO,EXITO.CL,5333.33
2018-08-10,EXITO,EXITO.CL,5333.33
2018-08-17,EXITO,EXITO.CL,5333.33
2018-08-24,EXITO,EXITO.CL,5333.33
2018-08-31,EXITO,EXITO.CL,4900.0
2018-09-07,EXITO,EXITO.CL,4900.0
2018-09-14,EXITO,EXITO.CL,4833.33
2018-09-21,EXITO,EXITO.CL,4953.33
2018-09-28,EXITO,EXITO.CL,4926.67
2018-10-05,EXITO,EXITO.CL,4813.33
2018-10-12,EXITO,EXITO.CL,4700.0
2018-10-19,EXITO,EXITO.CL,4733.33
2018-10-26,EXITO,EXITO.CL,4633.33
2018-11-02,EXITO,EXITO.CL,4833.33
2018-11-09,EXITO,EXITO.CL,4740.0
2018-11-16,EXITO,EXITO.CL,4586.67
2018-11-23,EXITO,EXITO.CL,4246.67
2018-11-30,EXITO,EXITO.CL,4300.0
2018-12-07,EXITO,EXITO.CL,4066.67
2018-12-14,EXITO,EXITO.CL,4066.67
2018-12-21,EXITO,EXITO.CL,4066.67
2018-12-28,EXITO,EXITO.CL,4193.33
2019-01-04,EXITO,EXITO.CL,4306.67
2019-01-11,EXITO,EXITO.CL,4313.33
2019-01-18,EXITO,EXITO.CL,4446.67
2019-01-25,EXITO,EXITO.CL,4700.0
2019-02-01,EXITO,EXITO.CL,4740.0
2019-02-08,EXITO,EXITO.CL,4873.33
2019-02-15,EXITO,EXITO.CL,4900.0
2019-02-22,EXITO,EXITO.CL,4866.67
2019-03-01,EXITO,EXITO.CL,4766.67
2019-03-08,EXITO,EXITO.CL,4893.33
2019-03-15,EXITO,EXITO.CL,4946.67
2019-03-22,EXITO,EXITO.CL,4806.67
2019-03-29,EXITO,EXITO.CL,4833.33
2019-04-05,EXITO,EXITO.CL,4733.33
2019-04-12,EXITO,EXITO.CL,4680.0
2019-04-19,EXITO,EXITO.CL,4866.67
2019-04-26,EXITO,EXITO.CL,4820.0
2019-05-03,EXITO,EXITO.CL,4626.67
2019-05-10,EXITO,EXITO.CL,4826.67
2019-05-17,EXITO,EXITO.CL,4713.33
2019-05-24,EXITO,EXITO.CL,4573.33
2019-05-31,EXITO,EXITO.CL,4693.33
2019-06-07,EXITO,EXITO.CL,4866.67
2019-06-14,EXITO,EXITO.CL,4833.33
2019-06-21,EXITO,EXITO.CL,5546.67
2019-06-28,EXITO,EXITO.CL,5566.67
2019-07-05,EXITO,EXITO.CL,5553.33
2019-07-12,EXITO,EXITO.CL,5666.67
2019-07-19,EXITO,EXITO.CL,5646.67
2019-07-26,EXITO,EXITO.CL,5800.0
2019-08-02,EXITO,EXITO.CL,5793.33
2019-08-09,EXITO,EXITO.CL,5746.67
2019-08-16,EXITO,EXITO.CL,5840.0
2019-08-23,EXITO,EXITO.CL,5846.67
2019-08-30,EXITO,EXITO.CL,5873.33
2019-09-06,EXITO,EXITO.CL,5866.67
2019-09-13,EXITO,EXITO.CL,5860.0
2019-09-20,EXITO,EXITO.CL,5860.0
2019-09-27,EXITO,EXITO.CL,5860.0
2019-10-04,EXITO,EXITO.CL,5860.0
2019-10-11,EXITO,EXITO.CL,5860.0
2019-10-18,EXITO,EXITO.CL,5960.0
2019-10-25,EXITO,EXITO.CL,5966.67
2019-11-01,EXITO,EXITO.CL,5993.33
2019-11-08,EXITO,EXITO.CL,5986.67
2019-11-15,EXITO,EXITO.CL,5020.0
2019-11-22,EXITO,EXITO.CL,5000.0
2019-11-29,EXITO,EXITO.CL,4526.67
2019-12-06,EXITO,EXITO.CL,4666.67
2019-12-13,EXITO,EXITO.CL,4666.67
2019-12-20,EXITO,EXITO.CL,4626.67
2019-12-27,EXITO,EXITO.CL,4626.67
2020-01-03,EXITO,EXITO.CL,4533.33
2020-01-10,EXITO,EXITO.CL,4293.33
2020-01-17,EXITO,EXITO.CL,4266.67
2020-01-24,EXITO,EXITO.CL,4186.67
2020-01-31,EXITO,EXITO.CL,5000.0
2020-02-07,EXITO,EXITO.CL,4840.0
2020-02-14,EXITO,EXITO.CL,4866.67
2020-02-21,EXITO,EXITO.CL,5140.0
2020-02-28,EXITO,EXITO.CL,5166.67
2020-03-06,EXITO,EXITO.CL,5160.0
2020-03-13,EXITO,EXITO.CL,5000.0
2020-03-20,EXITO,EXITO.CL,4986.67
2020-03-27,EXITO,EXITO.CL,3946.67
2020-04-03,EXITO,EXITO.CL,3900.0
2020-04-10,EXITO,EXITO.CL,3766.67
2020-04-17,EXITO,EXITO.CL,4040.0
2020-04-24,EXITO,EXITO.CL,3900.0
2020-05-01,EXITO,EXITO.CL,3893.33
2020-05-08,EXITO,EXITO.CL,3833.33
2020-05-15,EXITO,EXITO.CL,3786.67
2020-05-22,EXITO,EXITO.CL,3640.0
2020-05-29,EXITO,EXITO.CL,3533.33
2020-06-05,EXITO,EXITO.CL,3400.0
2020-06-12,EXITO,EXITO.CL,3406.67
2020-06-19,EXITO,EXITO.CL,3333.33
2020-06-26,EXITO,EXITO.CL,3406.67
2020-07-03,EXITO,EXITO.CL,3373.33
2020-07-10,EXITO,EXITO.CL,3340.0
2020-07-17,EXITO,EXITO.CL,3433.33
2020-07-24,EXITO,EXITO.CL,3433.33
2020-07-31,EXITO,EXITO.CL,3440.0
2020-08-07,EXITO,EXITO.CL,3480.0
2020-08-14,EXITO,EXITO.CL,3786.67
2020-08-21,EXITO,EXITO.CL,3833.33
2020-08-28,EXITO,EXITO.CL,3860.0
2020-09-04,EXITO,EXITO.CL,3793.33
2020-09-11,EXITO,EXITO.CL,3793.33
2020-09-18,EXITO,EXITO.CL,3693.33
2020-09-25,EXITO,EXITO.CL,3733.33
2020-10-02,EXITO,EXITO.CL,3766.67
2020-10-09,EXITO,EXITO.CL,3726.67
2020-10-16,EXITO,EXITO.CL,3666.67
2020-10-23,EXITO,EXITO.CL,3433.33
2020-10-30,EXITO,EXITO.CL,3573.33
2020-11-06,EXITO,EXITO.CL,3666.67
2020-11-13,EXITO,EXITO.CL,3746.67
2020-11-20,EXITO,EXITO.CL,4266.67
2020-11-27,EXITO,EXITO.CL,4393.33
2020-12-04,EXITO,EXITO.CL,4583.33
2020-12-11,EXITO,EXITO.CL,4566.67
2020-12-18,EXITO,EXITO.CL,4453.33
2020-12-25,EXITO,EXITO.CL,4630.0
2021-01-01,EXITO,EXITO.CL,4560.0
2021-01-08,EXITO,EXITO.CL,4550.0
2021-01-15,EXITO,EXITO.CL,4533.33
2021-01-22,EXITO,EXITO.CL,4646.67
2021-01-29,EXITO,EXITO.CL,4583.33
2021-02-05,EXITO,EXITO.CL,4483.33
2021-02-12,EXITO,EXITO.CL,4566.67
2021-02-19,EXITO,EXITO.CL,4550.0
2021-02-26,EXITO,EXITO.CL,4500.0
2021-03-05,EXITO,EXITO.CL,4523.33
2021-03-12,EXITO,EXITO.CL,4533.33
2021-03-19,EXITO,EXITO.CL,4563.33
2021-03-26,EXITO,EXITO.CL,4560.0
2021-04-02,EXITO,EXITO.CL,4410.0
2021-04-09,EXITO,EXITO.CL,4000.0
2021-04-16,EXITO,EXITO.CL,3933.33
2021-04-23,EXITO,EXITO.CL,3833.33
2021-04-30,EXITO,EXITO.CL,3686.67
2021-05-07,EXITO,EXITO.CL,4173.33
2021-05-14,EXITO,EXITO.CL,3950.0
2021-05-21,EXITO,EXITO.CL,3893.33
2021-05-28,EXITO,EXITO.CL,4053.33
2021-06-04,EXITO,EXITO.CL,3983.33
2021-06-11,EXITO,EXITO.CL,3970.0
2021-06-18,EXITO,EXITO.CL,4333.33
2021-06-25,EXITO,EXITO.CL,4480.0
2021-07-02,EXITO,EXITO.CL,4166.67
2021-07-09,EXITO,EXITO.CL,4106.67
2021-07-16,EXITO,EXITO.CL,4060.0
2021-07-23,EXITO,EXITO.CL,4193.33
2021-07-30,EXITO,EXITO.CL,4193.33
2021-08-06,EXITO,EXITO.CL,4200.0
2021-08-13,EXITO,EXITO.CL,4200.0
2021-08-20,EXITO,EXITO.CL,4200.0
2021-08-27,EXITO,EXITO.CL,4160.0
2021-09-03,EXITO,EXITO.CL,4100.0
2021-09-10,EXITO,EXITO.CL,4000.0
2021-09-17,EXITO,EXITO.CL,3930.0
2021-09-24,EXITO,EXITO.CL,3883.33
2021-10-01,EXITO,EXITO.CL,3970.0
2021-10-08,EXITO,EXITO.CL,3933.33
2021-10-15,EXITO,EXITO.CL,3863.33
2021-10-22,EXITO,EXITO.CL,3833.33
2021-10-29,EXITO,EXITO.CL,3833.33
2021-11-05,EXITO,EXITO.CL,3833.33
2021-11-12,EXITO,EXITO.CL,3833.33
2021-11-19,EXITO,EXITO.CL,3830.0
2021-11-26,EXITO,EXITO.CL,3800.0
2021-12-03,EXITO,EXITO.CL,3800.0
2021-12-10,EXITO,EXITO.CL,3783.33
2021-12-17,EXITO,EXITO.CL,3826.67
2021-12-24,EXITO,EXITO.CL,3830.0
2021-12-31,EXITO,EXITO.CL,3733.33
2022-01-07,EXITO,EXITO.CL,3766.67
2022-01-14,EXITO,EXITO.CL,3866.67
2022-01-21,EXITO,EXITO.CL,3906.67
2022-01-28,EXITO,EXITO.CL,3883.33
2022-02-04,EXITO,EXITO.CL,3896.67
2022-02-11,EXITO,EXITO.CL,3800.0
2022-02-18,EXITO,EXITO.CL,4826.67
2022-02-25,EXITO,EXITO.CL,5056.67
2022-03-04,EXITO,EXITO.CL,5783.33
2022-03-11,EXITO,EXITO.CL,5866.67
2022-03-18,EXITO,EXITO.CL,5833.33
2022-03-25,EXITO,EXITO.CL,5650.0
2022-04-01,EXITO,EXITO.CL,5580.0
2022-04-08,EXITO,EXITO.CL,5500.0
2022-04-15,EXITO,EXITO.CL,5513.33
2022-04-22,EXITO,EXITO.CL,5433.33
2022-04-29,EXITO,EXITO.CL,5633.33
2022-05-06,EXITO,EXITO.CL,4606.67
2022-05-13,EXITO,EXITO.CL,4383.33
2022-05-20,EXITO,EXITO.CL,4353.33
2022-05-27,EXITO,EXITO.CL,4303.33
2022-06-03,EXITO,EXITO.CL,4326.67
2022-06-10,EXITO,EXITO.CL,4130.0
2022-06-17,EXITO,EXITO.CL,3600.0
2022-06-24,EXITO,EXITO.CL,3693.33
2022-07-01,EXITO,EXITO.CL,3566.67
2022-07-08,EXITO,EXITO.CL,3433.33
2022-07-15,EXITO,EXITO.CL,3400.0
2022-07-22,EXITO,EXITO.CL,3400.0
2022-07-29,EXITO,EXITO.CL,3400.0
2022-08-05,EXITO,EXITO.CL,3706.67
2022-08-12,EXITO,EXITO.CL,3770.0
2022-08-19,EXITO,EXITO.CL,3820.0
2022-08-26,EXITO,EXITO.CL,3600.0
2022-09-02,EXITO,EXITO.CL,3763.33
2022-09-09,EXITO,EXITO.CL,3666.67
2022-09-16,EXITO,EXITO.CL,3626.67
2022-09-23,EXITO,EXITO.CL,3566.67
2022-09-30,EXITO,EXITO.CL,3630.0
2022-10-07,EXITO,EXITO.CL,3726.67
2022-10-14,EXITO,EXITO.CL,3666.67
2022-10-21,EXITO,EXITO.CL,3666.67
2022-10-28,EXITO,EXITO.CL,3566.67
2022-11-04,EXITO,EXITO.CL,3633.33
2022-11-11,EXITO,EXITO.CL,3506.67
2022-11-18,EXITO,EXITO.CL,3774.0
2022-11-25,EXITO,EXITO.CL,3534.56
2022-12-02,EXITO,EXITO.CL,3545.0
2022-12-09,EXITO,EXITO.CL,3549.0
2022-12-16,EXITO,EXITO.CL,3507.95
2022-12-23,EXITO,EXITO.CL,3400.0
2022-12-30,EXITO,EXITO.CL,3549.0
2023-01-06,EXITO,EXITO.CL,3650.0
2023-01-13,EXITO,EXITO.CL,3800.0
2023-01-20,EXITO,EXITO.CL,3800.0
2023-01-27,EXITO,EXITO.CL,3850.0
2023-02-03,EXITO,EXITO.CL,3915.0
2023-02-10,EXITO,EXITO.CL,4030.0
2023-02-17,EXITO,EXITO.CL,4050.0
2023-02-24,EXITO,EXITO.CL,4100.0
2023-03-03,EXITO,EXITO.CL,4041.29
2023-03-10,EXITO,EXITO.CL,4009.26
2023-03-17,EXITO,EXITO.CL,3971.28
2023-03-24,EXITO,EXITO.CL,3867.38
2023-03-31,EXITO,EXITO.CL,4029.76
2023-04-07,EXITO,EXITO.CL,3995.0
2023-04-14,EXITO,EXITO.CL,4118.0
2023-04-21,EXITO,EXITO.CL,3935.55
2023-04-28,EXITO,EXITO.CL,3884.9
2023-05-05,EXITO,EXITO.CL,4012.39
2023-05-12,EXITO,EXITO.CL,4164.0
2023-05-19,EXITO,EXITO.CL,4110.11
2023-05-26,EXITO,EXITO.CL,3999.99
2023-06-02,EXITO,EXITO.CL,4148.0
2023-06-09,EXITO,EXITO.CL,4040.0
2023-06-16,EXITO,EXITO.CL,4139.0
2023-06-23,EXITO,EXITO.CL,4100.0
2023-06-30,EXITO,EXITO.CL,4178.49
2023-07-07,EXITO,EXITO.CL,4200.0
2023-07-14,EXITO,EXITO.CL,4170.0
2023-07-21,EXITO,EXITO.CL,4500.0
2023-07-28,EXITO,EXITO.CL,4499.0
2023-08-04,EXITO,EXITO.CL,4250.0
2023-08-11,EXITO,EXITO.CL,4097.0
2023-08-18,EXITO,EXITO.CL,3640.0
2023-08-25,EXITO,EXITO.CL,3030.0
2023-09-01,EXITO,EXITO.CL,2700.0
2023-09-08,EXITO,EXITO.CL,2787.0
2023-09-15,EXITO,EXITO.CL,2700.0
2023-09-22,EXITO,EXITO.CL,2692.0
2023-09-29,EXITO,EXITO.CL,2740.0
2023-10-06,EXITO,EXITO.CL,2730.0
2023-10-13,EXITO,EXITO.CL,3615.0
2023-10-20,EXITO,EXITO.CL,3560.0
2023-10-27,EXITO,EXITO.CL,3576.0
2023-11-03,EXITO,EXITO.CL,3518.0
2023-11-10,EXITO,EXITO.CL,3518.0
2023-11-17,EXITO,EXITO.CL,3518.0
2023-11-24,EXITO,EXITO.CL,3518.0
2023-12-01,EXITO,EXITO.CL,3518.0
2023-12-08,EXITO,EXITO.CL,3540.0
2023-12-15,EXITO,EXITO.CL,3500.0
2023-12-22,EXITO,EXITO.CL,3510.0
2023-12-29,EXITO,EXITO.CL,3515.0
2024-01-05,EXITO,EXITO.CL,3500.0
2024-01-12,EXITO,EXITO.CL,3475.0
2024-01-19,EXITO,EXITO.CL,3420.0
2024-01-26,EXITO,EXITO.CL,2760.0
2024-02-02,EXITO,EXITO.CL,2635.0
2024-02-09,EXITO,EXITO.CL,2400.0
2024-02-16,EXITO,EXITO.CL,2410.0
2024-02-23,EXITO,EXITO.CL,2500.0
2024-03-01,EXITO,EXITO.CL,2445.0
2024-03-08,EXITO,EXITO.CL,2300.0
2024-03-15,EXITO,EXITO.CL,2415.0
2024-03-22,EXITO,EXITO.CL,2410.0
2024-03-29,EXITO,EXITO.CL,2420.0
2024-04-05,EXITO,EXITO.CL,2470.0
2024-04-12,EXITO,EXITO.CL,2390.0
2024-04-19,EXITO,EXITO.CL,2320.0
2024-04-26,EXITO,EXITO.CL,2345.0
2024-05-03,EXITO,EXITO.CL,2305.0
2024-05-10,EXITO,EXITO.CL,2255.0
2024-05-17,EXITO,EXITO.CL,2205.0
2024-05-24,EXITO,EXITO.CL,2205.0
2024-05-31,EXITO,EXITO.CL,2255.0
2024-06-07,EXITO,EXITO.CL,2240.0
2024-06-14,EXITO,EXITO.CL,2240.0
2024-06-21,EXITO,EXITO.CL,2185.0
2024-06-28,EXITO,EXITO.CL,2150.0
2024-07-05,EXITO,EXITO.CL,2075.0
2024-07-12,EXITO,EXITO.CL,2170.0
2024-07-19,EXITO,EXITO.CL,2165.0
2024-07-26,EXITO,EXITO.CL,2300.0
2024-08-02,EXITO,EXITO.CL,2260.0
2024-08-09,EXITO,EXITO.CL,2250.0
2024-08-16,EXITO,EXITO.CL,2270.0
2024-08-23,EXITO,EXITO.CL,2205.0
2024-08-30,EXITO,EXITO.CL,2290.0
2024-09-06,EXITO,EXITO.CL,2255.0
2024-09-13,EXITO,EXITO.CL,2190.0
2024-09-20,EXITO,EXITO.CL,2200.0
2024-09-27,EXITO,EXITO.CL,2145.0
2024-10-04,EXITO,EXITO.CL,2445.0
2024-10-11,EXITO,EXITO.CL,2340.0
2024-10-18,EXITO,EXITO.CL,2305.0
2024-10-25,EXITO,EXITO.CL,2280.0
2024-11-01,EXITO,EXITO.CL,2325.0
2024-11-08,EXITO,EXITO.CL,2240.0
2024-11-15,EXITO,EXITO.CL,2170.0
2024-11-22,EXITO,EXITO.CL,2105.0
2024-11-29,EXITO,EXITO.CL,2140.0
2024-12-06,EXITO,EXITO.CL,2190.0
2024-12-13,EXITO,EXITO.CL,2100.0
2024-12-20,EXITO,EXITO.CL,2035.0
2024-12-27,EXITO,EXITO.CL,2050.0
2025-01-03,EXITO,EXITO.CL,2040.0
2025-01-10,EXITO,EXITO.CL,1920.0
2025-01-17,EXITO,EXITO.CL,1870.0
2025-01-24,EXITO,EXITO.CL,1850.0
2025-01-31,EXITO,EXITO.CL,1860.0
2025-02-07,EXITO,EXITO.CL,1920.0
2025-02-14,EXITO,EXITO.CL,1920.0
2025-02-21,EXITO,EXITO.CL,1940.0
2025-02-28,EXITO,EXITO.CL,1875.0
2025-03-07,EXITO,EXITO.CL,1880.0
2025-03-14,EXITO,EXITO.CL,1880.0
2025-03-21,EXITO,EXITO.CL,1860.0
2025-03-28,EXITO,EXITO.CL,1835.0
2025-04-04,EXITO,EXITO.CL,1805.0
2025-04-11,EXITO,EXITO.CL,1800.0
2025-04-18,EXITO,EXITO.CL,1960.0
2025-04-25,EXITO,EXITO.CL,1975.0
2025-05-02,EXITO,EXITO.CL,1870.0
2025-05-09,EXITO,EXITO.CL,2320.0
2025-05-16,EXITO,EXITO.CL,2245.0
2025-05-23,EXITO,EXITO.CL,2440.0
2025-05-30,EXITO,EXITO.CL,2650.0
2025-06-06,EXITO,EXITO.CL,2840.0
2025-06-13,EXITO,EXITO.CL,2780.0
2025-06-20,EXITO,EXITO.CL,2740.0
2025-06-27,EXITO,EXITO.CL,2700.0
2025-07-04,EXITO,EXITO.CL,3120.0
2025-07-11,EXITO,EXITO.CL,3120.0
2025-07-18,EXITO,EXITO.CL,3170.0
2025-07-25,EXITO,EXITO.CL,3090.0
2025-08-01,EXITO,EXITO.CL,3145.0
2025-08-08,EXITO,EXITO.CL,3300.0
2025-08-15,EXITO,EXITO.CL,3230.0
2025-08-22,EXITO,EXITO.CL,3300.0
2025-08-29,EXITO,EXITO.CL,3345.0
2025-09-05,EXITO,EXITO.CL,3340.0
2025-09-12,EXITO,EXITO.CL,3240.0
2025-09-19,EXITO,EXITO.CL,3170.0
2025-09-26,EXITO,EXITO.CL,3215.0
2025-10-03,EXITO,EXITO.CL,3175.0
2025-10-10,EXITO,EXITO.CL,3135.0
2025-10-17,EXITO,EXITO.CL,3190.0
2025-10-24,EXITO,EXITO.CL,3700.0
2025-10-31,EXITO,EXITO.CL,3920.0
2025-11-07,EXITO,EXITO.CL,4440.0
2025-11-14,EXITO,EXITO.CL,4740.0
2025-11-21,EXITO,EXITO.CL,4480.0
2025-11-28,EXITO,EXITO.CL,4525.0
2025-12-05,EXITO,EXITO.CL,4595.0
2025-12-12,EXITO,EXITO.CL,4375.0
2025-12-19,EXITO,EXITO.CL,4410.0
2025-12-26,EXITO,EXITO.CL,4255.0
2026-01-02,EXITO,EXITO.CL,4600.0
2026-01-09,EXITO,EXITO.CL,4600.0
2026-01-16,EXITO,EXITO.CL,4900.0
2026-01-23,EXITO,EXITO.CL,5050.0
2026-01-30,EXITO,EXITO.CL,4800.0
2026-02-06,EXITO,EXITO.CL,4775.0
2026-02-13,EXITO,EXITO.CL,5050.0
2026-02-20,EXITO,EXITO.CL,4505.0
2026-02-27,EXITO,EXITO.CL,3800.0
2026-03-06,EXITO,EXITO.CL,4160.0
2026-03-13,EXITO,EXITO.CL,3920.0
2026-03-20,EXITO,EXITO.CL,4045.0
2026-03-27,EXITO,EXITO.CL,4305.0
2026-04-03,EXITO,EXITO.CL,4225.0
2026-04-10,EXITO,EXITO.CL,4310.0
2026-04-17,EXITO,EXITO.CL,4350.0
2026-04-24,EXITO,EXITO.CL,4200.0
2026-05-01,EXITO,EXITO.CL,3990.0
2026-05-08,EXITO,EXITO.CL,4050.0
2026-05-15,EXITO,EXITO.CL,3970.0
2026-05-22,EXITO,EXITO.CL,4210.0
2026-05-29,EXITO,EXITO.CL,4575.0
2026-06-05,EXITO,EXITO.CL,4730.0
2026-06-12,EXITO,EXITO.CL,4865.0
2026-06-19,EXITO,EXITO.CL,4855.0
2026-06-26,EXITO,EXITO.CL,4835.0
2026-07-03,EXITO,EXITO.CL,4755.0
2026-07-10,EXITO,EXITO.CL,4745.0
2026-07-17,EXITO,EXITO.CL,4530.0
2026-07-24,EXITO,EXITO.CL,4550.0
2026-07-31,EXITO,EXITO.CL,4765.0
2026-08-07,EXITO,EXITO.CL,4705.0
2026-08-14,EXITO,EXITO.CL,4725.0
2026-08-21,EXITO,EXITO.CL,4765.0
2026-08-28,EXITO,EXITO.CL,4905.0
2026-09-04,EXITO,EXITO.CL,4855.0
2026-09-11,EXITO,EXITO.CL,4830.0
2026-09-18,EXITO,EXITO.CL,5140.0
2026-09-25,EXITO,EXITO.CL,5050.0
2026-09-30,EXITO,EXITO.CL,5050.0
2010-01-01,GEB,GEB.CL,1300.0
2010-01-08,GEB,GEB.CL,1259.4
2010-01-15,GEB,GEB.CL,1220.0
2010-01-22,GEB,GEB.CL,1200.0
2010-01-29,GEB,GEB.CL,1180.0
2010-02-05,GEB,GEB.CL,1207.8
2010-02-12,GEB,GEB.CL,1220.0
2010-02-19,GEB,GEB.CL,1235.2
2010-02-26,GEB,GEB.CL,1230.4
2010-03-05,GEB,GEB.CL,1226.0
2010-03-12,GEB,GEB.CL,1244.0
2010-03-19,GEB,GEB.CL,1240.0
2010-03-26,GEB,GEB.CL,1250.0
2010-04-02,GEB,GEB.CL,1253.8
2010-04-09,GEB,GEB.CL,1250.0
2010-04-16,GEB,GEB.CL,1265.0
2010-04-23,GEB,GEB.CL,1294.8
2010-04-30,GEB,GEB.CL,1241.0
2010-05-07,GEB,GEB.CL,1270.0
2010-05-14,GEB,GEB.CL,1255.8
2010-05-21,GEB,GEB.CL,1275.0
2010-05-28,GEB,GEB.CL,1270.0
2010-06-04,GEB,GEB.CL,1250.0
2010-06-11,GEB,GEB.CL,1251.0
2010-06-18,GEB,GEB.CL,1256.2
2010-06-25,GEB,GEB.CL,1256.2
2010-07-02,GEB,GEB.CL,1245.0
2010-07-09,GEB,GEB.CL,1245.0
2010-07-16,GEB,GEB.CL,1255.0
2010-07-23,GEB,GEB.CL,1285.0
2010-07-30,GEB,GEB.CL,1265.4
2010-08-06,GEB,GEB.CL,1262.2
2010-08-13,GEB,GEB.CL,1270.0
2010-08-20,GEB,GEB.CL,1264.8
2010-08-27,GEB,GEB.CL,1344.6
2010-09-03,GEB,GEB.CL,1440.0
2010-09-10,GEB,GEB.CL,1400.0
2010-09-17,GEB,GEB.CL,1405.4
2010-09-24,GEB,GEB.CL,1439.2
2010-10-01,GEB,GEB.CL,1500.6
2010-10-08,GEB,GEB.CL,1490.0
2010-10-15,GEB,GEB.CL,1490.0
2010-10-22,GEB,GEB.CL,1484.0
2010-10-29,GEB,GEB.CL,1505.0
2010-11-05,GEB,GEB.CL,1481.0
2010-11-12,GEB,GEB.CL,1450.4
2010-11-19,GEB,GEB.CL,1490.0
2010-11-26,GEB,GEB.CL,1580.0
2010-12-03,GEB,GEB.CL,1580.0
2010-12-10,GEB,GEB.CL,1585.0
2010-12-17,GEB,GEB.CL,1720.0
2010-12-24,GEB,GEB.CL,1745.0
2010-12-31,GEB,GEB.CL,1690.0
2011-01-07,GEB,GEB.CL,1640.0
2011-01-14,GEB,GEB.CL,1729.8
2011-01-21,GEB,GEB.CL,1744.0
2011-01-28,GEB,GEB.CL,1745.0
2011-02-04,GEB,GEB.CL,1790.0
2011-02-11,GEB,GEB.CL,1775.0
2011-02-18,GEB,GEB.CL,1672.4
2011-02-25,GEB,GEB.CL,1713.8
2011-03-04,GEB,GEB.CL,1704.6
2011-03-11,GEB,GEB.CL,1670.0
2011-03-18,GEB,GEB.CL,1729.0
2011-03-25,GEB,GEB.CL,1725.2
2011-04-01,GEB,GEB.CL,1741.0
2011-04-08,GEB,GEB.CL,1732.8
2011-04-15,GEB,GEB.CL,1739.6
2011-04-22,GEB,GEB.CL,1720.2
2011-04-29,GEB,GEB.CL,1671.2
2011-05-06,GEB,GEB.CL,1655.0
2011-05-13,GEB,GEB.CL,1640.0
2011-05-20,GEB,GEB.CL,1636.6
2011-05-27,GEB,GEB.CL,1640.0
2011-06-03,GEB,GEB.CL,1640.0
2011-06-10,GEB,GEB.CL,1625.0
2011-06-17,GEB,GEB.CL,1630.0
2011-06-24,GEB,GEB.CL,1550.0
2011-07-01,GEB,GEB.CL,1510.0
2011-07-08,GEB,GEB.CL,1450.0
2011-07-15,GEB,GEB.CL,1480.0
2011-07-22,GEB,GEB.CL,1430.0
2011-07-29,GEB,GEB.CL,1420.0
2011-08-05,GEB,GEB.CL,1435.0
2011-08-12,GEB,GEB.CL,1400.0
2011-08-19,GEB,GEB.CL,1320.0
2011-08-26,GEB,GEB.CL,1230.0
2011-09-02,GEB,GEB.CL,1340.0
2011-09-09,GEB,GEB.CL,1375.0
2011-09-16,GEB,GEB.CL,1420.0
2011-09-23,GEB,GEB.CL,1340.0
2011-09-30,GEB,GEB.CL,1315.0
2011-10-07,GEB,GEB.CL,1340.0
2011-10-14,GEB,GEB.CL,1345.0
2011-10-21,GEB,GEB.CL,1360.0
2011-10-28,GEB,GEB.CL,1245.0
2011-11-04,GEB,GEB.CL,1200.0
2011-11-11,GEB,GEB.CL,1200.0
2011-11-18,GEB,GEB.CL,1165.0
2011-11-25,GEB,GEB.CL,1265.0
2011-12-02,GEB,GEB.CL,1050.0
2011-12-09,GEB,GEB.CL,1065.0
2011-12-16,GEB,GEB.CL,1145.0
2011-12-23,GEB,GEB.CL,1135.0
2011-12-30,GEB,GEB.CL,1120.0
2012-01-06,GEB,GEB.CL,1050.0
2012-01-13,GEB,GEB.CL,1065.0
2012-01-20,GEB,GEB.CL,1050.0
2012-01-27,GEB,GEB.CL,1100.0
2012-02-03,GEB,GEB.CL,1085.0
2012-02-10,GEB,GEB.CL,1105.0
2012-02-17,GEB,GEB.CL,1080.0
2012-02-24,GEB,GEB.CL,1075.0
2012-03-02,GEB,GEB.CL,1035.0
2012-03-09,GEB,GEB.CL,1030.0
2012-03-16,GEB,GEB.CL,1050.0
2012-03-23,GEB,GEB.CL,1015.0
2012-03-30,GEB,GEB.CL,1010.0
2012-04-06,GEB,GEB.CL,1000.0
2012-04-13,GEB,GEB.CL,968.0
2012-04-20,GEB,GEB.CL,1040.0
2012-04-27,GEB,GEB.CL,1005.0
2012-05-04,GEB,GEB.CL,1020.0
2012-05-11,GEB,GEB.CL,1000.0
2012-05-18,GEB,GEB.CL,1010.0
2012-05-25,GEB,GEB.CL,995.0
2012-06-01,GEB,GEB.CL,1005.0
2012-06-08,GEB,GEB.CL,1005.0
2012-06-15,GEB,GEB.CL,995.0
2012-06-22,GEB,GEB.CL,985.0
2012-06-29,GEB,GEB.CL,980.0
2012-07-06,GEB,GEB.CL,992.0
2012-07-13,GEB,GEB.CL,1050.0
2012-07-20,GEB,GEB.CL,1065.0
2012-07-27,GEB,GEB.CL,1085.0
2012-08-03,GEB,GEB.CL,1090.0
2012-08-10,GEB,GEB.CL,1185.0
2012-08-17,GEB,GEB.CL,1180.0
2012-08-24,GEB,GEB.CL,1185.0
2012-08-31,GEB,GEB.CL,1225.0
2012-09-07,GEB,GEB.CL,1240.0
2012-09-14,GEB,GEB.CL,1225.0
2012-09-21,GEB,GEB.CL,1230.0
2012-09-28,GEB,GEB.CL,1260.0
2012-10-05,GEB,GEB.CL,1250.0
2012-10-12,GEB,GEB.CL,1290.0
2012-10-19,GEB,GEB.CL,1335.0
2012-10-26,GEB,GEB.CL,1310.0
2012-11-02,GEB,GEB.CL,1225.0
2012-11-09,GEB,GEB.CL,1270.0
2012-11-16,GEB,GEB.CL,1275.0
2012-11-23,GEB,GEB.CL,1275.0
2012-11-30,GEB,GEB.CL,1280.0
2012-12-07,GEB,GEB.CL,1320.0
2012-12-14,GEB,GEB.CL,1295.0
2012-12-21,GEB,GEB.CL,1320.0
2012-12-28,GEB,GEB.CL,1375.0
2013-01-04,GEB,GEB.CL,1385.0
2013-01-11,GEB,GEB.CL,1395.0
2013-01-18,GEB,GEB.CL,1410.0
2013-01-25,GEB,GEB.CL,1340.0
2013-02-01,GEB,GEB.CL,1310.0
2013-02-08,GEB,GEB.CL,1360.0
2013-02-15,GEB,GEB.CL,1395.0
2013-02-22,GEB,GEB.CL,1410.0
2013-03-01,GEB,GEB.CL,1390.0
2013-03-08,GEB,GEB.CL,1390.0
2013-03-15,GEB,GEB.CL,1395.0
2013-03-22,GEB,GEB.CL,1400.0
2013-03-29,GEB,GEB.CL,1395.0
2013-04-05,GEB,GEB.CL,1400.0
2013-04-12,GEB,GEB.CL,1370.0
2013-04-19,GEB,GEB.CL,1380.0
2013-04-26,GEB,GEB.CL,1390.0
2013-05-03,GEB,GEB.CL,1375.0
2013-05-10,GEB,GEB.CL,1385.0
2013-05-17,GEB,GEB.CL,1370.0
2013-05-24,GEB,GEB.CL,1355.0
2013-05-31,GEB,GEB.CL,1380.0
2013-06-07,GEB,GEB.CL,1355.0
2013-06-14,GEB,GEB.CL,1335.0
2013-06-21,GEB,GEB.CL,1360.0
2013-06-28,GEB,GEB.CL,1345.0
2013-07-05,GEB,GEB.CL,1335.0
2013-07-12,GEB,GEB.CL,1440.0
2013-07-19,GEB,GEB.CL,1445.0
2013-07-26,GEB,GEB.CL,1525.0
2013-08-02,GEB,GEB.CL,1535.0
2013-08-09,GEB,GEB.CL,1580.0
2013-08-16,GEB,GEB.CL,1575.0
2013-08-23,GEB,GEB.CL,1565.0
2013-08-30,GEB,GEB.CL,1560.0
2013-09-06,GEB,GEB.CL,1570.0
2013-09-13,GEB,GEB.CL,1545.0
2013-09-20,GEB,GEB.CL,1555.0
2013-09-27,GEB,GEB.CL,1545.0
2013-10-04,GEB,GEB.CL,1545.0
2013-10-11,GEB,GEB.CL,1570.0
2013-10-18,GEB,GEB.CL,1595.0
2013-10-25,GEB,GEB.CL,1590.0
2013-11-01,GEB,GEB.CL,1575.0
2013-11-08,GEB,GEB.CL,1610.0
2013-11-15,GEB,GEB.CL,1535.0
2013-11-22,GEB,GEB.CL,1545.0
2013-11-29,GEB,GEB.CL,1560.0
2013-12-06,GEB,GEB.CL,1585.0
2013-12-13,GEB,GEB.CL,1515.0
2013-12-20,GEB,GEB.CL,1500.0
2013-12-27,GEB,GEB.CL,1450.0
2014-01-03,GEB,GEB.CL,1500.0
2014-01-10,GEB,GEB.CL,1450.0
2014-01-17,GEB,GEB.CL,1400.0
2014-01-24,GEB,GEB.CL,1350.0
2014-01-31,GEB,GEB.CL,1390.0
2014-02-07,GEB,GEB.CL,1425.0
2014-02-14,GEB,GEB.CL,1445.0
2014-02-21,GEB,GEB.CL,1370.0
2014-02-28,GEB,GEB.CL,1495.0
2014-03-07,GEB,GEB.CL,1460.0
2014-03-14,GEB,GEB.CL,1530.0
2014-03-21,GEB,GEB.CL,1570.0
2014-03-28,GEB,GEB.CL,1590.0
2014-04-04,GEB,GEB.CL,1490.0
2014-04-11,GEB,GEB.CL,1530.0
2014-04-18,GEB,GEB.CL,1520.0
2014-04-25,GEB,GEB.CL,1590.0
2014-05-02,GEB,GEB.CL,1600.0
2014-05-09,GEB,GEB.CL,1615.0
2014-05-16,GEB,GEB.CL,1580.0
2014-05-23,GEB,GEB.CL,1550.0
2014-05-30,GEB,GEB.CL,1525.0
2014-06-06,GEB,GEB.CL,1570.0
2014-06-13,GEB,GEB.CL,1595.0
2014-06-20,GEB,GEB.CL,1595.0
2014-06-27,GEB,GEB.CL,1585.0
2014-07-04,GEB,GEB.CL,1560.0
2014-07-11,GEB,GEB.CL,1555.0
2014-07-18,GEB,GEB.CL,1595.0
2014-07-25,GEB,GEB.CL,1670.0
2014-08-01,GEB,GEB.CL,1655.0
2014-08-08,GEB,GEB.CL,1665.0
2014-08-15,GEB,GEB.CL,1700.0
2014-08-22,GEB,GEB.CL,1710.0
2014-08-29,GEB,GEB.CL,1680.0
2014-09-05,GEB,GEB.CL,1700.0
2014-09-12,GEB,GEB.CL,1640.0
2014-09-19,GEB,GEB.CL,1660.0
2014-09-26,GEB,GEB.CL,1600.0
2014-10-03,GEB,GEB.CL,1610.0
2014-10-10,GEB,GEB.CL,1565.0
2014-10-17,GEB,GEB.CL,1610.0
2014-10-24,GEB,GEB.CL,1605.0
2014-10-31,GEB,GEB.CL,1625.0
2014-11-07,GEB,GEB.CL,1660.0
2014-11-14,GEB,GEB.CL,1650.0
2014-11-21,GEB,GEB.CL,1585.0
2014-11-28,GEB,GEB.CL,1615.0
2014-12-05,GEB,GEB.CL,1600.0
2014-12-12,GEB,GEB.CL,1600.0
2014-12-19,GEB,GEB.CL,1730.0
2014-12-26,GEB,GEB.CL,1700.0
2015-01-02,GEB,GEB.CL,1640.0
2015-01-09,GEB,GEB.CL,1650.0
2015-01-16,GEB,GEB.CL,1630.0
2015-01-23,GEB,GEB.CL,1600.0
2015-01-30,GEB,GEB.CL,1685.0
2015-02-06,GEB,GEB.CL,1610.0
2015-02-13,GEB,GEB.CL,1645.0
2015-02-20,GEB,GEB.CL,1635.0
2015-02-27,GEB,GEB.CL,1660.0
2015-03-06,GEB,GEB.CL,1590.0
2015-03-13,GEB,GEB.CL,1630.0
2015-03-20,GEB,GEB.CL,1610.0
2015-03-27,GEB,GEB.CL,1625.0
2015-04-03,GEB,GEB.CL,1650.0
2015-04-10,GEB,GEB.CL,1625.0
2015-04-17,GEB,GEB.CL,1640.0
2015-04-24,GEB,GEB.CL,1725.0
2015-05-01,GEB,GEB.CL,1695.0
2015-05-08,GEB,GEB.CL,1685.0
2015-05-15,GEB,GEB.CL,1695.0
2015-05-22,GEB,GEB.CL,1650.0
2015-05-29,GEB,GEB.CL,1680.0
2015-06-05,GEB,GEB.CL,1695.0
2015-06-12,GEB,GEB.CL,1700.0
2015-06-19,GEB,GEB.CL,1600.0
2015-06-26,GEB,GEB.CL,1560.0
2015-07-03,GEB,GEB.CL,1585.0
2015-07-10,GEB,GEB.CL,1655.0
2015-07-17,GEB,GEB.CL,1660.0
2015-07-24,GEB,GEB.CL,1660.0
2015-07-31,GEB,GEB.CL,1655.0
2015-08-07,GEB,GEB.CL,1660.0
2015-08-14,GEB,GEB.CL,1685.0
2015-08-21,GEB,GEB.CL,1680.0
2015-08-28,GEB,GEB.CL,1685.0
2015-09-04,GEB,GEB.CL,1715.0
2015-09-11,GEB,GEB.CL,1745.0
2015-09-18,GEB,GEB.CL,1740.0
2015-09-25,GEB,GEB.CL,1740.0
2015-10-02,GEB,GEB.CL,1750.0
2015-10-09,GEB,GEB.CL,1730.0
2015-10-16,GEB,GEB.CL,1700.0
2015-10-23,GEB,GEB.CL,1735.0
2015-10-30,GEB,GEB.CL,1770.0
2015-11-06,GEB,GEB.CL,1715.0
2015-11-13,GEB,GEB.CL,1725.0
2015-11-20,GEB,GEB.CL,1700.0
2015-11-27,GEB,GEB.CL,1655.0
2015-12-04,GEB,GEB.CL,1660.0
2015-12-11,GEB,GEB.CL,1700.0
2015-12-18,GEB,GEB.CL,1695.0
2015-12-25,GEB,GEB.CL,1720.0
2016-01-01,GEB,GEB.CL,1735.0
2016-01-08,GEB,GEB.CL,1725.0
2016-01-15,GEB,GEB.CL,1675.0
2016-01-22,GEB,GEB.CL,1765.0
2016-01-29,GEB,GEB.CL,1735.0
2016-02-05,GEB,GEB.CL,1785.0
2016-02-12,GEB,GEB.CL,1785.0
2016-02-19,GEB,GEB.CL,1775.0
2016-02-26,GEB,GEB.CL,1840.0
2016-03-04,GEB,GEB.CL,1815.0
2016-03-11,GEB,GEB.CL,1830.0
2016-03-18,GEB,GEB.CL,1900.0
2016-03-25,GEB,GEB.CL,1850.0
2016-04-01,GEB,GEB.CL,1855.0
2016-04-08,GEB,GEB.CL,1850.0
2016-04-15,GEB,GEB.CL,1850.0
2016-04-22,GEB,GEB.CL,1850.0
2016-04-29,GEB,GEB.CL,1825.0
2016-05-06,GEB,GEB.CL,1875.0
2016-05-13,GEB,GEB.CL,1840.0
2016-05-20,GEB,GEB.CL,1895.0
2016-05-27,GEB,GEB.CL,1825.0
2016-06-03,GEB,GEB.CL,1820.0
2016-06-10,GEB,GEB.CL,1785.0
2016-06-17,GEB,GEB.CL,1845.0
2016-06-24,GEB,GEB.CL,1810.0
2016-07-01,GEB,GEB.CL,1785.0
2016-07-08,GEB,GEB.CL,1800.0
2016-07-15,GEB,GEB.CL,1795.0
2016-07-22,GEB,GEB.CL,1830.0
2016-07-29,GEB,GEB.CL,1825.0
2016-08-05,GEB,GEB.CL,1820.0
2016-08-12,GEB,GEB.CL,1860.0
2016-08-19,GEB,GEB.CL,1890.0
2016-08-26,GEB,GEB.CL,1850.0
2016-09-02,GEB,GEB.CL,1910.0
2016-09-09,GEB,GEB.CL,1870.0
2016-09-16,GEB,GEB.CL,1870.0
2016-09-23,GEB,GEB.CL,1915.0
2016-09-30,GEB,GEB.CL,1825.0
2016-10-07,GEB,GEB.CL,1845.0
2016-10-14,GEB,GEB.CL,1860.0
2016-10-21,GEB,GEB.CL,1870.0
2016-10-28,GEB,GEB.CL,1880.0
2016-11-04,GEB,GEB.CL,1855.0
2016-11-11,GEB,GEB.CL,1835.0
2016-11-18,GEB,GEB.CL,1845.0
2016-11-25,GEB,GEB.CL,1805.0
2016-12-02,GEB,GEB.CL,1825.0
2016-12-09,GEB,GEB.CL,1800.0
2016-12-16,GEB,GEB.CL,1785.0
2016-12-23,GEB,GEB.CL,1810.0
2016-12-30,GEB,GEB.CL,1845.0
2017-01-06,GEB,GEB.CL,1830.0
2017-01-13,GEB,GEB.CL,1835.0
2017-01-20,GEB,GEB.CL,1840.0
2017-01-27,GEB,GEB.CL,1825.0
2017-02-03,GEB,GEB.CL,1815.0
2017-02-10,GEB,GEB.CL,1830.0
2017-02-17,GEB,GEB.CL,1815.0
2017-02-24,GEB,GEB.CL,1815.0
2017-03-03,GEB,GEB.CL,1815.0
2017-03-10,GEB,GEB.CL,1810.0
2017-03-17,GEB,GEB.CL,1830.0
2017-03-24,GEB,GEB.CL,1820.0
2017-03-31,GEB,GEB.CL,1835.0
2017-04-07,GEB,GEB.CL,1835.0
2017-04-14,GEB,GEB.CL,1825.0
2017-04-21,GEB,GEB.CL,1850.0
2017-04-28,GEB,GEB.CL,1870.0
2017-05-05,GEB,GEB.CL,1885.0
2017-05-12,GEB,GEB.CL,1930.0
2017-05-19,GEB,GEB.CL,1960.0
2017-05-26,GEB,GEB.CL,1930.0
2017-06-02,GEB,GEB.CL,1980.0
2017-06-09,GEB,GEB.CL,1985.0
2017-06-16,GEB,GEB.CL,2000.0
2017-06-23,GEB,GEB.CL,1985.0
2017-06-30,GEB,GEB.CL,1975.0
2017-07-07,GEB,GEB.CL,1975.0
2017-07-14,GEB,GEB.CL,1985.0
2017-07-21,GEB,GEB.CL,1975.0
2017-07-28,GEB,GEB.CL,1980.0
2017-08-04,GEB,GEB.CL,1960.0
2017-08-11,GEB,GEB.CL,1980.0
2017-08-18,GEB,GEB.CL,1980.0
2017-08-25,GEB,GEB.CL,1950.0
2017-09-01,GEB,GEB.CL,2000.0
2017-09-08,GEB,GEB.CL,1960.0
2017-09-15,GEB,GEB.CL,1975.0
2017-09-22,GEB,GEB.CL,1990.0
2017-09-29,GEB,GEB.CL,1985.0
2017-10-06,GEB,GEB.CL,1995.0
2017-10-13,GEB,GEB.CL,2010.0
2017-10-20,GEB,GEB.CL,1995.0
2017-10-27,GEB,GEB.CL,2050.0
2017-11-03,GEB,GEB.CL,2055.0
2017-11-10,GEB,GEB.CL,2065.0
2017-11-17,GEB,GEB.CL,2090.0
2017-11-24,GEB,GEB.CL,2070.0
2017-12-01,GEB,GEB.CL,2055.0
2017-12-08,GEB,GEB.CL,2070.0
2017-12-15,GEB,GEB.CL,2015.0
2017-12-22,GEB,GEB.CL,2015.0
2017-12-29,GEB,GEB.CL,2020.0
2018-01-05,GEB,GEB.CL,2025.0
2018-01-12,GEB,GEB.CL,2035.0
2018-01-19,GEB,GEB.CL,2055.0
2018-01-26,GEB,GEB.CL,2025.0
2018-02-02,GEB,GEB.CL,2040.0
2018-02-09,GEB,GEB.CL,2030.0
2018-02-16,GEB,GEB.CL,2045.0
2018-02-23,GEB,GEB.CL,2020.0
2018-03-02,GEB,GEB.CL,2030.0
2018-03-09,GEB,GEB.CL,2020.0
2018-03-16,GEB,GEB.CL,2015.0
2018-03-23,GEB,GEB.CL,2020.0
2018-03-30,GEB,GEB.CL,2020.0
2018-04-06,GEB,GEB.CL,2035.0
2018-04-13,GEB,GEB.CL,2040.0
2018-04-20,GEB,GEB.CL,2055.0
2018-04-27,GEB,GEB.CL,2050.0
2018-05-04,GEB,GEB.CL,2060.0
2018-05-11,GEB,GEB.CL,2060.0
2018-05-18,GEB,GEB.CL,2050.0
2018-05-25,GEB,GEB.CL,2070.0
2018-06-01,GEB,GEB.CL,2085.0
2018-06-08,GEB,GEB.CL,2090.0
2018-06-15,GEB,GEB.CL,2090.0
2018-06-22,GEB,GEB.CL,2025.0
2018-06-29,GEB,GEB.CL,2025.0
2018-07-06,GEB,GEB.CL,2030.0
2018-07-13,GEB,GEB.CL,2035.0
2018-07-20,GEB,GEB.CL,2015.0
2018-07-27,GEB,GEB.CL,2010.0
2018-08-03,GEB,GEB.CL,2015.0
2018-08-10,GEB,GEB.CL,2020.0
2018-08-17,GEB,GEB.CL,2030.0
2018-08-24,GEB,GEB.CL,2045.0
2018-08-31,GEB,GEB.CL,2020.0
2018-09-07,GEB,GEB.CL,2010.0
2018-09-14,GEB,GEB.CL,2005.0
2018-09-21,GEB,GEB.CL,2005.0
2018-09-28,GEB,GEB.CL,2015.0
2018-10-05,GEB,GEB.CL,2050.0
2018-10-12,GEB,GEB.CL,2050.0
2018-10-19,GEB,GEB.CL,1950.0
2018-10-26,GEB,GEB.CL,1855.0
2018-11-02,GEB,GEB.CL,1880.0
2018-11-09,GEB,GEB.CL,1870.0
2018-11-16,GEB,GEB.CL,1785.0
2018-11-23,GEB,GEB.CL,1845.0
2018-11-30,GEB,GEB.CL,1840.0
2018-12-07,GEB,GEB.CL,1760.0
2018-12-14,GEB,GEB.CL,1740.0
2018-12-21,GEB,GEB.CL,1760.0
2018-12-28,GEB,GEB.CL,1750.0
2019-01-04,GEB,GEB.CL,1775.0
2019-01-11,GEB,GEB.CL,1810.0
2019-01-18,GEB,GEB.CL,1875.0
2019-01-25,GEB,GEB.CL,1910.0
2019-02-01,GEB,GEB.CL,1940.0
2019-02-08,GEB,GEB.CL,1910.0
2019-02-15,GEB,GEB.CL,1890.0
2019-02-22,GEB,GEB.CL,2040.0
2019-03-01,GEB,GEB.CL,2055.0
2019-03-08,GEB,GEB.CL,2080.0
2019-03-15,GEB,GEB.CL,2115.0
2019-03-22,GEB,GEB.CL,2050.0
2019-03-29,GEB,GEB.CL,2105.0
2019-04-05,GEB,GEB.CL,2150.0
2019-04-12,GEB,GEB.CL,2170.0
2019-04-19,GEB,GEB.CL,2185.0
2019-04-26,GEB,GEB.CL,2220.0
2019-05-03,GEB,GEB.CL,2160.0
2019-05-10,GEB,GEB.CL,2150.0
2019-05-17,GEB,GEB.CL,2130.0
2019-05-24,GEB,GEB.CL,2100.0
2019-05-31,GEB,GEB.CL,2140.0
2019-06-07,GEB,GEB.CL,2175.0
2019-06-14,GEB,GEB.CL,2150.0
2019-06-21,GEB,GEB.CL,2125.0
2019-06-28,GEB,GEB.CL,2120.0
2019-07-05,GEB,GEB.CL,2100.0
2019-07-12,GEB,GEB.CL,2130.0
2019-07-19,GEB,GEB.CL,2140.0
2019-07-26,GEB,GEB.CL,2100.0
2019-08-02,GEB,GEB.CL,2120.0
2019-08-09,GEB,GEB.CL,2100.0
2019-08-16,GEB,GEB.CL,2145.0
2019-08-23,GEB,GEB.CL,2135.0
2019-08-30,GEB,GEB.CL,2130.0
2019-09-06,GEB,GEB.CL,2180.0
2019-09-13,GEB,GEB.CL,2170.0
2019-09-20,GEB,GEB.CL,2195.0
2019-09-27,GEB,GEB.CL,2205.0
2019-10-04,GEB,GEB.CL,2220.0
2019-10-11,GEB,GEB.CL,2210.0
2019-10-18,GEB,GEB.CL,2185.0
2019-10-25,GEB,GEB.CL,2175.0
2019-11-01,GEB,GEB.CL,2180.0
2019-11-08,GEB,GEB.CL,2160.0
2019-11-15,GEB,GEB.CL,2180.0
2019-11-22,GEB,GEB.CL,2180.0
2019-11-29,GEB,GEB.CL,2185.0
2019-12-06,GEB,GEB.CL,2175.0
2019-12-13,GEB,GEB.CL,2205.0
2019-12-20,GEB,GEB.CL,2275.0
2019-12-27,GEB,GEB.CL,2220.0
2020-01-03,GEB,GEB.CL,2280.0
2020-01-10,GEB,GEB.CL,2320.0
2020-01-17,GEB,GEB.CL,2370.0
2020-01-24,GEB,GEB.CL,2395.0
2020-01-31,GEB,GEB.CL,2390.0
2020-02-07,GEB,GEB.CL,2410.0
2020-02-14,GEB,GEB.CL,2465.0
2020-02-21,GEB,GEB.CL,2490.0
2020-02-28,GEB,GEB.CL,2525.0
2020-03-06,GEB,GEB.CL,2030.0
2020-03-13,GEB,GEB.CL,2095.0
2020-03-20,GEB,GEB.CL,2200.0
2020-03-27,GEB,GEB.CL,2185.0
2020-04-03,GEB,GEB.CL,2280.0
2020-04-10,GEB,GEB.CL,2330.0
2020-04-17,GEB,GEB.CL,2270.0
2020-04-24,GEB,GEB.CL,2240.0
2020-05-01,GEB,GEB.CL,2180.0
2020-05-08,GEB,GEB.CL,2135.0
2020-05-15,GEB,GEB.CL,2130.0
2020-05-22,GEB,GEB.CL,2210.0
2020-05-29,GEB,GEB.CL,2370.0
2020-06-05,GEB,GEB.CL,2250.0
2020-06-12,GEB,GEB.CL,2355.0
2020-06-19,GEB,GEB.CL,2350.0
2020-06-26,GEB,GEB.CL,2375.0
2020-07-03,GEB,GEB.CL,2370.0
2020-07-10,GEB,GEB.CL,2360.0
2020-07-17,GEB,GEB.CL,2365.0
2020-07-24,GEB,GEB.CL,2350.0
2020-07-31,GEB,GEB.CL,2340.0
2020-08-07,GEB,GEB.CL,2360.0
2020-08-14,GEB,GEB.CL,2435.0
2020-08-21,GEB,GEB.CL,2450.0
2020-08-28,GEB,GEB.CL,2500.0
2020-09-04,GEB,GEB.CL,2465.0
2020-09-11,GEB,GEB.CL,2465.0
2020-09-18,GEB,GEB.CL,2525.0
2020-09-25,GEB,GEB.CL,2460.0
2020-10-02,GEB,GEB.CL,2482.0
2020-10-09,GEB,GEB.CL,2529.0
2020-10-16,GEB,GEB.CL,2530.0
2020-10-23,GEB,GEB.CL,2390.0
2020-10-30,GEB,GEB.CL,2401.0
2020-11-06,GEB,GEB.CL,2445.0
2020-11-13,GEB,GEB.CL,2480.0
2020-11-20,GEB,GEB.CL,2510.0
2020-11-27,GEB,GEB.CL,2675.0
2020-12-04,GEB,GEB.CL,2541.0
2020-12-11,GEB,GEB.CL,2534.0
2020-12-18,GEB,GEB.CL,2579.0
2020-12-25,GEB,GEB.CL,2650.0
2021-01-01,GEB,GEB.CL,2561.0
2021-01-08,GEB,GEB.CL,2700.0
2021-01-15,GEB,GEB.CL,2809.0
2021-01-22,GEB,GEB.CL,2795.0
2021-01-29,GEB,GEB.CL,2570.0
2021-02-05,GEB,GEB.CL,2680.0
2021-02-12,GEB,GEB.CL,2638.0
2021-02-19,GEB,GEB.CL,2565.0
2021-02-26,GEB,GEB.CL,2600.0
2021-03-05,GEB,GEB.CL,2545.0
2021-03-12,GEB,GEB.CL,2560.0
2021-03-19,GEB,GEB.CL,2620.0
2021-03-26,GEB,GEB.CL,2690.0
2021-04-02,GEB,GEB.CL,2636.0
2021-04-09,GEB,GEB.CL,2640.0
2021-04-16,GEB,GEB.CL,2630.0
2021-04-23,GEB,GEB.CL,2630.0
2021-04-30,GEB,GEB.CL,2604.0
2021-05-07,GEB,GEB.CL,2610.0
2021-05-14,GEB,GEB.CL,2520.0
2021-05-21,GEB,GEB.CL,2165.0
2021-05-28,GEB,GEB.CL,2495.0
2021-06-04,GEB,GEB.CL,2400.0
2021-06-11,GEB,GEB.CL,2390.0
2021-06-18,GEB,GEB.CL,2499.0
2021-06-25,GEB,GEB.CL,2579.0
2021-07-02,GEB,GEB.CL,2514.0
2021-07-09,GEB,GEB.CL,2509.0
2021-07-16,GEB,GEB.CL,2480.0
2021-07-23,GEB,GEB.CL,2515.0
2021-07-30,GEB,GEB.CL,2584.0
2021-08-06,GEB,GEB.CL,2550.0
2021-08-13,GEB,GEB.CL,2700.0
2021-08-20,GEB,GEB.CL,2660.0
2021-08-27,GEB,GEB.CL,2700.0
2021-09-03,GEB,GEB.CL,2750.0
2021-09-10,GEB,GEB.CL,2770.0
2021-09-17,GEB,GEB.CL,2756.0
2021-09-24,GEB,GEB.CL,2816.0
2021-10-01,GEB,GEB.CL,2860.0
2021-10-08,GEB,GEB.CL,2927.0
2021-10-15,GEB,GEB.CL,2905.0
2021-10-22,GEB,GEB.CL,2769.0
2021-10-29,GEB,GEB.CL,2657.0
2021-11-05,GEB,GEB.CL,2668.0
2021-11-12,GEB,GEB.CL,2710.0
2021-11-19,GEB,GEB.CL,2589.0
2021-11-26,GEB,GEB.CL,2700.0
2021-12-03,GEB,GEB.CL,2621.0
2021-12-10,GEB,GEB.CL,2595.0
2021-12-17,GEB,GEB.CL,2500.0
2021-12-24,GEB,GEB.CL,2500.0
2021-12-31,GEB,GEB.CL,2435.0
2022-01-07,GEB,GEB.CL,2527.0
2022-01-14,GEB,GEB.CL,2607.0
2022-01-21,GEB,GEB.CL,2650.0
2022-01-28,GEB,GEB.CL,2530.0
2022-02-04,GEB,GEB.CL,2507.0
2022-02-11,GEB,GEB.CL,2474.0
2022-02-18,GEB,GEB.CL,2430.0
2022-02-25,GEB,GEB.CL,2478.0
2022-03-04,GEB,GEB.CL,2520.0
2022-03-11,GEB,GEB.CL,2480.0
2022-03-18,GEB,GEB.CL,2481.0
2022-03-25,GEB,GEB.CL,2470.0
2022-04-01,GEB,GEB.CL,2505.0
2022-04-08,GEB,GEB.CL,2480.0
2022-04-15,GEB,GEB.CL,2556.0
2022-04-22,GEB,GEB.CL,2490.0
2022-04-29,GEB,GEB.CL,2482.0
2022-05-06,GEB,GEB.CL,2360.0
2022-05-13,GEB,GEB.CL,2310.0
2022-05-20,GEB,GEB.CL,2350.0
2022-05-27,GEB,GEB.CL,2211.0
2022-06-03,GEB,GEB.CL,2001.0
2022-06-10,GEB,GEB.CL,1901.0
2022-06-17,GEB,GEB.CL,1800.0
2022-06-24,GEB,GEB.CL,1998.0
2022-07-01,GEB,GEB.CL,2128.0
2022-07-08,GEB,GEB.CL,1930.0
2022-07-15,GEB,GEB.CL,1929.0
2022-07-22,GEB,GEB.CL,1950.0
2022-07-29,GEB,GEB.CL,1831.0
2022-08-05,GEB,GEB.CL,1970.0
2022-08-12,GEB,GEB.CL,1990.0
2022-08-19,GEB,GEB.CL,1934.0
2022-08-26,GEB,GEB.CL,1935.0
2022-09-02,GEB,GEB.CL,1900.0
2022-09-09,GEB,GEB.CL,1980.0
2022-09-16,GEB,GEB.CL,1916.0
2022-09-23,GEB,GEB.CL,1870.0
2022-09-30,GEB,GEB.CL,1945.0
2022-10-07,GEB,GEB.CL,1821.0
2022-10-14,GEB,GEB.CL,1780.0
2022-10-21,GEB,GEB.CL,1650.0
2022-10-28,GEB,GEB.CL,1690.0
2022-11-04,GEB,GEB.CL,1745.0
2022-11-11,GEB,GEB.CL,1733.0
2022-11-18,GEB,GEB.CL,1759.0
2022-11-25,GEB,GEB.CL,1860.0
2022-12-02,GEB,GEB.CL,1810.0
2022-12-09,GEB,GEB.CL,1800.0
2022-12-16,GEB,GEB.CL,1700.0
2022-12-23,GEB,GEB.CL,1683.0
2022-12-30,GEB,GEB.CL,1700.0
2023-01-06,GEB,GEB.CL,1692.0
2023-01-13,GEB,GEB.CL,1685.0
2023-01-20,GEB,GEB.CL,1705.0
2023-01-27,GEB,GEB.CL,1501.0
2023-02-03,GEB,GEB.CL,1430.0
2023-02-10,GEB,GEB.CL,1370.0
2023-02-17,GEB,GEB.CL,1349.0
2023-02-24,GEB,GEB.CL,1430.0
2023-03-03,GEB,GEB.CL,1467.0
2023-03-10,GEB,GEB.CL,1560.0
2023-03-17,GEB,GEB.CL,1545.0
2023-03-24,GEB,GEB.CL,1566.0
2023-03-31,GEB,GEB.CL,1605.0
2023-04-07,GEB,GEB.CL,1691.0
2023-04-14,GEB,GEB.CL,1700.0
2023-04-21,GEB,GEB.CL,1840.0
2023-04-28,GEB,GEB.CL,1771.0
2023-05-05,GEB,GEB.CL,1664.0
2023-05-12,GEB,GEB.CL,1729.0
2023-05-19,GEB,GEB.CL,1750.0
2023-05-26,GEB,GEB.CL,1830.0
2023-06-02,GEB,GEB.CL,1980.0
2023-06-09,GEB,GEB.CL,1968.0
2023-06-16,GEB,GEB.CL,1888.0
2023-06-23,GEB,GEB.CL,1842.0
2023-06-30,GEB,GEB.CL,1820.0
2023-07-07,GEB,GEB.CL,1880.0
2023-07-14,GEB,GEB.CL,1822.0
2023-07-21,GEB,GEB.CL,1790.0
2023-07-28,GEB,GEB.CL,1755.0
2023-08-04,GEB,GEB.CL,1752.0
2023-08-11,GEB,GEB.CL,1780.0
2023-08-18,GEB,GEB.CL,1720.0
2023-08-25,GEB,GEB.CL,1616.0
2023-09-01,GEB,GEB.CL,1679.0
2023-09-08,GEB,GEB.CL,1690.0
2023-09-15,GEB,GEB.CL,1610.0
2023-09-22,GEB,GEB.CL,1720.0
2023-09-29,GEB,GEB.CL,1622.0
2023-10-06,GEB,GEB.CL,1641.0
2023-10-13,GEB,GEB.CL,1635.0
2023-10-20,GEB,GEB.CL,1687.0
2023-10-27,GEB,GEB.CL,1750.0
2023-11-03,GEB,GEB.CL,1735.0
2023-11-10,GEB,GEB.CL,1705.0
2023-11-17,GEB,GEB.CL,1850.0
2023-11-24,GEB,GEB.CL,1900.0
2023-12-01,GEB,GEB.CL,1795.0
2023-12-08,GEB,GEB.CL,1825.0
2023-12-15,GEB,GEB.CL,1820.0
2023-12-22,GEB,GEB.CL,1900.0
2023-12-29,GEB,GEB.CL,2130.0
2024-01-05,GEB,GEB.CL,2290.0
2024-01-12,GEB,GEB.CL,2150.0
2024-01-19,GEB,GEB.CL,2150.0
2024-01-26,GEB,GEB.CL,2250.0
2024-02-02,GEB,GEB.CL,2185.0
2024-02-09,GEB,GEB.CL,2105.0
2024-02-16,GEB,GEB.CL,2180.0
2024-02-23,GEB,GEB.CL,2215.0
2024-03-01,GEB,GEB.CL,2340.0
2024-03-08,GEB,GEB.CL,2200.0
2024-03-15,GEB,GEB.CL,2230.0
2024-03-22,GEB,GEB.CL,2370.0
2024-03-29,GEB,GEB.CL,2560.0
2024-04-05,GEB,GEB.CL,2610.0
2024-04-12,GEB,GEB.CL,2300.0
2024-04-19,GEB,GEB.CL,2460.0
2024-04-26,GEB,GEB.CL,2580.0
2024-05-03,GEB,GEB.CL,2520.0
2024-05-10,GEB,GEB.CL,2580.0
2024-05-17,GEB,GEB.CL,2550.0
2024-05-24,GEB,GEB.CL,2555.0
2024-05-31,GEB,GEB.CL,2545.0
2024-06-07,GEB,GEB.CL,2530.0
2024-06-14,GEB,GEB.CL,2485.0
2024-06-21,GEB,GEB.CL,2525.0
2024-06-28,GEB,GEB.CL,2575.0
2024-07-05,GEB,GEB.CL,2570.0
2024-07-12,GEB,GEB.CL,2575.0
2024-07-19,GEB,GEB.CL,2505.0
2024-07-26,GEB,GEB.CL,2430.0
2024-08-02,GEB,GEB.CL,2420.0
2024-08-09,GEB,GEB.CL,2435.0
2024-08-16,GEB,GEB.CL,2400.0
2024-08-23,GEB,GEB.CL,2460.0
2024-08-30,GEB,GEB.CL,2530.0
2024-09-06,GEB,GEB.CL,2510.0
2024-09-13,GEB,GEB.CL,2575.0
2024-09-20,GEB,GEB.CL,2560.0
2024-09-27,GEB,GEB.CL,2495.0
2024-10-04,GEB,GEB.CL,2480.0
2024-10-11,GEB,GEB.CL,2575.0
2024-10-18,GEB,GEB.CL,2535.0
2024-10-25,GEB,GEB.CL,2530.0
2024-11-01,GEB,GEB.CL,2525.0
2024-11-08,GEB,GEB.CL,2480.0
2024-11-15,GEB,GEB.CL,2590.0
2024-11-22,GEB,GEB.CL,2570.0
2024-11-29,GEB,GEB.CL,2600.0
2024-12-06,GEB,GEB.CL,2495.0
2024-12-13,GEB,GEB.CL,2425.0
2024-12-20,GEB,GEB.CL,2450.0
2024-12-27,GEB,GEB.CL,2500.0
2025-01-03,GEB,GEB.CL,2510.0
2025-01-10,GEB,GEB.CL,2525.0
2025-01-17,GEB,GEB.CL,2580.0
2025-01-24,GEB,GEB.CL,2770.0
2025-01-31,GEB,GEB.CL,2600.0
2025-02-07,GEB,GEB.CL,2555.0
2025-02-14,GEB,GEB.CL,2680.0
2025-02-21,GEB,GEB.CL,2940.0
2025-02-28,GEB,GEB.CL,2820.0
2025-03-07,GEB,GEB.CL,2850.0
2025-03-14,GEB,GEB.CL,2860.0
2025-03-21,GEB,GEB.CL,2865.0
2025-03-28,GEB,GEB.CL,2995.0
2025-04-04,GEB,GEB.CL,2785.0
2025-04-11,GEB,GEB.CL,2820.0
2025-04-18,GEB,GEB.CL,2830.0
2025-04-25,GEB,GEB.CL,2930.0
2025-05-02,GEB,GEB.CL,2970.0
2025-05-09,GEB,GEB.CL,2885.0
2025-05-16,GEB,GEB.CL,2970.0
2025-05-23,GEB,GEB.CL,2985.0
2025-05-30,GEB,GEB.CL,2970.0
2025-06-06,GEB,GEB.CL,2920.0
2025-06-13,GEB,GEB.CL,2940.0
2025-06-20,GEB,GEB.CL,3020.0
2025-06-27,GEB,GEB.CL,3055.0
2025-07-04,GEB,GEB.CL,3015.0
2025-07-11,GEB,GEB.CL,3065.0
2025-07-18,GEB,GEB.CL,2940.0
2025-07-25,GEB,GEB.CL,2950.0
2025-08-01,GEB,GEB.CL,2970.0
2025-08-08,GEB,GEB.CL,3010.0
2025-08-15,GEB,GEB.CL,2940.0
2025-08-22,GEB,GEB.CL,2940.0
2025-08-29,GEB,GEB.CL,2955.0
2025-09-05,GEB,GEB.CL,2980.0
2025-09-12,GEB,GEB.CL,2825.0
2025-09-19,GEB,GEB.CL,2910.0
2025-09-26,GEB,GEB.CL,2910.0
2025-10-03,GEB,GEB.CL,2905.0
2025-10-10,GEB,GEB.CL,2950.0
2025-10-17,GEB,GEB.CL,3060.0
2025-10-24,GEB,GEB.CL,3090.0
2025-10-31,GEB,GEB.CL,3180.0
2025-11-07,GEB,GEB.CL,3165.0
2025-11-14,GEB,GEB.CL,3095.0
2025-11-21,GEB,GEB.CL,3155.0
2025-11-28,GEB,GEB.CL,3200.0
2025-12-05,GEB,GEB.CL,3000.0
2025-12-12,GEB,GEB.CL,2940.0
2025-12-19,GEB,GEB.CL,2985.0
2025-12-26,GEB,GEB.CL,2970.0
2026-01-02,GEB,GEB.CL,3065.0
2026-01-09,GEB,GEB.CL,3140.0
2026-01-16,GEB,GEB.CL,3240.0
2026-01-23,GEB,GEB.CL,3340.0
2026-01-30,GEB,GEB.CL,2830.0
2026-02-06,GEB,GEB.CL,2975.0
2026-02-13,GEB,GEB.CL,3040.0
2026-02-20,GEB,GEB.CL,2860.0
2026-02-27,GEB,GEB.CL,2760.0
2026-03-06,GEB,GEB.CL,2805.0
2026-03-13,GEB,GEB.CL,2875.0
2026-03-20,GEB,GEB.CL,2995.0
2026-03-27,GEB,GEB.CL,2965.0
2026-04-03,GEB,GEB.CL,3090.0
2026-04-10,GEB,GEB.CL,3050.0
2026-04-17,GEB,GEB.CL,3100.0
2026-04-24,GEB,GEB.CL,3045.0
2026-05-01,GEB,GEB.CL,3055.0
2026-05-08,GEB,GEB.CL,2985.0
2026-05-15,GEB,GEB.CL,2840.0
2026-05-22,GEB,GEB.CL,2780.0
2026-05-29,GEB,GEB.CL,2820.0
2026-06-05,GEB,GEB.CL,2950.0
2026-06-12,GEB,GEB.CL,3065.0
2026-06-19,GEB,GEB.CL,2855.0
2026-06-26,GEB,GEB.CL,2905.0
2026-07-03,GEB,GEB.CL,2890.0
2026-07-10,GEB,GEB.CL,2990.0
2026-07-17,GEB,GEB.CL,2835.0
2026-07-24,GEB,GEB.CL,2820.0
2026-07-31,GEB,GEB.CL,2890.0
2026-08-07,GEB,GEB.CL,2850.0
2026-08-14,GEB,GEB.CL,2830.0
2026-08-21,GEB,GEB.CL,2880.0
2026-08-28,GEB,GEB.CL,2865.0
2026-09-04,GEB,GEB.CL,2960.0
2026-09-11,GEB,GEB.CL,2905.0
2026-09-18,GEB,GEB.CL,3060.0
2026-09-25,GEB,GEB.CL,3060.0
2026-09-30,GEB,GEB.CL,3060.0
2010-01-01,GRUBOLIVAR,GRUBOLIVAR.CL,40000.0
2010-01-08,GRUBOLIVAR,GRUBOLIVAR.CL,40000.0
2010-01-15,GRUBOLIVAR,GRUBOLIVAR.CL,40000.0
2010-01-22,GRUBOLIVAR,GRUBOLIVAR.CL,40000.0
2010-01-29,GRUBOLIVAR,GRUBOLIVAR.CL,40000.0
2010-02-05,GRUBOLIVAR,GRUBOLIVAR.CL,42500.0
2010-02-12,GRUBOLIVAR,GRUBOLIVAR.CL,40000.0
2010-02-19,GRUBOLIVAR,GRUBOLIVAR.CL,40000.0
2010-02-26,GRUBOLIVAR,GRUBOLIVAR.CL,40000.0
2010-03-05,GRUBOLIVAR,GRUBOLIVAR.CL,40020.0
2010-03-12,GRUBOLIVAR,GRUBOLIVAR.CL,40020.0
2010-03-19,GRUBOLIVAR,GRUBOLIVAR.CL,40020.0
2010-03-26,GRUBOLIVAR,GRUBOLIVAR.CL,42500.0
2010-04-02,GRUBOLIVAR,GRUBOLIVAR.CL,42500.0
2010-04-09,GRUBOLIVAR,GRUBOLIVAR.CL,42500.0
2010-04-16,GRUBOLIVAR,GRUBOLIVAR.CL,40600.0
2010-04-23,GRUBOLIVAR,GRUBOLIVAR.CL,40600.0
2010-04-30,GRUBOLIVAR,GRUBOLIVAR.CL,40600.0
2010-05-07,GRUBOLIVAR,GRUBOLIVAR.CL,41620.0
2010-05-14,GRUBOLIVAR,GRUBOLIVAR.CL,41620.0
2010-05-21,GRUBOLIVAR,GRUBOLIVAR.CL,41420.0
2010-05-28,GRUBOLIVAR,GRUBOLIVAR.CL,41420.0
2010-06-04,GRUBOLIVAR,GRUBOLIVAR.CL,41420.0
2010-06-11,GRUBOLIVAR,GRUBOLIVAR.CL,45000.0
2010-06-18,GRUBOLIVAR,GRUBOLIVAR.CL,45000.0
2010-06-25,GRUBOLIVAR,GRUBOLIVAR.CL,45000.0
2010-07-02,GRUBOLIVAR,GRUBOLIVAR.CL,46400.0
2010-07-09,GRUBOLIVAR,GRUBOLIVAR.CL,47560.0
2010-07-16,GRUBOLIVAR,GRUBOLIVAR.CL,47560.0
2010-07-23,GRUBOLIVAR,GRUBOLIVAR.CL,47560.0
2010-07-30,GRUBOLIVAR,GRUBOLIVAR.CL,47560.0
2010-08-06,GRUBOLIVAR,GRUBOLIVAR.CL,48440.0
2010-08-13,GRUBOLIVAR,GRUBOLIVAR.CL,48440.0
2010-08-20,GRUBOLIVAR,GRUBOLIVAR.CL,48440.0
2010-08-27,GRUBOLIVAR,GRUBOLIVAR.CL,49000.0
2010-09-03,GRUBOLIVAR,GRUBOLIVAR.CL,49000.0
2010-09-10,GRUBOLIVAR,GRUBOLIVAR.CL,54580.0
2010-09-17,GRUBOLIVAR,GRUBOLIVAR.CL,58020.0
2010-09-24,GRUBOLIVAR,GRUBOLIVAR.CL,58500.0
2010-10-01,GRUBOLIVAR,GRUBOLIVAR.CL,63000.0
2010-10-08,GRUBOLIVAR,GRUBOLIVAR.CL,63000.0
2010-10-15,GRUBOLIVAR,GRUBOLIVAR.CL,63000.0
2010-10-22,GRUBOLIVAR,GRUBOLIVAR.CL,63100.0
2010-10-29,GRUBOLIVAR,GRUBOLIVAR.CL,60100.0
2010-11-05,GRUBOLIVAR,GRUBOLIVAR.CL,60200.0
2010-11-12,GRUBOLIVAR,GRUBOLIVAR.CL,60160.0
2010-11-19,GRUBOLIVAR,GRUBOLIVAR.CL,60100.0
2010-11-26,GRUBOLIVAR,GRUBOLIVAR.CL,60160.0
2010-12-03,GRUBOLIVAR,GRUBOLIVAR.CL,60160.0
2010-12-10,GRUBOLIVAR,GRUBOLIVAR.CL,60120.0
2010-12-17,GRUBOLIVAR,GRUBOLIVAR.CL,59000.0
2010-12-24,GRUBOLIVAR,GRUBOLIVAR.CL,59000.0
2010-12-31,GRUBOLIVAR,GRUBOLIVAR.CL,59000.0
2011-01-07,GRUBOLIVAR,GRUBOLIVAR.CL,59000.0
2011-01-14,GRUBOLIVAR,GRUBOLIVAR.CL,59900.0
2011-01-21,GRUBOLIVAR,GRUBOLIVAR.CL,59900.0
2011-01-28,GRUBOLIVAR,GRUBOLIVAR.CL,59800.0
2011-02-04,GRUBOLIVAR,GRUBOLIVAR.CL,59800.0
2011-02-11,GRUBOLIVAR,GRUBOLIVAR.CL,58480.0
2011-02-18,GRUBOLIVAR,GRUBOLIVAR.CL,58480.0
2011-02-25,GRUBOLIVAR,GRUBOLIVAR.CL,56880.0
2011-03-04,GRUBOLIVAR,GRUBOLIVAR.CL,56480.0
2011-03-11,GRUBOLIVAR,GRUBOLIVAR.CL,56480.0
2011-03-18,GRUBOLIVAR,GRUBOLIVAR.CL,57000.0
2011-03-25,GRUBOLIVAR,GRUBOLIVAR.CL,55600.0
2011-04-01,GRUBOLIVAR,GRUBOLIVAR.CL,55680.0
2011-04-08,GRUBOLIVAR,GRUBOLIVAR.CL,55900.0
2011-04-15,GRUBOLIVAR,GRUBOLIVAR.CL,55500.0
2011-04-22,GRUBOLIVAR,GRUBOLIVAR.CL,55300.0
2011-04-29,GRUBOLIVAR,GRUBOLIVAR.CL,55160.0
2011-05-06,GRUBOLIVAR,GRUBOLIVAR.CL,55500.0
2011-05-13,GRUBOLIVAR,GRUBOLIVAR.CL,55500.0
2011-05-20,GRUBOLIVAR,GRUBOLIVAR.CL,52000.0
2011-05-27,GRUBOLIVAR,GRUBOLIVAR.CL,52000.0
2011-06-03,GRUBOLIVAR,GRUBOLIVAR.CL,52000.0
2011-06-10,GRUBOLIVAR,GRUBOLIVAR.CL,53000.0
2011-06-17,GRUBOLIVAR,GRUBOLIVAR.CL,52900.0
2011-06-24,GRUBOLIVAR,GRUBOLIVAR.CL,52680.0
2011-07-01,GRUBOLIVAR,GRUBOLIVAR.CL,51000.0
2011-07-08,GRUBOLIVAR,GRUBOLIVAR.CL,50000.0
2011-07-15,GRUBOLIVAR,GRUBOLIVAR.CL,50100.0
2011-07-22,GRUBOLIVAR,GRUBOLIVAR.CL,52000.0
2011-07-29,GRUBOLIVAR,GRUBOLIVAR.CL,52000.0
2011-08-05,GRUBOLIVAR,GRUBOLIVAR.CL,50600.0
2011-08-12,GRUBOLIVAR,GRUBOLIVAR.CL,50800.0
2011-08-19,GRUBOLIVAR,GRUBOLIVAR.CL,51980.0
2011-08-26,GRUBOLIVAR,GRUBOLIVAR.CL,50900.0
2011-09-02,GRUBOLIVAR,GRUBOLIVAR.CL,50920.0
2011-09-09,GRUBOLIVAR,GRUBOLIVAR.CL,50920.0
2011-09-16,GRUBOLIVAR,GRUBOLIVAR.CL,50920.0
2011-09-23,GRUBOLIVAR,GRUBOLIVAR.CL,50920.0
2011-09-30,GRUBOLIVAR,GRUBOLIVAR.CL,50940.0
2011-10-07,GRUBOLIVAR,GRUBOLIVAR.CL,50940.0
2011-10-14,GRUBOLIVAR,GRUBOLIVAR.CL,50940.0
2011-10-21,GRUBOLIVAR,GRUBOLIVAR.CL,50940.0
2011-10-28,GRUBOLIVAR,GRUBOLIVAR.CL,50980.0
2011-11-04,GRUBOLIVAR,GRUBOLIVAR.CL,51040.0
2011-11-11,GRUBOLIVAR,GRUBOLIVAR.CL,51000.0
2011-11-18,GRUBOLIVAR,GRUBOLIVAR.CL,52000.0
2011-11-25,GRUBOLIVAR,GRUBOLIVAR.CL,52000.0
2011-12-02,GRUBOLIVAR,GRUBOLIVAR.CL,51220.0
2011-12-09,GRUBOLIVAR,GRUBOLIVAR.CL,51220.0
2011-12-16,GRUBOLIVAR,GRUBOLIVAR.CL,51220.0
2011-12-23,GRUBOLIVAR,GRUBOLIVAR.CL,51220.0
2011-12-30,GRUBOLIVAR,GRUBOLIVAR.CL,51200.0
2012-01-06,GRUBOLIVAR,GRUBOLIVAR.CL,51200.0
2012-01-13,GRUBOLIVAR,GRUBOLIVAR.CL,51200.0
2012-01-20,GRUBOLIVAR,GRUBOLIVAR.CL,51180.0
2012-01-27,GRUBOLIVAR,GRUBOLIVAR.CL,51180.0
2012-02-03,GRUBOLIVAR,GRUBOLIVAR.CL,51180.0
2012-02-10,GRUBOLIVAR,GRUBOLIVAR.CL,51180.0
2012-02-17,GRUBOLIVAR,GRUBOLIVAR.CL,51000.0
2012-02-24,GRUBOLIVAR,GRUBOLIVAR.CL,51180.0
2012-03-02,GRUBOLIVAR,GRUBOLIVAR.CL,50500.0
2012-03-09,GRUBOLIVAR,GRUBOLIVAR.CL,50500.0
2012-03-16,GRUBOLIVAR,GRUBOLIVAR.CL,50500.0
2012-03-23,GRUBOLIVAR,GRUBOLIVAR.CL,50500.0
2012-03-30,GRUBOLIVAR,GRUBOLIVAR.CL,51180.0
2012-04-06,GRUBOLIVAR,GRUBOLIVAR.CL,51180.0
2012-04-13,GRUBOLIVAR,GRUBOLIVAR.CL,50300.0
2012-04-20,GRUBOLIVAR,GRUBOLIVAR.CL,50200.0
2012-04-27,GRUBOLIVAR,GRUBOLIVAR.CL,51180.0
2012-05-04,GRUBOLIVAR,GRUBOLIVAR.CL,50200.0
2012-05-11,GRUBOLIVAR,GRUBOLIVAR.CL,50100.0
2012-05-18,GRUBOLIVAR,GRUBOLIVAR.CL,52000.0
2012-05-25,GRUBOLIVAR,GRUBOLIVAR.CL,52000.0
2012-06-01,GRUBOLIVAR,GRUBOLIVAR.CL,50400.0
2012-06-08,GRUBOLIVAR,GRUBOLIVAR.CL,50400.0
2012-06-15,GRUBOLIVAR,GRUBOLIVAR.CL,49900.0
2012-06-22,GRUBOLIVAR,GRUBOLIVAR.CL,49900.0
2012-06-29,GRUBOLIVAR,GRUBOLIVAR.CL,49900.0
2012-07-06,GRUBOLIVAR,GRUBOLIVAR.CL,49700.0
2012-07-13,GRUBOLIVAR,GRUBOLIVAR.CL,49500.0
2012-07-20,GRUBOLIVAR,GRUBOLIVAR.CL,49500.0
2012-07-27,GRUBOLIVAR,GRUBOLIVAR.CL,49000.0
2012-08-03,GRUBOLIVAR,GRUBOLIVAR.CL,49000.0
2012-08-10,GRUBOLIVAR,GRUBOLIVAR.CL,49000.0
2012-08-17,GRUBOLIVAR,GRUBOLIVAR.CL,49000.0
2012-08-24,GRUBOLIVAR,GRUBOLIVAR.CL,49000.0
2012-08-31,GRUBOLIVAR,GRUBOLIVAR.CL,49000.0
2012-09-07,GRUBOLIVAR,GRUBOLIVAR.CL,48600.0
2012-09-14,GRUBOLIVAR,GRUBOLIVAR.CL,48600.0
2012-09-21,GRUBOLIVAR,GRUBOLIVAR.CL,48600.0
2012-09-28,GRUBOLIVAR,GRUBOLIVAR.CL,48600.0
2012-10-05,GRUBOLIVAR,GRUBOLIVAR.CL,48600.0
2012-10-12,GRUBOLIVAR,GRUBOLIVAR.CL,48600.0
2012-10-19,GRUBOLIVAR,GRUBOLIVAR.CL,49200.0
2012-10-26,GRUBOLIVAR,GRUBOLIVAR.CL,49800.0
2012-11-02,GRUBOLIVAR,GRUBOLIVAR.CL,48600.0
2012-11-09,GRUBOLIVAR,GRUBOLIVAR.CL,48600.0
2012-11-16,GRUBOLIVAR,GRUBOLIVAR.CL,48580.0
2012-11-23,GRUBOLIVAR,GRUBOLIVAR.CL,48580.0
2012-11-30,GRUBOLIVAR,GRUBOLIVAR.CL,48580.0
2012-12-07,GRUBOLIVAR,GRUBOLIVAR.CL,48500.0
2012-12-14,GRUBOLIVAR,GRUBOLIVAR.CL,48500.0
2012-12-21,GRUBOLIVAR,GRUBOLIVAR.CL,48500.0
2012-12-28,GRUBOLIVAR,GRUBOLIVAR.CL,48500.0
2013-01-04,GRUBOLIVAR,GRUBOLIVAR.CL,48500.0
2013-01-11,GRUBOLIVAR,GRUBOLIVAR.CL,48400.0
2013-01-18,GRUBOLIVAR,GRUBOLIVAR.CL,46600.0
2013-01-25,GRUBOLIVAR,GRUBOLIVAR.CL,48000.0
2013-02-01,GRUBOLIVAR,GRUBOLIVAR.CL,46600.0
2013-02-08,GRUBOLIVAR,GRUBOLIVAR.CL,46000.0
2013-02-15,GRUBOLIVAR,GRUBOLIVAR.CL,47000.0
2013-02-22,GRUBOLIVAR,GRUBOLIVAR.CL,46000.0
2013-03-01,GRUBOLIVAR,GRUBOLIVAR.CL,46020.0
2013-03-08,GRUBOLIVAR,GRUBOLIVAR.CL,46020.0
2013-03-15,GRUBOLIVAR,GRUBOLIVAR.CL,46000.0
2013-03-22,GRUBOLIVAR,GRUBOLIVAR.CL,46000.0
2013-03-29,GRUBOLIVAR,GRUBOLIVAR.CL,47000.0
2013-04-05,GRUBOLIVAR,GRUBOLIVAR.CL,46000.0
2013-04-12,GRUBOLIVAR,GRUBOLIVAR.CL,46000.0
2013-04-19,GRUBOLIVAR,GRUBOLIVAR.CL,46000.0
2013-04-26,GRUBOLIVAR,GRUBOLIVAR.CL,46000.0
2013-05-03,GRUBOLIVAR,GRUBOLIVAR.CL,46000.0
2013-05-10,GRUBOLIVAR,GRUBOLIVAR.CL,46000.0
2013-05-17,GRUBOLIVAR,GRUBOLIVAR.CL,46000.0
2013-05-24,GRUBOLIVAR,GRUBOLIVAR.CL,46000.0
2013-05-31,GRUBOLIVAR,GRUBOLIVAR.CL,46000.0
2013-06-07,GRUBOLIVAR,GRUBOLIVAR.CL,46000.0
2013-06-14,GRUBOLIVAR,GRUBOLIVAR.CL,46000.0
2013-06-21,GRUBOLIVAR,GRUBOLIVAR.CL,45000.0
2013-06-28,GRUBOLIVAR,GRUBOLIVAR.CL,45000.0
2013-07-05,GRUBOLIVAR,GRUBOLIVAR.CL,45000.0
2013-07-12,GRUBOLIVAR,GRUBOLIVAR.CL,44500.0
2013-07-19,GRUBOLIVAR,GRUBOLIVAR.CL,44500.0
2013-07-26,GRUBOLIVAR,GRUBOLIVAR.CL,44500.0
2013-08-02,GRUBOLIVAR,GRUBOLIVAR.CL,44500.0
2013-08-09,GRUBOLIVAR,GRUBOLIVAR.CL,44500.0
2013-08-16,GRUBOLIVAR,GRUBOLIVAR.CL,44500.0
2013-08-23,GRUBOLIVAR,GRUBOLIVAR.CL,44500.0
2013-08-30,GRUBOLIVAR,GRUBOLIVAR.CL,44500.0
2013-09-06,GRUBOLIVAR,GRUBOLIVAR.CL,44500.0
2013-09-13,GRUBOLIVAR,GRUBOLIVAR.CL,44300.0
2013-09-20,GRUBOLIVAR,GRUBOLIVAR.CL,44300.0
2013-09-27,GRUBOLIVAR,GRUBOLIVAR.CL,44300.0
2013-10-04,GRUBOLIVAR,GRUBOLIVAR.CL,44300.0
2013-10-11,GRUBOLIVAR,GRUBOLIVAR.CL,44300.0
2013-10-18,GRUBOLIVAR,GRUBOLIVAR.CL,44180.0
2013-10-25,GRUBOLIVAR,GRUBOLIVAR.CL,44000.0
2013-11-01,GRUBOLIVAR,GRUBOLIVAR.CL,43900.0
2013-11-08,GRUBOLIVAR,GRUBOLIVAR.CL,43900.0
2013-11-15,GRUBOLIVAR,GRUBOLIVAR.CL,43900.0
2013-11-22,GRUBOLIVAR,GRUBOLIVAR.CL,43700.0
2013-11-29,GRUBOLIVAR,GRUBOLIVAR.CL,43700.0
2013-12-06,GRUBOLIVAR,GRUBOLIVAR.CL,43500.0
2013-12-13,GRUBOLIVAR,GRUBOLIVAR.CL,43500.0
2013-12-20,GRUBOLIVAR,GRUBOLIVAR.CL,43500.0
2013-12-27,GRUBOLIVAR,GRUBOLIVAR.CL,43500.0
2014-01-03,GRUBOLIVAR,GRUBOLIVAR.CL,43500.0
2014-01-10,GRUBOLIVAR,GRUBOLIVAR.CL,43500.0
2014-01-17,GRUBOLIVAR,GRUBOLIVAR.CL,43500.0
2014-01-24,GRUBOLIVAR,GRUBOLIVAR.CL,43400.0
2014-01-31,GRUBOLIVAR,GRUBOLIVAR.CL,43400.0
2014-02-07,GRUBOLIVAR,GRUBOLIVAR.CL,43300.0
2014-02-14,GRUBOLIVAR,GRUBOLIVAR.CL,43300.0
2014-02-21,GRUBOLIVAR,GRUBOLIVAR.CL,42900.0
2014-02-28,GRUBOLIVAR,GRUBOLIVAR.CL,42900.0
2014-03-07,GRUBOLIVAR,GRUBOLIVAR.CL,42500.0
2014-03-14,GRUBOLIVAR,GRUBOLIVAR.CL,42500.0
2014-03-21,GRUBOLIVAR,GRUBOLIVAR.CL,42200.0
2014-03-28,GRUBOLIVAR,GRUBOLIVAR.CL,42000.0
2014-04-04,GRUBOLIVAR,GRUBOLIVAR.CL,41580.0
2014-04-11,GRUBOLIVAR,GRUBOLIVAR.CL,41400.0
2014-04-18,GRUBOLIVAR,GRUBOLIVAR.CL,40980.0
2014-04-25,GRUBOLIVAR,GRUBOLIVAR.CL,40000.0
2014-05-02,GRUBOLIVAR,GRUBOLIVAR.CL,39800.0
2014-05-09,GRUBOLIVAR,GRUBOLIVAR.CL,40000.0
2014-05-16,GRUBOLIVAR,GRUBOLIVAR.CL,40000.0
2014-05-23,GRUBOLIVAR,GRUBOLIVAR.CL,39700.0
2014-05-30,GRUBOLIVAR,GRUBOLIVAR.CL,39700.0
2014-06-06,GRUBOLIVAR,GRUBOLIVAR.CL,40100.0
2014-06-13,GRUBOLIVAR,GRUBOLIVAR.CL,41120.0
2014-06-20,GRUBOLIVAR,GRUBOLIVAR.CL,41120.0
2014-06-27,GRUBOLIVAR,GRUBOLIVAR.CL,41120.0
2014-07-04,GRUBOLIVAR,GRUBOLIVAR.CL,41120.0
2014-07-11,GRUBOLIVAR,GRUBOLIVAR.CL,41120.0
2014-07-18,GRUBOLIVAR,GRUBOLIVAR.CL,41120.0
2014-07-25,GRUBOLIVAR,GRUBOLIVAR.CL,41120.0
2014-08-01,GRUBOLIVAR,GRUBOLIVAR.CL,42000.0
2014-08-08,GRUBOLIVAR,GRUBOLIVAR.CL,42000.0
2014-08-15,GRUBOLIVAR,GRUBOLIVAR.CL,50000.0
2014-08-22,GRUBOLIVAR,GRUBOLIVAR.CL,50000.0
2014-08-29,GRUBOLIVAR,GRUBOLIVAR.CL,42000.0
2014-09-05,GRUBOLIVAR,GRUBOLIVAR.CL,42000.0
2014-09-12,GRUBOLIVAR,GRUBOLIVAR.CL,42000.0
2014-09-19,GRUBOLIVAR,GRUBOLIVAR.CL,42020.0
2014-09-26,GRUBOLIVAR,GRUBOLIVAR.CL,42060.0
2014-10-03,GRUBOLIVAR,GRUBOLIVAR.CL,42060.0
2014-10-10,GRUBOLIVAR,GRUBOLIVAR.CL,42060.0
2014-10-17,GRUBOLIVAR,GRUBOLIVAR.CL,42060.0
2014-10-24,GRUBOLIVAR,GRUBOLIVAR.CL,42020.0
2014-10-31,GRUBOLIVAR,GRUBOLIVAR.CL,42020.0
2014-11-07,GRUBOLIVAR,GRUBOLIVAR.CL,42020.0
2014-11-14,GRUBOLIVAR,GRUBOLIVAR.CL,45120.0
2014-11-21,GRUBOLIVAR,GRUBOLIVAR.CL,45120.0
2014-11-28,GRUBOLIVAR,GRUBOLIVAR.CL,45120.0
2014-12-05,GRUBOLIVAR,GRUBOLIVAR.CL,45120.0
2014-12-12,GRUBOLIVAR,GRUBOLIVAR.CL,45120.0
2014-12-19,GRUBOLIVAR,GRUBOLIVAR.CL,45120.0
2014-12-26,GRUBOLIVAR,GRUBOLIVAR.CL,45120.0
2015-01-02,GRUBOLIVAR,GRUBOLIVAR.CL,45120.0
2015-01-09,GRUBOLIVAR,GRUBOLIVAR.CL,45120.0
2015-01-16,GRUBOLIVAR,GRUBOLIVAR.CL,45120.0
2015-01-23,GRUBOLIVAR,GRUBOLIVAR.CL,45120.0
2015-01-30,GRUBOLIVAR,GRUBOLIVAR.CL,45000.0
2015-02-06,GRUBOLIVAR,GRUBOLIVAR.CL,51000.0
2015-02-13,GRUBOLIVAR,GRUBOLIVAR.CL,51000.0
2015-02-20,GRUBOLIVAR,GRUBOLIVAR.CL,52540.0
2015-02-27,GRUBOLIVAR,GRUBOLIVAR.CL,52620.0
2015-03-06,GRUBOLIVAR,GRUBOLIVAR.CL,52620.0
2015-03-13,GRUBOLIVAR,GRUBOLIVAR.CL,52620.0
2015-03-20,GRUBOLIVAR,GRUBOLIVAR.CL,52620.0
2015-03-27,GRUBOLIVAR,GRUBOLIVAR.CL,53020.0
2015-04-03,GRUBOLIVAR,GRUBOLIVAR.CL,53020.0
2015-04-10,GRUBOLIVAR,GRUBOLIVAR.CL,53060.0
2015-04-17,GRUBOLIVAR,GRUBOLIVAR.CL,53060.0
2015-04-24,GRUBOLIVAR,GRUBOLIVAR.CL,53060.0
2015-05-01,GRUBOLIVAR,GRUBOLIVAR.CL,53800.0
2015-05-08,GRUBOLIVAR,GRUBOLIVAR.CL,55000.0
2015-05-15,GRUBOLIVAR,GRUBOLIVAR.CL,55420.0
2015-05-22,GRUBOLIVAR,GRUBOLIVAR.CL,55420.0
2015-05-29,GRUBOLIVAR,GRUBOLIVAR.CL,55400.0
2015-06-05,GRUBOLIVAR,GRUBOLIVAR.CL,55400.0
2015-06-12,GRUBOLIVAR,GRUBOLIVAR.CL,55400.0
2015-06-19,GRUBOLIVAR,GRUBOLIVAR.CL,55400.0
2015-06-26,GRUBOLIVAR,GRUBOLIVAR.CL,55400.0
2015-07-03,GRUBOLIVAR,GRUBOLIVAR.CL,55400.0
2015-07-10,GRUBOLIVAR,GRUBOLIVAR.CL,55500.0
2015-07-17,GRUBOLIVAR,GRUBOLIVAR.CL,58200.0
2015-07-24,GRUBOLIVAR,GRUBOLIVAR.CL,58220.0
2015-07-31,GRUBOLIVAR,GRUBOLIVAR.CL,58220.0
2015-08-07,GRUBOLIVAR,GRUBOLIVAR.CL,58200.0
2015-08-14,GRUBOLIVAR,GRUBOLIVAR.CL,58200.0
2015-08-21,GRUBOLIVAR,GRUBOLIVAR.CL,58200.0
2015-08-28,GRUBOLIVAR,GRUBOLIVAR.CL,58200.0
2015-09-04,GRUBOLIVAR,GRUBOLIVAR.CL,58200.0
2015-09-11,GRUBOLIVAR,GRUBOLIVAR.CL,58200.0
2015-09-18,GRUBOLIVAR,GRUBOLIVAR.CL,59000.0
2015-09-25,GRUBOLIVAR,GRUBOLIVAR.CL,60000.0
2015-10-02,GRUBOLIVAR,GRUBOLIVAR.CL,60000.0
2015-10-09,GRUBOLIVAR,GRUBOLIVAR.CL,60000.0
2015-10-16,GRUBOLIVAR,GRUBOLIVAR.CL,59980.0
2015-10-23,GRUBOLIVAR,GRUBOLIVAR.CL,59940.0
2015-10-30,GRUBOLIVAR,GRUBOLIVAR.CL,59940.0
2015-11-06,GRUBOLIVAR,GRUBOLIVAR.CL,58000.0
2015-11-13,GRUBOLIVAR,GRUBOLIVAR.CL,58160.0
2015-11-20,GRUBOLIVAR,GRUBOLIVAR.CL,57400.0
2015-11-27,GRUBOLIVAR,GRUBOLIVAR.CL,57400.0
2015-12-04,GRUBOLIVAR,GRUBOLIVAR.CL,57000.0
2015-12-11,GRUBOLIVAR,GRUBOLIVAR.CL,57000.0
2015-12-18,GRUBOLIVAR,GRUBOLIVAR.CL,57000.0
2015-12-25,GRUBOLIVAR,GRUBOLIVAR.CL,57000.0
2016-01-01,GRUBOLIVAR,GRUBOLIVAR.CL,57000.0
2016-01-08,GRUBOLIVAR,GRUBOLIVAR.CL,57000.0
2016-01-15,GRUBOLIVAR,GRUBOLIVAR.CL,57000.0
2016-01-22,GRUBOLIVAR,GRUBOLIVAR.CL,57000.0
2016-01-29,GRUBOLIVAR,GRUBOLIVAR.CL,57000.0
2016-02-05,GRUBOLIVAR,GRUBOLIVAR.CL,57000.0
2016-02-12,GRUBOLIVAR,GRUBOLIVAR.CL,57000.0
2016-02-19,GRUBOLIVAR,GRUBOLIVAR.CL,56500.0
2016-02-26,GRUBOLIVAR,GRUBOLIVAR.CL,56500.0
2016-03-04,GRUBOLIVAR,GRUBOLIVAR.CL,56500.0
2016-03-11,GRUBOLIVAR,GRUBOLIVAR.CL,56500.0
2016-03-18,GRUBOLIVAR,GRUBOLIVAR.CL,56500.0
2016-03-25,GRUBOLIVAR,GRUBOLIVAR.CL,56000.0
2016-04-01,GRUBOLIVAR,GRUBOLIVAR.CL,55000.0
2016-04-08,GRUBOLIVAR,GRUBOLIVAR.CL,55000.0
2016-04-15,GRUBOLIVAR,GRUBOLIVAR.CL,56000.0
2016-04-22,GRUBOLIVAR,GRUBOLIVAR.CL,55000.0
2016-04-29,GRUBOLIVAR,GRUBOLIVAR.CL,55000.0
2016-05-06,GRUBOLIVAR,GRUBOLIVAR.CL,55000.0
2016-05-13,GRUBOLIVAR,GRUBOLIVAR.CL,55000.0
2016-05-20,GRUBOLIVAR,GRUBOLIVAR.CL,55000.0
2016-05-27,GRUBOLIVAR,GRUBOLIVAR.CL,55000.0
2016-06-03,GRUBOLIVAR,GRUBOLIVAR.CL,55000.0
2016-06-10,GRUBOLIVAR,GRUBOLIVAR.CL,54000.0
2016-06-17,GRUBOLIVAR,GRUBOLIVAR.CL,54300.0
2016-06-24,GRUBOLIVAR,GRUBOLIVAR.CL,54300.0
2016-07-01,GRUBOLIVAR,GRUBOLIVAR.CL,54300.0
2016-07-08,GRUBOLIVAR,GRUBOLIVAR.CL,54300.0
2016-07-15,GRUBOLIVAR,GRUBOLIVAR.CL,54300.0
2016-07-22,GRUBOLIVAR,GRUBOLIVAR.CL,54300.0
2016-07-29,GRUBOLIVAR,GRUBOLIVAR.CL,54300.0
2016-08-05,GRUBOLIVAR,GRUBOLIVAR.CL,54300.0
2016-08-12,GRUBOLIVAR,GRUBOLIVAR.CL,54300.0
2016-08-19,GRUBOLIVAR,GRUBOLIVAR.CL,54300.0
2016-08-26,GRUBOLIVAR,GRUBOLIVAR.CL,52900.0
2016-09-02,GRUBOLIVAR,GRUBOLIVAR.CL,53100.0
2016-09-09,GRUBOLIVAR,GRUBOLIVAR.CL,52900.0
2016-09-16,GRUBOLIVAR,GRUBOLIVAR.CL,52900.0
2016-09-23,GRUBOLIVAR,GRUBOLIVAR.CL,53000.0
2016-09-30,GRUBOLIVAR,GRUBOLIVAR.CL,57000.0
2016-10-07,GRUBOLIVAR,GRUBOLIVAR.CL,57000.0
2016-10-14,GRUBOLIVAR,GRUBOLIVAR.CL,52000.0
2016-10-21,GRUBOLIVAR,GRUBOLIVAR.CL,50000.0
2016-10-28,GRUBOLIVAR,GRUBOLIVAR.CL,50000.0
2016-11-04,GRUBOLIVAR,GRUBOLIVAR.CL,50000.0
2016-11-11,GRUBOLIVAR,GRUBOLIVAR.CL,50000.0
2016-11-18,GRUBOLIVAR,GRUBOLIVAR.CL,51000.0
2016-11-25,GRUBOLIVAR,GRUBOLIVAR.CL,51800.0
2016-12-02,GRUBOLIVAR,GRUBOLIVAR.CL,51000.0
2016-12-09,GRUBOLIVAR,GRUBOLIVAR.CL,50000.0
2016-12-16,GRUBOLIVAR,GRUBOLIVAR.CL,51000.0
2016-12-23,GRUBOLIVAR,GRUBOLIVAR.CL,52000.0
2016-12-30,GRUBOLIVAR,GRUBOLIVAR.CL,50000.0
2017-01-06,GRUBOLIVAR,GRUBOLIVAR.CL,51000.0
2017-01-13,GRUBOLIVAR,GRUBOLIVAR.CL,52500.0
2017-01-20,GRUBOLIVAR,GRUBOLIVAR.CL,51000.0
2017-01-27,GRUBOLIVAR,GRUBOLIVAR.CL,52000.0
2017-02-03,GRUBOLIVAR,GRUBOLIVAR.CL,52000.0
2017-02-10,GRUBOLIVAR,GRUBOLIVAR.CL,52000.0
2017-02-17,GRUBOLIVAR,GRUBOLIVAR.CL,52000.0
2017-02-24,GRUBOLIVAR,GRUBOLIVAR.CL,52400.0
2017-03-03,GRUBOLIVAR,GRUBOLIVAR.CL,52040.0
2017-03-10,GRUBOLIVAR,GRUBOLIVAR.CL,52040.0
2017-03-17,GRUBOLIVAR,GRUBOLIVAR.CL,54780.0
2017-03-24,GRUBOLIVAR,GRUBOLIVAR.CL,52800.0
2017-03-31,GRUBOLIVAR,GRUBOLIVAR.CL,51980.0
2017-04-07,GRUBOLIVAR,GRUBOLIVAR.CL,52980.0
2017-04-14,GRUBOLIVAR,GRUBOLIVAR.CL,51960.0
2017-04-21,GRUBOLIVAR,GRUBOLIVAR.CL,51960.0
2017-04-28,GRUBOLIVAR,GRUBOLIVAR.CL,51500.0
2017-05-05,GRUBOLIVAR,GRUBOLIVAR.CL,52000.0
2017-05-12,GRUBOLIVAR,GRUBOLIVAR.CL,52040.0
2017-05-19,GRUBOLIVAR,GRUBOLIVAR.CL,53000.0
2017-05-26,GRUBOLIVAR,GRUBOLIVAR.CL,53000.0
2017-06-02,GRUBOLIVAR,GRUBOLIVAR.CL,53000.0
2017-06-09,GRUBOLIVAR,GRUBOLIVAR.CL,53000.0
2017-06-16,GRUBOLIVAR,GRUBOLIVAR.CL,53000.0
2017-06-23,GRUBOLIVAR,GRUBOLIVAR.CL,53000.0
2017-06-30,GRUBOLIVAR,GRUBOLIVAR.CL,53000.0
2017-07-07,GRUBOLIVAR,GRUBOLIVAR.CL,53000.0
2017-07-14,GRUBOLIVAR,GRUBOLIVAR.CL,53000.0
2017-07-21,GRUBOLIVAR,GRUBOLIVAR.CL,53000.0
2017-07-28,GRUBOLIVAR,GRUBOLIVAR.CL,53000.0
2017-08-04,GRUBOLIVAR,GRUBOLIVAR.CL,53000.0
2017-08-11,GRUBOLIVAR,GRUBOLIVAR.CL,53000.0
2017-08-18,GRUBOLIVAR,GRUBOLIVAR.CL,53000.0
2017-08-25,GRUBOLIVAR,GRUBOLIVAR.CL,53000.0
2017-09-01,GRUBOLIVAR,GRUBOLIVAR.CL,53100.0
2017-09-08,GRUBOLIVAR,GRUBOLIVAR.CL,53200.0
2017-09-15,GRUBOLIVAR,GRUBOLIVAR.CL,55520.0
2017-09-22,GRUBOLIVAR,GRUBOLIVAR.CL,55000.0
2017-09-29,GRUBOLIVAR,GRUBOLIVAR.CL,54500.0
2017-10-06,GRUBOLIVAR,GRUBOLIVAR.CL,54500.0
2017-10-13,GRUBOLIVAR,GRUBOLIVAR.CL,53840.0
2017-10-20,GRUBOLIVAR,GRUBOLIVAR.CL,53840.0
2017-10-27,GRUBOLIVAR,GRUBOLIVAR.CL,54000.0
2017-11-03,GRUBOLIVAR,GRUBOLIVAR.CL,54500.0
2017-11-10,GRUBOLIVAR,GRUBOLIVAR.CL,54500.0
2017-11-17,GRUBOLIVAR,GRUBOLIVAR.CL,54000.0
2017-11-24,GRUBOLIVAR,GRUBOLIVAR.CL,53980.0
2017-12-01,GRUBOLIVAR,GRUBOLIVAR.CL,54000.0
2017-12-08,GRUBOLIVAR,GRUBOLIVAR.CL,54000.0
2017-12-15,GRUBOLIVAR,GRUBOLIVAR.CL,54000.0
2017-12-22,GRUBOLIVAR,GRUBOLIVAR.CL,54000.0
2017-12-29,GRUBOLIVAR,GRUBOLIVAR.CL,54000.0
2018-01-05,GRUBOLIVAR,GRUBOLIVAR.CL,52500.0
2018-01-12,GRUBOLIVAR,GRUBOLIVAR.CL,52500.0
2018-01-19,GRUBOLIVAR,GRUBOLIVAR.CL,53000.0
2018-01-26,GRUBOLIVAR,GRUBOLIVAR.CL,53000.0
2018-02-02,GRUBOLIVAR,GRUBOLIVAR.CL,52500.0
2018-02-09,GRUBOLIVAR,GRUBOLIVAR.CL,52500.0
2018-02-16,GRUBOLIVAR,GRUBOLIVAR.CL,53000.0
2018-02-23,GRUBOLIVAR,GRUBOLIVAR.CL,52000.0
2018-03-02,GRUBOLIVAR,GRUBOLIVAR.CL,52500.0
2018-03-09,GRUBOLIVAR,GRUBOLIVAR.CL,53000.0
2018-03-16,GRUBOLIVAR,GRUBOLIVAR.CL,52500.0
2018-03-23,GRUBOLIVAR,GRUBOLIVAR.CL,52500.0
2018-03-30,GRUBOLIVAR,GRUBOLIVAR.CL,52500.0
2018-04-06,GRUBOLIVAR,GRUBOLIVAR.CL,53000.0
2018-04-13,GRUBOLIVAR,GRUBOLIVAR.CL,52500.0
2018-04-20,GRUBOLIVAR,GRUBOLIVAR.CL,52500.0
2018-04-27,GRUBOLIVAR,GRUBOLIVAR.CL,52500.0
2018-05-04,GRUBOLIVAR,GRUBOLIVAR.CL,52500.0
2018-05-11,GRUBOLIVAR,GRUBOLIVAR.CL,52500.0
2018-05-18,GRUBOLIVAR,GRUBOLIVAR.CL,52500.0
2018-05-25,GRUBOLIVAR,GRUBOLIVAR.CL,52500.0
2018-06-01,GRUBOLIVAR,GRUBOLIVAR.CL,52500.0
2018-06-08,GRUBOLIVAR,GRUBOLIVAR.CL,53000.0
2018-06-15,GRUBOLIVAR,GRUBOLIVAR.CL,53000.0
2018-06-22,GRUBOLIVAR,GRUBOLIVAR.CL,53000.0
2018-06-29,GRUBOLIVAR,GRUBOLIVAR.CL,53000.0
2018-07-06,GRUBOLIVAR,GRUBOLIVAR.CL,52800.0
2018-07-13,GRUBOLIVAR,GRUBOLIVAR.CL,53000.0
2018-07-20,GRUBOLIVAR,GRUBOLIVAR.CL,53000.0
2018-07-27,GRUBOLIVAR,GRUBOLIVAR.CL,53000.0
2018-08-03,GRUBOLIVAR,GRUBOLIVAR.CL,53000.0
2018-08-10,GRUBOLIVAR,GRUBOLIVAR.CL,53000.0
2018-08-17,GRUBOLIVAR,GRUBOLIVAR.CL,52820.0
2018-08-24,GRUBOLIVAR,GRUBOLIVAR.CL,52820.0
2018-08-31,GRUBOLIVAR,GRUBOLIVAR.CL,52820.0
2018-09-07,GRUBOLIVAR,GRUBOLIVAR.CL,52820.0
2018-09-14,GRUBOLIVAR,GRUBOLIVAR.CL,52400.0
2018-09-21,GRUBOLIVAR,GRUBOLIVAR.CL,52900.0
2018-09-28,GRUBOLIVAR,GRUBOLIVAR.CL,52500.0
2018-10-05,GRUBOLIVAR,GRUBOLIVAR.CL,52500.0
2018-10-12,GRUBOLIVAR,GRUBOLIVAR.CL,52500.0
2018-10-19,GRUBOLIVAR,GRUBOLIVAR.CL,52500.0
2018-10-26,GRUBOLIVAR,GRUBOLIVAR.CL,52500.0
2018-11-02,GRUBOLIVAR,GRUBOLIVAR.CL,52500.0
2018-11-09,GRUBOLIVAR,GRUBOLIVAR.CL,52500.0
2018-11-16,GRUBOLIVAR,GRUBOLIVAR.CL,52280.0
2018-11-23,GRUBOLIVAR,GRUBOLIVAR.CL,52280.0
2018-11-30,GRUBOLIVAR,GRUBOLIVAR.CL,52280.0
2018-12-07,GRUBOLIVAR,GRUBOLIVAR.CL,52280.0
2018-12-14,GRUBOLIVAR,GRUBOLIVAR.CL,51900.0
2018-12-21,GRUBOLIVAR,GRUBOLIVAR.CL,51000.0
2018-12-28,GRUBOLIVAR,GRUBOLIVAR.CL,51000.0
2019-01-04,GRUBOLIVAR,GRUBOLIVAR.CL,51000.0
2019-01-11,GRUBOLIVAR,GRUBOLIVAR.CL,52000.0
2019-01-18,GRUBOLIVAR,GRUBOLIVAR.CL,52000.0
2019-01-25,GRUBOLIVAR,GRUBOLIVAR.CL,52000.0
2019-02-01,GRUBOLIVAR,GRUBOLIVAR.CL,51900.0
2019-02-08,GRUBOLIVAR,GRUBOLIVAR.CL,51900.0
2019-02-15,GRUBOLIVAR,GRUBOLIVAR.CL,52000.0
2019-02-22,GRUBOLIVAR,GRUBOLIVAR.CL,51500.0
2019-03-01,GRUBOLIVAR,GRUBOLIVAR.CL,51020.0
2019-03-08,GRUBOLIVAR,GRUBOLIVAR.CL,51020.0
2019-03-15,GRUBOLIVAR,GRUBOLIVAR.CL,51440.0
2019-03-22,GRUBOLIVAR,GRUBOLIVAR.CL,51380.0
2019-03-29,GRUBOLIVAR,GRUBOLIVAR.CL,51480.0
2019-04-05,GRUBOLIVAR,GRUBOLIVAR.CL,51460.0
2019-04-12,GRUBOLIVAR,GRUBOLIVAR.CL,51460.0
2019-04-19,GRUBOLIVAR,GRUBOLIVAR.CL,52000.0
2019-04-26,GRUBOLIVAR,GRUBOLIVAR.CL,51760.0
2019-05-03,GRUBOLIVAR,GRUBOLIVAR.CL,51860.0
2019-05-10,GRUBOLIVAR,GRUBOLIVAR.CL,51000.0
2019-05-17,GRUBOLIVAR,GRUBOLIVAR.CL,51500.0
2019-05-24,GRUBOLIVAR,GRUBOLIVAR.CL,52000.0
2019-05-31,GRUBOLIVAR,GRUBOLIVAR.CL,51980.0
2019-06-07,GRUBOLIVAR,GRUBOLIVAR.CL,53000.0
2019-06-14,GRUBOLIVAR,GRUBOLIVAR.CL,52960.0
2019-06-21,GRUBOLIVAR,GRUBOLIVAR.CL,52960.0
2019-06-28,GRUBOLIVAR,GRUBOLIVAR.CL,53000.0
2019-07-05,GRUBOLIVAR,GRUBOLIVAR.CL,62000.0
2019-07-12,GRUBOLIVAR,GRUBOLIVAR.CL,62980.0
2019-07-19,GRUBOLIVAR,GRUBOLIVAR.CL,63900.0
2019-07-26,GRUBOLIVAR,GRUBOLIVAR.CL,63020.0
2019-08-02,GRUBOLIVAR,GRUBOLIVAR.CL,61000.0
2019-08-09,GRUBOLIVAR,GRUBOLIVAR.CL,61500.0
2019-08-16,GRUBOLIVAR,GRUBOLIVAR.CL,63000.0
2019-08-23,GRUBOLIVAR,GRUBOLIVAR.CL,63000.0
2019-08-30,GRUBOLIVAR,GRUBOLIVAR.CL,63500.0
2019-09-06,GRUBOLIVAR,GRUBOLIVAR.CL,65000.0
2019-09-13,GRUBOLIVAR,GRUBOLIVAR.CL,68000.0
2019-09-20,GRUBOLIVAR,GRUBOLIVAR.CL,74000.0
2019-09-27,GRUBOLIVAR,GRUBOLIVAR.CL,75800.0
2019-10-04,GRUBOLIVAR,GRUBOLIVAR.CL,76480.0
2019-10-11,GRUBOLIVAR,GRUBOLIVAR.CL,68300.0
2019-10-18,GRUBOLIVAR,GRUBOLIVAR.CL,74000.0
2019-10-25,GRUBOLIVAR,GRUBOLIVAR.CL,72000.0
2019-11-01,GRUBOLIVAR,GRUBOLIVAR.CL,70000.0
2019-11-08,GRUBOLIVAR,GRUBOLIVAR.CL,69000.0
2019-11-15,GRUBOLIVAR,GRUBOLIVAR.CL,69000.0
2019-11-22,GRUBOLIVAR,GRUBOLIVAR.CL,70000.0
2019-11-29,GRUBOLIVAR,GRUBOLIVAR.CL,70000.0
2019-12-06,GRUBOLIVAR,GRUBOLIVAR.CL,71000.0
2019-12-13,GRUBOLIVAR,GRUBOLIVAR.CL,71000.0
2019-12-20,GRUBOLIVAR,GRUBOLIVAR.CL,75000.0
2019-12-27,GRUBOLIVAR,GRUBOLIVAR.CL,77000.0
2020-01-03,GRUBOLIVAR,GRUBOLIVAR.CL,79000.0
2020-01-10,GRUBOLIVAR,GRUBOLIVAR.CL,79000.0
2020-01-17,GRUBOLIVAR,GRUBOLIVAR.CL,77000.0
2020-01-24,GRUBOLIVAR,GRUBOLIVAR.CL,78500.0
2020-01-31,GRUBOLIVAR,GRUBOLIVAR.CL,80000.0
2020-02-07,GRUBOLIVAR,GRUBOLIVAR.CL,81100.0
2020-02-14,GRUBOLIVAR,GRUBOLIVAR.CL,88400.0
2020-02-21,GRUBOLIVAR,GRUBOLIVAR.CL,82020.0
2020-02-28,GRUBOLIVAR,GRUBOLIVAR.CL,83200.0
2020-03-06,GRUBOLIVAR,GRUBOLIVAR.CL,68000.0
2020-03-13,GRUBOLIVAR,GRUBOLIVAR.CL,56500.0
2020-03-20,GRUBOLIVAR,GRUBOLIVAR.CL,55000.0
2020-03-27,GRUBOLIVAR,GRUBOLIVAR.CL,58500.0
2020-04-03,GRUBOLIVAR,GRUBOLIVAR.CL,60000.0
2020-04-10,GRUBOLIVAR,GRUBOLIVAR.CL,60000.0
2020-04-17,GRUBOLIVAR,GRUBOLIVAR.CL,58980.0
2020-04-24,GRUBOLIVAR,GRUBOLIVAR.CL,58100.0
2020-05-01,GRUBOLIVAR,GRUBOLIVAR.CL,56300.0
2020-05-08,GRUBOLIVAR,GRUBOLIVAR.CL,53000.0
2020-05-15,GRUBOLIVAR,GRUBOLIVAR.CL,55000.0
2020-05-22,GRUBOLIVAR,GRUBOLIVAR.CL,57960.0
2020-05-29,GRUBOLIVAR,GRUBOLIVAR.CL,62020.0
2020-06-05,GRUBOLIVAR,GRUBOLIVAR.CL,61000.0
2020-06-12,GRUBOLIVAR,GRUBOLIVAR.CL,70500.0
2020-06-19,GRUBOLIVAR,GRUBOLIVAR.CL,63940.0
2020-06-26,GRUBOLIVAR,GRUBOLIVAR.CL,60000.0
2020-07-03,GRUBOLIVAR,GRUBOLIVAR.CL,65000.0
2020-07-10,GRUBOLIVAR,GRUBOLIVAR.CL,66780.0
2020-07-17,GRUBOLIVAR,GRUBOLIVAR.CL,66380.0
2020-07-24,GRUBOLIVAR,GRUBOLIVAR.CL,63400.0
2020-07-31,GRUBOLIVAR,GRUBOLIVAR.CL,64500.0
2020-08-07,GRUBOLIVAR,GRUBOLIVAR.CL,64500.0
2020-08-14,GRUBOLIVAR,GRUBOLIVAR.CL,63100.0
2020-08-21,GRUBOLIVAR,GRUBOLIVAR.CL,66180.0
2020-08-28,GRUBOLIVAR,GRUBOLIVAR.CL,66000.0
2020-09-04,GRUBOLIVAR,GRUBOLIVAR.CL,65500.0
2020-09-11,GRUBOLIVAR,GRUBOLIVAR.CL,65460.0
2020-09-18,GRUBOLIVAR,GRUBOLIVAR.CL,64500.0
2020-09-25,GRUBOLIVAR,GRUBOLIVAR.CL,63100.0
2020-10-02,GRUBOLIVAR,GRUBOLIVAR.CL,63500.0
2020-10-09,GRUBOLIVAR,GRUBOLIVAR.CL,63000.0
2020-10-16,GRUBOLIVAR,GRUBOLIVAR.CL,62000.0
2020-10-23,GRUBOLIVAR,GRUBOLIVAR.CL,60000.0
2020-10-30,GRUBOLIVAR,GRUBOLIVAR.CL,61000.0
2020-11-06,GRUBOLIVAR,GRUBOLIVAR.CL,61500.0
2020-11-13,GRUBOLIVAR,GRUBOLIVAR.CL,62000.0
2020-11-20,GRUBOLIVAR,GRUBOLIVAR.CL,62500.0
2020-11-27,GRUBOLIVAR,GRUBOLIVAR.CL,64390.0
2020-12-04,GRUBOLIVAR,GRUBOLIVAR.CL,66600.0
2020-12-11,GRUBOLIVAR,GRUBOLIVAR.CL,69000.0
2020-12-18,GRUBOLIVAR,GRUBOLIVAR.CL,66650.0
2020-12-25,GRUBOLIVAR,GRUBOLIVAR.CL,67000.0
2021-01-01,GRUBOLIVAR,GRUBOLIVAR.CL,66600.0
2021-01-08,GRUBOLIVAR,GRUBOLIVAR.CL,66500.0
2021-01-15,GRUBOLIVAR,GRUBOLIVAR.CL,66990.0
2021-01-22,GRUBOLIVAR,GRUBOLIVAR.CL,65110.0
2021-01-29,GRUBOLIVAR,GRUBOLIVAR.CL,64900.0
2021-02-05,GRUBOLIVAR,GRUBOLIVAR.CL,64620.0
2021-02-12,GRUBOLIVAR,GRUBOLIVAR.CL,64600.0
2021-02-19,GRUBOLIVAR,GRUBOLIVAR.CL,64000.0
2021-02-26,GRUBOLIVAR,GRUBOLIVAR.CL,64000.0
2021-03-05,GRUBOLIVAR,GRUBOLIVAR.CL,64700.0
2021-03-12,GRUBOLIVAR,GRUBOLIVAR.CL,63490.0
2021-03-19,GRUBOLIVAR,GRUBOLIVAR.CL,63500.0
2021-03-26,GRUBOLIVAR,GRUBOLIVAR.CL,65000.0
2021-04-02,GRUBOLIVAR,GRUBOLIVAR.CL,71000.0
2021-04-09,GRUBOLIVAR,GRUBOLIVAR.CL,71000.0
2021-04-16,GRUBOLIVAR,GRUBOLIVAR.CL,71700.0
2021-04-23,GRUBOLIVAR,GRUBOLIVAR.CL,72240.0
2021-04-30,GRUBOLIVAR,GRUBOLIVAR.CL,76860.0
2021-05-07,GRUBOLIVAR,GRUBOLIVAR.CL,76000.0
2021-05-14,GRUBOLIVAR,GRUBOLIVAR.CL,78780.0
2021-05-21,GRUBOLIVAR,GRUBOLIVAR.CL,79000.0
2021-05-28,GRUBOLIVAR,GRUBOLIVAR.CL,75000.0
2021-06-04,GRUBOLIVAR,GRUBOLIVAR.CL,72000.0
2021-06-11,GRUBOLIVAR,GRUBOLIVAR.CL,72000.0
2021-06-18,GRUBOLIVAR,GRUBOLIVAR.CL,70000.0
2021-06-25,GRUBOLIVAR,GRUBOLIVAR.CL,70000.0
2021-07-02,GRUBOLIVAR,GRUBOLIVAR.CL,69500.0
2021-07-09,GRUBOLIVAR,GRUBOLIVAR.CL,70000.0
2021-07-16,GRUBOLIVAR,GRUBOLIVAR.CL,69500.0
2021-07-23,GRUBOLIVAR,GRUBOLIVAR.CL,65050.0
2021-07-30,GRUBOLIVAR,GRUBOLIVAR.CL,66520.0
2021-08-06,GRUBOLIVAR,GRUBOLIVAR.CL,66200.0
2021-08-13,GRUBOLIVAR,GRUBOLIVAR.CL,70000.0
2021-08-20,GRUBOLIVAR,GRUBOLIVAR.CL,69030.0
2021-08-27,GRUBOLIVAR,GRUBOLIVAR.CL,70500.0
2021-09-03,GRUBOLIVAR,GRUBOLIVAR.CL,68200.0
2021-09-10,GRUBOLIVAR,GRUBOLIVAR.CL,67000.0
2021-09-17,GRUBOLIVAR,GRUBOLIVAR.CL,68800.0
2021-09-24,GRUBOLIVAR,GRUBOLIVAR.CL,68950.0
2021-10-01,GRUBOLIVAR,GRUBOLIVAR.CL,68000.0
2021-10-08,GRUBOLIVAR,GRUBOLIVAR.CL,67950.0
2021-10-15,GRUBOLIVAR,GRUBOLIVAR.CL,67700.0
2021-10-22,GRUBOLIVAR,GRUBOLIVAR.CL,67600.0
2021-10-29,GRUBOLIVAR,GRUBOLIVAR.CL,67500.0
2021-11-05,GRUBOLIVAR,GRUBOLIVAR.CL,68900.0
2021-11-12,GRUBOLIVAR,GRUBOLIVAR.CL,69800.0
2021-11-19,GRUBOLIVAR,GRUBOLIVAR.CL,70000.0
2021-11-26,GRUBOLIVAR,GRUBOLIVAR.CL,74600.0
2021-12-03,GRUBOLIVAR,GRUBOLIVAR.CL,74690.0
2021-12-10,GRUBOLIVAR,GRUBOLIVAR.CL,75000.0
2021-12-17,GRUBOLIVAR,GRUBOLIVAR.CL,75500.0
2021-12-24,GRUBOLIVAR,GRUBOLIVAR.CL,76750.0
2021-12-31,GRUBOLIVAR,GRUBOLIVAR.CL,76800.0
2022-01-07,GRUBOLIVAR,GRUBOLIVAR.CL,77990.0
2022-01-14,GRUBOLIVAR,GRUBOLIVAR.CL,81980.0
2022-01-21,GRUBOLIVAR,GRUBOLIVAR.CL,87100.0
2022-01-28,GRUBOLIVAR,GRUBOLIVAR.CL,89200.0
2022-02-04,GRUBOLIVAR,GRUBOLIVAR.CL,89800.0
2022-02-11,GRUBOLIVAR,GRUBOLIVAR.CL,78720.0
2022-02-18,GRUBOLIVAR,GRUBOLIVAR.CL,80000.0
2022-02-25,GRUBOLIVAR,GRUBOLIVAR.CL,80000.0
2022-03-04,GRUBOLIVAR,GRUBOLIVAR.CL,100500.0
2022-03-11,GRUBOLIVAR,GRUBOLIVAR.CL,103900.0
2022-03-18,GRUBOLIVAR,GRUBOLIVAR.CL,96000.0
2022-03-25,GRUBOLIVAR,GRUBOLIVAR.CL,85000.0
2022-04-01,GRUBOLIVAR,GRUBOLIVAR.CL,91000.0
2022-04-08,GRUBOLIVAR,GRUBOLIVAR.CL,93000.0
2022-04-15,GRUBOLIVAR,GRUBOLIVAR.CL,93220.0
2022-04-22,GRUBOLIVAR,GRUBOLIVAR.CL,93000.0
2022-04-29,GRUBOLIVAR,GRUBOLIVAR.CL,90010.0
2022-05-06,GRUBOLIVAR,GRUBOLIVAR.CL,88900.0
2022-05-13,GRUBOLIVAR,GRUBOLIVAR.CL,82600.0
2022-05-20,GRUBOLIVAR,GRUBOLIVAR.CL,82470.0
2022-05-27,GRUBOLIVAR,GRUBOLIVAR.CL,85990.0
2022-06-03,GRUBOLIVAR,GRUBOLIVAR.CL,80220.0
2022-06-10,GRUBOLIVAR,GRUBOLIVAR.CL,77500.0
2022-06-17,GRUBOLIVAR,GRUBOLIVAR.CL,75000.0
2022-06-24,GRUBOLIVAR,GRUBOLIVAR.CL,69980.0
2022-07-01,GRUBOLIVAR,GRUBOLIVAR.CL,69000.0
2022-07-08,GRUBOLIVAR,GRUBOLIVAR.CL,65000.0
2022-07-15,GRUBOLIVAR,GRUBOLIVAR.CL,65000.0
2022-07-22,GRUBOLIVAR,GRUBOLIVAR.CL,61500.0
2022-07-29,GRUBOLIVAR,GRUBOLIVAR.CL,59000.0
2022-08-05,GRUBOLIVAR,GRUBOLIVAR.CL,57680.0
2022-08-12,GRUBOLIVAR,GRUBOLIVAR.CL,56000.0
2022-08-19,GRUBOLIVAR,GRUBOLIVAR.CL,54050.0
2022-08-26,GRUBOLIVAR,GRUBOLIVAR.CL,51000.0
2022-09-02,GRUBOLIVAR,GRUBOLIVAR.CL,50970.0
2022-09-09,GRUBOLIVAR,GRUBOLIVAR.CL,49740.0
2022-09-16,GRUBOLIVAR,GRUBOLIVAR.CL,48890.0
2022-09-23,GRUBOLIVAR,GRUBOLIVAR.CL,48260.0
2022-09-30,GRUBOLIVAR,GRUBOLIVAR.CL,53290.0
2022-10-07,GRUBOLIVAR,GRUBOLIVAR.CL,53290.0
2022-10-14,GRUBOLIVAR,GRUBOLIVAR.CL,54700.0
2022-10-21,GRUBOLIVAR,GRUBOLIVAR.CL,56000.0
2022-10-28,GRUBOLIVAR,GRUBOLIVAR.CL,57960.0
2022-11-04,GRUBOLIVAR,GRUBOLIVAR.CL,60000.0
2022-11-11,GRUBOLIVAR,GRUBOLIVAR.CL,61500.0
2022-11-18,GRUBOLIVAR,GRUBOLIVAR.CL,62000.0
2022-11-25,GRUBOLIVAR,GRUBOLIVAR.CL,62200.0
2022-12-02,GRUBOLIVAR,GRUBOLIVAR.CL,62100.0
2022-12-09,GRUBOLIVAR,GRUBOLIVAR.CL,60800.0
2022-12-16,GRUBOLIVAR,GRUBOLIVAR.CL,61000.0
2022-12-23,GRUBOLIVAR,GRUBOLIVAR.CL,61000.0
2022-12-30,GRUBOLIVAR,GRUBOLIVAR.CL,60510.0
2023-01-06,GRUBOLIVAR,GRUBOLIVAR.CL,60990.0
2023-01-13,GRUBOLIVAR,GRUBOLIVAR.CL,61980.0
2023-01-20,GRUBOLIVAR,GRUBOLIVAR.CL,60310.0
2023-01-27,GRUBOLIVAR,GRUBOLIVAR.CL,60500.0
2023-02-03,GRUBOLIVAR,GRUBOLIVAR.CL,60500.0
2023-02-10,GRUBOLIVAR,GRUBOLIVAR.CL,59800.0
2023-02-17,GRUBOLIVAR,GRUBOLIVAR.CL,56000.0
2023-02-24,GRUBOLIVAR,GRUBOLIVAR.CL,56500.0
2023-03-03,GRUBOLIVAR,GRUBOLIVAR.CL,56435.0
2023-03-10,GRUBOLIVAR,GRUBOLIVAR.CL,61000.0
2023-03-17,GRUBOLIVAR,GRUBOLIVAR.CL,61980.0
2023-03-24,GRUBOLIVAR,GRUBOLIVAR.CL,61000.0
2023-03-31,GRUBOLIVAR,GRUBOLIVAR.CL,60000.0
2023-04-07,GRUBOLIVAR,GRUBOLIVAR.CL,60000.0
2023-04-14,GRUBOLIVAR,GRUBOLIVAR.CL,60086.96
2023-04-21,GRUBOLIVAR,GRUBOLIVAR.CL,62840.0
2023-04-28,GRUBOLIVAR,GRUBOLIVAR.CL,64000.0
2023-05-05,GRUBOLIVAR,GRUBOLIVAR.CL,64010.0
2023-05-12,GRUBOLIVAR,GRUBOLIVAR.CL,65500.0
2023-05-19,GRUBOLIVAR,GRUBOLIVAR.CL,66810.0
2023-05-26,GRUBOLIVAR,GRUBOLIVAR.CL,70000.0
2023-06-02,GRUBOLIVAR,GRUBOLIVAR.CL,74168.05
2023-06-09,GRUBOLIVAR,GRUBOLIVAR.CL,74900.0
2023-06-16,GRUBOLIVAR,GRUBOLIVAR.CL,72940.0
2023-06-23,GRUBOLIVAR,GRUBOLIVAR.CL,71718.36
2023-06-30,GRUBOLIVAR,GRUBOLIVAR.CL,69300.0
2023-07-07,GRUBOLIVAR,GRUBOLIVAR.CL,70000.0
2023-07-14,GRUBOLIVAR,GRUBOLIVAR.CL,69890.0
2023-07-21,GRUBOLIVAR,GRUBOLIVAR.CL,67010.0
2023-07-28,GRUBOLIVAR,GRUBOLIVAR.CL,67500.0
2023-08-04,GRUBOLIVAR,GRUBOLIVAR.CL,67750.0
2023-08-11,GRUBOLIVAR,GRUBOLIVAR.CL,67640.0
2023-08-18,GRUBOLIVAR,GRUBOLIVAR.CL,65500.0
2023-08-25,GRUBOLIVAR,GRUBOLIVAR.CL,59090.0
2023-09-01,GRUBOLIVAR,GRUBOLIVAR.CL,54070.0
2023-09-08,GRUBOLIVAR,GRUBOLIVAR.CL,46800.0
2023-09-15,GRUBOLIVAR,GRUBOLIVAR.CL,49060.0
2023-09-22,GRUBOLIVAR,GRUBOLIVAR.CL,53400.0
2023-09-29,GRUBOLIVAR,GRUBOLIVAR.CL,51600.0
2023-10-06,GRUBOLIVAR,GRUBOLIVAR.CL,51774.01
2023-10-13,GRUBOLIVAR,GRUBOLIVAR.CL,51260.0
2023-10-20,GRUBOLIVAR,GRUBOLIVAR.CL,50800.0
2023-10-27,GRUBOLIVAR,GRUBOLIVAR.CL,50880.0
2023-11-03,GRUBOLIVAR,GRUBOLIVAR.CL,50880.0
2023-11-10,GRUBOLIVAR,GRUBOLIVAR.CL,49200.0
2023-11-17,GRUBOLIVAR,GRUBOLIVAR.CL,48580.0
2023-11-24,GRUBOLIVAR,GRUBOLIVAR.CL,49000.0
2023-12-01,GRUBOLIVAR,GRUBOLIVAR.CL,49700.0
2023-12-08,GRUBOLIVAR,GRUBOLIVAR.CL,56820.0
2023-12-15,GRUBOLIVAR,GRUBOLIVAR.CL,57960.0
2023-12-22,GRUBOLIVAR,GRUBOLIVAR.CL,58980.0
2023-12-29,GRUBOLIVAR,GRUBOLIVAR.CL,60500.0
2024-01-05,GRUBOLIVAR,GRUBOLIVAR.CL,60200.0
2024-01-12,GRUBOLIVAR,GRUBOLIVAR.CL,62000.0
2024-01-19,GRUBOLIVAR,GRUBOLIVAR.CL,59240.0
2024-01-26,GRUBOLIVAR,GRUBOLIVAR.CL,62700.0
2024-02-02,GRUBOLIVAR,GRUBOLIVAR.CL,62940.0
2024-02-09,GRUBOLIVAR,GRUBOLIVAR.CL,60300.0
2024-02-16,GRUBOLIVAR,GRUBOLIVAR.CL,59500.0
2024-02-23,GRUBOLIVAR,GRUBOLIVAR.CL,60200.0
2024-03-01,GRUBOLIVAR,GRUBOLIVAR.CL,58000.0
2024-03-08,GRUBOLIVAR,GRUBOLIVAR.CL,52000.0
2024-03-15,GRUBOLIVAR,GRUBOLIVAR.CL,60500.0
2024-03-22,GRUBOLIVAR,GRUBOLIVAR.CL,65880.0
2024-03-29,GRUBOLIVAR,GRUBOLIVAR.CL,68400.0
2024-04-05,GRUBOLIVAR,GRUBOLIVAR.CL,69500.0
2024-04-12,GRUBOLIVAR,GRUBOLIVAR.CL,65140.0
2024-04-19,GRUBOLIVAR,GRUBOLIVAR.CL,65140.0
2024-04-26,GRUBOLIVAR,GRUBOLIVAR.CL,66900.0
2024-05-03,GRUBOLIVAR,GRUBOLIVAR.CL,65600.0
2024-05-10,GRUBOLIVAR,GRUBOLIVAR.CL,65460.0
2024-05-17,GRUBOLIVAR,GRUBOLIVAR.CL,64620.0
2024-05-24,GRUBOLIVAR,GRUBOLIVAR.CL,62540.0
2024-05-31,GRUBOLIVAR,GRUBOLIVAR.CL,62060.0
2024-06-07,GRUBOLIVAR,GRUBOLIVAR.CL,61620.0
2024-06-14,GRUBOLIVAR,GRUBOLIVAR.CL,60700.0
2024-06-21,GRUBOLIVAR,GRUBOLIVAR.CL,61820.0
2024-06-28,GRUBOLIVAR,GRUBOLIVAR.CL,60000.0
2024-07-05,GRUBOLIVAR,GRUBOLIVAR.CL,60800.0
2024-07-12,GRUBOLIVAR,GRUBOLIVAR.CL,59720.0
2024-07-19,GRUBOLIVAR,GRUBOLIVAR.CL,59140.0
2024-07-26,GRUBOLIVAR,GRUBOLIVAR.CL,56800.0
2024-08-02,GRUBOLIVAR,GRUBOLIVAR.CL,54740.0
2024-08-09,GRUBOLIVAR,GRUBOLIVAR.CL,57000.0
2024-08-16,GRUBOLIVAR,GRUBOLIVAR.CL,55420.0
2024-08-23,GRUBOLIVAR,GRUBOLIVAR.CL,62700.0
2024-08-30,GRUBOLIVAR,GRUBOLIVAR.CL,62500.0
2024-09-06,GRUBOLIVAR,GRUBOLIVAR.CL,62000.0
2024-09-13,GRUBOLIVAR,GRUBOLIVAR.CL,65160.0
2024-09-20,GRUBOLIVAR,GRUBOLIVAR.CL,63100.0
2024-09-27,GRUBOLIVAR,GRUBOLIVAR.CL,62900.0
2024-10-04,GRUBOLIVAR,GRUBOLIVAR.CL,61600.0
2024-10-11,GRUBOLIVAR,GRUBOLIVAR.CL,61500.0
2024-10-18,GRUBOLIVAR,GRUBOLIVAR.CL,61000.0
2024-10-25,GRUBOLIVAR,GRUBOLIVAR.CL,60120.0
2024-11-01,GRUBOLIVAR,GRUBOLIVAR.CL,60500.0
2024-11-08,GRUBOLIVAR,GRUBOLIVAR.CL,58200.0
2024-11-15,GRUBOLIVAR,GRUBOLIVAR.CL,59600.0
2024-11-22,GRUBOLIVAR,GRUBOLIVAR.CL,60000.0
2024-11-29,GRUBOLIVAR,GRUBOLIVAR.CL,58820.0
2024-12-06,GRUBOLIVAR,GRUBOLIVAR.CL,57000.0
2024-12-13,GRUBOLIVAR,GRUBOLIVAR.CL,58000.0
2024-12-20,GRUBOLIVAR,GRUBOLIVAR.CL,58740.0
2024-12-27,GRUBOLIVAR,GRUBOLIVAR.CL,60500.0
2025-01-03,GRUBOLIVAR,GRUBOLIVAR.CL,64600.0
2025-01-10,GRUBOLIVAR,GRUBOLIVAR.CL,62000.0
2025-01-17,GRUBOLIVAR,GRUBOLIVAR.CL,62380.0
2025-01-24,GRUBOLIVAR,GRUBOLIVAR.CL,62000.0
2025-01-31,GRUBOLIVAR,GRUBOLIVAR.CL,61880.0
2025-02-07,GRUBOLIVAR,GRUBOLIVAR.CL,62900.0
2025-02-14,GRUBOLIVAR,GRUBOLIVAR.CL,68880.0
2025-02-21,GRUBOLIVAR,GRUBOLIVAR.CL,75000.0
2025-02-28,GRUBOLIVAR,GRUBOLIVAR.CL,74380.0
2025-03-07,GRUBOLIVAR,GRUBOLIVAR.CL,75000.0
2025-03-14,GRUBOLIVAR,GRUBOLIVAR.CL,74200.0
2025-03-21,GRUBOLIVAR,GRUBOLIVAR.CL,75500.0
2025-03-28,GRUBOLIVAR,GRUBOLIVAR.CL,76580.0
2025-04-04,GRUBOLIVAR,GRUBOLIVAR.CL,72660.0
2025-04-11,GRUBOLIVAR,GRUBOLIVAR.CL,71400.0
2025-04-18,GRUBOLIVAR,GRUBOLIVAR.CL,72100.0
2025-04-25,GRUBOLIVAR,GRUBOLIVAR.CL,71000.0
2025-05-02,GRUBOLIVAR,GRUBOLIVAR.CL,75980.0
2025-05-09,GRUBOLIVAR,GRUBOLIVAR.CL,72920.0
2025-05-16,GRUBOLIVAR,GRUBOLIVAR.CL,68540.0
2025-05-23,GRUBOLIVAR,GRUBOLIVAR.CL,69980.0
2025-05-30,GRUBOLIVAR,GRUBOLIVAR.CL,70100.0
2025-06-06,GRUBOLIVAR,GRUBOLIVAR.CL,70400.0
2025-06-13,GRUBOLIVAR,GRUBOLIVAR.CL,70000.0
2025-06-20,GRUBOLIVAR,GRUBOLIVAR.CL,71760.0
2025-06-27,GRUBOLIVAR,GRUBOLIVAR.CL,70040.0
2025-07-04,GRUBOLIVAR,GRUBOLIVAR.CL,70260.0
2025-07-11,GRUBOLIVAR,GRUBOLIVAR.CL,70060.0
2025-07-18,GRUBOLIVAR,GRUBOLIVAR.CL,70400.0
2025-07-25,GRUBOLIVAR,GRUBOLIVAR.CL,72480.0
2025-08-01,GRUBOLIVAR,GRUBOLIVAR.CL,72640.0
2025-08-08,GRUBOLIVAR,GRUBOLIVAR.CL,74720.0
2025-08-15,GRUBOLIVAR,GRUBOLIVAR.CL,75000.0
2025-08-22,GRUBOLIVAR,GRUBOLIVAR.CL,75620.0
2025-08-29,GRUBOLIVAR,GRUBOLIVAR.CL,81500.0
2025-09-05,GRUBOLIVAR,GRUBOLIVAR.CL,83860.0
2025-09-12,GRUBOLIVAR,GRUBOLIVAR.CL,81460.0
2025-09-19,GRUBOLIVAR,GRUBOLIVAR.CL,79800.0
2025-09-26,GRUBOLIVAR,GRUBOLIVAR.CL,79420.0
2025-10-03,GRUBOLIVAR,GRUBOLIVAR.CL,79540.0
2025-10-10,GRUBOLIVAR,GRUBOLIVAR.CL,82000.0
2025-10-17,GRUBOLIVAR,GRUBOLIVAR.CL,81820.0
2025-10-24,GRUBOLIVAR,GRUBOLIVAR.CL,84440.0
2025-10-31,GRUBOLIVAR,GRUBOLIVAR.CL,85000.0
2025-11-07,GRUBOLIVAR,GRUBOLIVAR.CL,87500.0
2025-11-14,GRUBOLIVAR,GRUBOLIVAR.CL,91220.0
2025-11-21,GRUBOLIVAR,GRUBOLIVAR.CL,88520.0
2025-11-28,GRUBOLIVAR,GRUBOLIVAR.CL,89680.0
2025-12-05,GRUBOLIVAR,GRUBOLIVAR.CL,93000.0
2025-12-12,GRUBOLIVAR,GRUBOLIVAR.CL,90240.0
2025-12-19,GRUBOLIVAR,GRUBOLIVAR.CL,89500.0
2025-12-26,GRUBOLIVAR,GRUBOLIVAR.CL,87000.0
2026-01-02,GRUBOLIVAR,GRUBOLIVAR.CL,88760.0
2026-01-09,GRUBOLIVAR,GRUBOLIVAR.CL,90500.0
2026-01-16,GRUBOLIVAR,GRUBOLIVAR.CL,90520.0
2026-01-23,GRUBOLIVAR,GRUBOLIVAR.CL,99000.0
2026-01-30,GRUBOLIVAR,GRUBOLIVAR.CL,90100.0
2026-02-06,GRUBOLIVAR,GRUBOLIVAR.CL,93000.0
2026-02-13,GRUBOLIVAR,GRUBOLIVAR.CL,95400.0
2026-02-20,GRUBOLIVAR,GRUBOLIVAR.CL,90200.0
2026-02-27,GRUBOLIVAR,GRUBOLIVAR.CL,84360.0
2026-03-06,GRUBOLIVAR,GRUBOLIVAR.CL,87720.0
2026-03-13,GRUBOLIVAR,GRUBOLIVAR.CL,85840.0
2026-03-20,GRUBOLIVAR,GRUBOLIVAR.CL,87780.0
2026-03-27,GRUBOLIVAR,GRUBOLIVAR.CL,86280.0
2026-04-03,GRUBOLIVAR,GRUBOLIVAR.CL,83260.0
2026-04-10,GRUBOLIVAR,GRUBOLIVAR.CL,83780.0
2026-04-17,GRUBOLIVAR,GRUBOLIVAR.CL,81420.0
2026-04-24,GRUBOLIVAR,GRUBOLIVAR.CL,76980.0
2026-05-01,GRUBOLIVAR,GRUBOLIVAR.CL,78340.0
2026-05-08,GRUBOLIVAR,GRUBOLIVAR.CL,77980.0
2026-05-15,GRUBOLIVAR,GRUBOLIVAR.CL,70420.0
2026-05-22,GRUBOLIVAR,GRUBOLIVAR.CL,71660.0
2026-05-29,GRUBOLIVAR,GRUBOLIVAR.CL,72460.0
2026-06-05,GRUBOLIVAR,GRUBOLIVAR.CL,74940.0
2026-06-12,GRUBOLIVAR,GRUBOLIVAR.CL,78500.0
2026-06-19,GRUBOLIVAR,GRUBOLIVAR.CL,79920.0
2026-06-26,GRUBOLIVAR,GRUBOLIVAR.CL,80480.0
2026-07-03,GRUBOLIVAR,GRUBOLIVAR.CL,80740.0
2026-07-10,GRUBOLIVAR,GRUBOLIVAR.CL,80940.0
2026-07-17,GRUBOLIVAR,GRUBOLIVAR.CL,79580.0
2026-07-24,GRUBOLIVAR,GRUBOLIVAR.CL,78480.0
2026-07-31,GRUBOLIVAR,GRUBOLIVAR.CL,79860.0
2026-08-07,GRUBOLIVAR,GRUBOLIVAR.CL,79560.0
2026-08-14,GRUBOLIVAR,GRUBOLIVAR.CL,78420.0
2026-08-21,GRUBOLIVAR,GRUBOLIVAR.CL,80160.0
2026-08-28,GRUBOLIVAR,GRUBOLIVAR.CL,80860.0
2026-09-04,GRUBOLIVAR,GRUBOLIVAR.CL,81040.0
2026-09-11,GRUBOLIVAR,GRUBOLIVAR.CL,77080.0
2026-09-18,GRUBOLIVAR,GRUBOLIVAR.CL,79160.0
2026-09-25,GRUBOLIVAR,GRUBOLIVAR.CL,78660.0
2026-09-30,GRUBOLIVAR,GRUBOLIVAR.CL,78660.0
2010-01-01,GRUPOARGOS,GRUPOARGOS.CL,19980.0
2010-01-08,GRUPOARGOS,GRUPOARGOS.CL,20980.0
2010-01-15,GRUPOARGOS,GRUPOARGOS.CL,20380.0
2010-01-22,GRUPOARGOS,GRUPOARGOS.CL,19760.0
2010-01-29,GRUPOARGOS,GRUPOARGOS.CL,18980.0
2010-02-05,GRUPOARGOS,GRUPOARGOS.CL,18880.0
2010-02-12,GRUPOARGOS,GRUPOARGOS.CL,18860.0
2010-02-19,GRUPOARGOS,GRUPOARGOS.CL,19500.0
2010-02-26,GRUPOARGOS,GRUPOARGOS.CL,19300.0
2010-03-05,GRUPOARGOS,GRUPOARGOS.CL,19240.0
2010-03-12,GRUPOARGOS,GRUPOARGOS.CL,19800.0
2010-03-19,GRUPOARGOS,GRUPOARGOS.CL,19600.0
2010-03-26,GRUPOARGOS,GRUPOARGOS.CL,19800.0
2010-04-02,GRUPOARGOS,GRUPOARGOS.CL,20040.0
2010-04-09,GRUPOARGOS,GRUPOARGOS.CL,19780.0
2010-04-16,GRUPOARGOS,GRUPOARGOS.CL,19980.0
2010-04-23,GRUPOARGOS,GRUPOARGOS.CL,19400.0
2010-04-30,GRUPOARGOS,GRUPOARGOS.CL,18340.0
2010-05-07,GRUPOARGOS,GRUPOARGOS.CL,18940.0
2010-05-14,GRUPOARGOS,GRUPOARGOS.CL,18400.0
2010-05-21,GRUPOARGOS,GRUPOARGOS.CL,18660.0
2010-05-28,GRUPOARGOS,GRUPOARGOS.CL,19080.0
2010-06-04,GRUPOARGOS,GRUPOARGOS.CL,19000.0
2010-06-11,GRUPOARGOS,GRUPOARGOS.CL,19100.0
2010-06-18,GRUPOARGOS,GRUPOARGOS.CL,19020.0
2010-06-25,GRUPOARGOS,GRUPOARGOS.CL,19200.0
2010-07-02,GRUPOARGOS,GRUPOARGOS.CL,19240.0
2010-07-09,GRUPOARGOS,GRUPOARGOS.CL,19640.0
2010-07-16,GRUPOARGOS,GRUPOARGOS.CL,20100.0
2010-07-23,GRUPOARGOS,GRUPOARGOS.CL,20540.0
2010-07-30,GRUPOARGOS,GRUPOARGOS.CL,19740.0
2010-08-06,GRUPOARGOS,GRUPOARGOS.CL,19280.0
2010-08-13,GRUPOARGOS,GRUPOARGOS.CL,20020.0
2010-08-20,GRUPOARGOS,GRUPOARGOS.CL,20260.0
2010-08-27,GRUPOARGOS,GRUPOARGOS.CL,21920.0
2010-09-03,GRUPOARGOS,GRUPOARGOS.CL,22020.0
2010-09-10,GRUPOARGOS,GRUPOARGOS.CL,21180.0
2010-09-17,GRUPOARGOS,GRUPOARGOS.CL,21460.0
2010-09-24,GRUPOARGOS,GRUPOARGOS.CL,22800.0
2010-10-01,GRUPOARGOS,GRUPOARGOS.CL,23300.0
2010-10-08,GRUPOARGOS,GRUPOARGOS.CL,22880.0
2010-10-15,GRUPOARGOS,GRUPOARGOS.CL,22600.0
2010-10-22,GRUPOARGOS,GRUPOARGOS.CL,22140.0
2010-10-29,GRUPOARGOS,GRUPOARGOS.CL,22360.0
2010-11-05,GRUPOARGOS,GRUPOARGOS.CL,21240.0
2010-11-12,GRUPOARGOS,GRUPOARGOS.CL,19900.0
2010-11-19,GRUPOARGOS,GRUPOARGOS.CL,19800.0
2010-11-26,GRUPOARGOS,GRUPOARGOS.CL,21120.0
2010-12-03,GRUPOARGOS,GRUPOARGOS.CL,20700.0
2010-12-10,GRUPOARGOS,GRUPOARGOS.CL,20700.0
2010-12-17,GRUPOARGOS,GRUPOARGOS.CL,20800.0
2010-12-24,GRUPOARGOS,GRUPOARGOS.CL,19900.0
2010-12-31,GRUPOARGOS,GRUPOARGOS.CL,19520.0
2011-01-07,GRUPOARGOS,GRUPOARGOS.CL,19560.0
2011-01-14,GRUPOARGOS,GRUPOARGOS.CL,19440.0
2011-01-21,GRUPOARGOS,GRUPOARGOS.CL,19420.0
2011-01-28,GRUPOARGOS,GRUPOARGOS.CL,18920.0
2011-02-04,GRUPOARGOS,GRUPOARGOS.CL,18100.0
2011-02-11,GRUPOARGOS,GRUPOARGOS.CL,18100.0
2011-02-18,GRUPOARGOS,GRUPOARGOS.CL,17840.0
2011-02-25,GRUPOARGOS,GRUPOARGOS.CL,18460.0
2011-03-04,GRUPOARGOS,GRUPOARGOS.CL,18000.0
2011-03-11,GRUPOARGOS,GRUPOARGOS.CL,17280.0
2011-03-18,GRUPOARGOS,GRUPOARGOS.CL,18900.0
2011-03-25,GRUPOARGOS,GRUPOARGOS.CL,18600.0
2011-04-01,GRUPOARGOS,GRUPOARGOS.CL,18240.0
2011-04-08,GRUPOARGOS,GRUPOARGOS.CL,18000.0
2011-04-15,GRUPOARGOS,GRUPOARGOS.CL,18100.0
2011-04-22,GRUPOARGOS,GRUPOARGOS.CL,18120.0
2011-04-29,GRUPOARGOS,GRUPOARGOS.CL,18140.0
2011-05-06,GRUPOARGOS,GRUPOARGOS.CL,18300.0
2011-05-13,GRUPOARGOS,GRUPOARGOS.CL,18540.0
2011-05-20,GRUPOARGOS,GRUPOARGOS.CL,19280.0
2011-05-27,GRUPOARGOS,GRUPOARGOS.CL,19700.0
2011-06-03,GRUPOARGOS,GRUPOARGOS.CL,19800.0
2011-06-10,GRUPOARGOS,GRUPOARGOS.CL,19600.0
2011-06-17,GRUPOARGOS,GRUPOARGOS.CL,19580.0
2011-06-24,GRUPOARGOS,GRUPOARGOS.CL,19360.0
2011-07-01,GRUPOARGOS,GRUPOARGOS.CL,19160.0
2011-07-08,GRUPOARGOS,GRUPOARGOS.CL,18400.0
2011-07-15,GRUPOARGOS,GRUPOARGOS.CL,18000.0
2011-07-22,GRUPOARGOS,GRUPOARGOS.CL,18600.0
2011-07-29,GRUPOARGOS,GRUPOARGOS.CL,18400.0
2011-08-05,GRUPOARGOS,GRUPOARGOS.CL,17900.0
2011-08-12,GRUPOARGOS,GRUPOARGOS.CL,18000.0
2011-08-19,GRUPOARGOS,GRUPOARGOS.CL,18300.0
2011-08-26,GRUPOARGOS,GRUPOARGOS.CL,18180.0
2011-09-02,GRUPOARGOS,GRUPOARGOS.CL,18200.0
2011-09-09,GRUPOARGOS,GRUPOARGOS.CL,17940.0
2011-09-16,GRUPOARGOS,GRUPOARGOS.CL,18100.0
2011-09-23,GRUPOARGOS,GRUPOARGOS.CL,17500.0
2011-09-30,GRUPOARGOS,GRUPOARGOS.CL,17020.0
2011-10-07,GRUPOARGOS,GRUPOARGOS.CL,17500.0
2011-10-14,GRUPOARGOS,GRUPOARGOS.CL,17800.0
2011-10-21,GRUPOARGOS,GRUPOARGOS.CL,17740.0
2011-10-28,GRUPOARGOS,GRUPOARGOS.CL,17480.0
2011-11-04,GRUPOARGOS,GRUPOARGOS.CL,17600.0
2011-11-11,GRUPOARGOS,GRUPOARGOS.CL,17680.0
2011-11-18,GRUPOARGOS,GRUPOARGOS.CL,15900.0
2011-11-25,GRUPOARGOS,GRUPOARGOS.CL,16320.0
2011-12-02,GRUPOARGOS,GRUPOARGOS.CL,16500.0
2011-12-09,GRUPOARGOS,GRUPOARGOS.CL,16300.0
2011-12-16,GRUPOARGOS,GRUPOARGOS.CL,16900.0
2011-12-23,GRUPOARGOS,GRUPOARGOS.CL,17000.0
2011-12-30,GRUPOARGOS,GRUPOARGOS.CL,17380.0
2012-01-06,GRUPOARGOS,GRUPOARGOS.CL,17300.0
2012-01-13,GRUPOARGOS,GRUPOARGOS.CL,16800.0
2012-01-20,GRUPOARGOS,GRUPOARGOS.CL,16780.0
2012-01-27,GRUPOARGOS,GRUPOARGOS.CL,17000.0
2012-02-03,GRUPOARGOS,GRUPOARGOS.CL,16480.0
2012-02-10,GRUPOARGOS,GRUPOARGOS.CL,16900.0
2012-02-17,GRUPOARGOS,GRUPOARGOS.CL,16860.0
2012-02-24,GRUPOARGOS,GRUPOARGOS.CL,16800.0
2012-03-02,GRUPOARGOS,GRUPOARGOS.CL,16900.0
2012-03-09,GRUPOARGOS,GRUPOARGOS.CL,16500.0
2012-03-16,GRUPOARGOS,GRUPOARGOS.CL,16360.0
2012-03-23,GRUPOARGOS,GRUPOARGOS.CL,17200.0
2012-03-30,GRUPOARGOS,GRUPOARGOS.CL,17100.0
2012-04-06,GRUPOARGOS,GRUPOARGOS.CL,16980.0
2012-04-13,GRUPOARGOS,GRUPOARGOS.CL,17360.0
2012-04-20,GRUPOARGOS,GRUPOARGOS.CL,16900.0
2012-04-27,GRUPOARGOS,GRUPOARGOS.CL,17700.0
2012-05-04,GRUPOARGOS,GRUPOARGOS.CL,17300.0
2012-05-11,GRUPOARGOS,GRUPOARGOS.CL,16800.0
2012-05-18,GRUPOARGOS,GRUPOARGOS.CL,16960.0
2012-05-25,GRUPOARGOS,GRUPOARGOS.CL,16220.0
2012-06-01,GRUPOARGOS,GRUPOARGOS.CL,16140.0
2012-06-08,GRUPOARGOS,GRUPOARGOS.CL,16100.0
2012-06-15,GRUPOARGOS,GRUPOARGOS.CL,16100.0
2012-06-22,GRUPOARGOS,GRUPOARGOS.CL,15960.0
2012-06-29,GRUPOARGOS,GRUPOARGOS.CL,17020.0
2012-07-06,GRUPOARGOS,GRUPOARGOS.CL,17040.0
2012-07-13,GRUPOARGOS,GRUPOARGOS.CL,17040.0
2012-07-20,GRUPOARGOS,GRUPOARGOS.CL,17200.0
2012-07-27,GRUPOARGOS,GRUPOARGOS.CL,17360.0
2012-08-03,GRUPOARGOS,GRUPOARGOS.CL,17500.0
2012-08-10,GRUPOARGOS,GRUPOARGOS.CL,17600.0
2012-08-17,GRUPOARGOS,GRUPOARGOS.CL,17300.0
2012-08-24,GRUPOARGOS,GRUPOARGOS.CL,17500.0
2012-08-31,GRUPOARGOS,GRUPOARGOS.CL,17960.0
2012-09-07,GRUPOARGOS,GRUPOARGOS.CL,18540.0
2012-09-14,GRUPOARGOS,GRUPOARGOS.CL,19560.0
2012-09-21,GRUPOARGOS,GRUPOARGOS.CL,19420.0
2012-09-28,GRUPOARGOS,GRUPOARGOS.CL,19840.0
2012-10-05,GRUPOARGOS,GRUPOARGOS.CL,19500.0
2012-10-12,GRUPOARGOS,GRUPOARGOS.CL,20380.0
2012-10-19,GRUPOARGOS,GRUPOARGOS.CL,20060.0
2012-10-26,GRUPOARGOS,GRUPOARGOS.CL,20940.0
2012-11-02,GRUPOARGOS,GRUPOARGOS.CL,19100.0
2012-11-09,GRUPOARGOS,GRUPOARGOS.CL,19940.0
2012-11-16,GRUPOARGOS,GRUPOARGOS.CL,19300.0
2012-11-23,GRUPOARGOS,GRUPOARGOS.CL,19300.0
2012-11-30,GRUPOARGOS,GRUPOARGOS.CL,20760.0
2012-12-07,GRUPOARGOS,GRUPOARGOS.CL,20860.0
2012-12-14,GRUPOARGOS,GRUPOARGOS.CL,21160.0
2012-12-21,GRUPOARGOS,GRUPOARGOS.CL,21240.0
2012-12-28,GRUPOARGOS,GRUPOARGOS.CL,21400.0
2013-01-04,GRUPOARGOS,GRUPOARGOS.CL,21180.0
2013-01-11,GRUPOARGOS,GRUPOARGOS.CL,21420.0
2013-01-18,GRUPOARGOS,GRUPOARGOS.CL,21800.0
2013-01-25,GRUPOARGOS,GRUPOARGOS.CL,23380.0
2013-02-01,GRUPOARGOS,GRUPOARGOS.CL,23960.0
2013-02-08,GRUPOARGOS,GRUPOARGOS.CL,23460.0
2013-02-15,GRUPOARGOS,GRUPOARGOS.CL,23000.0
2013-02-22,GRUPOARGOS,GRUPOARGOS.CL,22720.0
2013-03-01,GRUPOARGOS,GRUPOARGOS.CL,21680.0
2013-03-08,GRUPOARGOS,GRUPOARGOS.CL,21620.0
2013-03-15,GRUPOARGOS,GRUPOARGOS.CL,21540.0
2013-03-22,GRUPOARGOS,GRUPOARGOS.CL,21760.0
2013-03-29,GRUPOARGOS,GRUPOARGOS.CL,21940.0
2013-04-05,GRUPOARGOS,GRUPOARGOS.CL,22200.0
2013-04-12,GRUPOARGOS,GRUPOARGOS.CL,21740.0
2013-04-19,GRUPOARGOS,GRUPOARGOS.CL,21120.0
2013-04-26,GRUPOARGOS,GRUPOARGOS.CL,20500.0
2013-05-03,GRUPOARGOS,GRUPOARGOS.CL,20240.0
2013-05-10,GRUPOARGOS,GRUPOARGOS.CL,21560.0
2013-05-17,GRUPOARGOS,GRUPOARGOS.CL,21500.0
2013-05-24,GRUPOARGOS,GRUPOARGOS.CL,21280.0
2013-05-31,GRUPOARGOS,GRUPOARGOS.CL,20880.0
2013-06-07,GRUPOARGOS,GRUPOARGOS.CL,19900.0
2013-06-14,GRUPOARGOS,GRUPOARGOS.CL,19400.0
2013-06-21,GRUPOARGOS,GRUPOARGOS.CL,19180.0
2013-06-28,GRUPOARGOS,GRUPOARGOS.CL,19400.0
2013-07-05,GRUPOARGOS,GRUPOARGOS.CL,18800.0
2013-07-12,GRUPOARGOS,GRUPOARGOS.CL,21100.0
2013-07-19,GRUPOARGOS,GRUPOARGOS.CL,21300.0
2013-07-26,GRUPOARGOS,GRUPOARGOS.CL,21540.0
2013-08-02,GRUPOARGOS,GRUPOARGOS.CL,21860.0
2013-08-09,GRUPOARGOS,GRUPOARGOS.CL,22000.0
2013-08-16,GRUPOARGOS,GRUPOARGOS.CL,21760.0
2013-08-23,GRUPOARGOS,GRUPOARGOS.CL,21540.0
2013-08-30,GRUPOARGOS,GRUPOARGOS.CL,22500.0
2013-09-06,GRUPOARGOS,GRUPOARGOS.CL,22780.0
2013-09-13,GRUPOARGOS,GRUPOARGOS.CL,22500.0
2013-09-20,GRUPOARGOS,GRUPOARGOS.CL,22500.0
2013-09-27,GRUPOARGOS,GRUPOARGOS.CL,22400.0
2013-10-04,GRUPOARGOS,GRUPOARGOS.CL,22400.0
2013-10-11,GRUPOARGOS,GRUPOARGOS.CL,22300.0
2013-10-18,GRUPOARGOS,GRUPOARGOS.CL,22500.0
2013-10-25,GRUPOARGOS,GRUPOARGOS.CL,21940.0
2013-11-01,GRUPOARGOS,GRUPOARGOS.CL,21700.0
2013-11-08,GRUPOARGOS,GRUPOARGOS.CL,21040.0
2013-11-15,GRUPOARGOS,GRUPOARGOS.CL,20800.0
2013-11-22,GRUPOARGOS,GRUPOARGOS.CL,20260.0
2013-11-29,GRUPOARGOS,GRUPOARGOS.CL,19000.0
2013-12-06,GRUPOARGOS,GRUPOARGOS.CL,20100.0
2013-12-13,GRUPOARGOS,GRUPOARGOS.CL,19800.0
2013-12-20,GRUPOARGOS,GRUPOARGOS.CL,19220.0
2013-12-27,GRUPOARGOS,GRUPOARGOS.CL,19500.0
2014-01-03,GRUPOARGOS,GRUPOARGOS.CL,18340.0
2014-01-10,GRUPOARGOS,GRUPOARGOS.CL,18900.0
2014-01-17,GRUPOARGOS,GRUPOARGOS.CL,19500.0
2014-01-24,GRUPOARGOS,GRUPOARGOS.CL,17000.0
2014-01-31,GRUPOARGOS,GRUPOARGOS.CL,18160.0
2014-02-07,GRUPOARGOS,GRUPOARGOS.CL,18500.0
2014-02-14,GRUPOARGOS,GRUPOARGOS.CL,19800.0
2014-02-21,GRUPOARGOS,GRUPOARGOS.CL,18600.0
2014-02-28,GRUPOARGOS,GRUPOARGOS.CL,19580.0
2014-03-07,GRUPOARGOS,GRUPOARGOS.CL,19320.0
2014-03-14,GRUPOARGOS,GRUPOARGOS.CL,19700.0
2014-03-21,GRUPOARGOS,GRUPOARGOS.CL,20200.0
2014-03-28,GRUPOARGOS,GRUPOARGOS.CL,21300.0
2014-04-04,GRUPOARGOS,GRUPOARGOS.CL,20860.0
2014-04-11,GRUPOARGOS,GRUPOARGOS.CL,21360.0
2014-04-18,GRUPOARGOS,GRUPOARGOS.CL,21060.0
2014-04-25,GRUPOARGOS,GRUPOARGOS.CL,21320.0
2014-05-02,GRUPOARGOS,GRUPOARGOS.CL,21140.0
2014-05-09,GRUPOARGOS,GRUPOARGOS.CL,22300.0
2014-05-16,GRUPOARGOS,GRUPOARGOS.CL,22040.0
2014-05-23,GRUPOARGOS,GRUPOARGOS.CL,21800.0
2014-05-30,GRUPOARGOS,GRUPOARGOS.CL,21860.0
2014-06-06,GRUPOARGOS,GRUPOARGOS.CL,22200.0
2014-06-13,GRUPOARGOS,GRUPOARGOS.CL,22700.0
2014-06-20,GRUPOARGOS,GRUPOARGOS.CL,22640.0
2014-06-27,GRUPOARGOS,GRUPOARGOS.CL,22480.0
2014-07-04,GRUPOARGOS,GRUPOARGOS.CL,21980.0
2014-07-11,GRUPOARGOS,GRUPOARGOS.CL,22400.0
2014-07-18,GRUPOARGOS,GRUPOARGOS.CL,22400.0
2014-07-25,GRUPOARGOS,GRUPOARGOS.CL,22700.0
2014-08-01,GRUPOARGOS,GRUPOARGOS.CL,23200.0
2014-08-08,GRUPOARGOS,GRUPOARGOS.CL,23500.0
2014-08-15,GRUPOARGOS,GRUPOARGOS.CL,23780.0
2014-08-22,GRUPOARGOS,GRUPOARGOS.CL,23740.0
2014-08-29,GRUPOARGOS,GRUPOARGOS.CL,24020.0
2014-09-05,GRUPOARGOS,GRUPOARGOS.CL,22720.0
2014-09-12,GRUPOARGOS,GRUPOARGOS.CL,23000.0
2014-09-19,GRUPOARGOS,GRUPOARGOS.CL,23020.0
2014-09-26,GRUPOARGOS,GRUPOARGOS.CL,21620.0
2014-10-03,GRUPOARGOS,GRUPOARGOS.CL,22080.0
2014-10-10,GRUPOARGOS,GRUPOARGOS.CL,20800.0
2014-10-17,GRUPOARGOS,GRUPOARGOS.CL,21620.0
2014-10-24,GRUPOARGOS,GRUPOARGOS.CL,21400.0
2014-10-31,GRUPOARGOS,GRUPOARGOS.CL,22600.0
2014-11-07,GRUPOARGOS,GRUPOARGOS.CL,21280.0
2014-11-14,GRUPOARGOS,GRUPOARGOS.CL,19980.0
2014-11-21,GRUPOARGOS,GRUPOARGOS.CL,19660.0
2014-11-28,GRUPOARGOS,GRUPOARGOS.CL,19760.0
2014-12-05,GRUPOARGOS,GRUPOARGOS.CL,19560.0
2014-12-12,GRUPOARGOS,GRUPOARGOS.CL,19000.0
2014-12-19,GRUPOARGOS,GRUPOARGOS.CL,21220.0
2014-12-26,GRUPOARGOS,GRUPOARGOS.CL,20500.0
2015-01-02,GRUPOARGOS,GRUPOARGOS.CL,19100.0
2015-01-09,GRUPOARGOS,GRUPOARGOS.CL,18520.0
2015-01-16,GRUPOARGOS,GRUPOARGOS.CL,18480.0
2015-01-23,GRUPOARGOS,GRUPOARGOS.CL,18720.0
2015-01-30,GRUPOARGOS,GRUPOARGOS.CL,19200.0
2015-02-06,GRUPOARGOS,GRUPOARGOS.CL,18740.0
2015-02-13,GRUPOARGOS,GRUPOARGOS.CL,18980.0
2015-02-20,GRUPOARGOS,GRUPOARGOS.CL,18200.0
2015-02-27,GRUPOARGOS,GRUPOARGOS.CL,17320.0
2015-03-06,GRUPOARGOS,GRUPOARGOS.CL,16000.0
2015-03-13,GRUPOARGOS,GRUPOARGOS.CL,16640.0
2015-03-20,GRUPOARGOS,GRUPOARGOS.CL,17200.0
2015-03-27,GRUPOARGOS,GRUPOARGOS.CL,17280.0
2015-04-03,GRUPOARGOS,GRUPOARGOS.CL,17420.0
2015-04-10,GRUPOARGOS,GRUPOARGOS.CL,17600.0
2015-04-17,GRUPOARGOS,GRUPOARGOS.CL,17500.0
2015-04-24,GRUPOARGOS,GRUPOARGOS.CL,18660.0
2015-05-01,GRUPOARGOS,GRUPOARGOS.CL,18460.0
2015-05-08,GRUPOARGOS,GRUPOARGOS.CL,16800.0
2015-05-15,GRUPOARGOS,GRUPOARGOS.CL,17100.0
2015-05-22,GRUPOARGOS,GRUPOARGOS.CL,16880.0
2015-05-29,GRUPOARGOS,GRUPOARGOS.CL,16580.0
2015-06-05,GRUPOARGOS,GRUPOARGOS.CL,17000.0
2015-06-12,GRUPOARGOS,GRUPOARGOS.CL,17140.0
2015-06-19,GRUPOARGOS,GRUPOARGOS.CL,17380.0
2015-06-26,GRUPOARGOS,GRUPOARGOS.CL,16700.0
2015-07-03,GRUPOARGOS,GRUPOARGOS.CL,16780.0
2015-07-10,GRUPOARGOS,GRUPOARGOS.CL,16760.0
2015-07-17,GRUPOARGOS,GRUPOARGOS.CL,17000.0
2015-07-24,GRUPOARGOS,GRUPOARGOS.CL,17120.0
2015-07-31,GRUPOARGOS,GRUPOARGOS.CL,16700.0
2015-08-07,GRUPOARGOS,GRUPOARGOS.CL,16900.0
2015-08-14,GRUPOARGOS,GRUPOARGOS.CL,17140.0
2015-08-21,GRUPOARGOS,GRUPOARGOS.CL,15400.0
2015-08-28,GRUPOARGOS,GRUPOARGOS.CL,16400.0
2015-09-04,GRUPOARGOS,GRUPOARGOS.CL,18080.0
2015-09-11,GRUPOARGOS,GRUPOARGOS.CL,17920.0
2015-09-18,GRUPOARGOS,GRUPOARGOS.CL,17700.0
2015-09-25,GRUPOARGOS,GRUPOARGOS.CL,17900.0
2015-10-02,GRUPOARGOS,GRUPOARGOS.CL,18060.0
2015-10-09,GRUPOARGOS,GRUPOARGOS.CL,17500.0
2015-10-16,GRUPOARGOS,GRUPOARGOS.CL,17580.0
2015-10-23,GRUPOARGOS,GRUPOARGOS.CL,17860.0
2015-10-30,GRUPOARGOS,GRUPOARGOS.CL,18000.0
2015-11-06,GRUPOARGOS,GRUPOARGOS.CL,17580.0
2015-11-13,GRUPOARGOS,GRUPOARGOS.CL,15800.0
2015-11-20,GRUPOARGOS,GRUPOARGOS.CL,14700.0
2015-11-27,GRUPOARGOS,GRUPOARGOS.CL,14900.0
2015-12-04,GRUPOARGOS,GRUPOARGOS.CL,14400.0
2015-12-11,GRUPOARGOS,GRUPOARGOS.CL,15980.0
2015-12-18,GRUPOARGOS,GRUPOARGOS.CL,16000.0
2015-12-25,GRUPOARGOS,GRUPOARGOS.CL,16200.0
2016-01-01,GRUPOARGOS,GRUPOARGOS.CL,16200.0
2016-01-08,GRUPOARGOS,GRUPOARGOS.CL,15780.0
2016-01-15,GRUPOARGOS,GRUPOARGOS.CL,15300.0
2016-01-22,GRUPOARGOS,GRUPOARGOS.CL,16220.0
2016-01-29,GRUPOARGOS,GRUPOARGOS.CL,16760.0
2016-02-05,GRUPOARGOS,GRUPOARGOS.CL,17540.0
2016-02-12,GRUPOARGOS,GRUPOARGOS.CL,17900.0
2016-02-19,GRUPOARGOS,GRUPOARGOS.CL,17860.0
2016-02-26,GRUPOARGOS,GRUPOARGOS.CL,18200.0
2016-03-04,GRUPOARGOS,GRUPOARGOS.CL,17720.0
2016-03-11,GRUPOARGOS,GRUPOARGOS.CL,17900.0
2016-03-18,GRUPOARGOS,GRUPOARGOS.CL,19440.0
2016-03-25,GRUPOARGOS,GRUPOARGOS.CL,19480.0
2016-04-01,GRUPOARGOS,GRUPOARGOS.CL,20180.0
2016-04-08,GRUPOARGOS,GRUPOARGOS.CL,19940.0
2016-04-15,GRUPOARGOS,GRUPOARGOS.CL,19940.0
2016-04-22,GRUPOARGOS,GRUPOARGOS.CL,19340.0
2016-04-29,GRUPOARGOS,GRUPOARGOS.CL,18000.0
2016-05-06,GRUPOARGOS,GRUPOARGOS.CL,18100.0
2016-05-13,GRUPOARGOS,GRUPOARGOS.CL,18000.0
2016-05-20,GRUPOARGOS,GRUPOARGOS.CL,17700.0
2016-05-27,GRUPOARGOS,GRUPOARGOS.CL,17820.0
2016-06-03,GRUPOARGOS,GRUPOARGOS.CL,18700.0
2016-06-10,GRUPOARGOS,GRUPOARGOS.CL,18060.0
2016-06-17,GRUPOARGOS,GRUPOARGOS.CL,18780.0
2016-06-24,GRUPOARGOS,GRUPOARGOS.CL,18400.0
2016-07-01,GRUPOARGOS,GRUPOARGOS.CL,18600.0
2016-07-08,GRUPOARGOS,GRUPOARGOS.CL,18860.0
2016-07-15,GRUPOARGOS,GRUPOARGOS.CL,19040.0
2016-07-22,GRUPOARGOS,GRUPOARGOS.CL,19080.0
2016-07-29,GRUPOARGOS,GRUPOARGOS.CL,18500.0
2016-08-05,GRUPOARGOS,GRUPOARGOS.CL,18900.0
2016-08-12,GRUPOARGOS,GRUPOARGOS.CL,19340.0
2016-08-19,GRUPOARGOS,GRUPOARGOS.CL,19600.0
2016-08-26,GRUPOARGOS,GRUPOARGOS.CL,19720.0
2016-09-02,GRUPOARGOS,GRUPOARGOS.CL,20480.0
2016-09-09,GRUPOARGOS,GRUPOARGOS.CL,19880.0
2016-09-16,GRUPOARGOS,GRUPOARGOS.CL,19100.0
2016-09-23,GRUPOARGOS,GRUPOARGOS.CL,19040.0
2016-09-30,GRUPOARGOS,GRUPOARGOS.CL,18620.0
2016-10-07,GRUPOARGOS,GRUPOARGOS.CL,19300.0
2016-10-14,GRUPOARGOS,GRUPOARGOS.CL,19080.0
2016-10-21,GRUPOARGOS,GRUPOARGOS.CL,18780.0
2016-10-28,GRUPOARGOS,GRUPOARGOS.CL,19400.0
2016-11-04,GRUPOARGOS,GRUPOARGOS.CL,19180.0
2016-11-11,GRUPOARGOS,GRUPOARGOS.CL,18740.0
2016-11-18,GRUPOARGOS,GRUPOARGOS.CL,18900.0
2016-11-25,GRUPOARGOS,GRUPOARGOS.CL,18300.0
2016-12-02,GRUPOARGOS,GRUPOARGOS.CL,18240.0
2016-12-09,GRUPOARGOS,GRUPOARGOS.CL,18700.0
2016-12-16,GRUPOARGOS,GRUPOARGOS.CL,18900.0
2016-12-23,GRUPOARGOS,GRUPOARGOS.CL,19280.0
2016-12-30,GRUPOARGOS,GRUPOARGOS.CL,19680.0
2017-01-06,GRUPOARGOS,GRUPOARGOS.CL,19500.0
2017-01-13,GRUPOARGOS,GRUPOARGOS.CL,19440.0
2017-01-20,GRUPOARGOS,GRUPOARGOS.CL,19680.0
2017-01-27,GRUPOARGOS,GRUPOARGOS.CL,19800.0
2017-02-03,GRUPOARGOS,GRUPOARGOS.CL,19240.0
2017-02-10,GRUPOARGOS,GRUPOARGOS.CL,19660.0
2017-02-17,GRUPOARGOS,GRUPOARGOS.CL,19800.0
2017-02-24,GRUPOARGOS,GRUPOARGOS.CL,19800.0
2017-03-03,GRUPOARGOS,GRUPOARGOS.CL,19900.0
2017-03-10,GRUPOARGOS,GRUPOARGOS.CL,20140.0
2017-03-17,GRUPOARGOS,GRUPOARGOS.CL,20160.0
2017-03-24,GRUPOARGOS,GRUPOARGOS.CL,20260.0
2017-03-31,GRUPOARGOS,GRUPOARGOS.CL,20420.0
2017-04-07,GRUPOARGOS,GRUPOARGOS.CL,20440.0
2017-04-14,GRUPOARGOS,GRUPOARGOS.CL,20400.0
2017-04-21,GRUPOARGOS,GRUPOARGOS.CL,20300.0
2017-04-28,GRUPOARGOS,GRUPOARGOS.CL,20180.0
2017-05-05,GRUPOARGOS,GRUPOARGOS.CL,20800.0
2017-05-12,GRUPOARGOS,GRUPOARGOS.CL,20540.0
2017-05-19,GRUPOARGOS,GRUPOARGOS.CL,21220.0
2017-05-26,GRUPOARGOS,GRUPOARGOS.CL,21000.0
2017-06-02,GRUPOARGOS,GRUPOARGOS.CL,21040.0
2017-06-09,GRUPOARGOS,GRUPOARGOS.CL,21240.0
2017-06-16,GRUPOARGOS,GRUPOARGOS.CL,21200.0
2017-06-23,GRUPOARGOS,GRUPOARGOS.CL,20880.0
2017-06-30,GRUPOARGOS,GRUPOARGOS.CL,21200.0
2017-07-07,GRUPOARGOS,GRUPOARGOS.CL,21300.0
2017-07-14,GRUPOARGOS,GRUPOARGOS.CL,21100.0
2017-07-21,GRUPOARGOS,GRUPOARGOS.CL,21600.0
2017-07-28,GRUPOARGOS,GRUPOARGOS.CL,21460.0
2017-08-04,GRUPOARGOS,GRUPOARGOS.CL,21360.0
2017-08-11,GRUPOARGOS,GRUPOARGOS.CL,21300.0
2017-08-18,GRUPOARGOS,GRUPOARGOS.CL,21680.0
2017-08-25,GRUPOARGOS,GRUPOARGOS.CL,20980.0
2017-09-01,GRUPOARGOS,GRUPOARGOS.CL,20740.0
2017-09-08,GRUPOARGOS,GRUPOARGOS.CL,20800.0
2017-09-15,GRUPOARGOS,GRUPOARGOS.CL,20800.0
2017-09-22,GRUPOARGOS,GRUPOARGOS.CL,21000.0
2017-09-29,GRUPOARGOS,GRUPOARGOS.CL,20960.0
2017-10-06,GRUPOARGOS,GRUPOARGOS.CL,20880.0
2017-10-13,GRUPOARGOS,GRUPOARGOS.CL,20720.0
2017-10-20,GRUPOARGOS,GRUPOARGOS.CL,20500.0
2017-10-27,GRUPOARGOS,GRUPOARGOS.CL,20080.0
2017-11-03,GRUPOARGOS,GRUPOARGOS.CL,20220.0
2017-11-10,GRUPOARGOS,GRUPOARGOS.CL,20320.0
2017-11-17,GRUPOARGOS,GRUPOARGOS.CL,20400.0
2017-11-24,GRUPOARGOS,GRUPOARGOS.CL,20480.0
2017-12-01,GRUPOARGOS,GRUPOARGOS.CL,20400.0
2017-12-08,GRUPOARGOS,GRUPOARGOS.CL,20340.0
2017-12-15,GRUPOARGOS,GRUPOARGOS.CL,20680.0
2017-12-22,GRUPOARGOS,GRUPOARGOS.CL,20880.0
2017-12-29,GRUPOARGOS,GRUPOARGOS.CL,20580.0
2018-01-05,GRUPOARGOS,GRUPOARGOS.CL,20760.0
2018-01-12,GRUPOARGOS,GRUPOARGOS.CL,20800.0
2018-01-19,GRUPOARGOS,GRUPOARGOS.CL,21200.0
2018-01-26,GRUPOARGOS,GRUPOARGOS.CL,21200.0
2018-02-02,GRUPOARGOS,GRUPOARGOS.CL,20400.0
2018-02-09,GRUPOARGOS,GRUPOARGOS.CL,20200.0
2018-02-16,GRUPOARGOS,GRUPOARGOS.CL,20380.0
2018-02-23,GRUPOARGOS,GRUPOARGOS.CL,18760.0
2018-03-02,GRUPOARGOS,GRUPOARGOS.CL,19000.0
2018-03-09,GRUPOARGOS,GRUPOARGOS.CL,18740.0
2018-03-16,GRUPOARGOS,GRUPOARGOS.CL,19260.0
2018-03-23,GRUPOARGOS,GRUPOARGOS.CL,19200.0
2018-03-30,GRUPOARGOS,GRUPOARGOS.CL,19360.0
2018-04-06,GRUPOARGOS,GRUPOARGOS.CL,19820.0
2018-04-13,GRUPOARGOS,GRUPOARGOS.CL,19900.0
2018-04-20,GRUPOARGOS,GRUPOARGOS.CL,19880.0
2018-04-27,GRUPOARGOS,GRUPOARGOS.CL,18740.0
2018-05-04,GRUPOARGOS,GRUPOARGOS.CL,19280.0
2018-05-11,GRUPOARGOS,GRUPOARGOS.CL,18840.0
2018-05-18,GRUPOARGOS,GRUPOARGOS.CL,19000.0
2018-05-25,GRUPOARGOS,GRUPOARGOS.CL,19420.0
2018-06-01,GRUPOARGOS,GRUPOARGOS.CL,19480.0
2018-06-08,GRUPOARGOS,GRUPOARGOS.CL,19420.0
2018-06-15,GRUPOARGOS,GRUPOARGOS.CL,19320.0
2018-06-22,GRUPOARGOS,GRUPOARGOS.CL,19440.0
2018-06-29,GRUPOARGOS,GRUPOARGOS.CL,19540.0
2018-07-06,GRUPOARGOS,GRUPOARGOS.CL,19000.0
2018-07-13,GRUPOARGOS,GRUPOARGOS.CL,19500.0
2018-07-20,GRUPOARGOS,GRUPOARGOS.CL,19360.0
2018-07-27,GRUPOARGOS,GRUPOARGOS.CL,19200.0
2018-08-03,GRUPOARGOS,GRUPOARGOS.CL,19800.0
2018-08-10,GRUPOARGOS,GRUPOARGOS.CL,19220.0
2018-08-17,GRUPOARGOS,GRUPOARGOS.CL,19260.0
2018-08-24,GRUPOARGOS,GRUPOARGOS.CL,18840.0
2018-08-31,GRUPOARGOS,GRUPOARGOS.CL,17200.0
2018-09-07,GRUPOARGOS,GRUPOARGOS.CL,17400.0
2018-09-14,GRUPOARGOS,GRUPOARGOS.CL,17000.0
2018-09-21,GRUPOARGOS,GRUPOARGOS.CL,16240.0
2018-09-28,GRUPOARGOS,GRUPOARGOS.CL,16440.0
2018-10-05,GRUPOARGOS,GRUPOARGOS.CL,15400.0
2018-10-12,GRUPOARGOS,GRUPOARGOS.CL,15480.0
2018-10-19,GRUPOARGOS,GRUPOARGOS.CL,15000.0
2018-10-26,GRUPOARGOS,GRUPOARGOS.CL,15000.0
2018-11-02,GRUPOARGOS,GRUPOARGOS.CL,15500.0
2018-11-09,GRUPOARGOS,GRUPOARGOS.CL,16100.0
2018-11-16,GRUPOARGOS,GRUPOARGOS.CL,16000.0
2018-11-23,GRUPOARGOS,GRUPOARGOS.CL,16020.0
2018-11-30,GRUPOARGOS,GRUPOARGOS.CL,16680.0
2018-12-07,GRUPOARGOS,GRUPOARGOS.CL,16440.0
2018-12-14,GRUPOARGOS,GRUPOARGOS.CL,16240.0
2018-12-21,GRUPOARGOS,GRUPOARGOS.CL,17020.0
2018-12-28,GRUPOARGOS,GRUPOARGOS.CL,17100.0
2019-01-04,GRUPOARGOS,GRUPOARGOS.CL,17100.0
2019-01-11,GRUPOARGOS,GRUPOARGOS.CL,17300.0
2019-01-18,GRUPOARGOS,GRUPOARGOS.CL,18100.0
2019-01-25,GRUPOARGOS,GRUPOARGOS.CL,18560.0
2019-02-01,GRUPOARGOS,GRUPOARGOS.CL,18060.0
2019-02-08,GRUPOARGOS,GRUPOARGOS.CL,18340.0
2019-02-15,GRUPOARGOS,GRUPOARGOS.CL,17600.0
2019-02-22,GRUPOARGOS,GRUPOARGOS.CL,17920.0
2019-03-01,GRUPOARGOS,GRUPOARGOS.CL,17800.0
2019-03-08,GRUPOARGOS,GRUPOARGOS.CL,18700.0
2019-03-15,GRUPOARGOS,GRUPOARGOS.CL,18700.0
2019-03-22,GRUPOARGOS,GRUPOARGOS.CL,17800.0
2019-03-29,GRUPOARGOS,GRUPOARGOS.CL,18000.0
2019-04-05,GRUPOARGOS,GRUPOARGOS.CL,18040.0
2019-04-12,GRUPOARGOS,GRUPOARGOS.CL,17520.0
2019-04-19,GRUPOARGOS,GRUPOARGOS.CL,18320.0
2019-04-26,GRUPOARGOS,GRUPOARGOS.CL,18020.0
2019-05-03,GRUPOARGOS,GRUPOARGOS.CL,17980.0
2019-05-10,GRUPOARGOS,GRUPOARGOS.CL,16500.0
2019-05-17,GRUPOARGOS,GRUPOARGOS.CL,16580.0
2019-05-24,GRUPOARGOS,GRUPOARGOS.CL,17200.0
2019-05-31,GRUPOARGOS,GRUPOARGOS.CL,16900.0
2019-06-07,GRUPOARGOS,GRUPOARGOS.CL,16880.0
2019-06-14,GRUPOARGOS,GRUPOARGOS.CL,17600.0
2019-06-21,GRUPOARGOS,GRUPOARGOS.CL,17120.0
2019-06-28,GRUPOARGOS,GRUPOARGOS.CL,17660.0
2019-07-05,GRUPOARGOS,GRUPOARGOS.CL,17780.0
2019-07-12,GRUPOARGOS,GRUPOARGOS.CL,17960.0
2019-07-19,GRUPOARGOS,GRUPOARGOS.CL,17600.0
2019-07-26,GRUPOARGOS,GRUPOARGOS.CL,16820.0
2019-08-02,GRUPOARGOS,GRUPOARGOS.CL,16480.0
2019-08-09,GRUPOARGOS,GRUPOARGOS.CL,15400.0
2019-08-16,GRUPOARGOS,GRUPOARGOS.CL,15960.0
2019-08-23,GRUPOARGOS,GRUPOARGOS.CL,17440.0
2019-08-30,GRUPOARGOS,GRUPOARGOS.CL,17900.0
2019-09-06,GRUPOARGOS,GRUPOARGOS.CL,18200.0
2019-09-13,GRUPOARGOS,GRUPOARGOS.CL,17800.0
2019-09-20,GRUPOARGOS,GRUPOARGOS.CL,17780.0
2019-09-27,GRUPOARGOS,GRUPOARGOS.CL,17740.0
2019-10-04,GRUPOARGOS,GRUPOARGOS.CL,17700.0
2019-10-11,GRUPOARGOS,GRUPOARGOS.CL,17600.0
2019-10-18,GRUPOARGOS,GRUPOARGOS.CL,18360.0
2019-10-25,GRUPOARGOS,GRUPOARGOS.CL,18300.0
2019-11-01,GRUPOARGOS,GRUPOARGOS.CL,18300.0
2019-11-08,GRUPOARGOS,GRUPOARGOS.CL,18280.0
2019-11-15,GRUPOARGOS,GRUPOARGOS.CL,18260.0
2019-11-22,GRUPOARGOS,GRUPOARGOS.CL,17560.0
2019-11-29,GRUPOARGOS,GRUPOARGOS.CL,17960.0
2019-12-06,GRUPOARGOS,GRUPOARGOS.CL,18000.0
2019-12-13,GRUPOARGOS,GRUPOARGOS.CL,17960.0
2019-12-20,GRUPOARGOS,GRUPOARGOS.CL,18120.0
2019-12-27,GRUPOARGOS,GRUPOARGOS.CL,17800.0
2020-01-03,GRUPOARGOS,GRUPOARGOS.CL,18360.0
2020-01-10,GRUPOARGOS,GRUPOARGOS.CL,18000.0
2020-01-17,GRUPOARGOS,GRUPOARGOS.CL,18040.0
2020-01-24,GRUPOARGOS,GRUPOARGOS.CL,18180.0
2020-01-31,GRUPOARGOS,GRUPOARGOS.CL,18260.0
2020-02-07,GRUPOARGOS,GRUPOARGOS.CL,17780.0
2020-02-14,GRUPOARGOS,GRUPOARGOS.CL,17500.0
2020-02-21,GRUPOARGOS,GRUPOARGOS.CL,15500.0
2020-02-28,GRUPOARGOS,GRUPOARGOS.CL,16120.0
2020-03-06,GRUPOARGOS,GRUPOARGOS.CL,10900.0
2020-03-13,GRUPOARGOS,GRUPOARGOS.CL,7010.0
2020-03-20,GRUPOARGOS,GRUPOARGOS.CL,10460.0
2020-03-27,GRUPOARGOS,GRUPOARGOS.CL,11760.0
2020-04-03,GRUPOARGOS,GRUPOARGOS.CL,11580.0
2020-04-10,GRUPOARGOS,GRUPOARGOS.CL,11280.0
2020-04-17,GRUPOARGOS,GRUPOARGOS.CL,9580.0
2020-04-24,GRUPOARGOS,GRUPOARGOS.CL,9220.0
2020-05-01,GRUPOARGOS,GRUPOARGOS.CL,9000.0
2020-05-08,GRUPOARGOS,GRUPOARGOS.CL,8250.0
2020-05-15,GRUPOARGOS,GRUPOARGOS.CL,8300.0
2020-05-22,GRUPOARGOS,GRUPOARGOS.CL,7910.0
2020-05-29,GRUPOARGOS,GRUPOARGOS.CL,9160.0
2020-06-05,GRUPOARGOS,GRUPOARGOS.CL,9200.0
2020-06-12,GRUPOARGOS,GRUPOARGOS.CL,9880.0
2020-06-19,GRUPOARGOS,GRUPOARGOS.CL,9990.0
2020-06-26,GRUPOARGOS,GRUPOARGOS.CL,9850.0
2020-07-03,GRUPOARGOS,GRUPOARGOS.CL,10340.0
2020-07-10,GRUPOARGOS,GRUPOARGOS.CL,10320.0
2020-07-17,GRUPOARGOS,GRUPOARGOS.CL,11080.0
2020-07-24,GRUPOARGOS,GRUPOARGOS.CL,10360.0
2020-07-31,GRUPOARGOS,GRUPOARGOS.CL,10360.0
2020-08-07,GRUPOARGOS,GRUPOARGOS.CL,10400.0
2020-08-14,GRUPOARGOS,GRUPOARGOS.CL,10740.0
2020-08-21,GRUPOARGOS,GRUPOARGOS.CL,11900.0
2020-08-28,GRUPOARGOS,GRUPOARGOS.CL,12180.0
2020-09-04,GRUPOARGOS,GRUPOARGOS.CL,12400.0
2020-09-11,GRUPOARGOS,GRUPOARGOS.CL,11680.0
2020-09-18,GRUPOARGOS,GRUPOARGOS.CL,11100.0
2020-09-25,GRUPOARGOS,GRUPOARGOS.CL,11700.0
2020-10-02,GRUPOARGOS,GRUPOARGOS.CL,11220.0
2020-10-09,GRUPOARGOS,GRUPOARGOS.CL,10860.0
2020-10-16,GRUPOARGOS,GRUPOARGOS.CL,10990.0
2020-10-23,GRUPOARGOS,GRUPOARGOS.CL,10210.0
2020-10-30,GRUPOARGOS,GRUPOARGOS.CL,11240.0
2020-11-06,GRUPOARGOS,GRUPOARGOS.CL,11600.0
2020-11-13,GRUPOARGOS,GRUPOARGOS.CL,11860.0
2020-11-20,GRUPOARGOS,GRUPOARGOS.CL,12300.0
2020-11-27,GRUPOARGOS,GRUPOARGOS.CL,12400.0
2020-12-04,GRUPOARGOS,GRUPOARGOS.CL,13000.0
2020-12-11,GRUPOARGOS,GRUPOARGOS.CL,14390.0
2020-12-18,GRUPOARGOS,GRUPOARGOS.CL,13780.0
2020-12-25,GRUPOARGOS,GRUPOARGOS.CL,13900.0
2021-01-01,GRUPOARGOS,GRUPOARGOS.CL,13430.0
2021-01-08,GRUPOARGOS,GRUPOARGOS.CL,14000.0
2021-01-15,GRUPOARGOS,GRUPOARGOS.CL,13830.0
2021-01-22,GRUPOARGOS,GRUPOARGOS.CL,13740.0
2021-01-29,GRUPOARGOS,GRUPOARGOS.CL,13240.0
2021-02-05,GRUPOARGOS,GRUPOARGOS.CL,13090.0
2021-02-12,GRUPOARGOS,GRUPOARGOS.CL,12830.0
2021-02-19,GRUPOARGOS,GRUPOARGOS.CL,12780.0
2021-02-26,GRUPOARGOS,GRUPOARGOS.CL,12500.0
2021-03-05,GRUPOARGOS,GRUPOARGOS.CL,12940.0
2021-03-12,GRUPOARGOS,GRUPOARGOS.CL,11900.0
2021-03-19,GRUPOARGOS,GRUPOARGOS.CL,11600.0
2021-03-26,GRUPOARGOS,GRUPOARGOS.CL,11780.0
2021-04-02,GRUPOARGOS,GRUPOARGOS.CL,11880.0
2021-04-09,GRUPOARGOS,GRUPOARGOS.CL,11400.0
2021-04-16,GRUPOARGOS,GRUPOARGOS.CL,11350.0
2021-04-23,GRUPOARGOS,GRUPOARGOS.CL,10810.0
2021-04-30,GRUPOARGOS,GRUPOARGOS.CL,10600.0
2021-05-07,GRUPOARGOS,GRUPOARGOS.CL,11050.0
2021-05-14,GRUPOARGOS,GRUPOARGOS.CL,10980.0
2021-05-21,GRUPOARGOS,GRUPOARGOS.CL,9000.0
2021-05-28,GRUPOARGOS,GRUPOARGOS.CL,10340.0
2021-06-04,GRUPOARGOS,GRUPOARGOS.CL,10380.0
2021-06-11,GRUPOARGOS,GRUPOARGOS.CL,10190.0
2021-06-18,GRUPOARGOS,GRUPOARGOS.CL,10560.0
2021-06-25,GRUPOARGOS,GRUPOARGOS.CL,10100.0
2021-07-02,GRUPOARGOS,GRUPOARGOS.CL,10500.0
2021-07-09,GRUPOARGOS,GRUPOARGOS.CL,10520.0
2021-07-16,GRUPOARGOS,GRUPOARGOS.CL,10420.0
2021-07-23,GRUPOARGOS,GRUPOARGOS.CL,9980.0
2021-07-30,GRUPOARGOS,GRUPOARGOS.CL,9940.0
2021-08-06,GRUPOARGOS,GRUPOARGOS.CL,10350.0
2021-08-13,GRUPOARGOS,GRUPOARGOS.CL,11080.0
2021-08-20,GRUPOARGOS,GRUPOARGOS.CL,10650.0
2021-08-27,GRUPOARGOS,GRUPOARGOS.CL,11300.0
2021-09-03,GRUPOARGOS,GRUPOARGOS.CL,11100.0
2021-09-10,GRUPOARGOS,GRUPOARGOS.CL,10750.0
2021-09-17,GRUPOARGOS,GRUPOARGOS.CL,10700.0
2021-09-24,GRUPOARGOS,GRUPOARGOS.CL,11160.0
2021-10-01,GRUPOARGOS,GRUPOARGOS.CL,11500.0
2021-10-08,GRUPOARGOS,GRUPOARGOS.CL,12070.0
2021-10-15,GRUPOARGOS,GRUPOARGOS.CL,11850.0
2021-10-22,GRUPOARGOS,GRUPOARGOS.CL,11790.0
2021-10-29,GRUPOARGOS,GRUPOARGOS.CL,11770.0
2021-11-05,GRUPOARGOS,GRUPOARGOS.CL,11800.0
2021-11-12,GRUPOARGOS,GRUPOARGOS.CL,11500.0
2021-11-19,GRUPOARGOS,GRUPOARGOS.CL,12100.0
2021-11-26,GRUPOARGOS,GRUPOARGOS.CL,15720.0
2021-12-03,GRUPOARGOS,GRUPOARGOS.CL,14000.0
2021-12-10,GRUPOARGOS,GRUPOARGOS.CL,14270.0
2021-12-17,GRUPOARGOS,GRUPOARGOS.CL,13410.0
2021-12-24,GRUPOARGOS,GRUPOARGOS.CL,13550.0
2021-12-31,GRUPOARGOS,GRUPOARGOS.CL,12880.0
2022-01-07,GRUPOARGOS,GRUPOARGOS.CL,14950.0
2022-01-14,GRUPOARGOS,GRUPOARGOS.CL,16350.0
2022-01-21,GRUPOARGOS,GRUPOARGOS.CL,15640.0
2022-01-28,GRUPOARGOS,GRUPOARGOS.CL,14960.0
2022-02-04,GRUPOARGOS,GRUPOARGOS.CL,13330.0
2022-02-11,GRUPOARGOS,GRUPOARGOS.CL,13550.0
2022-02-18,GRUPOARGOS,GRUPOARGOS.CL,13320.0
2022-02-25,GRUPOARGOS,GRUPOARGOS.CL,13300.0
2022-03-04,GRUPOARGOS,GRUPOARGOS.CL,13350.0
2022-03-11,GRUPOARGOS,GRUPOARGOS.CL,13460.0
2022-03-18,GRUPOARGOS,GRUPOARGOS.CL,13530.0
2022-03-25,GRUPOARGOS,GRUPOARGOS.CL,13880.0
2022-04-01,GRUPOARGOS,GRUPOARGOS.CL,14500.0
2022-04-08,GRUPOARGOS,GRUPOARGOS.CL,14500.0
2022-04-15,GRUPOARGOS,GRUPOARGOS.CL,14350.0
2022-04-22,GRUPOARGOS,GRUPOARGOS.CL,14460.0
2022-04-29,GRUPOARGOS,GRUPOARGOS.CL,13800.0
2022-05-06,GRUPOARGOS,GRUPOARGOS.CL,14000.0
2022-05-13,GRUPOARGOS,GRUPOARGOS.CL,13540.0
2022-05-20,GRUPOARGOS,GRUPOARGOS.CL,13540.0
2022-05-27,GRUPOARGOS,GRUPOARGOS.CL,13540.0
2022-06-03,GRUPOARGOS,GRUPOARGOS.CL,13540.0
2022-06-10,GRUPOARGOS,GRUPOARGOS.CL,16440.0
2022-06-17,GRUPOARGOS,GRUPOARGOS.CL,16260.0
2022-06-24,GRUPOARGOS,GRUPOARGOS.CL,15060.0
2022-07-01,GRUPOARGOS,GRUPOARGOS.CL,13800.0
2022-07-08,GRUPOARGOS,GRUPOARGOS.CL,12700.0
2022-07-15,GRUPOARGOS,GRUPOARGOS.CL,12380.0
2022-07-22,GRUPOARGOS,GRUPOARGOS.CL,12460.0
2022-07-29,GRUPOARGOS,GRUPOARGOS.CL,11200.0
2022-08-05,GRUPOARGOS,GRUPOARGOS.CL,11690.0
2022-08-12,GRUPOARGOS,GRUPOARGOS.CL,11300.0
2022-08-19,GRUPOARGOS,GRUPOARGOS.CL,10270.0
2022-08-26,GRUPOARGOS,GRUPOARGOS.CL,9790.0
2022-09-02,GRUPOARGOS,GRUPOARGOS.CL,9750.0
2022-09-09,GRUPOARGOS,GRUPOARGOS.CL,10000.0
2022-09-16,GRUPOARGOS,GRUPOARGOS.CL,10540.0
2022-09-23,GRUPOARGOS,GRUPOARGOS.CL,9650.0
2022-09-30,GRUPOARGOS,GRUPOARGOS.CL,10900.0
2022-10-07,GRUPOARGOS,GRUPOARGOS.CL,10410.0
2022-10-14,GRUPOARGOS,GRUPOARGOS.CL,10490.0
2022-10-21,GRUPOARGOS,GRUPOARGOS.CL,10410.0
2022-10-28,GRUPOARGOS,GRUPOARGOS.CL,10060.0
2022-11-04,GRUPOARGOS,GRUPOARGOS.CL,10170.0
2022-11-11,GRUPOARGOS,GRUPOARGOS.CL,10600.0
2022-11-18,GRUPOARGOS,GRUPOARGOS.CL,10400.0
2022-11-25,GRUPOARGOS,GRUPOARGOS.CL,9970.0
2022-12-02,GRUPOARGOS,GRUPOARGOS.CL,9750.0
2022-12-09,GRUPOARGOS,GRUPOARGOS.CL,9260.0
2022-12-16,GRUPOARGOS,GRUPOARGOS.CL,9155.0
2022-12-23,GRUPOARGOS,GRUPOARGOS.CL,9490.0
2022-12-30,GRUPOARGOS,GRUPOARGOS.CL,9970.0
2023-01-06,GRUPOARGOS,GRUPOARGOS.CL,9925.0
2023-01-13,GRUPOARGOS,GRUPOARGOS.CL,9790.0
2023-01-20,GRUPOARGOS,GRUPOARGOS.CL,9310.0
2023-01-27,GRUPOARGOS,GRUPOARGOS.CL,9290.0
2023-02-03,GRUPOARGOS,GRUPOARGOS.CL,8600.0
2023-02-10,GRUPOARGOS,GRUPOARGOS.CL,8265.0
2023-02-17,GRUPOARGOS,GRUPOARGOS.CL,8650.0
2023-02-24,GRUPOARGOS,GRUPOARGOS.CL,9700.0
2023-03-03,GRUPOARGOS,GRUPOARGOS.CL,9665.0
2023-03-10,GRUPOARGOS,GRUPOARGOS.CL,9650.0
2023-03-17,GRUPOARGOS,GRUPOARGOS.CL,9165.0
2023-03-24,GRUPOARGOS,GRUPOARGOS.CL,8900.0
2023-03-31,GRUPOARGOS,GRUPOARGOS.CL,9300.0
2023-04-07,GRUPOARGOS,GRUPOARGOS.CL,9750.0
2023-04-14,GRUPOARGOS,GRUPOARGOS.CL,9300.0
2023-04-21,GRUPOARGOS,GRUPOARGOS.CL,8605.0
2023-04-28,GRUPOARGOS,GRUPOARGOS.CL,8660.0
2023-05-05,GRUPOARGOS,GRUPOARGOS.CL,8980.0
2023-05-12,GRUPOARGOS,GRUPOARGOS.CL,9400.0
2023-05-19,GRUPOARGOS,GRUPOARGOS.CL,9350.0
2023-05-26,GRUPOARGOS,GRUPOARGOS.CL,9350.0
2023-06-02,GRUPOARGOS,GRUPOARGOS.CL,9350.0
2023-06-09,GRUPOARGOS,GRUPOARGOS.CL,9350.0
2023-06-16,GRUPOARGOS,GRUPOARGOS.CL,9235.0
2023-06-23,GRUPOARGOS,GRUPOARGOS.CL,9550.0
2023-06-30,GRUPOARGOS,GRUPOARGOS.CL,9335.0
2023-07-07,GRUPOARGOS,GRUPOARGOS.CL,9615.0
2023-07-14,GRUPOARGOS,GRUPOARGOS.CL,9695.0
2023-07-21,GRUPOARGOS,GRUPOARGOS.CL,9600.0
2023-07-28,GRUPOARGOS,GRUPOARGOS.CL,9470.0
2023-08-04,GRUPOARGOS,GRUPOARGOS.CL,9610.0
2023-08-11,GRUPOARGOS,GRUPOARGOS.CL,9150.0
2023-08-18,GRUPOARGOS,GRUPOARGOS.CL,8925.0
2023-08-25,GRUPOARGOS,GRUPOARGOS.CL,8060.0
2023-09-01,GRUPOARGOS,GRUPOARGOS.CL,8300.0
2023-09-08,GRUPOARGOS,GRUPOARGOS.CL,8290.0
2023-09-15,GRUPOARGOS,GRUPOARGOS.CL,8545.0
2023-09-22,GRUPOARGOS,GRUPOARGOS.CL,9400.0
2023-09-29,GRUPOARGOS,GRUPOARGOS.CL,8955.0
2023-10-06,GRUPOARGOS,GRUPOARGOS.CL,9100.0
2023-10-13,GRUPOARGOS,GRUPOARGOS.CL,9180.0
2023-10-20,GRUPOARGOS,GRUPOARGOS.CL,9110.0
2023-10-27,GRUPOARGOS,GRUPOARGOS.CL,8860.0
2023-11-03,GRUPOARGOS,GRUPOARGOS.CL,9280.0
2023-11-10,GRUPOARGOS,GRUPOARGOS.CL,9340.0
2023-11-17,GRUPOARGOS,GRUPOARGOS.CL,9480.0
2023-11-24,GRUPOARGOS,GRUPOARGOS.CL,10400.0
2023-12-01,GRUPOARGOS,GRUPOARGOS.CL,10400.0
2023-12-08,GRUPOARGOS,GRUPOARGOS.CL,12000.0
2023-12-15,GRUPOARGOS,GRUPOARGOS.CL,11880.0
2023-12-22,GRUPOARGOS,GRUPOARGOS.CL,12420.0
2023-12-29,GRUPOARGOS,GRUPOARGOS.CL,13460.0
2024-01-05,GRUPOARGOS,GRUPOARGOS.CL,13880.0
2024-01-12,GRUPOARGOS,GRUPOARGOS.CL,13540.0
2024-01-19,GRUPOARGOS,GRUPOARGOS.CL,13580.0
2024-01-26,GRUPOARGOS,GRUPOARGOS.CL,13600.0
2024-02-02,GRUPOARGOS,GRUPOARGOS.CL,13200.0
2024-02-09,GRUPOARGOS,GRUPOARGOS.CL,12300.0
2024-02-16,GRUPOARGOS,GRUPOARGOS.CL,13260.0
2024-02-23,GRUPOARGOS,GRUPOARGOS.CL,13700.0
2024-03-01,GRUPOARGOS,GRUPOARGOS.CL,15080.0
2024-03-08,GRUPOARGOS,GRUPOARGOS.CL,14400.0
2024-03-15,GRUPOARGOS,GRUPOARGOS.CL,15200.0
2024-03-22,GRUPOARGOS,GRUPOARGOS.CL,15380.0
2024-03-29,GRUPOARGOS,GRUPOARGOS.CL,15900.0
2024-04-05,GRUPOARGOS,GRUPOARGOS.CL,16400.0
2024-04-12,GRUPOARGOS,GRUPOARGOS.CL,15800.0
2024-04-19,GRUPOARGOS,GRUPOARGOS.CL,16420.0
2024-04-26,GRUPOARGOS,GRUPOARGOS.CL,16280.0
2024-05-03,GRUPOARGOS,GRUPOARGOS.CL,16240.0
2024-05-10,GRUPOARGOS,GRUPOARGOS.CL,16320.0
2024-05-17,GRUPOARGOS,GRUPOARGOS.CL,16140.0
2024-05-24,GRUPOARGOS,GRUPOARGOS.CL,16500.0
2024-05-31,GRUPOARGOS,GRUPOARGOS.CL,16580.0
2024-06-07,GRUPOARGOS,GRUPOARGOS.CL,16560.0
2024-06-14,GRUPOARGOS,GRUPOARGOS.CL,16500.0
2024-06-21,GRUPOARGOS,GRUPOARGOS.CL,16680.0
2024-06-28,GRUPOARGOS,GRUPOARGOS.CL,17140.0
2024-07-05,GRUPOARGOS,GRUPOARGOS.CL,17060.0
2024-07-12,GRUPOARGOS,GRUPOARGOS.CL,16960.0
2024-07-19,GRUPOARGOS,GRUPOARGOS.CL,17000.0
2024-07-26,GRUPOARGOS,GRUPOARGOS.CL,16480.0
2024-08-02,GRUPOARGOS,GRUPOARGOS.CL,16620.0
2024-08-09,GRUPOARGOS,GRUPOARGOS.CL,16880.0
2024-08-16,GRUPOARGOS,GRUPOARGOS.CL,16740.0
2024-08-23,GRUPOARGOS,GRUPOARGOS.CL,17000.0
2024-08-30,GRUPOARGOS,GRUPOARGOS.CL,17600.0
2024-09-06,GRUPOARGOS,GRUPOARGOS.CL,17600.0
2024-09-13,GRUPOARGOS,GRUPOARGOS.CL,18260.0
2024-09-20,GRUPOARGOS,GRUPOARGOS.CL,18000.0
2024-09-27,GRUPOARGOS,GRUPOARGOS.CL,18080.0
2024-10-04,GRUPOARGOS,GRUPOARGOS.CL,18260.0
2024-10-11,GRUPOARGOS,GRUPOARGOS.CL,20000.0
2024-10-18,GRUPOARGOS,GRUPOARGOS.CL,18960.0
2024-10-25,GRUPOARGOS,GRUPOARGOS.CL,19400.0
2024-11-01,GRUPOARGOS,GRUPOARGOS.CL,19280.0
2024-11-08,GRUPOARGOS,GRUPOARGOS.CL,18420.0
2024-11-15,GRUPOARGOS,GRUPOARGOS.CL,19100.0
2024-11-22,GRUPOARGOS,GRUPOARGOS.CL,20000.0
2024-11-29,GRUPOARGOS,GRUPOARGOS.CL,19940.0
2024-12-06,GRUPOARGOS,GRUPOARGOS.CL,19400.0
2024-12-13,GRUPOARGOS,GRUPOARGOS.CL,20400.0
2024-12-20,GRUPOARGOS,GRUPOARGOS.CL,20500.0
2024-12-27,GRUPOARGOS,GRUPOARGOS.CL,20480.0
2025-01-03,GRUPOARGOS,GRUPOARGOS.CL,20100.0
2025-01-10,GRUPOARGOS,GRUPOARGOS.CL,19480.0
2025-01-17,GRUPOARGOS,GRUPOARGOS.CL,18800.0
2025-01-24,GRUPOARGOS,GRUPOARGOS.CL,19960.0
2025-01-31,GRUPOARGOS,GRUPOARGOS.CL,20300.0
2025-02-07,GRUPOARGOS,GRUPOARGOS.CL,19700.0
2025-02-14,GRUPOARGOS,GRUPOARGOS.CL,20300.0
2025-02-21,GRUPOARGOS,GRUPOARGOS.CL,20200.0
2025-02-28,GRUPOARGOS,GRUPOARGOS.CL,20560.0
2025-03-07,GRUPOARGOS,GRUPOARGOS.CL,20380.0
2025-03-14,GRUPOARGOS,GRUPOARGOS.CL,20120.0
2025-03-21,GRUPOARGOS,GRUPOARGOS.CL,20600.0
2025-03-28,GRUPOARGOS,GRUPOARGOS.CL,21480.0
2025-04-04,GRUPOARGOS,GRUPOARGOS.CL,20400.0
2025-04-11,GRUPOARGOS,GRUPOARGOS.CL,21240.0
2025-04-18,GRUPOARGOS,GRUPOARGOS.CL,21500.0
2025-04-25,GRUPOARGOS,GRUPOARGOS.CL,21980.0
2025-05-02,GRUPOARGOS,GRUPOARGOS.CL,21980.0
2025-05-09,GRUPOARGOS,GRUPOARGOS.CL,21560.0
2025-05-16,GRUPOARGOS,GRUPOARGOS.CL,21740.0
2025-05-23,GRUPOARGOS,GRUPOARGOS.CL,21900.0
2025-05-30,GRUPOARGOS,GRUPOARGOS.CL,21960.0
2025-06-06,GRUPOARGOS,GRUPOARGOS.CL,21960.0
2025-06-13,GRUPOARGOS,GRUPOARGOS.CL,21960.0
2025-06-20,GRUPOARGOS,GRUPOARGOS.CL,22180.0
2025-06-27,GRUPOARGOS,GRUPOARGOS.CL,23480.0
2025-07-04,GRUPOARGOS,GRUPOARGOS.CL,24000.0
2025-07-11,GRUPOARGOS,GRUPOARGOS.CL,24380.0
2025-07-18,GRUPOARGOS,GRUPOARGOS.CL,14271.16
2025-07-25,GRUPOARGOS,GRUPOARGOS.CL,17000.0
2025-08-01,GRUPOARGOS,GRUPOARGOS.CL,17800.0
2025-08-08,GRUPOARGOS,GRUPOARGOS.CL,17260.0
2025-08-15,GRUPOARGOS,GRUPOARGOS.CL,17140.0
2025-08-22,GRUPOARGOS,GRUPOARGOS.CL,17180.0
2025-08-29,GRUPOARGOS,GRUPOARGOS.CL,17120.0
2025-09-05,GRUPOARGOS,GRUPOARGOS.CL,16840.0
2025-09-12,GRUPOARGOS,GRUPOARGOS.CL,17000.0
2025-09-19,GRUPOARGOS,GRUPOARGOS.CL,17760.0
2025-09-26,GRUPOARGOS,GRUPOARGOS.CL,17800.0
2025-10-03,GRUPOARGOS,GRUPOARGOS.CL,17700.0
2025-10-10,GRUPOARGOS,GRUPOARGOS.CL,17600.0
2025-10-17,GRUPOARGOS,GRUPOARGOS.CL,17780.0
2025-10-24,GRUPOARGOS,GRUPOARGOS.CL,17380.0
2025-10-31,GRUPOARGOS,GRUPOARGOS.CL,18020.0
2025-11-07,GRUPOARGOS,GRUPOARGOS.CL,17500.0
2025-11-14,GRUPOARGOS,GRUPOARGOS.CL,17620.0
2025-11-21,GRUPOARGOS,GRUPOARGOS.CL,17300.0
2025-11-28,GRUPOARGOS,GRUPOARGOS.CL,17360.0
2025-12-05,GRUPOARGOS,GRUPOARGOS.CL,16860.0
2025-12-12,GRUPOARGOS,GRUPOARGOS.CL,16440.0
2025-12-19,GRUPOARGOS,GRUPOARGOS.CL,16960.0
2025-12-26,GRUPOARGOS,GRUPOARGOS.CL,16980.0
2026-01-02,GRUPOARGOS,GRUPOARGOS.CL,17300.0
2026-01-09,GRUPOARGOS,GRUPOARGOS.CL,17720.0
2026-01-16,GRUPOARGOS,GRUPOARGOS.CL,18480.0
2026-01-23,GRUPOARGOS,GRUPOARGOS.CL,18400.0
2026-01-30,GRUPOARGOS,GRUPOARGOS.CL,18100.0
2026-02-06,GRUPOARGOS,GRUPOARGOS.CL,17800.0
2026-02-13,GRUPOARGOS,GRUPOARGOS.CL,17740.0
2026-02-20,GRUPOARGOS,GRUPOARGOS.CL,16900.0
2026-02-27,GRUPOARGOS,GRUPOARGOS.CL,15500.0
2026-03-06,GRUPOARGOS,GRUPOARGOS.CL,15580.0
2026-03-13,GRUPOARGOS,GRUPOARGOS.CL,15800.0
2026-03-20,GRUPOARGOS,GRUPOARGOS.CL,16700.0
2026-03-27,GRUPOARGOS,GRUPOARGOS.CL,16600.0
2026-04-03,GRUPOARGOS,GRUPOARGOS.CL,16420.0
2026-04-10,GRUPOARGOS,GRUPOARGOS.CL,16380.0
2026-04-17,GRUPOARGOS,GRUPOARGOS.CL,16000.0
2026-04-24,GRUPOARGOS,GRUPOARGOS.CL,15800.0
2026-05-01,GRUPOARGOS,GRUPOARGOS.CL,14860.0
2026-05-08,GRUPOARGOS,GRUPOARGOS.CL,14700.0
2026-05-15,GRUPOARGOS,GRUPOARGOS.CL,14280.0
2026-05-22,GRUPOARGOS,GRUPOARGOS.CL,16260.0
2026-05-29,GRUPOARGOS,GRUPOARGOS.CL,16840.0
2026-06-05,GRUPOARGOS,GRUPOARGOS.CL,17000.0
2026-06-12,GRUPOARGOS,GRUPOARGOS.CL,17620.0
2026-06-19,GRUPOARGOS,GRUPOARGOS.CL,17540.0
2026-06-26,GRUPOARGOS,GRUPOARGOS.CL,17400.0
2026-07-03,GRUPOARGOS,GRUPOARGOS.CL,18100.0
2026-07-10,GRUPOARGOS,GRUPOARGOS.CL,17660.0
2026-07-17,GRUPOARGOS,GRUPOARGOS.CL,16160.0
2026-07-24,GRUPOARGOS,GRUPOARGOS.CL,16600.0
2026-07-31,GRUPOARGOS,GRUPOARGOS.CL,17400.0
2026-08-07,GRUPOARGOS,GRUPOARGOS.CL,19960.0
2026-08-14,GRUPOARGOS,GRUPOARGOS.CL,20960.0
2026-08-21,GRUPOARGOS,GRUPOARGOS.CL,21260.0
2026-08-28,GRUPOARGOS,GRUPOARGOS.CL,21000.0
2026-09-04,GRUPOARGOS,GRUPOARGOS.CL,22980.0
2026-09-11,GRUPOARGOS,GRUPOARGOS.CL,20200.0
2026-09-18,GRUPOARGOS,GRUPOARGOS.CL,22360.0
2026-09-25,GRUPOARGOS,GRUPOARGOS.CL,21600.0
2026-09-30,GRUPOARGOS,GRUPOARGOS.CL,21600.0
2010-01-01,GRUPOSURA,GRUPOSURA.CL,24900.0
2010-01-08,GRUPOSURA,GRUPOSURA.CL,25700.0
2010-01-15,GRUPOSURA,GRUPOSURA.CL,24840.0
2010-01-22,GRUPOSURA,GRUPOSURA.CL,24940.0
2010-01-29,GRUPOSURA,GRUPOSURA.CL,24580.0
2010-02-05,GRUPOSURA,GRUPOSURA.CL,25300.0
2010-02-12,GRUPOSURA,GRUPOSURA.CL,25400.0
2010-02-19,GRUPOSURA,GRUPOSURA.CL,26400.0
2010-02-26,GRUPOSURA,GRUPOSURA.CL,26640.0
2010-03-05,GRUPOSURA,GRUPOSURA.CL,26860.0
2010-03-12,GRUPOSURA,GRUPOSURA.CL,27880.0
2010-03-19,GRUPOSURA,GRUPOSURA.CL,27800.0
2010-03-26,GRUPOSURA,GRUPOSURA.CL,28280.0
2010-04-02,GRUPOSURA,GRUPOSURA.CL,29180.0
2010-04-09,GRUPOSURA,GRUPOSURA.CL,29600.0
2010-04-16,GRUPOSURA,GRUPOSURA.CL,29800.0
2010-04-23,GRUPOSURA,GRUPOSURA.CL,29740.0
2010-04-30,GRUPOSURA,GRUPOSURA.CL,28000.0
2010-05-07,GRUPOSURA,GRUPOSURA.CL,29400.0
2010-05-14,GRUPOSURA,GRUPOSURA.CL,28000.0
2010-05-21,GRUPOSURA,GRUPOSURA.CL,29000.0
2010-05-28,GRUPOSURA,GRUPOSURA.CL,29340.0
2010-06-04,GRUPOSURA,GRUPOSURA.CL,29380.0
2010-06-11,GRUPOSURA,GRUPOSURA.CL,29640.0
2010-06-18,GRUPOSURA,GRUPOSURA.CL,29900.0
2010-06-25,GRUPOSURA,GRUPOSURA.CL,29780.0
2010-07-02,GRUPOSURA,GRUPOSURA.CL,29520.0
2010-07-09,GRUPOSURA,GRUPOSURA.CL,31400.0
2010-07-16,GRUPOSURA,GRUPOSURA.CL,33440.0
2010-07-23,GRUPOSURA,GRUPOSURA.CL,32800.0
2010-07-30,GRUPOSURA,GRUPOSURA.CL,33020.0
2010-08-06,GRUPOSURA,GRUPOSURA.CL,32500.0
2010-08-13,GRUPOSURA,GRUPOSURA.CL,33380.0
2010-08-20,GRUPOSURA,GRUPOSURA.CL,34020.0
2010-08-27,GRUPOSURA,GRUPOSURA.CL,37800.0
2010-09-03,GRUPOSURA,GRUPOSURA.CL,38900.0
2010-09-10,GRUPOSURA,GRUPOSURA.CL,37160.0
2010-09-17,GRUPOSURA,GRUPOSURA.CL,36280.0
2010-09-24,GRUPOSURA,GRUPOSURA.CL,38360.0
2010-10-01,GRUPOSURA,GRUPOSURA.CL,38680.0
2010-10-08,GRUPOSURA,GRUPOSURA.CL,39400.0
2010-10-15,GRUPOSURA,GRUPOSURA.CL,39500.0
2010-10-22,GRUPOSURA,GRUPOSURA.CL,39380.0
2010-10-29,GRUPOSURA,GRUPOSURA.CL,41500.0
2010-11-05,GRUPOSURA,GRUPOSURA.CL,39660.0
2010-11-12,GRUPOSURA,GRUPOSURA.CL,39480.0
2010-11-19,GRUPOSURA,GRUPOSURA.CL,38400.0
2010-11-26,GRUPOSURA,GRUPOSURA.CL,39500.0
2010-12-03,GRUPOSURA,GRUPOSURA.CL,39400.0
2010-12-10,GRUPOSURA,GRUPOSURA.CL,37500.0
2010-12-17,GRUPOSURA,GRUPOSURA.CL,37800.0
2010-12-24,GRUPOSURA,GRUPOSURA.CL,37480.0
2010-12-31,GRUPOSURA,GRUPOSURA.CL,37300.0
2011-01-07,GRUPOSURA,GRUPOSURA.CL,36900.0
2011-01-14,GRUPOSURA,GRUPOSURA.CL,35460.0
2011-01-21,GRUPOSURA,GRUPOSURA.CL,35880.0
2011-01-28,GRUPOSURA,GRUPOSURA.CL,35300.0
2011-02-04,GRUPOSURA,GRUPOSURA.CL,35080.0
2011-02-11,GRUPOSURA,GRUPOSURA.CL,34900.0
2011-02-18,GRUPOSURA,GRUPOSURA.CL,33980.0
2011-02-25,GRUPOSURA,GRUPOSURA.CL,36320.0
2011-03-04,GRUPOSURA,GRUPOSURA.CL,37100.0
2011-03-11,GRUPOSURA,GRUPOSURA.CL,35080.0
2011-03-18,GRUPOSURA,GRUPOSURA.CL,38480.0
2011-03-25,GRUPOSURA,GRUPOSURA.CL,37100.0
2011-04-01,GRUPOSURA,GRUPOSURA.CL,37300.0
2011-04-08,GRUPOSURA,GRUPOSURA.CL,37480.0
2011-04-15,GRUPOSURA,GRUPOSURA.CL,36980.0
2011-04-22,GRUPOSURA,GRUPOSURA.CL,37000.0
2011-04-29,GRUPOSURA,GRUPOSURA.CL,36500.0
2011-05-06,GRUPOSURA,GRUPOSURA.CL,37300.0
2011-05-13,GRUPOSURA,GRUPOSURA.CL,38740.0
2011-05-20,GRUPOSURA,GRUPOSURA.CL,39000.0
2011-05-27,GRUPOSURA,GRUPOSURA.CL,39640.0
2011-06-03,GRUPOSURA,GRUPOSURA.CL,40700.0
2011-06-10,GRUPOSURA,GRUPOSURA.CL,38180.0
2011-06-17,GRUPOSURA,GRUPOSURA.CL,39000.0
2011-06-24,GRUPOSURA,GRUPOSURA.CL,38800.0
2011-07-01,GRUPOSURA,GRUPOSURA.CL,37100.0
2011-07-08,GRUPOSURA,GRUPOSURA.CL,34900.0
2011-07-15,GRUPOSURA,GRUPOSURA.CL,35280.0
2011-07-22,GRUPOSURA,GRUPOSURA.CL,35400.0
2011-07-29,GRUPOSURA,GRUPOSURA.CL,35340.0
2011-08-05,GRUPOSURA,GRUPOSURA.CL,34640.0
2011-08-12,GRUPOSURA,GRUPOSURA.CL,33480.0
2011-08-19,GRUPOSURA,GRUPOSURA.CL,34900.0
2011-08-26,GRUPOSURA,GRUPOSURA.CL,35460.0
2011-09-02,GRUPOSURA,GRUPOSURA.CL,35100.0
2011-09-09,GRUPOSURA,GRUPOSURA.CL,34500.0
2011-09-16,GRUPOSURA,GRUPOSURA.CL,34220.0
2011-09-23,GRUPOSURA,GRUPOSURA.CL,33500.0
2011-09-30,GRUPOSURA,GRUPOSURA.CL,33860.0
2011-10-07,GRUPOSURA,GRUPOSURA.CL,33880.0
2011-10-14,GRUPOSURA,GRUPOSURA.CL,33280.0
2011-10-21,GRUPOSURA,GRUPOSURA.CL,33280.0
2011-10-28,GRUPOSURA,GRUPOSURA.CL,32500.0
2011-11-04,GRUPOSURA,GRUPOSURA.CL,32220.0
2011-11-11,GRUPOSURA,GRUPOSURA.CL,31400.0
2011-11-18,GRUPOSURA,GRUPOSURA.CL,29900.0
2011-11-25,GRUPOSURA,GRUPOSURA.CL,30520.0
2011-12-02,GRUPOSURA,GRUPOSURA.CL,30900.0
2011-12-09,GRUPOSURA,GRUPOSURA.CL,30900.0
2011-12-16,GRUPOSURA,GRUPOSURA.CL,31900.0
2011-12-23,GRUPOSURA,GRUPOSURA.CL,31960.0
2011-12-30,GRUPOSURA,GRUPOSURA.CL,32440.0
2012-01-06,GRUPOSURA,GRUPOSURA.CL,31240.0
2012-01-13,GRUPOSURA,GRUPOSURA.CL,30900.0
2012-01-20,GRUPOSURA,GRUPOSURA.CL,30000.0
2012-01-27,GRUPOSURA,GRUPOSURA.CL,30500.0
2012-02-03,GRUPOSURA,GRUPOSURA.CL,30800.0
2012-02-10,GRUPOSURA,GRUPOSURA.CL,32300.0
2012-02-17,GRUPOSURA,GRUPOSURA.CL,32060.0
2012-02-24,GRUPOSURA,GRUPOSURA.CL,32500.0
2012-03-02,GRUPOSURA,GRUPOSURA.CL,31380.0
2012-03-09,GRUPOSURA,GRUPOSURA.CL,31240.0
2012-03-16,GRUPOSURA,GRUPOSURA.CL,30660.0
2012-03-23,GRUPOSURA,GRUPOSURA.CL,31480.0
2012-03-30,GRUPOSURA,GRUPOSURA.CL,30880.0
2012-04-06,GRUPOSURA,GRUPOSURA.CL,31280.0
2012-04-13,GRUPOSURA,GRUPOSURA.CL,31100.0
2012-04-20,GRUPOSURA,GRUPOSURA.CL,30780.0
2012-04-27,GRUPOSURA,GRUPOSURA.CL,32060.0
2012-05-04,GRUPOSURA,GRUPOSURA.CL,32000.0
2012-05-11,GRUPOSURA,GRUPOSURA.CL,31240.0
2012-05-18,GRUPOSURA,GRUPOSURA.CL,31700.0
2012-05-25,GRUPOSURA,GRUPOSURA.CL,30820.0
2012-06-01,GRUPOSURA,GRUPOSURA.CL,30380.0
2012-06-08,GRUPOSURA,GRUPOSURA.CL,30800.0
2012-06-15,GRUPOSURA,GRUPOSURA.CL,30280.0
2012-06-22,GRUPOSURA,GRUPOSURA.CL,30320.0
2012-06-29,GRUPOSURA,GRUPOSURA.CL,31200.0
2012-07-06,GRUPOSURA,GRUPOSURA.CL,30480.0
2012-07-13,GRUPOSURA,GRUPOSURA.CL,30980.0
2012-07-20,GRUPOSURA,GRUPOSURA.CL,30600.0
2012-07-27,GRUPOSURA,GRUPOSURA.CL,30660.0
2012-08-03,GRUPOSURA,GRUPOSURA.CL,30760.0
2012-08-10,GRUPOSURA,GRUPOSURA.CL,30100.0
2012-08-17,GRUPOSURA,GRUPOSURA.CL,29980.0
2012-08-24,GRUPOSURA,GRUPOSURA.CL,29440.0
2012-08-31,GRUPOSURA,GRUPOSURA.CL,30540.0
2012-09-07,GRUPOSURA,GRUPOSURA.CL,30700.0
2012-09-14,GRUPOSURA,GRUPOSURA.CL,31120.0
2012-09-21,GRUPOSURA,GRUPOSURA.CL,31000.0
2012-09-28,GRUPOSURA,GRUPOSURA.CL,31000.0
2012-10-05,GRUPOSURA,GRUPOSURA.CL,30860.0
2012-10-12,GRUPOSURA,GRUPOSURA.CL,33040.0
2012-10-19,GRUPOSURA,GRUPOSURA.CL,35020.0
2012-10-26,GRUPOSURA,GRUPOSURA.CL,35760.0
2012-11-02,GRUPOSURA,GRUPOSURA.CL,33140.0
2012-11-09,GRUPOSURA,GRUPOSURA.CL,35260.0
2012-11-16,GRUPOSURA,GRUPOSURA.CL,34600.0
2012-11-23,GRUPOSURA,GRUPOSURA.CL,34980.0
2012-11-30,GRUPOSURA,GRUPOSURA.CL,35680.0
2012-12-07,GRUPOSURA,GRUPOSURA.CL,36300.0
2012-12-14,GRUPOSURA,GRUPOSURA.CL,36700.0
2012-12-21,GRUPOSURA,GRUPOSURA.CL,36860.0
2012-12-28,GRUPOSURA,GRUPOSURA.CL,37480.0
2013-01-04,GRUPOSURA,GRUPOSURA.CL,37580.0
2013-01-11,GRUPOSURA,GRUPOSURA.CL,37380.0
2013-01-18,GRUPOSURA,GRUPOSURA.CL,37660.0
2013-01-25,GRUPOSURA,GRUPOSURA.CL,37700.0
2013-02-01,GRUPOSURA,GRUPOSURA.CL,37480.0
2013-02-08,GRUPOSURA,GRUPOSURA.CL,37620.0
2013-02-15,GRUPOSURA,GRUPOSURA.CL,38000.0
2013-02-22,GRUPOSURA,GRUPOSURA.CL,38660.0
2013-03-01,GRUPOSURA,GRUPOSURA.CL,38380.0
2013-03-08,GRUPOSURA,GRUPOSURA.CL,37700.0
2013-03-15,GRUPOSURA,GRUPOSURA.CL,37800.0
2013-03-22,GRUPOSURA,GRUPOSURA.CL,39000.0
2013-03-29,GRUPOSURA,GRUPOSURA.CL,37940.0
2013-04-05,GRUPOSURA,GRUPOSURA.CL,38460.0
2013-04-12,GRUPOSURA,GRUPOSURA.CL,38000.0
2013-04-19,GRUPOSURA,GRUPOSURA.CL,38000.0
2013-04-26,GRUPOSURA,GRUPOSURA.CL,38160.0
2013-05-03,GRUPOSURA,GRUPOSURA.CL,37860.0
2013-05-10,GRUPOSURA,GRUPOSURA.CL,38200.0
2013-05-17,GRUPOSURA,GRUPOSURA.CL,38640.0
2013-05-24,GRUPOSURA,GRUPOSURA.CL,38200.0
2013-05-31,GRUPOSURA,GRUPOSURA.CL,37900.0
2013-06-07,GRUPOSURA,GRUPOSURA.CL,37220.0
2013-06-14,GRUPOSURA,GRUPOSURA.CL,38200.0
2013-06-21,GRUPOSURA,GRUPOSURA.CL,35560.0
2013-06-28,GRUPOSURA,GRUPOSURA.CL,36980.0
2013-07-05,GRUPOSURA,GRUPOSURA.CL,34120.0
2013-07-12,GRUPOSURA,GRUPOSURA.CL,37180.0
2013-07-19,GRUPOSURA,GRUPOSURA.CL,37280.0
2013-07-26,GRUPOSURA,GRUPOSURA.CL,37120.0
2013-08-02,GRUPOSURA,GRUPOSURA.CL,36960.0
2013-08-09,GRUPOSURA,GRUPOSURA.CL,37200.0
2013-08-16,GRUPOSURA,GRUPOSURA.CL,37280.0
2013-08-23,GRUPOSURA,GRUPOSURA.CL,37300.0
2013-08-30,GRUPOSURA,GRUPOSURA.CL,38000.0
2013-09-06,GRUPOSURA,GRUPOSURA.CL,38340.0
2013-09-13,GRUPOSURA,GRUPOSURA.CL,38260.0
2013-09-20,GRUPOSURA,GRUPOSURA.CL,38060.0
2013-09-27,GRUPOSURA,GRUPOSURA.CL,38400.0
2013-10-04,GRUPOSURA,GRUPOSURA.CL,37840.0
2013-10-11,GRUPOSURA,GRUPOSURA.CL,37940.0
2013-10-18,GRUPOSURA,GRUPOSURA.CL,37900.0
2013-10-25,GRUPOSURA,GRUPOSURA.CL,37500.0
2013-11-01,GRUPOSURA,GRUPOSURA.CL,37100.0
2013-11-08,GRUPOSURA,GRUPOSURA.CL,35960.0
2013-11-15,GRUPOSURA,GRUPOSURA.CL,35800.0
2013-11-22,GRUPOSURA,GRUPOSURA.CL,34400.0
2013-11-29,GRUPOSURA,GRUPOSURA.CL,33400.0
2013-12-06,GRUPOSURA,GRUPOSURA.CL,35300.0
2013-12-13,GRUPOSURA,GRUPOSURA.CL,34400.0
2013-12-20,GRUPOSURA,GRUPOSURA.CL,34000.0
2013-12-27,GRUPOSURA,GRUPOSURA.CL,33980.0
2014-01-03,GRUPOSURA,GRUPOSURA.CL,33800.0
2014-01-10,GRUPOSURA,GRUPOSURA.CL,32860.0
2014-01-17,GRUPOSURA,GRUPOSURA.CL,31600.0
2014-01-24,GRUPOSURA,GRUPOSURA.CL,29900.0
2014-01-31,GRUPOSURA,GRUPOSURA.CL,29800.0
2014-02-07,GRUPOSURA,GRUPOSURA.CL,31100.0
2014-02-14,GRUPOSURA,GRUPOSURA.CL,32000.0
2014-02-21,GRUPOSURA,GRUPOSURA.CL,32100.0
2014-02-28,GRUPOSURA,GRUPOSURA.CL,34380.0
2014-03-07,GRUPOSURA,GRUPOSURA.CL,35120.0
2014-03-14,GRUPOSURA,GRUPOSURA.CL,34680.0
2014-03-21,GRUPOSURA,GRUPOSURA.CL,36080.0
2014-03-28,GRUPOSURA,GRUPOSURA.CL,36800.0
2014-04-04,GRUPOSURA,GRUPOSURA.CL,36000.0
2014-04-11,GRUPOSURA,GRUPOSURA.CL,36180.0
2014-04-18,GRUPOSURA,GRUPOSURA.CL,36520.0
2014-04-25,GRUPOSURA,GRUPOSURA.CL,37780.0
2014-05-02,GRUPOSURA,GRUPOSURA.CL,38200.0
2014-05-09,GRUPOSURA,GRUPOSURA.CL,38640.0
2014-05-16,GRUPOSURA,GRUPOSURA.CL,38120.0
2014-05-23,GRUPOSURA,GRUPOSURA.CL,38300.0
2014-05-30,GRUPOSURA,GRUPOSURA.CL,38980.0
2014-06-06,GRUPOSURA,GRUPOSURA.CL,39700.0
2014-06-13,GRUPOSURA,GRUPOSURA.CL,39500.0
2014-06-20,GRUPOSURA,GRUPOSURA.CL,39820.0
2014-06-27,GRUPOSURA,GRUPOSURA.CL,39900.0
2014-07-04,GRUPOSURA,GRUPOSURA.CL,39980.0
2014-07-11,GRUPOSURA,GRUPOSURA.CL,39500.0
2014-07-18,GRUPOSURA,GRUPOSURA.CL,39540.0
2014-07-25,GRUPOSURA,GRUPOSURA.CL,41420.0
2014-08-01,GRUPOSURA,GRUPOSURA.CL,41820.0
2014-08-08,GRUPOSURA,GRUPOSURA.CL,42500.0
2014-08-15,GRUPOSURA,GRUPOSURA.CL,43320.0
2014-08-22,GRUPOSURA,GRUPOSURA.CL,43500.0
2014-08-29,GRUPOSURA,GRUPOSURA.CL,44300.0
2014-09-05,GRUPOSURA,GRUPOSURA.CL,43880.0
2014-09-12,GRUPOSURA,GRUPOSURA.CL,43360.0
2014-09-19,GRUPOSURA,GRUPOSURA.CL,40900.0
2014-09-26,GRUPOSURA,GRUPOSURA.CL,39300.0
2014-10-03,GRUPOSURA,GRUPOSURA.CL,41220.0
2014-10-10,GRUPOSURA,GRUPOSURA.CL,38800.0
2014-10-17,GRUPOSURA,GRUPOSURA.CL,39800.0
2014-10-24,GRUPOSURA,GRUPOSURA.CL,41200.0
2014-10-31,GRUPOSURA,GRUPOSURA.CL,42600.0
2014-11-07,GRUPOSURA,GRUPOSURA.CL,41580.0
2014-11-14,GRUPOSURA,GRUPOSURA.CL,40100.0
2014-11-21,GRUPOSURA,GRUPOSURA.CL,40500.0
2014-11-28,GRUPOSURA,GRUPOSURA.CL,40400.0
2014-12-05,GRUPOSURA,GRUPOSURA.CL,39800.0
2014-12-12,GRUPOSURA,GRUPOSURA.CL,38000.0
2014-12-19,GRUPOSURA,GRUPOSURA.CL,40520.0
2014-12-26,GRUPOSURA,GRUPOSURA.CL,40000.0
2015-01-02,GRUPOSURA,GRUPOSURA.CL,37000.0
2015-01-09,GRUPOSURA,GRUPOSURA.CL,34600.0
2015-01-16,GRUPOSURA,GRUPOSURA.CL,34300.0
2015-01-23,GRUPOSURA,GRUPOSURA.CL,34800.0
2015-01-30,GRUPOSURA,GRUPOSURA.CL,35780.0
2015-02-06,GRUPOSURA,GRUPOSURA.CL,34500.0
2015-02-13,GRUPOSURA,GRUPOSURA.CL,35600.0
2015-02-20,GRUPOSURA,GRUPOSURA.CL,34500.0
2015-02-27,GRUPOSURA,GRUPOSURA.CL,33520.0
2015-03-06,GRUPOSURA,GRUPOSURA.CL,32000.0
2015-03-13,GRUPOSURA,GRUPOSURA.CL,32700.0
2015-03-20,GRUPOSURA,GRUPOSURA.CL,32680.0
2015-03-27,GRUPOSURA,GRUPOSURA.CL,34200.0
2015-04-03,GRUPOSURA,GRUPOSURA.CL,35200.0
2015-04-10,GRUPOSURA,GRUPOSURA.CL,35600.0
2015-04-17,GRUPOSURA,GRUPOSURA.CL,34600.0
2015-04-24,GRUPOSURA,GRUPOSURA.CL,37100.0
2015-05-01,GRUPOSURA,GRUPOSURA.CL,37280.0
2015-05-08,GRUPOSURA,GRUPOSURA.CL,35540.0
2015-05-15,GRUPOSURA,GRUPOSURA.CL,35200.0
2015-05-22,GRUPOSURA,GRUPOSURA.CL,33320.0
2015-05-29,GRUPOSURA,GRUPOSURA.CL,34400.0
2015-06-05,GRUPOSURA,GRUPOSURA.CL,35660.0
2015-06-12,GRUPOSURA,GRUPOSURA.CL,36900.0
2015-06-19,GRUPOSURA,GRUPOSURA.CL,36740.0
2015-06-26,GRUPOSURA,GRUPOSURA.CL,37220.0
2015-07-03,GRUPOSURA,GRUPOSURA.CL,36460.0
2015-07-10,GRUPOSURA,GRUPOSURA.CL,37000.0
2015-07-17,GRUPOSURA,GRUPOSURA.CL,36500.0
2015-07-24,GRUPOSURA,GRUPOSURA.CL,37180.0
2015-07-31,GRUPOSURA,GRUPOSURA.CL,36340.0
2015-08-07,GRUPOSURA,GRUPOSURA.CL,36460.0
2015-08-14,GRUPOSURA,GRUPOSURA.CL,36000.0
2015-08-21,GRUPOSURA,GRUPOSURA.CL,32240.0
2015-08-28,GRUPOSURA,GRUPOSURA.CL,33240.0
2015-09-04,GRUPOSURA,GRUPOSURA.CL,33840.0
2015-09-11,GRUPOSURA,GRUPOSURA.CL,35800.0
2015-09-18,GRUPOSURA,GRUPOSURA.CL,35300.0
2015-09-25,GRUPOSURA,GRUPOSURA.CL,35880.0
2015-10-02,GRUPOSURA,GRUPOSURA.CL,37380.0
2015-10-09,GRUPOSURA,GRUPOSURA.CL,36840.0
2015-10-16,GRUPOSURA,GRUPOSURA.CL,36840.0
2015-10-23,GRUPOSURA,GRUPOSURA.CL,36760.0
2015-10-30,GRUPOSURA,GRUPOSURA.CL,36960.0
2015-11-06,GRUPOSURA,GRUPOSURA.CL,36460.0
2015-11-13,GRUPOSURA,GRUPOSURA.CL,32860.0
2015-11-20,GRUPOSURA,GRUPOSURA.CL,32480.0
2015-11-27,GRUPOSURA,GRUPOSURA.CL,31540.0
2015-12-04,GRUPOSURA,GRUPOSURA.CL,30160.0
2015-12-11,GRUPOSURA,GRUPOSURA.CL,33740.0
2015-12-18,GRUPOSURA,GRUPOSURA.CL,35400.0
2015-12-25,GRUPOSURA,GRUPOSURA.CL,35700.0
2016-01-01,GRUPOSURA,GRUPOSURA.CL,34100.0
2016-01-08,GRUPOSURA,GRUPOSURA.CL,31440.0
2016-01-15,GRUPOSURA,GRUPOSURA.CL,32500.0
2016-01-22,GRUPOSURA,GRUPOSURA.CL,34580.0
2016-01-29,GRUPOSURA,GRUPOSURA.CL,35300.0
2016-02-05,GRUPOSURA,GRUPOSURA.CL,35740.0
2016-02-12,GRUPOSURA,GRUPOSURA.CL,36880.0
2016-02-19,GRUPOSURA,GRUPOSURA.CL,36860.0
2016-02-26,GRUPOSURA,GRUPOSURA.CL,38200.0
2016-03-04,GRUPOSURA,GRUPOSURA.CL,37980.0
2016-03-11,GRUPOSURA,GRUPOSURA.CL,37700.0
2016-03-18,GRUPOSURA,GRUPOSURA.CL,39960.0
2016-03-25,GRUPOSURA,GRUPOSURA.CL,39300.0
2016-04-01,GRUPOSURA,GRUPOSURA.CL,39000.0
2016-04-08,GRUPOSURA,GRUPOSURA.CL,39940.0
2016-04-15,GRUPOSURA,GRUPOSURA.CL,39500.0
2016-04-22,GRUPOSURA,GRUPOSURA.CL,38900.0
2016-04-29,GRUPOSURA,GRUPOSURA.CL,38300.0
2016-05-06,GRUPOSURA,GRUPOSURA.CL,38820.0
2016-05-13,GRUPOSURA,GRUPOSURA.CL,38400.0
2016-05-20,GRUPOSURA,GRUPOSURA.CL,37200.0
2016-05-27,GRUPOSURA,GRUPOSURA.CL,37380.0
2016-06-03,GRUPOSURA,GRUPOSURA.CL,38900.0
2016-06-10,GRUPOSURA,GRUPOSURA.CL,37700.0
2016-06-17,GRUPOSURA,GRUPOSURA.CL,38140.0
2016-06-24,GRUPOSURA,GRUPOSURA.CL,38060.0
2016-07-01,GRUPOSURA,GRUPOSURA.CL,38500.0
2016-07-08,GRUPOSURA,GRUPOSURA.CL,39220.0
2016-07-15,GRUPOSURA,GRUPOSURA.CL,39840.0
2016-07-22,GRUPOSURA,GRUPOSURA.CL,39060.0
2016-07-29,GRUPOSURA,GRUPOSURA.CL,38000.0
2016-08-05,GRUPOSURA,GRUPOSURA.CL,38560.0
2016-08-12,GRUPOSURA,GRUPOSURA.CL,38860.0
2016-08-19,GRUPOSURA,GRUPOSURA.CL,39080.0
2016-08-26,GRUPOSURA,GRUPOSURA.CL,38640.0
2016-09-02,GRUPOSURA,GRUPOSURA.CL,39880.0
2016-09-09,GRUPOSURA,GRUPOSURA.CL,38720.0
2016-09-16,GRUPOSURA,GRUPOSURA.CL,38000.0
2016-09-23,GRUPOSURA,GRUPOSURA.CL,38420.0
2016-09-30,GRUPOSURA,GRUPOSURA.CL,38400.0
2016-10-07,GRUPOSURA,GRUPOSURA.CL,38700.0
2016-10-14,GRUPOSURA,GRUPOSURA.CL,38300.0
2016-10-21,GRUPOSURA,GRUPOSURA.CL,38000.0
2016-10-28,GRUPOSURA,GRUPOSURA.CL,38380.0
2016-11-04,GRUPOSURA,GRUPOSURA.CL,38140.0
2016-11-11,GRUPOSURA,GRUPOSURA.CL,36180.0
2016-11-18,GRUPOSURA,GRUPOSURA.CL,36740.0
2016-11-25,GRUPOSURA,GRUPOSURA.CL,35900.0
2016-12-02,GRUPOSURA,GRUPOSURA.CL,35680.0
2016-12-09,GRUPOSURA,GRUPOSURA.CL,37480.0
2016-12-16,GRUPOSURA,GRUPOSURA.CL,37640.0
2016-12-23,GRUPOSURA,GRUPOSURA.CL,38200.0
2016-12-30,GRUPOSURA,GRUPOSURA.CL,38600.0
2017-01-06,GRUPOSURA,GRUPOSURA.CL,38200.0
2017-01-13,GRUPOSURA,GRUPOSURA.CL,38500.0
2017-01-20,GRUPOSURA,GRUPOSURA.CL,38820.0
2017-01-27,GRUPOSURA,GRUPOSURA.CL,39460.0
2017-02-03,GRUPOSURA,GRUPOSURA.CL,38260.0
2017-02-10,GRUPOSURA,GRUPOSURA.CL,38440.0
2017-02-17,GRUPOSURA,GRUPOSURA.CL,37500.0
2017-02-24,GRUPOSURA,GRUPOSURA.CL,36920.0
2017-03-03,GRUPOSURA,GRUPOSURA.CL,37480.0
2017-03-10,GRUPOSURA,GRUPOSURA.CL,38500.0
2017-03-17,GRUPOSURA,GRUPOSURA.CL,39280.0
2017-03-24,GRUPOSURA,GRUPOSURA.CL,39100.0
2017-03-31,GRUPOSURA,GRUPOSURA.CL,39000.0
2017-04-07,GRUPOSURA,GRUPOSURA.CL,39360.0
2017-04-14,GRUPOSURA,GRUPOSURA.CL,38900.0
2017-04-21,GRUPOSURA,GRUPOSURA.CL,38440.0
2017-04-28,GRUPOSURA,GRUPOSURA.CL,38940.0
2017-05-05,GRUPOSURA,GRUPOSURA.CL,39500.0
2017-05-12,GRUPOSURA,GRUPOSURA.CL,39740.0
2017-05-19,GRUPOSURA,GRUPOSURA.CL,39200.0
2017-05-26,GRUPOSURA,GRUPOSURA.CL,38980.0
2017-06-02,GRUPOSURA,GRUPOSURA.CL,38720.0
2017-06-09,GRUPOSURA,GRUPOSURA.CL,39180.0
2017-06-16,GRUPOSURA,GRUPOSURA.CL,38960.0
2017-06-23,GRUPOSURA,GRUPOSURA.CL,39300.0
2017-06-30,GRUPOSURA,GRUPOSURA.CL,41000.0
2017-07-07,GRUPOSURA,GRUPOSURA.CL,41060.0
2017-07-14,GRUPOSURA,GRUPOSURA.CL,40960.0
2017-07-21,GRUPOSURA,GRUPOSURA.CL,41960.0
2017-07-28,GRUPOSURA,GRUPOSURA.CL,41500.0
2017-08-04,GRUPOSURA,GRUPOSURA.CL,41480.0
2017-08-11,GRUPOSURA,GRUPOSURA.CL,41100.0
2017-08-18,GRUPOSURA,GRUPOSURA.CL,41360.0
2017-08-25,GRUPOSURA,GRUPOSURA.CL,41500.0
2017-09-01,GRUPOSURA,GRUPOSURA.CL,41440.0
2017-09-08,GRUPOSURA,GRUPOSURA.CL,41240.0
2017-09-15,GRUPOSURA,GRUPOSURA.CL,41340.0
2017-09-22,GRUPOSURA,GRUPOSURA.CL,41080.0
2017-09-29,GRUPOSURA,GRUPOSURA.CL,41400.0
2017-10-06,GRUPOSURA,GRUPOSURA.CL,41720.0
2017-10-13,GRUPOSURA,GRUPOSURA.CL,41360.0
2017-10-20,GRUPOSURA,GRUPOSURA.CL,40060.0
2017-10-27,GRUPOSURA,GRUPOSURA.CL,38320.0
2017-11-03,GRUPOSURA,GRUPOSURA.CL,38200.0
2017-11-10,GRUPOSURA,GRUPOSURA.CL,38120.0
2017-11-17,GRUPOSURA,GRUPOSURA.CL,39280.0
2017-11-24,GRUPOSURA,GRUPOSURA.CL,39000.0
2017-12-01,GRUPOSURA,GRUPOSURA.CL,38780.0
2017-12-08,GRUPOSURA,GRUPOSURA.CL,39480.0
2017-12-15,GRUPOSURA,GRUPOSURA.CL,39900.0
2017-12-22,GRUPOSURA,GRUPOSURA.CL,40300.0
2017-12-29,GRUPOSURA,GRUPOSURA.CL,39480.0
2018-01-05,GRUPOSURA,GRUPOSURA.CL,39980.0
2018-01-12,GRUPOSURA,GRUPOSURA.CL,40620.0
2018-01-19,GRUPOSURA,GRUPOSURA.CL,41100.0
2018-01-26,GRUPOSURA,GRUPOSURA.CL,40700.0
2018-02-02,GRUPOSURA,GRUPOSURA.CL,39300.0
2018-02-09,GRUPOSURA,GRUPOSURA.CL,38800.0
2018-02-16,GRUPOSURA,GRUPOSURA.CL,39500.0
2018-02-23,GRUPOSURA,GRUPOSURA.CL,38320.0
2018-03-02,GRUPOSURA,GRUPOSURA.CL,38660.0
2018-03-09,GRUPOSURA,GRUPOSURA.CL,37500.0
2018-03-16,GRUPOSURA,GRUPOSURA.CL,37540.0
2018-03-23,GRUPOSURA,GRUPOSURA.CL,36580.0
2018-03-30,GRUPOSURA,GRUPOSURA.CL,38040.0
2018-04-06,GRUPOSURA,GRUPOSURA.CL,38000.0
2018-04-13,GRUPOSURA,GRUPOSURA.CL,38360.0
2018-04-20,GRUPOSURA,GRUPOSURA.CL,38760.0
2018-04-27,GRUPOSURA,GRUPOSURA.CL,37820.0
2018-05-04,GRUPOSURA,GRUPOSURA.CL,37760.0
2018-05-11,GRUPOSURA,GRUPOSURA.CL,37040.0
2018-05-18,GRUPOSURA,GRUPOSURA.CL,37000.0
2018-05-25,GRUPOSURA,GRUPOSURA.CL,37120.0
2018-06-01,GRUPOSURA,GRUPOSURA.CL,37400.0
2018-06-08,GRUPOSURA,GRUPOSURA.CL,37120.0
2018-06-15,GRUPOSURA,GRUPOSURA.CL,36600.0
2018-06-22,GRUPOSURA,GRUPOSURA.CL,36840.0
2018-06-29,GRUPOSURA,GRUPOSURA.CL,37680.0
2018-07-06,GRUPOSURA,GRUPOSURA.CL,36860.0
2018-07-13,GRUPOSURA,GRUPOSURA.CL,37300.0
2018-07-20,GRUPOSURA,GRUPOSURA.CL,36160.0
2018-07-27,GRUPOSURA,GRUPOSURA.CL,35920.0
2018-08-03,GRUPOSURA,GRUPOSURA.CL,37100.0
2018-08-10,GRUPOSURA,GRUPOSURA.CL,36620.0
2018-08-17,GRUPOSURA,GRUPOSURA.CL,37000.0
2018-08-24,GRUPOSURA,GRUPOSURA.CL,36000.0
2018-08-31,GRUPOSURA,GRUPOSURA.CL,33360.0
2018-09-07,GRUPOSURA,GRUPOSURA.CL,34600.0
2018-09-14,GRUPOSURA,GRUPOSURA.CL,33500.0
2018-09-21,GRUPOSURA,GRUPOSURA.CL,33860.0
2018-09-28,GRUPOSURA,GRUPOSURA.CL,34300.0
2018-10-05,GRUPOSURA,GRUPOSURA.CL,33700.0
2018-10-12,GRUPOSURA,GRUPOSURA.CL,34020.0
2018-10-19,GRUPOSURA,GRUPOSURA.CL,32460.0
2018-10-26,GRUPOSURA,GRUPOSURA.CL,31400.0
2018-11-02,GRUPOSURA,GRUPOSURA.CL,31600.0
2018-11-09,GRUPOSURA,GRUPOSURA.CL,32440.0
2018-11-16,GRUPOSURA,GRUPOSURA.CL,32500.0
2018-11-23,GRUPOSURA,GRUPOSURA.CL,32300.0
2018-11-30,GRUPOSURA,GRUPOSURA.CL,32640.0
2018-12-07,GRUPOSURA,GRUPOSURA.CL,32880.0
2018-12-14,GRUPOSURA,GRUPOSURA.CL,31800.0
2018-12-21,GRUPOSURA,GRUPOSURA.CL,32180.0
2018-12-28,GRUPOSURA,GRUPOSURA.CL,32180.0
2019-01-04,GRUPOSURA,GRUPOSURA.CL,32260.0
2019-01-11,GRUPOSURA,GRUPOSURA.CL,32680.0
2019-01-18,GRUPOSURA,GRUPOSURA.CL,33480.0
2019-01-25,GRUPOSURA,GRUPOSURA.CL,34480.0
2019-02-01,GRUPOSURA,GRUPOSURA.CL,35220.0
2019-02-08,GRUPOSURA,GRUPOSURA.CL,34900.0
2019-02-15,GRUPOSURA,GRUPOSURA.CL,34700.0
2019-02-22,GRUPOSURA,GRUPOSURA.CL,35000.0
2019-03-01,GRUPOSURA,GRUPOSURA.CL,34900.0
2019-03-08,GRUPOSURA,GRUPOSURA.CL,35900.0
2019-03-15,GRUPOSURA,GRUPOSURA.CL,37160.0
2019-03-22,GRUPOSURA,GRUPOSURA.CL,36000.0
2019-03-29,GRUPOSURA,GRUPOSURA.CL,35840.0
2019-04-05,GRUPOSURA,GRUPOSURA.CL,36220.0
2019-04-12,GRUPOSURA,GRUPOSURA.CL,34860.0
2019-04-19,GRUPOSURA,GRUPOSURA.CL,36300.0
2019-04-26,GRUPOSURA,GRUPOSURA.CL,35900.0
2019-05-03,GRUPOSURA,GRUPOSURA.CL,35200.0
2019-05-10,GRUPOSURA,GRUPOSURA.CL,33000.0
2019-05-17,GRUPOSURA,GRUPOSURA.CL,33220.0
2019-05-24,GRUPOSURA,GRUPOSURA.CL,33500.0
2019-05-31,GRUPOSURA,GRUPOSURA.CL,33200.0
2019-06-07,GRUPOSURA,GRUPOSURA.CL,33880.0
2019-06-14,GRUPOSURA,GRUPOSURA.CL,33520.0
2019-06-21,GRUPOSURA,GRUPOSURA.CL,34040.0
2019-06-28,GRUPOSURA,GRUPOSURA.CL,33980.0
2019-07-05,GRUPOSURA,GRUPOSURA.CL,34900.0
2019-07-12,GRUPOSURA,GRUPOSURA.CL,35120.0
2019-07-19,GRUPOSURA,GRUPOSURA.CL,34560.0
2019-07-26,GRUPOSURA,GRUPOSURA.CL,34500.0
2019-08-02,GRUPOSURA,GRUPOSURA.CL,32800.0
2019-08-09,GRUPOSURA,GRUPOSURA.CL,31960.0
2019-08-16,GRUPOSURA,GRUPOSURA.CL,32600.0
2019-08-23,GRUPOSURA,GRUPOSURA.CL,32820.0
2019-08-30,GRUPOSURA,GRUPOSURA.CL,33700.0
2019-09-06,GRUPOSURA,GRUPOSURA.CL,33920.0
2019-09-13,GRUPOSURA,GRUPOSURA.CL,33380.0
2019-09-20,GRUPOSURA,GRUPOSURA.CL,33100.0
2019-09-27,GRUPOSURA,GRUPOSURA.CL,32720.0
2019-10-04,GRUPOSURA,GRUPOSURA.CL,33160.0
2019-10-11,GRUPOSURA,GRUPOSURA.CL,32740.0
2019-10-18,GRUPOSURA,GRUPOSURA.CL,33200.0
2019-10-25,GRUPOSURA,GRUPOSURA.CL,34200.0
2019-11-01,GRUPOSURA,GRUPOSURA.CL,34380.0
2019-11-08,GRUPOSURA,GRUPOSURA.CL,32860.0
2019-11-15,GRUPOSURA,GRUPOSURA.CL,33300.0
2019-11-22,GRUPOSURA,GRUPOSURA.CL,32500.0
2019-11-29,GRUPOSURA,GRUPOSURA.CL,33100.0
2019-12-06,GRUPOSURA,GRUPOSURA.CL,32860.0
2019-12-13,GRUPOSURA,GRUPOSURA.CL,33500.0
2019-12-20,GRUPOSURA,GRUPOSURA.CL,33640.0
2019-12-27,GRUPOSURA,GRUPOSURA.CL,34000.0
2020-01-03,GRUPOSURA,GRUPOSURA.CL,33400.0
2020-01-10,GRUPOSURA,GRUPOSURA.CL,32620.0
2020-01-17,GRUPOSURA,GRUPOSURA.CL,32580.0
2020-01-24,GRUPOSURA,GRUPOSURA.CL,32700.0
2020-01-31,GRUPOSURA,GRUPOSURA.CL,32920.0
2020-02-07,GRUPOSURA,GRUPOSURA.CL,33420.0
2020-02-14,GRUPOSURA,GRUPOSURA.CL,33500.0
2020-02-21,GRUPOSURA,GRUPOSURA.CL,30040.0
2020-02-28,GRUPOSURA,GRUPOSURA.CL,30300.0
2020-03-06,GRUPOSURA,GRUPOSURA.CL,21000.0
2020-03-13,GRUPOSURA,GRUPOSURA.CL,15000.0
2020-03-20,GRUPOSURA,GRUPOSURA.CL,20000.0
2020-03-27,GRUPOSURA,GRUPOSURA.CL,19600.0
2020-04-03,GRUPOSURA,GRUPOSURA.CL,23000.0
2020-04-10,GRUPOSURA,GRUPOSURA.CL,24700.0
2020-04-17,GRUPOSURA,GRUPOSURA.CL,21620.0
2020-04-24,GRUPOSURA,GRUPOSURA.CL,21520.0
2020-05-01,GRUPOSURA,GRUPOSURA.CL,21000.0
2020-05-08,GRUPOSURA,GRUPOSURA.CL,19200.0
2020-05-15,GRUPOSURA,GRUPOSURA.CL,19460.0
2020-05-22,GRUPOSURA,GRUPOSURA.CL,18500.0
2020-05-29,GRUPOSURA,GRUPOSURA.CL,20300.0
2020-06-05,GRUPOSURA,GRUPOSURA.CL,19600.0
2020-06-12,GRUPOSURA,GRUPOSURA.CL,19020.0
2020-06-19,GRUPOSURA,GRUPOSURA.CL,19100.0
2020-06-26,GRUPOSURA,GRUPOSURA.CL,19100.0
2020-07-03,GRUPOSURA,GRUPOSURA.CL,20600.0
2020-07-10,GRUPOSURA,GRUPOSURA.CL,20480.0
2020-07-17,GRUPOSURA,GRUPOSURA.CL,20780.0
2020-07-24,GRUPOSURA,GRUPOSURA.CL,19680.0
2020-07-31,GRUPOSURA,GRUPOSURA.CL,19740.0
2020-08-07,GRUPOSURA,GRUPOSURA.CL,20100.0
2020-08-14,GRUPOSURA,GRUPOSURA.CL,21260.0
2020-08-21,GRUPOSURA,GRUPOSURA.CL,21900.0
2020-08-28,GRUPOSURA,GRUPOSURA.CL,22680.0
2020-09-04,GRUPOSURA,GRUPOSURA.CL,23100.0
2020-09-11,GRUPOSURA,GRUPOSURA.CL,22500.0
2020-09-18,GRUPOSURA,GRUPOSURA.CL,21100.0
2020-09-25,GRUPOSURA,GRUPOSURA.CL,20620.0
2020-10-02,GRUPOSURA,GRUPOSURA.CL,20900.0
2020-10-09,GRUPOSURA,GRUPOSURA.CL,20820.0
2020-10-16,GRUPOSURA,GRUPOSURA.CL,21000.0
2020-10-23,GRUPOSURA,GRUPOSURA.CL,20000.0
2020-10-30,GRUPOSURA,GRUPOSURA.CL,20400.0
2020-11-06,GRUPOSURA,GRUPOSURA.CL,21500.0
2020-11-13,GRUPOSURA,GRUPOSURA.CL,21300.0
2020-11-20,GRUPOSURA,GRUPOSURA.CL,21990.0
2020-11-27,GRUPOSURA,GRUPOSURA.CL,22370.0
2020-12-04,GRUPOSURA,GRUPOSURA.CL,24100.0
2020-12-11,GRUPOSURA,GRUPOSURA.CL,26260.0
2020-12-18,GRUPOSURA,GRUPOSURA.CL,24690.0
2020-12-25,GRUPOSURA,GRUPOSURA.CL,25280.0
2021-01-01,GRUPOSURA,GRUPOSURA.CL,24100.0
2021-01-08,GRUPOSURA,GRUPOSURA.CL,24810.0
2021-01-15,GRUPOSURA,GRUPOSURA.CL,24900.0
2021-01-22,GRUPOSURA,GRUPOSURA.CL,23220.0
2021-01-29,GRUPOSURA,GRUPOSURA.CL,23150.0
2021-02-05,GRUPOSURA,GRUPOSURA.CL,23300.0
2021-02-12,GRUPOSURA,GRUPOSURA.CL,23150.0
2021-02-19,GRUPOSURA,GRUPOSURA.CL,22020.0
2021-02-26,GRUPOSURA,GRUPOSURA.CL,22700.0
2021-03-05,GRUPOSURA,GRUPOSURA.CL,22440.0
2021-03-12,GRUPOSURA,GRUPOSURA.CL,22300.0
2021-03-19,GRUPOSURA,GRUPOSURA.CL,21310.0
2021-03-26,GRUPOSURA,GRUPOSURA.CL,21700.0
2021-04-02,GRUPOSURA,GRUPOSURA.CL,21600.0
2021-04-09,GRUPOSURA,GRUPOSURA.CL,20720.0
2021-04-16,GRUPOSURA,GRUPOSURA.CL,20860.0
2021-04-23,GRUPOSURA,GRUPOSURA.CL,19600.0
2021-04-30,GRUPOSURA,GRUPOSURA.CL,19900.0
2021-05-07,GRUPOSURA,GRUPOSURA.CL,19600.0
2021-05-14,GRUPOSURA,GRUPOSURA.CL,19980.0
2021-05-21,GRUPOSURA,GRUPOSURA.CL,19150.0
2021-05-28,GRUPOSURA,GRUPOSURA.CL,20180.0
2021-06-04,GRUPOSURA,GRUPOSURA.CL,19740.0
2021-06-11,GRUPOSURA,GRUPOSURA.CL,19790.0
2021-06-18,GRUPOSURA,GRUPOSURA.CL,19760.0
2021-06-25,GRUPOSURA,GRUPOSURA.CL,18300.0
2021-07-02,GRUPOSURA,GRUPOSURA.CL,19180.0
2021-07-09,GRUPOSURA,GRUPOSURA.CL,19440.0
2021-07-16,GRUPOSURA,GRUPOSURA.CL,18400.0
2021-07-23,GRUPOSURA,GRUPOSURA.CL,17840.0
2021-07-30,GRUPOSURA,GRUPOSURA.CL,17700.0
2021-08-06,GRUPOSURA,GRUPOSURA.CL,17700.0
2021-08-13,GRUPOSURA,GRUPOSURA.CL,19660.0
2021-08-20,GRUPOSURA,GRUPOSURA.CL,19380.0
2021-08-27,GRUPOSURA,GRUPOSURA.CL,20240.0
2021-09-03,GRUPOSURA,GRUPOSURA.CL,20000.0
2021-09-10,GRUPOSURA,GRUPOSURA.CL,20390.0
2021-09-17,GRUPOSURA,GRUPOSURA.CL,20120.0
2021-09-24,GRUPOSURA,GRUPOSURA.CL,21400.0
2021-10-01,GRUPOSURA,GRUPOSURA.CL,22070.0
2021-10-08,GRUPOSURA,GRUPOSURA.CL,22120.0
2021-10-15,GRUPOSURA,GRUPOSURA.CL,22470.0
2021-10-22,GRUPOSURA,GRUPOSURA.CL,22150.0
2021-10-29,GRUPOSURA,GRUPOSURA.CL,22210.0
2021-11-05,GRUPOSURA,GRUPOSURA.CL,21600.0
2021-11-12,GRUPOSURA,GRUPOSURA.CL,21360.0
2021-11-19,GRUPOSURA,GRUPOSURA.CL,22600.0
2021-11-26,GRUPOSURA,GRUPOSURA.CL,25150.0
2021-12-03,GRUPOSURA,GRUPOSURA.CL,25150.0
2021-12-10,GRUPOSURA,GRUPOSURA.CL,25150.0
2021-12-17,GRUPOSURA,GRUPOSURA.CL,29150.0
2021-12-24,GRUPOSURA,GRUPOSURA.CL,30000.0
2021-12-31,GRUPOSURA,GRUPOSURA.CL,28690.0
2022-01-07,GRUPOSURA,GRUPOSURA.CL,30220.0
2022-01-14,GRUPOSURA,GRUPOSURA.CL,27250.0
2022-01-21,GRUPOSURA,GRUPOSURA.CL,27250.0
2022-01-28,GRUPOSURA,GRUPOSURA.CL,35360.0
2022-02-04,GRUPOSURA,GRUPOSURA.CL,36690.0
2022-02-11,GRUPOSURA,GRUPOSURA.CL,36470.0
2022-02-18,GRUPOSURA,GRUPOSURA.CL,36280.0
2022-02-25,GRUPOSURA,GRUPOSURA.CL,31950.0
2022-03-04,GRUPOSURA,GRUPOSURA.CL,31950.0
2022-03-11,GRUPOSURA,GRUPOSURA.CL,31950.0
2022-03-18,GRUPOSURA,GRUPOSURA.CL,31950.0
2022-03-25,GRUPOSURA,GRUPOSURA.CL,35620.0
2022-04-01,GRUPOSURA,GRUPOSURA.CL,36020.0
2022-04-08,GRUPOSURA,GRUPOSURA.CL,35830.0
2022-04-15,GRUPOSURA,GRUPOSURA.CL,36800.0
2022-04-22,GRUPOSURA,GRUPOSURA.CL,41000.0
2022-04-29,GRUPOSURA,GRUPOSURA.CL,46120.0
2022-05-06,GRUPOSURA,GRUPOSURA.CL,40500.0
2022-05-13,GRUPOSURA,GRUPOSURA.CL,46200.0
2022-05-20,GRUPOSURA,GRUPOSURA.CL,42000.0
2022-05-27,GRUPOSURA,GRUPOSURA.CL,45600.0
2022-06-03,GRUPOSURA,GRUPOSURA.CL,36000.0
2022-06-10,GRUPOSURA,GRUPOSURA.CL,39800.0
2022-06-17,GRUPOSURA,GRUPOSURA.CL,37990.0
2022-06-24,GRUPOSURA,GRUPOSURA.CL,39400.0
2022-07-01,GRUPOSURA,GRUPOSURA.CL,41010.0
2022-07-08,GRUPOSURA,GRUPOSURA.CL,41400.0
2022-07-15,GRUPOSURA,GRUPOSURA.CL,39160.0
2022-07-22,GRUPOSURA,GRUPOSURA.CL,40700.0
2022-07-29,GRUPOSURA,GRUPOSURA.CL,40000.0
2022-08-05,GRUPOSURA,GRUPOSURA.CL,39400.0
2022-08-12,GRUPOSURA,GRUPOSURA.CL,39500.0
2022-08-19,GRUPOSURA,GRUPOSURA.CL,40000.0
2022-08-26,GRUPOSURA,GRUPOSURA.CL,37000.0
2022-09-02,GRUPOSURA,GRUPOSURA.CL,37000.0
2022-09-09,GRUPOSURA,GRUPOSURA.CL,36400.0
2022-09-16,GRUPOSURA,GRUPOSURA.CL,40900.0
2022-09-23,GRUPOSURA,GRUPOSURA.CL,39510.0
2022-09-30,GRUPOSURA,GRUPOSURA.CL,36830.0
2022-10-07,GRUPOSURA,GRUPOSURA.CL,37000.0
2022-10-14,GRUPOSURA,GRUPOSURA.CL,40310.0
2022-10-21,GRUPOSURA,GRUPOSURA.CL,40520.0
2022-10-28,GRUPOSURA,GRUPOSURA.CL,41980.0
2022-11-04,GRUPOSURA,GRUPOSURA.CL,41340.0
2022-11-11,GRUPOSURA,GRUPOSURA.CL,41900.0
2022-11-18,GRUPOSURA,GRUPOSURA.CL,39770.0
2022-11-25,GRUPOSURA,GRUPOSURA.CL,37500.0
2022-12-02,GRUPOSURA,GRUPOSURA.CL,40780.0
2022-12-09,GRUPOSURA,GRUPOSURA.CL,39000.0
2022-12-16,GRUPOSURA,GRUPOSURA.CL,39440.0
2022-12-23,GRUPOSURA,GRUPOSURA.CL,42000.0
2022-12-30,GRUPOSURA,GRUPOSURA.CL,40520.0
2023-01-06,GRUPOSURA,GRUPOSURA.CL,41400.0
2023-01-13,GRUPOSURA,GRUPOSURA.CL,40800.0
2023-01-20,GRUPOSURA,GRUPOSURA.CL,39900.0
2023-01-27,GRUPOSURA,GRUPOSURA.CL,39900.0
2023-02-03,GRUPOSURA,GRUPOSURA.CL,39560.0
2023-02-10,GRUPOSURA,GRUPOSURA.CL,39900.0
2023-02-17,GRUPOSURA,GRUPOSURA.CL,36606.26
2023-02-24,GRUPOSURA,GRUPOSURA.CL,34880.0
2023-03-03,GRUPOSURA,GRUPOSURA.CL,33700.0
2023-03-10,GRUPOSURA,GRUPOSURA.CL,35000.0
2023-03-17,GRUPOSURA,GRUPOSURA.CL,36100.0
2023-03-24,GRUPOSURA,GRUPOSURA.CL,40000.0
2023-03-31,GRUPOSURA,GRUPOSURA.CL,40420.0
2023-04-07,GRUPOSURA,GRUPOSURA.CL,42000.0
2023-04-14,GRUPOSURA,GRUPOSURA.CL,42000.0
2023-04-21,GRUPOSURA,GRUPOSURA.CL,40900.0
2023-04-28,GRUPOSURA,GRUPOSURA.CL,44300.0
2023-05-05,GRUPOSURA,GRUPOSURA.CL,44010.0
2023-05-12,GRUPOSURA,GRUPOSURA.CL,41490.0
2023-05-19,GRUPOSURA,GRUPOSURA.CL,40100.0
2023-05-26,GRUPOSURA,GRUPOSURA.CL,40100.0
2023-06-02,GRUPOSURA,GRUPOSURA.CL,40100.0
2023-06-09,GRUPOSURA,GRUPOSURA.CL,40100.0
2023-06-16,GRUPOSURA,GRUPOSURA.CL,37000.0
2023-06-23,GRUPOSURA,GRUPOSURA.CL,34454.82
2023-06-30,GRUPOSURA,GRUPOSURA.CL,35990.0
2023-07-07,GRUPOSURA,GRUPOSURA.CL,38000.0
2023-07-14,GRUPOSURA,GRUPOSURA.CL,38800.0
2023-07-21,GRUPOSURA,GRUPOSURA.CL,38900.0
2023-07-28,GRUPOSURA,GRUPOSURA.CL,36000.0
2023-08-04,GRUPOSURA,GRUPOSURA.CL,36800.0
2023-08-11,GRUPOSURA,GRUPOSURA.CL,35300.0
2023-08-18,GRUPOSURA,GRUPOSURA.CL,33860.0
2023-08-25,GRUPOSURA,GRUPOSURA.CL,31000.0
2023-09-01,GRUPOSURA,GRUPOSURA.CL,31000.0
2023-09-08,GRUPOSURA,GRUPOSURA.CL,30990.0
2023-09-15,GRUPOSURA,GRUPOSURA.CL,29900.0
2023-09-22,GRUPOSURA,GRUPOSURA.CL,30900.0
2023-09-29,GRUPOSURA,GRUPOSURA.CL,31600.0
2023-10-06,GRUPOSURA,GRUPOSURA.CL,31990.0
2023-10-13,GRUPOSURA,GRUPOSURA.CL,32890.0
2023-10-20,GRUPOSURA,GRUPOSURA.CL,32310.0
2023-10-27,GRUPOSURA,GRUPOSURA.CL,32870.0
2023-11-03,GRUPOSURA,GRUPOSURA.CL,32200.0
2023-11-10,GRUPOSURA,GRUPOSURA.CL,32100.0
2023-11-17,GRUPOSURA,GRUPOSURA.CL,31480.0
2023-11-24,GRUPOSURA,GRUPOSURA.CL,30000.0
2023-12-01,GRUPOSURA,GRUPOSURA.CL,30500.0
2023-12-08,GRUPOSURA,GRUPOSURA.CL,30500.0
2023-12-15,GRUPOSURA,GRUPOSURA.CL,30000.0
2023-12-22,GRUPOSURA,GRUPOSURA.CL,29000.0
2023-12-29,GRUPOSURA,GRUPOSURA.CL,30400.0
2024-01-05,GRUPOSURA,GRUPOSURA.CL,30580.0
2024-01-12,GRUPOSURA,GRUPOSURA.CL,32000.0
2024-01-19,GRUPOSURA,GRUPOSURA.CL,32500.0
2024-01-26,GRUPOSURA,GRUPOSURA.CL,32280.0
2024-02-02,GRUPOSURA,GRUPOSURA.CL,32000.0
2024-02-09,GRUPOSURA,GRUPOSURA.CL,31000.0
2024-02-16,GRUPOSURA,GRUPOSURA.CL,32100.0
2024-02-23,GRUPOSURA,GRUPOSURA.CL,28960.0
2024-03-01,GRUPOSURA,GRUPOSURA.CL,30320.0
2024-03-08,GRUPOSURA,GRUPOSURA.CL,30000.0
2024-03-15,GRUPOSURA,GRUPOSURA.CL,30480.0
2024-03-22,GRUPOSURA,GRUPOSURA.CL,30480.0
2024-03-29,GRUPOSURA,GRUPOSURA.CL,32940.0
2024-04-05,GRUPOSURA,GRUPOSURA.CL,36000.0
2024-04-12,GRUPOSURA,GRUPOSURA.CL,34300.0
2024-04-19,GRUPOSURA,GRUPOSURA.CL,38880.0
2024-04-26,GRUPOSURA,GRUPOSURA.CL,40000.0
2024-05-03,GRUPOSURA,GRUPOSURA.CL,40500.0
2024-05-10,GRUPOSURA,GRUPOSURA.CL,41700.0
2024-05-17,GRUPOSURA,GRUPOSURA.CL,39980.0
2024-05-24,GRUPOSURA,GRUPOSURA.CL,34780.0
2024-05-31,GRUPOSURA,GRUPOSURA.CL,36000.0
2024-06-07,GRUPOSURA,GRUPOSURA.CL,35900.0
2024-06-14,GRUPOSURA,GRUPOSURA.CL,34300.0
2024-06-21,GRUPOSURA,GRUPOSURA.CL,34400.0
2024-06-28,GRUPOSURA,GRUPOSURA.CL,33200.0
2024-07-05,GRUPOSURA,GRUPOSURA.CL,33800.0
2024-07-12,GRUPOSURA,GRUPOSURA.CL,32580.0
2024-07-19,GRUPOSURA,GRUPOSURA.CL,32360.0
2024-07-26,GRUPOSURA,GRUPOSURA.CL,31600.0
2024-08-02,GRUPOSURA,GRUPOSURA.CL,30700.0
2024-08-09,GRUPOSURA,GRUPOSURA.CL,30980.0
2024-08-16,GRUPOSURA,GRUPOSURA.CL,35600.0
2024-08-23,GRUPOSURA,GRUPOSURA.CL,31300.0
2024-08-30,GRUPOSURA,GRUPOSURA.CL,30500.0
2024-09-06,GRUPOSURA,GRUPOSURA.CL,30560.0
2024-09-13,GRUPOSURA,GRUPOSURA.CL,25600.0
2024-09-20,GRUPOSURA,GRUPOSURA.CL,29000.0
2024-09-27,GRUPOSURA,GRUPOSURA.CL,29020.0
2024-10-04,GRUPOSURA,GRUPOSURA.CL,28440.0
2024-10-11,GRUPOSURA,GRUPOSURA.CL,33020.0
2024-10-18,GRUPOSURA,GRUPOSURA.CL,33220.0
2024-10-25,GRUPOSURA,GRUPOSURA.CL,35000.0
2024-11-01,GRUPOSURA,GRUPOSURA.CL,35300.0
2024-11-08,GRUPOSURA,GRUPOSURA.CL,35520.0
2024-11-15,GRUPOSURA,GRUPOSURA.CL,33800.0
2024-11-22,GRUPOSURA,GRUPOSURA.CL,35780.0
2024-11-29,GRUPOSURA,GRUPOSURA.CL,35320.0
2024-12-06,GRUPOSURA,GRUPOSURA.CL,35300.0
2024-12-13,GRUPOSURA,GRUPOSURA.CL,37520.0
2024-12-20,GRUPOSURA,GRUPOSURA.CL,37100.0
2024-12-27,GRUPOSURA,GRUPOSURA.CL,37380.0
2025-01-03,GRUPOSURA,GRUPOSURA.CL,36180.0
2025-01-10,GRUPOSURA,GRUPOSURA.CL,35440.0
2025-01-17,GRUPOSURA,GRUPOSURA.CL,35700.0
2025-01-24,GRUPOSURA,GRUPOSURA.CL,36980.0
2025-01-31,GRUPOSURA,GRUPOSURA.CL,36900.0
2025-02-07,GRUPOSURA,GRUPOSURA.CL,37400.0
2025-02-14,GRUPOSURA,GRUPOSURA.CL,44100.0
2025-02-21,GRUPOSURA,GRUPOSURA.CL,44000.0
2025-02-28,GRUPOSURA,GRUPOSURA.CL,42000.0
2025-03-07,GRUPOSURA,GRUPOSURA.CL,39320.0
2025-03-14,GRUPOSURA,GRUPOSURA.CL,40020.0
2025-03-21,GRUPOSURA,GRUPOSURA.CL,41700.0
2025-03-28,GRUPOSURA,GRUPOSURA.CL,44240.0
2025-04-04,GRUPOSURA,GRUPOSURA.CL,42120.0
2025-04-11,GRUPOSURA,GRUPOSURA.CL,42800.0
2025-04-18,GRUPOSURA,GRUPOSURA.CL,42900.0
2025-04-25,GRUPOSURA,GRUPOSURA.CL,43000.0
2025-05-02,GRUPOSURA,GRUPOSURA.CL,44000.0
2025-05-09,GRUPOSURA,GRUPOSURA.CL,44880.0
2025-05-16,GRUPOSURA,GRUPOSURA.CL,45680.0
2025-05-23,GRUPOSURA,GRUPOSURA.CL,45500.0
2025-05-30,GRUPOSURA,GRUPOSURA.CL,44900.0
2025-06-06,GRUPOSURA,GRUPOSURA.CL,45540.0
2025-06-13,GRUPOSURA,GRUPOSURA.CL,47200.0
2025-06-20,GRUPOSURA,GRUPOSURA.CL,48380.0
2025-06-27,GRUPOSURA,GRUPOSURA.CL,50800.0
2025-07-04,GRUPOSURA,GRUPOSURA.CL,55860.0
2025-07-11,GRUPOSURA,GRUPOSURA.CL,52800.0
2025-07-18,GRUPOSURA,GRUPOSURA.CL,44135.72
2025-07-25,GRUPOSURA,GRUPOSURA.CL,46200.0
2025-08-01,GRUPOSURA,GRUPOSURA.CL,45500.0
2025-08-08,GRUPOSURA,GRUPOSURA.CL,46660.0
2025-08-15,GRUPOSURA,GRUPOSURA.CL,46920.0
2025-08-22,GRUPOSURA,GRUPOSURA.CL,46600.0
2025-08-29,GRUPOSURA,GRUPOSURA.CL,44460.0
2025-09-05,GRUPOSURA,GRUPOSURA.CL,44820.0
2025-09-12,GRUPOSURA,GRUPOSURA.CL,43860.0
2025-09-19,GRUPOSURA,GRUPOSURA.CL,43380.0
2025-09-26,GRUPOSURA,GRUPOSURA.CL,43200.0
2025-10-03,GRUPOSURA,GRUPOSURA.CL,42620.0
2025-10-10,GRUPOSURA,GRUPOSURA.CL,43580.0
2025-10-17,GRUPOSURA,GRUPOSURA.CL,44280.0
2025-10-24,GRUPOSURA,GRUPOSURA.CL,45900.0
2025-10-31,GRUPOSURA,GRUPOSURA.CL,51300.0
2025-11-07,GRUPOSURA,GRUPOSURA.CL,55600.0
2025-11-14,GRUPOSURA,GRUPOSURA.CL,54100.0
2025-11-21,GRUPOSURA,GRUPOSURA.CL,54500.0
2025-11-28,GRUPOSURA,GRUPOSURA.CL,54780.0
2025-12-05,GRUPOSURA,GRUPOSURA.CL,57500.0
2025-12-12,GRUPOSURA,GRUPOSURA.CL,54500.0
2025-12-19,GRUPOSURA,GRUPOSURA.CL,54520.0
2025-12-26,GRUPOSURA,GRUPOSURA.CL,54000.0
2026-01-02,GRUPOSURA,GRUPOSURA.CL,55400.0
2026-01-09,GRUPOSURA,GRUPOSURA.CL,56000.0
2026-01-16,GRUPOSURA,GRUPOSURA.CL,62740.0
2026-01-23,GRUPOSURA,GRUPOSURA.CL,62540.0
2026-01-30,GRUPOSURA,GRUPOSURA.CL,60400.0
2026-02-06,GRUPOSURA,GRUPOSURA.CL,58900.0
2026-02-13,GRUPOSURA,GRUPOSURA.CL,60420.0
2026-02-20,GRUPOSURA,GRUPOSURA.CL,57500.0
2026-02-27,GRUPOSURA,GRUPOSURA.CL,52000.0
2026-03-06,GRUPOSURA,GRUPOSURA.CL,50100.0
2026-03-13,GRUPOSURA,GRUPOSURA.CL,46700.0
2026-03-20,GRUPOSURA,GRUPOSURA.CL,49200.0
2026-03-27,GRUPOSURA,GRUPOSURA.CL,49100.0
2026-04-03,GRUPOSURA,GRUPOSURA.CL,50980.0
2026-04-10,GRUPOSURA,GRUPOSURA.CL,54000.0
2026-04-17,GRUPOSURA,GRUPOSURA.CL,52740.0
2026-04-24,GRUPOSURA,GRUPOSURA.CL,51260.0
2026-05-01,GRUPOSURA,GRUPOSURA.CL,49600.0
2026-05-08,GRUPOSURA,GRUPOSURA.CL,49500.0
2026-05-15,GRUPOSURA,GRUPOSURA.CL,48800.0
2026-05-22,GRUPOSURA,GRUPOSURA.CL,50800.0
2026-05-29,GRUPOSURA,GRUPOSURA.CL,51480.0
2026-06-05,GRUPOSURA,GRUPOSURA.CL,55600.0
2026-06-12,GRUPOSURA,GRUPOSURA.CL,58300.0
2026-06-19,GRUPOSURA,GRUPOSURA.CL,53400.0
2026-06-26,GRUPOSURA,GRUPOSURA.CL,54500.0
2026-07-03,GRUPOSURA,GRUPOSURA.CL,54000.0
2026-07-10,GRUPOSURA,GRUPOSURA.CL,54000.0
2026-07-17,GRUPOSURA,GRUPOSURA.CL,53000.0
2026-07-24,GRUPOSURA,GRUPOSURA.CL,54480.0
2026-07-31,GRUPOSURA,GRUPOSURA.CL,53600.0
2026-08-07,GRUPOSURA,GRUPOSURA.CL,57800.0
2026-08-14,GRUPOSURA,GRUPOSURA.CL,59300.0
2026-08-21,GRUPOSURA,GRUPOSURA.CL,61540.0
2026-08-28,GRUPOSURA,GRUPOSURA.CL,68680.0
2026-09-04,GRUPOSURA,GRUPOSURA.CL,69000.0
2026-09-11,GRUPOSURA,GRUPOSURA.CL,67000.0
2026-09-18,GRUPOSURA,GRUPOSURA.CL,68200.0
2026-09-25,GRUPOSURA,GRUPOSURA.CL,67600.0
2026-09-30,GRUPOSURA,GRUPOSURA.CL,67600.0
2010-01-01,ISA,ISA.CL,12920.0
2010-01-08,ISA,ISA.CL,12880.0
2010-01-15,ISA,ISA.CL,12460.0
2010-01-22,ISA,ISA.CL,12460.0
2010-01-29,ISA,ISA.CL,12220.0
2010-02-05,ISA,ISA.CL,12580.0
2010-02-12,ISA,ISA.CL,12580.0
2010-02-19,ISA,ISA.CL,12980.0
2010-02-26,ISA,ISA.CL,12720.0
2010-03-05,ISA,ISA.CL,12700.0
2010-03-12,ISA,ISA.CL,12800.0
2010-03-19,ISA,ISA.CL,12600.0
2010-03-26,ISA,ISA.CL,12800.0
2010-04-02,ISA,ISA.CL,13040.0
2010-04-09,ISA,ISA.CL,13000.0
2010-04-16,ISA,ISA.CL,13060.0
2010-04-23,ISA,ISA.CL,12960.0
2010-04-30,ISA,ISA.CL,12500.0
2010-05-07,ISA,ISA.CL,12820.0
2010-05-14,ISA,ISA.CL,12180.0
2010-05-21,ISA,ISA.CL,12560.0
2010-05-28,ISA,ISA.CL,12640.0
2010-06-04,ISA,ISA.CL,12660.0
2010-06-11,ISA,ISA.CL,12760.0
2010-06-18,ISA,ISA.CL,12900.0
2010-06-25,ISA,ISA.CL,12660.0
2010-07-02,ISA,ISA.CL,12660.0
2010-07-09,ISA,ISA.CL,12860.0
2010-07-16,ISA,ISA.CL,12940.0
2010-07-23,ISA,ISA.CL,13040.0
2010-07-30,ISA,ISA.CL,12860.0
2010-08-06,ISA,ISA.CL,12600.0
2010-08-13,ISA,ISA.CL,12740.0
2010-08-20,ISA,ISA.CL,12800.0
2010-08-27,ISA,ISA.CL,13140.0
2010-09-03,ISA,ISA.CL,13560.0
2010-09-10,ISA,ISA.CL,13520.0
2010-09-17,ISA,ISA.CL,13600.0
2010-09-24,ISA,ISA.CL,14100.0
2010-10-01,ISA,ISA.CL,14120.0
2010-10-08,ISA,ISA.CL,14700.0
2010-10-15,ISA,ISA.CL,14180.0
2010-10-22,ISA,ISA.CL,14400.0
2010-10-29,ISA,ISA.CL,14460.0
2010-11-05,ISA,ISA.CL,13620.0
2010-11-12,ISA,ISA.CL,13280.0
2010-11-19,ISA,ISA.CL,13280.0
2010-11-26,ISA,ISA.CL,13820.0
2010-12-03,ISA,ISA.CL,13760.0
2010-12-10,ISA,ISA.CL,13800.0
2010-12-17,ISA,ISA.CL,14360.0
2010-12-24,ISA,ISA.CL,14100.0
2010-12-31,ISA,ISA.CL,13640.0
2011-01-07,ISA,ISA.CL,13700.0
2011-01-14,ISA,ISA.CL,13440.0
2011-01-21,ISA,ISA.CL,13400.0
2011-01-28,ISA,ISA.CL,12940.0
2011-02-04,ISA,ISA.CL,12500.0
2011-02-11,ISA,ISA.CL,12460.0
2011-02-18,ISA,ISA.CL,12420.0
2011-02-25,ISA,ISA.CL,12840.0
2011-03-04,ISA,ISA.CL,12600.0
2011-03-11,ISA,ISA.CL,12360.0
2011-03-18,ISA,ISA.CL,12880.0
2011-03-25,ISA,ISA.CL,12700.0
2011-04-01,ISA,ISA.CL,12320.0
2011-04-08,ISA,ISA.CL,12220.0
2011-04-15,ISA,ISA.CL,12520.0
2011-04-22,ISA,ISA.CL,12460.0
2011-04-29,ISA,ISA.CL,12180.0
2011-05-06,ISA,ISA.CL,12440.0
2011-05-13,ISA,ISA.CL,12460.0
2011-05-20,ISA,ISA.CL,12740.0
2011-05-27,ISA,ISA.CL,13000.0
2011-06-03,ISA,ISA.CL,12900.0
2011-06-10,ISA,ISA.CL,12800.0
2011-06-17,ISA,ISA.CL,12800.0
2011-06-24,ISA,ISA.CL,12860.0
2011-07-01,ISA,ISA.CL,12640.0
2011-07-08,ISA,ISA.CL,12200.0
2011-07-15,ISA,ISA.CL,12260.0
2011-07-22,ISA,ISA.CL,12220.0
2011-07-29,ISA,ISA.CL,12100.0
2011-08-05,ISA,ISA.CL,11780.0
2011-08-12,ISA,ISA.CL,12000.0
2011-08-19,ISA,ISA.CL,11740.0
2011-08-26,ISA,ISA.CL,12200.0
2011-09-02,ISA,ISA.CL,12140.0
2011-09-09,ISA,ISA.CL,12140.0
2011-09-16,ISA,ISA.CL,12280.0
2011-09-23,ISA,ISA.CL,11860.0
2011-09-30,ISA,ISA.CL,11560.0
2011-10-07,ISA,ISA.CL,11800.0
2011-10-14,ISA,ISA.CL,11600.0
2011-10-21,ISA,ISA.CL,11700.0
2011-10-28,ISA,ISA.CL,11660.0
2011-11-04,ISA,ISA.CL,11640.0
2011-11-11,ISA,ISA.CL,11700.0
2011-11-18,ISA,ISA.CL,10900.0
2011-11-25,ISA,ISA.CL,10520.0
2011-12-02,ISA,ISA.CL,11280.0
2011-12-09,ISA,ISA.CL,10800.0
2011-12-16,ISA,ISA.CL,11680.0
2011-12-23,ISA,ISA.CL,11600.0
2011-12-30,ISA,ISA.CL,11440.0
2012-01-06,ISA,ISA.CL,11100.0
2012-01-13,ISA,ISA.CL,11020.0
2012-01-20,ISA,ISA.CL,10760.0
2012-01-27,ISA,ISA.CL,11200.0
2012-02-03,ISA,ISA.CL,11140.0
2012-02-10,ISA,ISA.CL,11280.0
2012-02-17,ISA,ISA.CL,11120.0
2012-02-24,ISA,ISA.CL,11400.0
2012-03-02,ISA,ISA.CL,11220.0
2012-03-09,ISA,ISA.CL,11180.0
2012-03-16,ISA,ISA.CL,11000.0
2012-03-23,ISA,ISA.CL,11220.0
2012-03-30,ISA,ISA.CL,11180.0
2012-04-06,ISA,ISA.CL,11260.0
2012-04-13,ISA,ISA.CL,11060.0
2012-04-20,ISA,ISA.CL,11200.0
2012-04-27,ISA,ISA.CL,11700.0
2012-05-04,ISA,ISA.CL,11640.0
2012-05-11,ISA,ISA.CL,11240.0
2012-05-18,ISA,ISA.CL,11480.0
2012-05-25,ISA,ISA.CL,10920.0
2012-06-01,ISA,ISA.CL,11100.0
2012-06-08,ISA,ISA.CL,11080.0
2012-06-15,ISA,ISA.CL,11040.0
2012-06-22,ISA,ISA.CL,11120.0
2012-06-29,ISA,ISA.CL,11280.0
2012-07-06,ISA,ISA.CL,11340.0
2012-07-13,ISA,ISA.CL,11780.0
2012-07-20,ISA,ISA.CL,11760.0
2012-07-27,ISA,ISA.CL,11380.0
2012-08-03,ISA,ISA.CL,11040.0
2012-08-10,ISA,ISA.CL,11320.0
2012-08-17,ISA,ISA.CL,11280.0
2012-08-24,ISA,ISA.CL,11500.0
2012-08-31,ISA,ISA.CL,10720.0
2012-09-07,ISA,ISA.CL,10080.0
2012-09-14,ISA,ISA.CL,9680.0
2012-09-21,ISA,ISA.CL,9900.0
2012-09-28,ISA,ISA.CL,9530.0
2012-10-05,ISA,ISA.CL,9230.0
2012-10-12,ISA,ISA.CL,9490.0
2012-10-19,ISA,ISA.CL,9660.0
2012-10-26,ISA,ISA.CL,9920.0
2012-11-02,ISA,ISA.CL,9100.0
2012-11-09,ISA,ISA.CL,8890.0
2012-11-16,ISA,ISA.CL,8540.0
2012-11-23,ISA,ISA.CL,8980.0
2012-11-30,ISA,ISA.CL,9500.0
2012-12-07,ISA,ISA.CL,9900.0
2012-12-14,ISA,ISA.CL,9890.0
2012-12-21,ISA,ISA.CL,9670.0
2012-12-28,ISA,ISA.CL,9600.0
2013-01-04,ISA,ISA.CL,9570.0
2013-01-11,ISA,ISA.CL,9600.0
2013-01-18,ISA,ISA.CL,9830.0
2013-01-25,ISA,ISA.CL,9990.0
2013-02-01,ISA,ISA.CL,10060.0
2013-02-08,ISA,ISA.CL,10080.0
2013-02-15,ISA,ISA.CL,9970.0
2013-02-22,ISA,ISA.CL,9800.0
2013-03-01,ISA,ISA.CL,9200.0
2013-03-08,ISA,ISA.CL,9140.0
2013-03-15,ISA,ISA.CL,9150.0
2013-03-22,ISA,ISA.CL,9000.0
2013-03-29,ISA,ISA.CL,8660.0
2013-04-05,ISA,ISA.CL,8980.0
2013-04-12,ISA,ISA.CL,8880.0
2013-04-19,ISA,ISA.CL,8870.0
2013-04-26,ISA,ISA.CL,8550.0
2013-05-03,ISA,ISA.CL,8400.0
2013-05-10,ISA,ISA.CL,8060.0
2013-05-17,ISA,ISA.CL,8430.0
2013-05-24,ISA,ISA.CL,8200.0
2013-05-31,ISA,ISA.CL,8090.0
2013-06-07,ISA,ISA.CL,7650.0
2013-06-14,ISA,ISA.CL,7830.0
2013-06-21,ISA,ISA.CL,7410.0
2013-06-28,ISA,ISA.CL,7510.0
2013-07-05,ISA,ISA.CL,7440.0
2013-07-12,ISA,ISA.CL,8180.0
2013-07-19,ISA,ISA.CL,8600.0
2013-07-26,ISA,ISA.CL,8370.0
2013-08-02,ISA,ISA.CL,8680.0
2013-08-09,ISA,ISA.CL,9220.0
2013-08-16,ISA,ISA.CL,9070.0
2013-08-23,ISA,ISA.CL,9160.0
2013-08-30,ISA,ISA.CL,9360.0
2013-09-06,ISA,ISA.CL,9600.0
2013-09-13,ISA,ISA.CL,9660.0
2013-09-20,ISA,ISA.CL,9620.0
2013-09-27,ISA,ISA.CL,9320.0
2013-10-04,ISA,ISA.CL,9490.0
2013-10-11,ISA,ISA.CL,9400.0
2013-10-18,ISA,ISA.CL,9540.0
2013-10-25,ISA,ISA.CL,9360.0
2013-11-01,ISA,ISA.CL,8960.0
2013-11-08,ISA,ISA.CL,8880.0
2013-11-15,ISA,ISA.CL,8700.0
2013-11-22,ISA,ISA.CL,8900.0
2013-11-29,ISA,ISA.CL,8570.0
2013-12-06,ISA,ISA.CL,9100.0
2013-12-13,ISA,ISA.CL,9030.0
2013-12-20,ISA,ISA.CL,8870.0
2013-12-27,ISA,ISA.CL,9050.0
2014-01-03,ISA,ISA.CL,8870.0
2014-01-10,ISA,ISA.CL,8370.0
2014-01-17,ISA,ISA.CL,8400.0
2014-01-24,ISA,ISA.CL,7650.0
2014-01-31,ISA,ISA.CL,7750.0
2014-02-07,ISA,ISA.CL,7520.0
2014-02-14,ISA,ISA.CL,7570.0
2014-02-21,ISA,ISA.CL,7600.0
2014-02-28,ISA,ISA.CL,7860.0
2014-03-07,ISA,ISA.CL,8030.0
2014-03-14,ISA,ISA.CL,8140.0
2014-03-21,ISA,ISA.CL,8600.0
2014-03-28,ISA,ISA.CL,9080.0
2014-04-04,ISA,ISA.CL,9050.0
2014-04-11,ISA,ISA.CL,9080.0
2014-04-18,ISA,ISA.CL,8910.0
2014-04-25,ISA,ISA.CL,9080.0
2014-05-02,ISA,ISA.CL,9060.0
2014-05-09,ISA,ISA.CL,9450.0
2014-05-16,ISA,ISA.CL,9500.0
2014-05-23,ISA,ISA.CL,9150.0
2014-05-30,ISA,ISA.CL,9190.0
2014-06-06,ISA,ISA.CL,9300.0
2014-06-13,ISA,ISA.CL,9460.0
2014-06-20,ISA,ISA.CL,9490.0
2014-06-27,ISA,ISA.CL,9140.0
2014-07-04,ISA,ISA.CL,9080.0
2014-07-11,ISA,ISA.CL,8980.0
2014-07-18,ISA,ISA.CL,9090.0
2014-07-25,ISA,ISA.CL,9290.0
2014-08-01,ISA,ISA.CL,9200.0
2014-08-08,ISA,ISA.CL,9450.0
2014-08-15,ISA,ISA.CL,9550.0
2014-08-22,ISA,ISA.CL,9670.0
2014-08-29,ISA,ISA.CL,9720.0
2014-09-05,ISA,ISA.CL,9530.0
2014-09-12,ISA,ISA.CL,9490.0
2014-09-19,ISA,ISA.CL,9250.0
2014-09-26,ISA,ISA.CL,9000.0
2014-10-03,ISA,ISA.CL,9060.0
2014-10-10,ISA,ISA.CL,8230.0
2014-10-17,ISA,ISA.CL,8430.0
2014-10-24,ISA,ISA.CL,8620.0
2014-10-31,ISA,ISA.CL,9000.0
2014-11-07,ISA,ISA.CL,8900.0
2014-11-14,ISA,ISA.CL,8800.0
2014-11-21,ISA,ISA.CL,8110.0
2014-11-28,ISA,ISA.CL,8140.0
2014-12-05,ISA,ISA.CL,7840.0
2014-12-12,ISA,ISA.CL,7890.0
2014-12-19,ISA,ISA.CL,8640.0
2014-12-26,ISA,ISA.CL,8630.0
2015-01-02,ISA,ISA.CL,7920.0
2015-01-09,ISA,ISA.CL,7780.0
2015-01-16,ISA,ISA.CL,7730.0
2015-01-23,ISA,ISA.CL,7840.0
2015-01-30,ISA,ISA.CL,7970.0
2015-02-06,ISA,ISA.CL,7690.0
2015-02-13,ISA,ISA.CL,7900.0
2015-02-20,ISA,ISA.CL,7820.0
2015-02-27,ISA,ISA.CL,7660.0
2015-03-06,ISA,ISA.CL,7300.0
2015-03-13,ISA,ISA.CL,7510.0
2015-03-20,ISA,ISA.CL,7400.0
2015-03-27,ISA,ISA.CL,7660.0
2015-04-03,ISA,ISA.CL,7800.0
2015-04-10,ISA,ISA.CL,7870.0
2015-04-17,ISA,ISA.CL,7940.0
2015-04-24,ISA,ISA.CL,8290.0
2015-05-01,ISA,ISA.CL,8400.0
2015-05-08,ISA,ISA.CL,8060.0
2015-05-15,ISA,ISA.CL,8220.0
2015-05-22,ISA,ISA.CL,7850.0
2015-05-29,ISA,ISA.CL,7920.0
2015-06-05,ISA,ISA.CL,7710.0
2015-06-12,ISA,ISA.CL,7600.0
2015-06-19,ISA,ISA.CL,7580.0
2015-06-26,ISA,ISA.CL,7210.0
2015-07-03,ISA,ISA.CL,7210.0
2015-07-10,ISA,ISA.CL,7480.0
2015-07-17,ISA,ISA.CL,7200.0
2015-07-24,ISA,ISA.CL,7190.0
2015-07-31,ISA,ISA.CL,7090.0
2015-08-07,ISA,ISA.CL,7050.0
2015-08-14,ISA,ISA.CL,6860.0
2015-08-21,ISA,ISA.CL,5610.0
2015-08-28,ISA,ISA.CL,6420.0
2015-09-04,ISA,ISA.CL,7000.0
2015-09-11,ISA,ISA.CL,7190.0
2015-09-18,ISA,ISA.CL,7000.0
2015-09-25,ISA,ISA.CL,7150.0
2015-10-02,ISA,ISA.CL,7320.0
2015-10-09,ISA,ISA.CL,7020.0
2015-10-16,ISA,ISA.CL,6790.0
2015-10-23,ISA,ISA.CL,7000.0
2015-10-30,ISA,ISA.CL,7170.0
2015-11-06,ISA,ISA.CL,7000.0
2015-11-13,ISA,ISA.CL,6580.0
2015-11-20,ISA,ISA.CL,6690.0
2015-11-27,ISA,ISA.CL,6600.0
2015-12-04,ISA,ISA.CL,6700.0
2015-12-11,ISA,ISA.CL,7000.0
2015-12-18,ISA,ISA.CL,7170.0
2015-12-25,ISA,ISA.CL,7380.0
2016-01-01,ISA,ISA.CL,7080.0
2016-01-08,ISA,ISA.CL,7180.0
2016-01-15,ISA,ISA.CL,7130.0
2016-01-22,ISA,ISA.CL,7160.0
2016-01-29,ISA,ISA.CL,7580.0
2016-02-05,ISA,ISA.CL,7650.0
2016-02-12,ISA,ISA.CL,7780.0
2016-02-19,ISA,ISA.CL,7940.0
2016-02-26,ISA,ISA.CL,8040.0
2016-03-04,ISA,ISA.CL,8260.0
2016-03-11,ISA,ISA.CL,8180.0
2016-03-18,ISA,ISA.CL,8700.0
2016-03-25,ISA,ISA.CL,8700.0
2016-04-01,ISA,ISA.CL,8450.0
2016-04-08,ISA,ISA.CL,8640.0
2016-04-15,ISA,ISA.CL,8800.0
2016-04-22,ISA,ISA.CL,8850.0
2016-04-29,ISA,ISA.CL,8620.0
2016-05-06,ISA,ISA.CL,8820.0
2016-05-13,ISA,ISA.CL,8700.0
2016-05-20,ISA,ISA.CL,8900.0
2016-05-27,ISA,ISA.CL,8860.0
2016-06-03,ISA,ISA.CL,8850.0
2016-06-10,ISA,ISA.CL,8680.0
2016-06-17,ISA,ISA.CL,8870.0
2016-06-24,ISA,ISA.CL,8810.0
2016-07-01,ISA,ISA.CL,9000.0
2016-07-08,ISA,ISA.CL,9170.0
2016-07-15,ISA,ISA.CL,9100.0
2016-07-22,ISA,ISA.CL,9130.0
2016-07-29,ISA,ISA.CL,9100.0
2016-08-05,ISA,ISA.CL,9400.0
2016-08-12,ISA,ISA.CL,9670.0
2016-08-19,ISA,ISA.CL,9800.0
2016-08-26,ISA,ISA.CL,9900.0
2016-09-02,ISA,ISA.CL,10200.0
2016-09-09,ISA,ISA.CL,9890.0
2016-09-16,ISA,ISA.CL,9930.0
2016-09-23,ISA,ISA.CL,9930.0
2016-09-30,ISA,ISA.CL,9660.0
2016-10-07,ISA,ISA.CL,9840.0
2016-10-14,ISA,ISA.CL,9930.0
2016-10-21,ISA,ISA.CL,9970.0
2016-10-28,ISA,ISA.CL,10160.0
2016-11-04,ISA,ISA.CL,10240.0
2016-11-11,ISA,ISA.CL,9950.0
2016-11-18,ISA,ISA.CL,9940.0
2016-11-25,ISA,ISA.CL,10000.0
2016-12-02,ISA,ISA.CL,10260.0
2016-12-09,ISA,ISA.CL,9960.0
2016-12-16,ISA,ISA.CL,9850.0
2016-12-23,ISA,ISA.CL,9980.0
2016-12-30,ISA,ISA.CL,10140.0
2017-01-06,ISA,ISA.CL,10100.0
2017-01-13,ISA,ISA.CL,10140.0
2017-01-20,ISA,ISA.CL,10400.0
2017-01-27,ISA,ISA.CL,10540.0
2017-02-03,ISA,ISA.CL,10600.0
2017-02-10,ISA,ISA.CL,10800.0
2017-02-17,ISA,ISA.CL,10980.0
2017-02-24,ISA,ISA.CL,11380.0
2017-03-03,ISA,ISA.CL,11340.0
2017-03-10,ISA,ISA.CL,11380.0
2017-03-17,ISA,ISA.CL,11660.0
2017-03-24,ISA,ISA.CL,11600.0
2017-03-31,ISA,ISA.CL,11520.0
2017-04-07,ISA,ISA.CL,11700.0
2017-04-14,ISA,ISA.CL,11420.0
2017-04-21,ISA,ISA.CL,11640.0
2017-04-28,ISA,ISA.CL,11560.0
2017-05-05,ISA,ISA.CL,12280.0
2017-05-12,ISA,ISA.CL,12640.0
2017-05-19,ISA,ISA.CL,13480.0
2017-05-26,ISA,ISA.CL,14180.0
2017-06-02,ISA,ISA.CL,13860.0
2017-06-09,ISA,ISA.CL,13760.0
2017-06-16,ISA,ISA.CL,13460.0
2017-06-23,ISA,ISA.CL,13500.0
2017-06-30,ISA,ISA.CL,13640.0
2017-07-07,ISA,ISA.CL,13540.0
2017-07-14,ISA,ISA.CL,13380.0
2017-07-21,ISA,ISA.CL,13460.0
2017-07-28,ISA,ISA.CL,13480.0
2017-08-04,ISA,ISA.CL,13480.0
2017-08-11,ISA,ISA.CL,13440.0
2017-08-18,ISA,ISA.CL,13500.0
2017-08-25,ISA,ISA.CL,13360.0
2017-09-01,ISA,ISA.CL,13700.0
2017-09-08,ISA,ISA.CL,13560.0
2017-09-15,ISA,ISA.CL,13580.0
2017-09-22,ISA,ISA.CL,13820.0
2017-09-29,ISA,ISA.CL,13720.0
2017-10-06,ISA,ISA.CL,13880.0
2017-10-13,ISA,ISA.CL,13580.0
2017-10-20,ISA,ISA.CL,13520.0
2017-10-27,ISA,ISA.CL,13360.0
2017-11-03,ISA,ISA.CL,13360.0
2017-11-10,ISA,ISA.CL,13260.0
2017-11-17,ISA,ISA.CL,13540.0
2017-11-24,ISA,ISA.CL,13800.0
2017-12-01,ISA,ISA.CL,13680.0
2017-12-08,ISA,ISA.CL,13920.0
2017-12-15,ISA,ISA.CL,14060.0
2017-12-22,ISA,ISA.CL,14200.0
2017-12-29,ISA,ISA.CL,14240.0
2018-01-05,ISA,ISA.CL,14320.0
2018-01-12,ISA,ISA.CL,14400.0
2018-01-19,ISA,ISA.CL,14480.0
2018-01-26,ISA,ISA.CL,14480.0
2018-02-02,ISA,ISA.CL,14180.0
2018-02-09,ISA,ISA.CL,13760.0
2018-02-16,ISA,ISA.CL,13740.0
2018-02-23,ISA,ISA.CL,13800.0
2018-03-02,ISA,ISA.CL,13320.0
2018-03-09,ISA,ISA.CL,12820.0
2018-03-16,ISA,ISA.CL,13260.0
2018-03-23,ISA,ISA.CL,13080.0
2018-03-30,ISA,ISA.CL,13880.0
2018-04-06,ISA,ISA.CL,14120.0
2018-04-13,ISA,ISA.CL,14840.0
2018-04-20,ISA,ISA.CL,14640.0
2018-04-27,ISA,ISA.CL,13980.0
2018-05-04,ISA,ISA.CL,14080.0
2018-05-11,ISA,ISA.CL,13800.0
2018-05-18,ISA,ISA.CL,14140.0
2018-05-25,ISA,ISA.CL,14160.0
2018-06-01,ISA,ISA.CL,14560.0
2018-06-08,ISA,ISA.CL,14420.0
2018-06-15,ISA,ISA.CL,13700.0
2018-06-22,ISA,ISA.CL,14400.0
2018-06-29,ISA,ISA.CL,14500.0
2018-07-06,ISA,ISA.CL,13940.0
2018-07-13,ISA,ISA.CL,14240.0
2018-07-20,ISA,ISA.CL,14280.0
2018-07-27,ISA,ISA.CL,13820.0
2018-08-03,ISA,ISA.CL,13900.0
2018-08-10,ISA,ISA.CL,13640.0
2018-08-17,ISA,ISA.CL,13800.0
2018-08-24,ISA,ISA.CL,13560.0
2018-08-31,ISA,ISA.CL,13020.0
2018-09-07,ISA,ISA.CL,13640.0
2018-09-14,ISA,ISA.CL,13020.0
2018-09-21,ISA,ISA.CL,13380.0
2018-09-28,ISA,ISA.CL,13660.0
2018-10-05,ISA,ISA.CL,12840.0
2018-10-12,ISA,ISA.CL,13180.0
2018-10-19,ISA,ISA.CL,12300.0
2018-10-26,ISA,ISA.CL,11960.0
2018-11-02,ISA,ISA.CL,13480.0
2018-11-09,ISA,ISA.CL,13220.0
2018-11-16,ISA,ISA.CL,12860.0
2018-11-23,ISA,ISA.CL,13020.0
2018-11-30,ISA,ISA.CL,13580.0
2018-12-07,ISA,ISA.CL,13780.0
2018-12-14,ISA,ISA.CL,13700.0
2018-12-21,ISA,ISA.CL,14000.0
2018-12-28,ISA,ISA.CL,14340.0
2019-01-04,ISA,ISA.CL,14220.0
2019-01-11,ISA,ISA.CL,13920.0
2019-01-18,ISA,ISA.CL,14180.0
2019-01-25,ISA,ISA.CL,13920.0
2019-02-01,ISA,ISA.CL,13960.0
2019-02-08,ISA,ISA.CL,14000.0
2019-02-15,ISA,ISA.CL,14060.0
2019-02-22,ISA,ISA.CL,13980.0
2019-03-01,ISA,ISA.CL,14140.0
2019-03-08,ISA,ISA.CL,15000.0
2019-03-15,ISA,ISA.CL,16100.0
2019-03-22,ISA,ISA.CL,15900.0
2019-03-29,ISA,ISA.CL,16080.0
2019-04-05,ISA,ISA.CL,16220.0
2019-04-12,ISA,ISA.CL,15500.0
2019-04-19,ISA,ISA.CL,16120.0
2019-04-26,ISA,ISA.CL,15960.0
2019-05-03,ISA,ISA.CL,15820.0
2019-05-10,ISA,ISA.CL,15720.0
2019-05-17,ISA,ISA.CL,15780.0
2019-05-24,ISA,ISA.CL,15700.0
2019-05-31,ISA,ISA.CL,16720.0
2019-06-07,ISA,ISA.CL,18600.0
2019-06-14,ISA,ISA.CL,18880.0
2019-06-21,ISA,ISA.CL,17820.0
2019-06-28,ISA,ISA.CL,18400.0
2019-07-05,ISA,ISA.CL,19900.0
2019-07-12,ISA,ISA.CL,19660.0
2019-07-19,ISA,ISA.CL,19300.0
2019-07-26,ISA,ISA.CL,17800.0
2019-08-02,ISA,ISA.CL,17500.0
2019-08-09,ISA,ISA.CL,16900.0
2019-08-16,ISA,ISA.CL,18100.0
2019-08-23,ISA,ISA.CL,17480.0
2019-08-30,ISA,ISA.CL,19280.0
2019-09-06,ISA,ISA.CL,19240.0
2019-09-13,ISA,ISA.CL,19700.0
2019-09-20,ISA,ISA.CL,19060.0
2019-09-27,ISA,ISA.CL,18500.0
2019-10-04,ISA,ISA.CL,19380.0
2019-10-11,ISA,ISA.CL,18800.0
2019-10-18,ISA,ISA.CL,19400.0
2019-10-25,ISA,ISA.CL,19500.0
2019-11-01,ISA,ISA.CL,20300.0
2019-11-08,ISA,ISA.CL,19460.0
2019-11-15,ISA,ISA.CL,17900.0
2019-11-22,ISA,ISA.CL,18800.0
2019-11-29,ISA,ISA.CL,18660.0
2019-12-06,ISA,ISA.CL,18300.0
2019-12-13,ISA,ISA.CL,18720.0
2019-12-20,ISA,ISA.CL,19300.0
2019-12-27,ISA,ISA.CL,19600.0
2020-01-03,ISA,ISA.CL,19760.0
2020-01-10,ISA,ISA.CL,19560.0
2020-01-17,ISA,ISA.CL,19300.0
2020-01-24,ISA,ISA.CL,19740.0
2020-01-31,ISA,ISA.CL,18960.0
2020-02-07,ISA,ISA.CL,19000.0
2020-02-14,ISA,ISA.CL,19280.0
2020-02-21,ISA,ISA.CL,18600.0
2020-02-28,ISA,ISA.CL,18500.0
2020-03-06,ISA,ISA.CL,15940.0
2020-03-13,ISA,ISA.CL,13100.0
2020-03-20,ISA,ISA.CL,14520.0
2020-03-27,ISA,ISA.CL,15400.0
2020-04-03,ISA,ISA.CL,17200.0
2020-04-10,ISA,ISA.CL,18200.0
2020-04-17,ISA,ISA.CL,18620.0
2020-04-24,ISA,ISA.CL,18200.0
2020-05-01,ISA,ISA.CL,18580.0
2020-05-08,ISA,ISA.CL,18400.0
2020-05-15,ISA,ISA.CL,18400.0
2020-05-22,ISA,ISA.CL,19200.0
2020-05-29,ISA,ISA.CL,19300.0
2020-06-05,ISA,ISA.CL,19000.0
2020-06-12,ISA,ISA.CL,18680.0
2020-06-19,ISA,ISA.CL,18700.0
2020-06-26,ISA,ISA.CL,18800.0
2020-07-03,ISA,ISA.CL,19800.0
2020-07-10,ISA,ISA.CL,19580.0
2020-07-17,ISA,ISA.CL,19700.0
2020-07-24,ISA,ISA.CL,19400.0
2020-07-31,ISA,ISA.CL,19700.0
2020-08-07,ISA,ISA.CL,19900.0
2020-08-14,ISA,ISA.CL,20360.0
2020-08-21,ISA,ISA.CL,21960.0
2020-08-28,ISA,ISA.CL,21320.0
2020-09-04,ISA,ISA.CL,20600.0
2020-09-11,ISA,ISA.CL,20020.0
2020-09-18,ISA,ISA.CL,20460.0
2020-09-25,ISA,ISA.CL,20280.0
2020-10-02,ISA,ISA.CL,21000.0
2020-10-09,ISA,ISA.CL,21600.0
2020-10-16,ISA,ISA.CL,21400.0
2020-10-23,ISA,ISA.CL,20510.0
2020-10-30,ISA,ISA.CL,21100.0
2020-11-06,ISA,ISA.CL,22940.0
2020-11-13,ISA,ISA.CL,22700.0
2020-11-20,ISA,ISA.CL,22320.0
2020-11-27,ISA,ISA.CL,22920.0
2020-12-04,ISA,ISA.CL,24010.0
2020-12-11,ISA,ISA.CL,25300.0
2020-12-18,ISA,ISA.CL,25000.0
2020-12-25,ISA,ISA.CL,25700.0
2021-01-01,ISA,ISA.CL,28000.0
2021-01-08,ISA,ISA.CL,29000.0
2021-01-15,ISA,ISA.CL,28280.0
2021-01-22,ISA,ISA.CL,23990.0
2021-01-29,ISA,ISA.CL,23440.0
2021-02-05,ISA,ISA.CL,23400.0
2021-02-12,ISA,ISA.CL,23100.0
2021-02-19,ISA,ISA.CL,22820.0
2021-02-26,ISA,ISA.CL,23110.0
2021-03-05,ISA,ISA.CL,23600.0
2021-03-12,ISA,ISA.CL,23680.0
2021-03-19,ISA,ISA.CL,22630.0
2021-03-26,ISA,ISA.CL,22500.0
2021-04-02,ISA,ISA.CL,23190.0
2021-04-09,ISA,ISA.CL,23000.0
2021-04-16,ISA,ISA.CL,22500.0
2021-04-23,ISA,ISA.CL,21400.0
2021-04-30,ISA,ISA.CL,21160.0
2021-05-07,ISA,ISA.CL,20630.0
2021-05-14,ISA,ISA.CL,21000.0
2021-05-21,ISA,ISA.CL,20500.0
2021-05-28,ISA,ISA.CL,22700.0
2021-06-04,ISA,ISA.CL,23560.0
2021-06-11,ISA,ISA.CL,23000.0
2021-06-18,ISA,ISA.CL,22540.0
2021-06-25,ISA,ISA.CL,22620.0
2021-07-02,ISA,ISA.CL,23370.0
2021-07-09,ISA,ISA.CL,23000.0
2021-07-16,ISA,ISA.CL,22780.0
2021-07-23,ISA,ISA.CL,22300.0
2021-07-30,ISA,ISA.CL,22000.0
2021-08-06,ISA,ISA.CL,21800.0
2021-08-13,ISA,ISA.CL,23650.0
2021-08-20,ISA,ISA.CL,22900.0
2021-08-27,ISA,ISA.CL,22800.0
2021-09-03,ISA,ISA.CL,22850.0
2021-09-10,ISA,ISA.CL,22700.0
2021-09-17,ISA,ISA.CL,22200.0
2021-09-24,ISA,ISA.CL,22700.0
2021-10-01,ISA,ISA.CL,22620.0
2021-10-08,ISA,ISA.CL,22790.0
2021-10-15,ISA,ISA.CL,22520.0
2021-10-22,ISA,ISA.CL,22730.0
2021-10-29,ISA,ISA.CL,22800.0
2021-11-05,ISA,ISA.CL,22550.0
2021-11-12,ISA,ISA.CL,22500.0
2021-11-19,ISA,ISA.CL,21300.0
2021-11-26,ISA,ISA.CL,22150.0
2021-12-03,ISA,ISA.CL,21820.0
2021-12-10,ISA,ISA.CL,21750.0
2021-12-17,ISA,ISA.CL,22100.0
2021-12-24,ISA,ISA.CL,22400.0
2021-12-31,ISA,ISA.CL,22620.0
2022-01-07,ISA,ISA.CL,23100.0
2022-01-14,ISA,ISA.CL,24900.0
2022-01-21,ISA,ISA.CL,23640.0
2022-01-28,ISA,ISA.CL,22070.0
2022-02-04,ISA,ISA.CL,21400.0
2022-02-11,ISA,ISA.CL,23280.0
2022-02-18,ISA,ISA.CL,24000.0
2022-02-25,ISA,ISA.CL,23770.0
2022-03-04,ISA,ISA.CL,23450.0
2022-03-11,ISA,ISA.CL,23600.0
2022-03-18,ISA,ISA.CL,23900.0
2022-03-25,ISA,ISA.CL,24300.0
2022-04-01,ISA,ISA.CL,24000.0
2022-04-08,ISA,ISA.CL,24900.0
2022-04-15,ISA,ISA.CL,24490.0
2022-04-22,ISA,ISA.CL,22000.0
2022-04-29,ISA,ISA.CL,22130.0
2022-05-06,ISA,ISA.CL,20700.0
2022-05-13,ISA,ISA.CL,18270.0
2022-05-20,ISA,ISA.CL,22880.0
2022-05-27,ISA,ISA.CL,23200.0
2022-06-03,ISA,ISA.CL,21620.0
2022-06-10,ISA,ISA.CL,22600.0
2022-06-17,ISA,ISA.CL,20300.0
2022-06-24,ISA,ISA.CL,20500.0
2022-07-01,ISA,ISA.CL,21800.0
2022-07-08,ISA,ISA.CL,21200.0
2022-07-15,ISA,ISA.CL,21310.0
2022-07-22,ISA,ISA.CL,20510.0
2022-07-29,ISA,ISA.CL,20900.0
2022-08-05,ISA,ISA.CL,21100.0
2022-08-12,ISA,ISA.CL,21040.0
2022-08-19,ISA,ISA.CL,20090.0
2022-08-26,ISA,ISA.CL,18540.0
2022-09-02,ISA,ISA.CL,16830.0
2022-09-09,ISA,ISA.CL,18040.0
2022-09-16,ISA,ISA.CL,16310.0
2022-09-23,ISA,ISA.CL,16400.0
2022-09-30,ISA,ISA.CL,17490.0
2022-10-07,ISA,ISA.CL,18500.0
2022-10-14,ISA,ISA.CL,19100.0
2022-10-21,ISA,ISA.CL,19500.0
2022-10-28,ISA,ISA.CL,16560.0
2022-11-04,ISA,ISA.CL,18590.0
2022-11-11,ISA,ISA.CL,19270.0
2022-11-18,ISA,ISA.CL,18280.0
2022-11-25,ISA,ISA.CL,19000.0
2022-12-02,ISA,ISA.CL,19200.0
2022-12-09,ISA,ISA.CL,18710.0
2022-12-16,ISA,ISA.CL,20700.0
2022-12-23,ISA,ISA.CL,21000.0
2022-12-30,ISA,ISA.CL,23000.0
2023-01-06,ISA,ISA.CL,21740.0
2023-01-13,ISA,ISA.CL,21790.0
2023-01-20,ISA,ISA.CL,20630.0
2023-01-27,ISA,ISA.CL,19000.0
2023-02-03,ISA,ISA.CL,18970.0
2023-02-10,ISA,ISA.CL,18800.0
2023-02-17,ISA,ISA.CL,17890.0
2023-02-24,ISA,ISA.CL,16810.0
2023-03-03,ISA,ISA.CL,17530.0
2023-03-10,ISA,ISA.CL,15820.0
2023-03-17,ISA,ISA.CL,14770.0
2023-03-24,ISA,ISA.CL,15500.0
2023-03-31,ISA,ISA.CL,16270.0
2023-04-07,ISA,ISA.CL,16840.0
2023-04-14,ISA,ISA.CL,17480.0
2023-04-21,ISA,ISA.CL,17580.0
2023-04-28,ISA,ISA.CL,18200.0
2023-05-05,ISA,ISA.CL,17300.0
2023-05-12,ISA,ISA.CL,17220.0
2023-05-19,ISA,ISA.CL,15700.0
2023-05-26,ISA,ISA.CL,17600.0
2023-06-02,ISA,ISA.CL,17600.0
2023-06-09,ISA,ISA.CL,17990.0
2023-06-16,ISA,ISA.CL,17150.0
2023-06-23,ISA,ISA.CL,16850.0
2023-06-30,ISA,ISA.CL,16420.0
2023-07-07,ISA,ISA.CL,17100.0
2023-07-14,ISA,ISA.CL,17300.0
2023-07-21,ISA,ISA.CL,17230.0
2023-07-28,ISA,ISA.CL,16830.0
2023-08-04,ISA,ISA.CL,17000.0
2023-08-11,ISA,ISA.CL,16500.0
2023-08-18,ISA,ISA.CL,15300.0
2023-08-25,ISA,ISA.CL,14980.0
2023-09-01,ISA,ISA.CL,14400.0
2023-09-08,ISA,ISA.CL,14710.0
2023-09-15,ISA,ISA.CL,15220.0
2023-09-22,ISA,ISA.CL,15000.0
2023-09-29,ISA,ISA.CL,14010.0
2023-10-06,ISA,ISA.CL,14020.0
2023-10-13,ISA,ISA.CL,14520.0
2023-10-20,ISA,ISA.CL,13820.0
2023-10-27,ISA,ISA.CL,14650.0
2023-11-03,ISA,ISA.CL,15380.0
2023-11-10,ISA,ISA.CL,15160.0
2023-11-17,ISA,ISA.CL,15240.0
2023-11-24,ISA,ISA.CL,15160.0
2023-12-01,ISA,ISA.CL,15800.0
2023-12-08,ISA,ISA.CL,15060.0
2023-12-15,ISA,ISA.CL,14880.0
2023-12-22,ISA,ISA.CL,15480.0
2023-12-29,ISA,ISA.CL,16600.0
2024-01-05,ISA,ISA.CL,17400.0
2024-01-12,ISA,ISA.CL,17020.0
2024-01-19,ISA,ISA.CL,16880.0
2024-01-26,ISA,ISA.CL,16960.0
2024-02-02,ISA,ISA.CL,16300.0
2024-02-09,ISA,ISA.CL,16600.0
2024-02-16,ISA,ISA.CL,17100.0
2024-02-23,ISA,ISA.CL,16720.0
2024-03-01,ISA,ISA.CL,17980.0
2024-03-08,ISA,ISA.CL,19200.0
2024-03-15,ISA,ISA.CL,19340.0
2024-03-22,ISA,ISA.CL,19780.0
2024-03-29,ISA,ISA.CL,19640.0
2024-04-05,ISA,ISA.CL,19700.0
2024-04-12,ISA,ISA.CL,17980.0
2024-04-19,ISA,ISA.CL,17900.0
2024-04-26,ISA,ISA.CL,18800.0
2024-05-03,ISA,ISA.CL,18740.0
2024-05-10,ISA,ISA.CL,18760.0
2024-05-17,ISA,ISA.CL,18440.0
2024-05-24,ISA,ISA.CL,18840.0
2024-05-31,ISA,ISA.CL,19060.0
2024-06-07,ISA,ISA.CL,17700.0
2024-06-14,ISA,ISA.CL,17840.0
2024-06-21,ISA,ISA.CL,18020.0
2024-06-28,ISA,ISA.CL,18380.0
2024-07-05,ISA,ISA.CL,18140.0
2024-07-12,ISA,ISA.CL,18200.0
2024-07-19,ISA,ISA.CL,18260.0
2024-07-26,ISA,ISA.CL,17600.0
2024-08-02,ISA,ISA.CL,16600.0
2024-08-09,ISA,ISA.CL,18260.0
2024-08-16,ISA,ISA.CL,17680.0
2024-08-23,ISA,ISA.CL,17420.0
2024-08-30,ISA,ISA.CL,17380.0
2024-09-06,ISA,ISA.CL,17020.0
2024-09-13,ISA,ISA.CL,17300.0
2024-09-20,ISA,ISA.CL,17700.0
2024-09-27,ISA,ISA.CL,17080.0
2024-10-04,ISA,ISA.CL,17020.0
2024-10-11,ISA,ISA.CL,18000.0
2024-10-18,ISA,ISA.CL,18180.0
2024-10-25,ISA,ISA.CL,17580.0
2024-11-01,ISA,ISA.CL,17700.0
2024-11-08,ISA,ISA.CL,17040.0
2024-11-15,ISA,ISA.CL,17240.0
2024-11-22,ISA,ISA.CL,16980.0
2024-11-29,ISA,ISA.CL,17160.0
2024-12-06,ISA,ISA.CL,16800.0
2024-12-13,ISA,ISA.CL,16240.0
2024-12-20,ISA,ISA.CL,16700.0
2024-12-27,ISA,ISA.CL,16900.0
2025-01-03,ISA,ISA.CL,17040.0
2025-01-10,ISA,ISA.CL,17080.0
2025-01-17,ISA,ISA.CL,16740.0
2025-01-24,ISA,ISA.CL,18540.0
2025-01-31,ISA,ISA.CL,18180.0
2025-02-07,ISA,ISA.CL,17720.0
2025-02-14,ISA,ISA.CL,19800.0
2025-02-21,ISA,ISA.CL,20700.0
2025-02-28,ISA,ISA.CL,19400.0
2025-03-07,ISA,ISA.CL,18900.0
2025-03-14,ISA,ISA.CL,18900.0
2025-03-21,ISA,ISA.CL,19140.0
2025-03-28,ISA,ISA.CL,20500.0
2025-04-04,ISA,ISA.CL,19620.0
2025-04-11,ISA,ISA.CL,19780.0
2025-04-18,ISA,ISA.CL,20120.0
2025-04-25,ISA,ISA.CL,21800.0
2025-05-02,ISA,ISA.CL,22000.0
2025-05-09,ISA,ISA.CL,21200.0
2025-05-16,ISA,ISA.CL,20400.0
2025-05-23,ISA,ISA.CL,19500.0
2025-05-30,ISA,ISA.CL,20000.0
2025-06-06,ISA,ISA.CL,19000.0
2025-06-13,ISA,ISA.CL,19220.0
2025-06-20,ISA,ISA.CL,19860.0
2025-06-27,ISA,ISA.CL,19860.0
2025-07-04,ISA,ISA.CL,19420.0
2025-07-11,ISA,ISA.CL,20780.0
2025-07-18,ISA,ISA.CL,19720.0
2025-07-25,ISA,ISA.CL,21000.0
2025-08-01,ISA,ISA.CL,21200.0
2025-08-08,ISA,ISA.CL,22800.0
2025-08-15,ISA,ISA.CL,23460.0
2025-08-22,ISA,ISA.CL,21540.0
2025-08-29,ISA,ISA.CL,22940.0
2025-09-05,ISA,ISA.CL,22020.0
2025-09-12,ISA,ISA.CL,22300.0
2025-09-19,ISA,ISA.CL,22900.0
2025-09-26,ISA,ISA.CL,22820.0
2025-10-03,ISA,ISA.CL,23160.0
2025-10-10,ISA,ISA.CL,22700.0
2025-10-17,ISA,ISA.CL,23440.0
2025-10-24,ISA,ISA.CL,25700.0
2025-10-31,ISA,ISA.CL,25620.0
2025-11-07,ISA,ISA.CL,24200.0
2025-11-14,ISA,ISA.CL,23220.0
2025-11-21,ISA,ISA.CL,25000.0
2025-11-28,ISA,ISA.CL,25340.0
2025-12-05,ISA,ISA.CL,25200.0
2025-12-12,ISA,ISA.CL,25400.0
2025-12-19,ISA,ISA.CL,25040.0
2025-12-26,ISA,ISA.CL,24660.0
2026-01-02,ISA,ISA.CL,26500.0
2026-01-09,ISA,ISA.CL,29900.0
2026-01-16,ISA,ISA.CL,31500.0
2026-01-23,ISA,ISA.CL,30600.0
2026-01-30,ISA,ISA.CL,28300.0
2026-02-06,ISA,ISA.CL,27900.0
2026-02-13,ISA,ISA.CL,28400.0
2026-02-20,ISA,ISA.CL,28100.0
2026-02-27,ISA,ISA.CL,27960.0
2026-03-06,ISA,ISA.CL,26700.0
2026-03-13,ISA,ISA.CL,26720.0
2026-03-20,ISA,ISA.CL,27600.0
2026-03-27,ISA,ISA.CL,28480.0
2026-04-03,ISA,ISA.CL,29200.0
2026-04-10,ISA,ISA.CL,30480.0
2026-04-17,ISA,ISA.CL,29700.0
2026-04-24,ISA,ISA.CL,28140.0
2026-05-01,ISA,ISA.CL,30020.0
2026-05-08,ISA,ISA.CL,28560.0
2026-05-15,ISA,ISA.CL,29000.0
2026-05-22,ISA,ISA.CL,30000.0
2026-05-29,ISA,ISA.CL,30180.0
2026-06-05,ISA,ISA.CL,29780.0
2026-06-12,ISA,ISA.CL,33180.0
2026-06-19,ISA,ISA.CL,29580.0
2026-06-26,ISA,ISA.CL,29560.0
2026-07-03,ISA,ISA.CL,30440.0
2026-07-10,ISA,ISA.CL,30740.0
2026-07-17,ISA,ISA.CL,29200.0
2026-07-24,ISA,ISA.CL,29100.0
2026-07-31,ISA,ISA.CL,29500.0
2026-08-07,ISA,ISA.CL,29460.0
2026-08-14,ISA,ISA.CL,28820.0
2026-08-21,ISA,ISA.CL,29040.0
2026-08-28,ISA,ISA.CL,29060.0
2026-09-04,ISA,ISA.CL,30820.0
2026-09-11,ISA,ISA.CL,28560.0
2026-09-18,ISA,ISA.CL,30680.0
2026-09-25,ISA,ISA.CL,28900.0
2026-09-30,ISA,ISA.CL,28900.0
2010-01-01,MINEROS,MINEROS.CL,5590.0
2010-01-08,MINEROS,MINEROS.CL,5500.0
2010-01-15,MINEROS,MINEROS.CL,5500.0
2010-01-22,MINEROS,MINEROS.CL,5500.0
2010-01-29,MINEROS,MINEROS.CL,5650.0
2010-02-05,MINEROS,MINEROS.CL,5690.0
2010-02-12,MINEROS,MINEROS.CL,5600.0
2010-02-19,MINEROS,MINEROS.CL,5600.0
2010-02-26,MINEROS,MINEROS.CL,5750.0
2010-03-05,MINEROS,MINEROS.CL,5600.0
2010-03-12,MINEROS,MINEROS.CL,5750.0
2010-03-19,MINEROS,MINEROS.CL,5760.0
2010-03-26,MINEROS,MINEROS.CL,5720.0
2010-04-02,MINEROS,MINEROS.CL,5750.0
2010-04-09,MINEROS,MINEROS.CL,5700.0
2010-04-16,MINEROS,MINEROS.CL,5720.0
2010-04-23,MINEROS,MINEROS.CL,5720.0
2010-04-30,MINEROS,MINEROS.CL,5660.0
2010-05-07,MINEROS,MINEROS.CL,5770.0
2010-05-14,MINEROS,MINEROS.CL,5650.0
2010-05-21,MINEROS,MINEROS.CL,5650.0
2010-05-28,MINEROS,MINEROS.CL,5700.0
2010-06-04,MINEROS,MINEROS.CL,5770.0
2010-06-11,MINEROS,MINEROS.CL,5800.0
2010-06-18,MINEROS,MINEROS.CL,6100.0
2010-06-25,MINEROS,MINEROS.CL,6000.0
2010-07-02,MINEROS,MINEROS.CL,6000.0
2010-07-09,MINEROS,MINEROS.CL,6050.0
2010-07-16,MINEROS,MINEROS.CL,6040.0
2010-07-23,MINEROS,MINEROS.CL,6000.0
2010-07-30,MINEROS,MINEROS.CL,5850.0
2010-08-06,MINEROS,MINEROS.CL,5800.0
2010-08-13,MINEROS,MINEROS.CL,5800.0
2010-08-20,MINEROS,MINEROS.CL,5700.0
2010-08-27,MINEROS,MINEROS.CL,5880.0
2010-09-03,MINEROS,MINEROS.CL,6690.0
2010-09-10,MINEROS,MINEROS.CL,6820.0
2010-09-17,MINEROS,MINEROS.CL,6820.0
2010-09-24,MINEROS,MINEROS.CL,6900.0
2010-10-01,MINEROS,MINEROS.CL,7070.0
2010-10-08,MINEROS,MINEROS.CL,7700.0
2010-10-15,MINEROS,MINEROS.CL,7560.0
2010-10-22,MINEROS,MINEROS.CL,7600.0
2010-10-29,MINEROS,MINEROS.CL,7500.0
2010-11-05,MINEROS,MINEROS.CL,7400.0
2010-11-12,MINEROS,MINEROS.CL,7300.0
2010-11-19,MINEROS,MINEROS.CL,7300.0
2010-11-26,MINEROS,MINEROS.CL,7700.0
2010-12-03,MINEROS,MINEROS.CL,7900.0
2010-12-10,MINEROS,MINEROS.CL,7860.0
2010-12-17,MINEROS,MINEROS.CL,7800.0
2010-12-24,MINEROS,MINEROS.CL,7860.0
2010-12-31,MINEROS,MINEROS.CL,7840.0
2011-01-07,MINEROS,MINEROS.CL,7760.0
2011-01-14,MINEROS,MINEROS.CL,7400.0
2011-01-21,MINEROS,MINEROS.CL,7430.0
2011-01-28,MINEROS,MINEROS.CL,7220.0
2011-02-04,MINEROS,MINEROS.CL,7050.0
2011-02-11,MINEROS,MINEROS.CL,6700.0
2011-02-18,MINEROS,MINEROS.CL,6700.0
2011-02-25,MINEROS,MINEROS.CL,7000.0
2011-03-04,MINEROS,MINEROS.CL,6850.0
2011-03-11,MINEROS,MINEROS.CL,6450.0
2011-03-18,MINEROS,MINEROS.CL,6870.0
2011-03-25,MINEROS,MINEROS.CL,6400.0
2011-04-01,MINEROS,MINEROS.CL,6400.0
2011-04-08,MINEROS,MINEROS.CL,6400.0
2011-04-15,MINEROS,MINEROS.CL,6350.0
2011-04-22,MINEROS,MINEROS.CL,6450.0
2011-04-29,MINEROS,MINEROS.CL,6500.0
2011-05-06,MINEROS,MINEROS.CL,6440.0
2011-05-13,MINEROS,MINEROS.CL,6300.0
2011-05-20,MINEROS,MINEROS.CL,6500.0
2011-05-27,MINEROS,MINEROS.CL,6560.0
2011-06-03,MINEROS,MINEROS.CL,6300.0
2011-06-10,MINEROS,MINEROS.CL,6200.0
2011-06-17,MINEROS,MINEROS.CL,6360.0
2011-06-24,MINEROS,MINEROS.CL,6270.0
2011-07-01,MINEROS,MINEROS.CL,6000.0
2011-07-08,MINEROS,MINEROS.CL,5900.0
2011-07-15,MINEROS,MINEROS.CL,6100.0
2011-07-22,MINEROS,MINEROS.CL,5980.0
2011-07-29,MINEROS,MINEROS.CL,5790.0
2011-08-05,MINEROS,MINEROS.CL,6050.0
2011-08-12,MINEROS,MINEROS.CL,5920.0
2011-08-19,MINEROS,MINEROS.CL,5980.0
2011-08-26,MINEROS,MINEROS.CL,6040.0
2011-09-02,MINEROS,MINEROS.CL,5930.0
2011-09-09,MINEROS,MINEROS.CL,5840.0
2011-09-16,MINEROS,MINEROS.CL,5860.0
2011-09-23,MINEROS,MINEROS.CL,5800.0
2011-09-30,MINEROS,MINEROS.CL,5800.0
2011-10-07,MINEROS,MINEROS.CL,5800.0
2011-10-14,MINEROS,MINEROS.CL,5780.0
2011-10-21,MINEROS,MINEROS.CL,5540.0
2011-10-28,MINEROS,MINEROS.CL,5600.0
2011-11-04,MINEROS,MINEROS.CL,5500.0
2011-11-11,MINEROS,MINEROS.CL,5360.0
2011-11-18,MINEROS,MINEROS.CL,5200.0
2011-11-25,MINEROS,MINEROS.CL,5000.0
2011-12-02,MINEROS,MINEROS.CL,5000.0
2011-12-09,MINEROS,MINEROS.CL,5000.0
2011-12-16,MINEROS,MINEROS.CL,5090.0
2011-12-23,MINEROS,MINEROS.CL,4810.0
2011-12-30,MINEROS,MINEROS.CL,4975.0
2012-01-06,MINEROS,MINEROS.CL,4995.0
2012-01-13,MINEROS,MINEROS.CL,4790.0
2012-01-20,MINEROS,MINEROS.CL,5300.0
2012-01-27,MINEROS,MINEROS.CL,5100.0
2012-02-03,MINEROS,MINEROS.CL,5200.0
2012-02-10,MINEROS,MINEROS.CL,5400.0
2012-02-17,MINEROS,MINEROS.CL,5350.0
2012-02-24,MINEROS,MINEROS.CL,5390.0
2012-03-02,MINEROS,MINEROS.CL,5100.0
2012-03-09,MINEROS,MINEROS.CL,4955.0
2012-03-16,MINEROS,MINEROS.CL,4895.0
2012-03-23,MINEROS,MINEROS.CL,4950.0
2012-03-30,MINEROS,MINEROS.CL,4900.0
2012-04-06,MINEROS,MINEROS.CL,4900.0
2012-04-13,MINEROS,MINEROS.CL,4795.0
2012-04-20,MINEROS,MINEROS.CL,4910.0
2012-04-27,MINEROS,MINEROS.CL,4840.0
2012-05-04,MINEROS,MINEROS.CL,4750.0
2012-05-11,MINEROS,MINEROS.CL,4725.0
2012-05-18,MINEROS,MINEROS.CL,4775.0
2012-05-25,MINEROS,MINEROS.CL,4785.0
2012-06-01,MINEROS,MINEROS.CL,4690.0
2012-06-08,MINEROS,MINEROS.CL,4695.0
2012-06-15,MINEROS,MINEROS.CL,4695.0
2012-06-22,MINEROS,MINEROS.CL,4640.0
2012-06-29,MINEROS,MINEROS.CL,4460.0
2012-07-06,MINEROS,MINEROS.CL,4190.0
2012-07-13,MINEROS,MINEROS.CL,4000.0
2012-07-20,MINEROS,MINEROS.CL,4000.0
2012-07-27,MINEROS,MINEROS.CL,4000.0
2012-08-03,MINEROS,MINEROS.CL,4000.0
2012-08-10,MINEROS,MINEROS.CL,4050.0
2012-08-17,MINEROS,MINEROS.CL,4165.0
2012-08-24,MINEROS,MINEROS.CL,4310.0
2012-08-31,MINEROS,MINEROS.CL,4395.0
2012-09-07,MINEROS,MINEROS.CL,4330.0
2012-09-14,MINEROS,MINEROS.CL,4300.0
2012-09-21,MINEROS,MINEROS.CL,4000.0
2012-09-28,MINEROS,MINEROS.CL,4225.0
2012-10-05,MINEROS,MINEROS.CL,4070.0
2012-10-12,MINEROS,MINEROS.CL,4590.0
2012-10-19,MINEROS,MINEROS.CL,4700.0
2012-10-26,MINEROS,MINEROS.CL,4800.0
2012-11-02,MINEROS,MINEROS.CL,4400.0
2012-11-09,MINEROS,MINEROS.CL,4380.0
2012-11-16,MINEROS,MINEROS.CL,4490.0
2012-11-23,MINEROS,MINEROS.CL,4205.0
2012-11-30,MINEROS,MINEROS.CL,4325.0
2012-12-07,MINEROS,MINEROS.CL,4425.0
2012-12-14,MINEROS,MINEROS.CL,4320.0
2012-12-21,MINEROS,MINEROS.CL,4280.0
2012-12-28,MINEROS,MINEROS.CL,4250.0
2013-01-04,MINEROS,MINEROS.CL,4300.0
2013-01-11,MINEROS,MINEROS.CL,4210.0
2013-01-18,MINEROS,MINEROS.CL,4325.0
2013-01-25,MINEROS,MINEROS.CL,4600.0
2013-02-01,MINEROS,MINEROS.CL,4590.0
2013-02-08,MINEROS,MINEROS.CL,4660.0
2013-02-15,MINEROS,MINEROS.CL,4690.0
2013-02-22,MINEROS,MINEROS.CL,4860.0
2013-03-01,MINEROS,MINEROS.CL,4710.0
2013-03-08,MINEROS,MINEROS.CL,4720.0
2013-03-15,MINEROS,MINEROS.CL,4715.0
2013-03-22,MINEROS,MINEROS.CL,4715.0
2013-03-29,MINEROS,MINEROS.CL,4700.0
2013-04-05,MINEROS,MINEROS.CL,4500.0
2013-04-12,MINEROS,MINEROS.CL,4310.0
2013-04-19,MINEROS,MINEROS.CL,4150.0
2013-04-26,MINEROS,MINEROS.CL,4000.0
2013-05-03,MINEROS,MINEROS.CL,3760.0
2013-05-10,MINEROS,MINEROS.CL,3800.0
2013-05-17,MINEROS,MINEROS.CL,3915.0
2013-05-24,MINEROS,MINEROS.CL,3800.0
2013-05-31,MINEROS,MINEROS.CL,3870.0
2013-06-07,MINEROS,MINEROS.CL,3800.0
2013-06-14,MINEROS,MINEROS.CL,3700.0
2013-06-21,MINEROS,MINEROS.CL,3540.0
2013-06-28,MINEROS,MINEROS.CL,3415.0
2013-07-05,MINEROS,MINEROS.CL,3300.0
2013-07-12,MINEROS,MINEROS.CL,3295.0
2013-07-19,MINEROS,MINEROS.CL,3200.0
2013-07-26,MINEROS,MINEROS.CL,2900.0
2013-08-02,MINEROS,MINEROS.CL,2795.0
2013-08-09,MINEROS,MINEROS.CL,3090.0
2013-08-16,MINEROS,MINEROS.CL,3275.0
2013-08-23,MINEROS,MINEROS.CL,3470.0
2013-08-30,MINEROS,MINEROS.CL,3300.0
2013-09-06,MINEROS,MINEROS.CL,3250.0
2013-09-13,MINEROS,MINEROS.CL,3300.0
2013-09-20,MINEROS,MINEROS.CL,3170.0
2013-09-27,MINEROS,MINEROS.CL,3255.0
2013-10-04,MINEROS,MINEROS.CL,3300.0
2013-10-11,MINEROS,MINEROS.CL,3310.0
2013-10-18,MINEROS,MINEROS.CL,3555.0
2013-10-25,MINEROS,MINEROS.CL,3405.0
2013-11-01,MINEROS,MINEROS.CL,3365.0
2013-11-08,MINEROS,MINEROS.CL,3230.0
2013-11-15,MINEROS,MINEROS.CL,3100.0
2013-11-22,MINEROS,MINEROS.CL,3040.0
2013-11-29,MINEROS,MINEROS.CL,3100.0
2013-12-06,MINEROS,MINEROS.CL,3270.0
2013-12-13,MINEROS,MINEROS.CL,3400.0
2013-12-20,MINEROS,MINEROS.CL,3635.0
2013-12-27,MINEROS,MINEROS.CL,3615.0
2014-01-03,MINEROS,MINEROS.CL,3600.0
2014-01-10,MINEROS,MINEROS.CL,3230.0
2014-01-17,MINEROS,MINEROS.CL,3100.0
2014-01-24,MINEROS,MINEROS.CL,3025.0
2014-01-31,MINEROS,MINEROS.CL,3000.0
2014-02-07,MINEROS,MINEROS.CL,2995.0
2014-02-14,MINEROS,MINEROS.CL,2985.0
2014-02-21,MINEROS,MINEROS.CL,2900.0
2014-02-28,MINEROS,MINEROS.CL,3035.0
2014-03-07,MINEROS,MINEROS.CL,2950.0
2014-03-14,MINEROS,MINEROS.CL,3010.0
2014-03-21,MINEROS,MINEROS.CL,2865.0
2014-03-28,MINEROS,MINEROS.CL,2960.0
2014-04-04,MINEROS,MINEROS.CL,2945.0
2014-04-11,MINEROS,MINEROS.CL,2950.0
2014-04-18,MINEROS,MINEROS.CL,2900.0
2014-04-25,MINEROS,MINEROS.CL,2890.0
2014-05-02,MINEROS,MINEROS.CL,2835.0
2014-05-09,MINEROS,MINEROS.CL,2860.0
2014-05-16,MINEROS,MINEROS.CL,2780.0
2014-05-23,MINEROS,MINEROS.CL,2795.0
2014-05-30,MINEROS,MINEROS.CL,2730.0
2014-06-06,MINEROS,MINEROS.CL,2800.0
2014-06-13,MINEROS,MINEROS.CL,2895.0
2014-06-20,MINEROS,MINEROS.CL,2950.0
2014-06-27,MINEROS,MINEROS.CL,2955.0
2014-07-04,MINEROS,MINEROS.CL,2855.0
2014-07-11,MINEROS,MINEROS.CL,2850.0
2014-07-18,MINEROS,MINEROS.CL,2795.0
2014-07-25,MINEROS,MINEROS.CL,2900.0
2014-08-01,MINEROS,MINEROS.CL,2810.0
2014-08-08,MINEROS,MINEROS.CL,2780.0
2014-08-15,MINEROS,MINEROS.CL,2870.0
2014-08-22,MINEROS,MINEROS.CL,2835.0
2014-08-29,MINEROS,MINEROS.CL,2960.0
2014-09-05,MINEROS,MINEROS.CL,3030.0
2014-09-12,MINEROS,MINEROS.CL,3110.0
2014-09-19,MINEROS,MINEROS.CL,2940.0
2014-09-26,MINEROS,MINEROS.CL,2940.0
2014-10-03,MINEROS,MINEROS.CL,2940.0
2014-10-10,MINEROS,MINEROS.CL,2940.0
2014-10-17,MINEROS,MINEROS.CL,2940.0
2014-10-24,MINEROS,MINEROS.CL,2825.0
2014-10-31,MINEROS,MINEROS.CL,2785.0
2014-11-07,MINEROS,MINEROS.CL,2675.0
2014-11-14,MINEROS,MINEROS.CL,2675.0
2014-11-21,MINEROS,MINEROS.CL,2470.0
2014-11-28,MINEROS,MINEROS.CL,2200.0
2014-12-05,MINEROS,MINEROS.CL,2200.0
2014-12-12,MINEROS,MINEROS.CL,2005.0
2014-12-19,MINEROS,MINEROS.CL,2350.0
2014-12-26,MINEROS,MINEROS.CL,2400.0
2015-01-02,MINEROS,MINEROS.CL,2305.0
2015-01-09,MINEROS,MINEROS.CL,2215.0
2015-01-16,MINEROS,MINEROS.CL,2000.0
2015-01-23,MINEROS,MINEROS.CL,1995.0
2015-01-30,MINEROS,MINEROS.CL,1935.0
2015-02-06,MINEROS,MINEROS.CL,1910.0
2015-02-13,MINEROS,MINEROS.CL,1855.0
2015-02-20,MINEROS,MINEROS.CL,1850.0
2015-02-27,MINEROS,MINEROS.CL,1860.0
2015-03-06,MINEROS,MINEROS.CL,1860.0
2015-03-13,MINEROS,MINEROS.CL,1860.0
2015-03-20,MINEROS,MINEROS.CL,1900.0
2015-03-27,MINEROS,MINEROS.CL,1900.0
2015-04-03,MINEROS,MINEROS.CL,1850.0
2015-04-10,MINEROS,MINEROS.CL,1850.0
2015-04-17,MINEROS,MINEROS.CL,1750.0
2015-04-24,MINEROS,MINEROS.CL,1795.0
2015-05-01,MINEROS,MINEROS.CL,1785.0
2015-05-08,MINEROS,MINEROS.CL,1785.0
2015-05-15,MINEROS,MINEROS.CL,1620.0
2015-05-22,MINEROS,MINEROS.CL,1620.0
2015-05-29,MINEROS,MINEROS.CL,1560.0
2015-06-05,MINEROS,MINEROS.CL,1425.0
2015-06-12,MINEROS,MINEROS.CL,1400.0
2015-06-19,MINEROS,MINEROS.CL,1405.0
2015-06-26,MINEROS,MINEROS.CL,1450.0
2015-07-03,MINEROS,MINEROS.CL,1490.0
2015-07-10,MINEROS,MINEROS.CL,1615.0
2015-07-17,MINEROS,MINEROS.CL,1720.0
2015-07-24,MINEROS,MINEROS.CL,1750.0
2015-07-31,MINEROS,MINEROS.CL,1770.0
2015-08-07,MINEROS,MINEROS.CL,1795.0
2015-08-14,MINEROS,MINEROS.CL,1800.0
2015-08-21,MINEROS,MINEROS.CL,1930.0
2015-08-28,MINEROS,MINEROS.CL,1900.0
2015-09-04,MINEROS,MINEROS.CL,1950.0
2015-09-11,MINEROS,MINEROS.CL,1950.0
2015-09-18,MINEROS,MINEROS.CL,1930.0
2015-09-25,MINEROS,MINEROS.CL,1900.0
2015-10-02,MINEROS,MINEROS.CL,1875.0
2015-10-09,MINEROS,MINEROS.CL,2000.0
2015-10-16,MINEROS,MINEROS.CL,1950.0
2015-10-23,MINEROS,MINEROS.CL,1900.0
2015-10-30,MINEROS,MINEROS.CL,1900.0
2015-11-06,MINEROS,MINEROS.CL,1900.0
2015-11-13,MINEROS,MINEROS.CL,1900.0
2015-11-20,MINEROS,MINEROS.CL,1755.0
2015-11-27,MINEROS,MINEROS.CL,1850.0
2015-12-04,MINEROS,MINEROS.CL,1850.0
2015-12-11,MINEROS,MINEROS.CL,1780.0
2015-12-18,MINEROS,MINEROS.CL,1865.0
2015-12-25,MINEROS,MINEROS.CL,1845.0
2016-01-01,MINEROS,MINEROS.CL,1970.0
2016-01-08,MINEROS,MINEROS.CL,1785.0
2016-01-15,MINEROS,MINEROS.CL,1820.0
2016-01-22,MINEROS,MINEROS.CL,1925.0
2016-01-29,MINEROS,MINEROS.CL,1975.0
2016-02-05,MINEROS,MINEROS.CL,2180.0
2016-02-12,MINEROS,MINEROS.CL,2200.0
2016-02-19,MINEROS,MINEROS.CL,2360.0
2016-02-26,MINEROS,MINEROS.CL,2300.0
2016-03-04,MINEROS,MINEROS.CL,2450.0
2016-03-11,MINEROS,MINEROS.CL,2330.0
2016-03-18,MINEROS,MINEROS.CL,2500.0
2016-03-25,MINEROS,MINEROS.CL,2500.0
2016-04-01,MINEROS,MINEROS.CL,2420.0
2016-04-08,MINEROS,MINEROS.CL,2420.0
2016-04-15,MINEROS,MINEROS.CL,2450.0
2016-04-22,MINEROS,MINEROS.CL,2420.0
2016-04-29,MINEROS,MINEROS.CL,2400.0
2016-05-06,MINEROS,MINEROS.CL,2330.0
2016-05-13,MINEROS,MINEROS.CL,2310.0
2016-05-20,MINEROS,MINEROS.CL,2350.0
2016-05-27,MINEROS,MINEROS.CL,2380.0
2016-06-03,MINEROS,MINEROS.CL,2390.0
2016-06-10,MINEROS,MINEROS.CL,2390.0
2016-06-17,MINEROS,MINEROS.CL,2350.0
2016-06-24,MINEROS,MINEROS.CL,2440.0
2016-07-01,MINEROS,MINEROS.CL,2680.0
2016-07-08,MINEROS,MINEROS.CL,2510.0
2016-07-15,MINEROS,MINEROS.CL,2560.0
2016-07-22,MINEROS,MINEROS.CL,2400.0
2016-07-29,MINEROS,MINEROS.CL,2375.0
2016-08-05,MINEROS,MINEROS.CL,2305.0
2016-08-12,MINEROS,MINEROS.CL,2435.0
2016-08-19,MINEROS,MINEROS.CL,2420.0
2016-08-26,MINEROS,MINEROS.CL,2350.0
2016-09-02,MINEROS,MINEROS.CL,2315.0
2016-09-09,MINEROS,MINEROS.CL,2300.0
2016-09-16,MINEROS,MINEROS.CL,2155.0
2016-09-23,MINEROS,MINEROS.CL,2200.0
2016-09-30,MINEROS,MINEROS.CL,2155.0
2016-10-07,MINEROS,MINEROS.CL,2150.0
2016-10-14,MINEROS,MINEROS.CL,2150.0
2016-10-21,MINEROS,MINEROS.CL,2100.0
2016-10-28,MINEROS,MINEROS.CL,2100.0
2016-11-04,MINEROS,MINEROS.CL,2100.0
2016-11-11,MINEROS,MINEROS.CL,1940.0
2016-11-18,MINEROS,MINEROS.CL,1970.0
2016-11-25,MINEROS,MINEROS.CL,2000.0
2016-12-02,MINEROS,MINEROS.CL,1970.0
2016-12-09,MINEROS,MINEROS.CL,1950.0
2016-12-16,MINEROS,MINEROS.CL,1920.0
2016-12-23,MINEROS,MINEROS.CL,1920.0
2016-12-30,MINEROS,MINEROS.CL,1920.0
2017-01-06,MINEROS,MINEROS.CL,1915.0
2017-01-13,MINEROS,MINEROS.CL,2090.0
2017-01-20,MINEROS,MINEROS.CL,2140.0
2017-01-27,MINEROS,MINEROS.CL,2110.0
2017-02-03,MINEROS,MINEROS.CL,2145.0
2017-02-10,MINEROS,MINEROS.CL,2365.0
2017-02-17,MINEROS,MINEROS.CL,2435.0
2017-02-24,MINEROS,MINEROS.CL,2360.0
2017-03-03,MINEROS,MINEROS.CL,2395.0
2017-03-10,MINEROS,MINEROS.CL,2380.0
2017-03-17,MINEROS,MINEROS.CL,2395.0
2017-03-24,MINEROS,MINEROS.CL,2435.0
2017-03-31,MINEROS,MINEROS.CL,2445.0
2017-04-07,MINEROS,MINEROS.CL,2500.0
2017-04-14,MINEROS,MINEROS.CL,2500.0
2017-04-21,MINEROS,MINEROS.CL,2585.0
2017-04-28,MINEROS,MINEROS.CL,2700.0
2017-05-05,MINEROS,MINEROS.CL,2590.0
2017-05-12,MINEROS,MINEROS.CL,2630.0
2017-05-19,MINEROS,MINEROS.CL,2540.0
2017-05-26,MINEROS,MINEROS.CL,2560.0
2017-06-02,MINEROS,MINEROS.CL,2630.0
2017-06-09,MINEROS,MINEROS.CL,2700.0
2017-06-16,MINEROS,MINEROS.CL,2685.0
2017-06-23,MINEROS,MINEROS.CL,2705.0
2017-06-30,MINEROS,MINEROS.CL,2735.0
2017-07-07,MINEROS,MINEROS.CL,2655.0
2017-07-14,MINEROS,MINEROS.CL,2605.0
2017-07-21,MINEROS,MINEROS.CL,2660.0
2017-07-28,MINEROS,MINEROS.CL,2600.0
2017-08-04,MINEROS,MINEROS.CL,2570.0
2017-08-11,MINEROS,MINEROS.CL,2545.0
2017-08-18,MINEROS,MINEROS.CL,2585.0
2017-08-25,MINEROS,MINEROS.CL,2640.0
2017-09-01,MINEROS,MINEROS.CL,2675.0
2017-09-08,MINEROS,MINEROS.CL,2605.0
2017-09-15,MINEROS,MINEROS.CL,2550.0
2017-09-22,MINEROS,MINEROS.CL,2555.0
2017-09-29,MINEROS,MINEROS.CL,2560.0
2017-10-06,MINEROS,MINEROS.CL,2575.0
2017-10-13,MINEROS,MINEROS.CL,2535.0
2017-10-20,MINEROS,MINEROS.CL,2555.0
2017-10-27,MINEROS,MINEROS.CL,2500.0
2017-11-03,MINEROS,MINEROS.CL,2555.0
2017-11-10,MINEROS,MINEROS.CL,2540.0
2017-11-17,MINEROS,MINEROS.CL,2515.0
2017-11-24,MINEROS,MINEROS.CL,2535.0
2017-12-01,MINEROS,MINEROS.CL,2535.0
2017-12-08,MINEROS,MINEROS.CL,2515.0
2017-12-15,MINEROS,MINEROS.CL,2460.0
2017-12-22,MINEROS,MINEROS.CL,2530.0
2017-12-29,MINEROS,MINEROS.CL,2520.0
2018-01-05,MINEROS,MINEROS.CL,2460.0
2018-01-12,MINEROS,MINEROS.CL,2385.0
2018-01-19,MINEROS,MINEROS.CL,2490.0
2018-01-26,MINEROS,MINEROS.CL,2450.0
2018-02-02,MINEROS,MINEROS.CL,2450.0
2018-02-09,MINEROS,MINEROS.CL,2440.0
2018-02-16,MINEROS,MINEROS.CL,2465.0
2018-02-23,MINEROS,MINEROS.CL,2400.0
2018-03-02,MINEROS,MINEROS.CL,2380.0
2018-03-09,MINEROS,MINEROS.CL,2400.0
2018-03-16,MINEROS,MINEROS.CL,2400.0
2018-03-23,MINEROS,MINEROS.CL,2400.0
2018-03-30,MINEROS,MINEROS.CL,2310.0
2018-04-06,MINEROS,MINEROS.CL,2375.0
2018-04-13,MINEROS,MINEROS.CL,2310.0
2018-04-20,MINEROS,MINEROS.CL,2325.0
2018-04-27,MINEROS,MINEROS.CL,2340.0
2018-05-04,MINEROS,MINEROS.CL,2395.0
2018-05-11,MINEROS,MINEROS.CL,2395.0
2018-05-18,MINEROS,MINEROS.CL,2385.0
2018-05-25,MINEROS,MINEROS.CL,2310.0
2018-06-01,MINEROS,MINEROS.CL,2400.0
2018-06-08,MINEROS,MINEROS.CL,2400.0
2018-06-15,MINEROS,MINEROS.CL,2400.0
2018-06-22,MINEROS,MINEROS.CL,2340.0
2018-06-29,MINEROS,MINEROS.CL,2345.0
2018-07-06,MINEROS,MINEROS.CL,2200.0
2018-07-13,MINEROS,MINEROS.CL,2200.0
2018-07-20,MINEROS,MINEROS.CL,2220.0
2018-07-27,MINEROS,MINEROS.CL,2250.0
2018-08-03,MINEROS,MINEROS.CL,2220.0
2018-08-10,MINEROS,MINEROS.CL,2100.0
2018-08-17,MINEROS,MINEROS.CL,2105.0
2018-08-24,MINEROS,MINEROS.CL,2295.0
2018-08-31,MINEROS,MINEROS.CL,2270.0
2018-09-07,MINEROS,MINEROS.CL,2250.0
2018-09-14,MINEROS,MINEROS.CL,2120.0
2018-09-21,MINEROS,MINEROS.CL,2060.0
2018-09-28,MINEROS,MINEROS.CL,2060.0
2018-10-05,MINEROS,MINEROS.CL,2020.0
2018-10-12,MINEROS,MINEROS.CL,2070.0
2018-10-19,MINEROS,MINEROS.CL,2020.0
2018-10-26,MINEROS,MINEROS.CL,1995.0
2018-11-02,MINEROS,MINEROS.CL,2000.0
2018-11-09,MINEROS,MINEROS.CL,2000.0
2018-11-16,MINEROS,MINEROS.CL,1960.0
2018-11-23,MINEROS,MINEROS.CL,1900.0
2018-11-30,MINEROS,MINEROS.CL,2000.0
2018-12-07,MINEROS,MINEROS.CL,1950.0
2018-12-14,MINEROS,MINEROS.CL,2000.0
2018-12-21,MINEROS,MINEROS.CL,2045.0
2018-12-28,MINEROS,MINEROS.CL,2045.0
2019-01-04,MINEROS,MINEROS.CL,2000.0
2019-01-11,MINEROS,MINEROS.CL,2000.0
2019-01-18,MINEROS,MINEROS.CL,1980.0
2019-01-25,MINEROS,MINEROS.CL,2010.0
2019-02-01,MINEROS,MINEROS.CL,2000.0
2019-02-08,MINEROS,MINEROS.CL,1975.0
2019-02-15,MINEROS,MINEROS.CL,1960.0
2019-02-22,MINEROS,MINEROS.CL,1800.0
2019-03-01,MINEROS,MINEROS.CL,2000.0
2019-03-08,MINEROS,MINEROS.CL,2075.0
2019-03-15,MINEROS,MINEROS.CL,2120.0
2019-03-22,MINEROS,MINEROS.CL,2170.0
2019-03-29,MINEROS,MINEROS.CL,2200.0
2019-04-05,MINEROS,MINEROS.CL,2210.0
2019-04-12,MINEROS,MINEROS.CL,2200.0
2019-04-19,MINEROS,MINEROS.CL,2215.0
2019-04-26,MINEROS,MINEROS.CL,2330.0
2019-05-03,MINEROS,MINEROS.CL,2340.0
2019-05-10,MINEROS,MINEROS.CL,2335.0
2019-05-17,MINEROS,MINEROS.CL,2350.0
2019-05-24,MINEROS,MINEROS.CL,2350.0
2019-05-31,MINEROS,MINEROS.CL,2500.0
2019-06-07,MINEROS,MINEROS.CL,2600.0
2019-06-14,MINEROS,MINEROS.CL,2610.0
2019-06-21,MINEROS,MINEROS.CL,2650.0
2019-06-28,MINEROS,MINEROS.CL,2700.0
2019-07-05,MINEROS,MINEROS.CL,3100.0
2019-07-12,MINEROS,MINEROS.CL,3115.0
2019-07-19,MINEROS,MINEROS.CL,3030.0
2019-07-26,MINEROS,MINEROS.CL,3100.0
2019-08-02,MINEROS,MINEROS.CL,3100.0
2019-08-09,MINEROS,MINEROS.CL,3110.0
2019-08-16,MINEROS,MINEROS.CL,3120.0
2019-08-23,MINEROS,MINEROS.CL,3120.0
2019-08-30,MINEROS,MINEROS.CL,3120.0
2019-09-06,MINEROS,MINEROS.CL,3140.0
2019-09-13,MINEROS,MINEROS.CL,3430.0
2019-09-20,MINEROS,MINEROS.CL,3540.0
2019-09-27,MINEROS,MINEROS.CL,3350.0
2019-10-04,MINEROS,MINEROS.CL,3500.0
2019-10-11,MINEROS,MINEROS.CL,3500.0
2019-10-18,MINEROS,MINEROS.CL,3500.0
2019-10-25,MINEROS,MINEROS.CL,3355.0
2019-11-01,MINEROS,MINEROS.CL,3050.0
2019-11-08,MINEROS,MINEROS.CL,3180.0
2019-11-15,MINEROS,MINEROS.CL,3370.0
2019-11-22,MINEROS,MINEROS.CL,3180.0
2019-11-29,MINEROS,MINEROS.CL,3175.0
2019-12-06,MINEROS,MINEROS.CL,3130.0
2019-12-13,MINEROS,MINEROS.CL,3170.0
2019-12-20,MINEROS,MINEROS.CL,3185.0
2019-12-27,MINEROS,MINEROS.CL,3250.0
2020-01-03,MINEROS,MINEROS.CL,3230.0
2020-01-10,MINEROS,MINEROS.CL,3200.0
2020-01-17,MINEROS,MINEROS.CL,3235.0
2020-01-24,MINEROS,MINEROS.CL,3100.0
2020-01-31,MINEROS,MINEROS.CL,3160.0
2020-02-07,MINEROS,MINEROS.CL,3185.0
2020-02-14,MINEROS,MINEROS.CL,3380.0
2020-02-21,MINEROS,MINEROS.CL,3475.0
2020-02-28,MINEROS,MINEROS.CL,3360.0
2020-03-06,MINEROS,MINEROS.CL,2950.0
2020-03-13,MINEROS,MINEROS.CL,2300.0
2020-03-20,MINEROS,MINEROS.CL,2870.0
2020-03-27,MINEROS,MINEROS.CL,2620.0
2020-04-03,MINEROS,MINEROS.CL,2695.0
2020-04-10,MINEROS,MINEROS.CL,2820.0
2020-04-17,MINEROS,MINEROS.CL,3020.0
2020-04-24,MINEROS,MINEROS.CL,3070.0
2020-05-01,MINEROS,MINEROS.CL,3200.0
2020-05-08,MINEROS,MINEROS.CL,3180.0
2020-05-15,MINEROS,MINEROS.CL,3290.0
2020-05-22,MINEROS,MINEROS.CL,3370.0
2020-05-29,MINEROS,MINEROS.CL,3430.0
2020-06-05,MINEROS,MINEROS.CL,3070.0
2020-06-12,MINEROS,MINEROS.CL,3290.0
2020-06-19,MINEROS,MINEROS.CL,3220.0
2020-06-26,MINEROS,MINEROS.CL,3310.0
2020-07-03,MINEROS,MINEROS.CL,3520.0
2020-07-10,MINEROS,MINEROS.CL,3545.0
2020-07-17,MINEROS,MINEROS.CL,3850.0
2020-07-24,MINEROS,MINEROS.CL,3895.0
2020-07-31,MINEROS,MINEROS.CL,4055.0
2020-08-07,MINEROS,MINEROS.CL,3900.0
2020-08-14,MINEROS,MINEROS.CL,3895.0
2020-08-21,MINEROS,MINEROS.CL,3830.0
2020-08-28,MINEROS,MINEROS.CL,3885.0
2020-09-04,MINEROS,MINEROS.CL,3815.0
2020-09-11,MINEROS,MINEROS.CL,3750.0
2020-09-18,MINEROS,MINEROS.CL,3620.0
2020-09-25,MINEROS,MINEROS.CL,3570.0
2020-10-02,MINEROS,MINEROS.CL,3570.0
2020-10-09,MINEROS,MINEROS.CL,3570.0
2020-10-16,MINEROS,MINEROS.CL,3696.0
2020-10-23,MINEROS,MINEROS.CL,3640.0
2020-10-30,MINEROS,MINEROS.CL,3880.0
2020-11-06,MINEROS,MINEROS.CL,3840.0
2020-11-13,MINEROS,MINEROS.CL,3795.0
2020-11-20,MINEROS,MINEROS.CL,3765.0
2020-11-27,MINEROS,MINEROS.CL,3926.0
2020-12-04,MINEROS,MINEROS.CL,3915.0
2020-12-11,MINEROS,MINEROS.CL,4100.0
2020-12-18,MINEROS,MINEROS.CL,4115.0
2020-12-25,MINEROS,MINEROS.CL,4167.0
2021-01-01,MINEROS,MINEROS.CL,4200.0
2021-01-08,MINEROS,MINEROS.CL,4295.0
2021-01-15,MINEROS,MINEROS.CL,4352.0
2021-01-22,MINEROS,MINEROS.CL,4255.0
2021-01-29,MINEROS,MINEROS.CL,4040.0
2021-02-05,MINEROS,MINEROS.CL,4150.0
2021-02-12,MINEROS,MINEROS.CL,4080.0
2021-02-19,MINEROS,MINEROS.CL,4095.0
2021-02-26,MINEROS,MINEROS.CL,4070.0
2021-03-05,MINEROS,MINEROS.CL,4150.0
2021-03-12,MINEROS,MINEROS.CL,4170.0
2021-03-19,MINEROS,MINEROS.CL,4220.0
2021-03-26,MINEROS,MINEROS.CL,4430.0
2021-04-02,MINEROS,MINEROS.CL,4230.0
2021-04-09,MINEROS,MINEROS.CL,4201.0
2021-04-16,MINEROS,MINEROS.CL,4235.0
2021-04-23,MINEROS,MINEROS.CL,4200.0
2021-04-30,MINEROS,MINEROS.CL,4249.0
2021-05-07,MINEROS,MINEROS.CL,4275.0
2021-05-14,MINEROS,MINEROS.CL,4280.0
2021-05-21,MINEROS,MINEROS.CL,3836.0
2021-05-28,MINEROS,MINEROS.CL,4000.0
2021-06-04,MINEROS,MINEROS.CL,4154.0
2021-06-11,MINEROS,MINEROS.CL,3972.0
2021-06-18,MINEROS,MINEROS.CL,4050.0
2021-06-25,MINEROS,MINEROS.CL,4024.0
2021-07-02,MINEROS,MINEROS.CL,4005.0
2021-07-09,MINEROS,MINEROS.CL,4025.0
2021-07-16,MINEROS,MINEROS.CL,3872.0
2021-07-23,MINEROS,MINEROS.CL,3705.0
2021-07-30,MINEROS,MINEROS.CL,3755.0
2021-08-06,MINEROS,MINEROS.CL,3739.0
2021-08-13,MINEROS,MINEROS.CL,3840.0
2021-08-20,MINEROS,MINEROS.CL,3696.0
2021-08-27,MINEROS,MINEROS.CL,3730.0
2021-09-03,MINEROS,MINEROS.CL,3765.0
2021-09-10,MINEROS,MINEROS.CL,3597.0
2021-09-17,MINEROS,MINEROS.CL,3625.0
2021-09-24,MINEROS,MINEROS.CL,3770.0
2021-10-01,MINEROS,MINEROS.CL,3850.0
2021-10-08,MINEROS,MINEROS.CL,3811.0
2021-10-15,MINEROS,MINEROS.CL,3885.0
2021-10-22,MINEROS,MINEROS.CL,4030.0
2021-10-29,MINEROS,MINEROS.CL,4000.0
2021-11-05,MINEROS,MINEROS.CL,3920.0
2021-11-12,MINEROS,MINEROS.CL,3780.0
2021-11-19,MINEROS,MINEROS.CL,3799.0
2021-11-26,MINEROS,MINEROS.CL,3651.0
2021-12-03,MINEROS,MINEROS.CL,3656.0
2021-12-10,MINEROS,MINEROS.CL,3679.0
2021-12-17,MINEROS,MINEROS.CL,3600.0
2021-12-24,MINEROS,MINEROS.CL,3635.0
2021-12-31,MINEROS,MINEROS.CL,3565.0
2022-01-07,MINEROS,MINEROS.CL,3605.0
2022-01-14,MINEROS,MINEROS.CL,3850.0
2022-01-21,MINEROS,MINEROS.CL,3790.0
2022-01-28,MINEROS,MINEROS.CL,3727.0
2022-02-04,MINEROS,MINEROS.CL,3540.0
2022-02-11,MINEROS,MINEROS.CL,3500.0
2022-02-18,MINEROS,MINEROS.CL,3620.0
2022-02-25,MINEROS,MINEROS.CL,3520.0
2022-03-04,MINEROS,MINEROS.CL,3430.0
2022-03-11,MINEROS,MINEROS.CL,3382.0
2022-03-18,MINEROS,MINEROS.CL,3390.0
2022-03-25,MINEROS,MINEROS.CL,3442.0
2022-04-01,MINEROS,MINEROS.CL,3410.0
2022-04-08,MINEROS,MINEROS.CL,3340.0
2022-04-15,MINEROS,MINEROS.CL,3340.0
2022-04-22,MINEROS,MINEROS.CL,3215.0
2022-04-29,MINEROS,MINEROS.CL,3075.0
2022-05-06,MINEROS,MINEROS.CL,2920.0
2022-05-13,MINEROS,MINEROS.CL,2667.0
2022-05-20,MINEROS,MINEROS.CL,2710.0
2022-05-27,MINEROS,MINEROS.CL,3149.0
2022-06-03,MINEROS,MINEROS.CL,2945.0
2022-06-10,MINEROS,MINEROS.CL,2815.0
2022-06-17,MINEROS,MINEROS.CL,2380.0
2022-06-24,MINEROS,MINEROS.CL,2360.0
2022-07-01,MINEROS,MINEROS.CL,2390.0
2022-07-08,MINEROS,MINEROS.CL,2285.0
2022-07-15,MINEROS,MINEROS.CL,2170.0
2022-07-22,MINEROS,MINEROS.CL,2230.0
2022-07-29,MINEROS,MINEROS.CL,2020.0
2022-08-05,MINEROS,MINEROS.CL,2010.0
2022-08-12,MINEROS,MINEROS.CL,1925.0
2022-08-19,MINEROS,MINEROS.CL,1885.0
2022-08-26,MINEROS,MINEROS.CL,1948.0
2022-09-02,MINEROS,MINEROS.CL,1920.0
2022-09-09,MINEROS,MINEROS.CL,1885.0
2022-09-16,MINEROS,MINEROS.CL,1878.0
2022-09-23,MINEROS,MINEROS.CL,1795.0
2022-09-30,MINEROS,MINEROS.CL,1819.0
2022-10-07,MINEROS,MINEROS.CL,1810.0
2022-10-14,MINEROS,MINEROS.CL,1750.0
2022-10-21,MINEROS,MINEROS.CL,1660.0
2022-10-28,MINEROS,MINEROS.CL,1640.0
2022-11-04,MINEROS,MINEROS.CL,1710.0
2022-11-11,MINEROS,MINEROS.CL,1758.0
2022-11-18,MINEROS,MINEROS.CL,1800.0
2022-11-25,MINEROS,MINEROS.CL,1723.0
2022-12-02,MINEROS,MINEROS.CL,1838.0
2022-12-09,MINEROS,MINEROS.CL,1740.0
2022-12-16,MINEROS,MINEROS.CL,1800.0
2022-12-23,MINEROS,MINEROS.CL,1850.0
2022-12-30,MINEROS,MINEROS.CL,1900.0
2023-01-06,MINEROS,MINEROS.CL,2300.0
2023-01-13,MINEROS,MINEROS.CL,2250.0
2023-01-20,MINEROS,MINEROS.CL,2295.0
2023-01-27,MINEROS,MINEROS.CL,2142.0
2023-02-03,MINEROS,MINEROS.CL,1926.47
2023-02-10,MINEROS,MINEROS.CL,2000.0
2023-02-17,MINEROS,MINEROS.CL,1895.56
2023-02-24,MINEROS,MINEROS.CL,1993.0
2023-03-03,MINEROS,MINEROS.CL,2300.0
2023-03-10,MINEROS,MINEROS.CL,2250.0
2023-03-17,MINEROS,MINEROS.CL,2203.0
2023-03-24,MINEROS,MINEROS.CL,2002.0
2023-03-31,MINEROS,MINEROS.CL,2200.0
2023-04-07,MINEROS,MINEROS.CL,2180.0
2023-04-14,MINEROS,MINEROS.CL,2037.85
2023-04-21,MINEROS,MINEROS.CL,2000.0
2023-04-28,MINEROS,MINEROS.CL,1999.0
2023-05-05,MINEROS,MINEROS.CL,2086.87
2023-05-12,MINEROS,MINEROS.CL,2117.0
2023-05-19,MINEROS,MINEROS.CL,2000.0
2023-05-26,MINEROS,MINEROS.CL,1911.0
2023-06-02,MINEROS,MINEROS.CL,1950.0
2023-06-09,MINEROS,MINEROS.CL,1905.0
2023-06-16,MINEROS,MINEROS.CL,1900.0
2023-06-23,MINEROS,MINEROS.CL,1835.0
2023-06-30,MINEROS,MINEROS.CL,1833.0
2023-07-07,MINEROS,MINEROS.CL,1874.0
2023-07-14,MINEROS,MINEROS.CL,1912.0
2023-07-21,MINEROS,MINEROS.CL,1900.0
2023-07-28,MINEROS,MINEROS.CL,1900.0
2023-08-04,MINEROS,MINEROS.CL,1925.0
2023-08-11,MINEROS,MINEROS.CL,1917.0
2023-08-18,MINEROS,MINEROS.CL,1890.0
2023-08-25,MINEROS,MINEROS.CL,1871.0
2023-09-01,MINEROS,MINEROS.CL,1839.0
2023-09-08,MINEROS,MINEROS.CL,1899.0
2023-09-15,MINEROS,MINEROS.CL,1830.0
2023-09-22,MINEROS,MINEROS.CL,1780.0
2023-09-29,MINEROS,MINEROS.CL,1771.0
2023-10-06,MINEROS,MINEROS.CL,1780.0
2023-10-13,MINEROS,MINEROS.CL,1903.0
2023-10-20,MINEROS,MINEROS.CL,1748.0
2023-10-27,MINEROS,MINEROS.CL,1750.0
2023-11-03,MINEROS,MINEROS.CL,1750.0
2023-11-10,MINEROS,MINEROS.CL,1725.0
2023-11-17,MINEROS,MINEROS.CL,1690.0
2023-11-24,MINEROS,MINEROS.CL,1675.0
2023-12-01,MINEROS,MINEROS.CL,1720.0
2023-12-08,MINEROS,MINEROS.CL,1720.0
2023-12-15,MINEROS,MINEROS.CL,1710.0
2023-12-22,MINEROS,MINEROS.CL,1835.0
2023-12-29,MINEROS,MINEROS.CL,1920.0
2024-01-05,MINEROS,MINEROS.CL,2020.0
2024-01-12,MINEROS,MINEROS.CL,2020.0
2024-01-19,MINEROS,MINEROS.CL,1995.0
2024-01-26,MINEROS,MINEROS.CL,1945.0
2024-02-02,MINEROS,MINEROS.CL,1905.0
2024-02-09,MINEROS,MINEROS.CL,1980.0
2024-02-16,MINEROS,MINEROS.CL,2050.0
2024-02-23,MINEROS,MINEROS.CL,2300.0
2024-03-01,MINEROS,MINEROS.CL,2670.0
2024-03-08,MINEROS,MINEROS.CL,2695.0
2024-03-15,MINEROS,MINEROS.CL,2630.0
2024-03-22,MINEROS,MINEROS.CL,3100.0
2024-03-29,MINEROS,MINEROS.CL,3240.0
2024-04-05,MINEROS,MINEROS.CL,3320.0
2024-04-12,MINEROS,MINEROS.CL,3275.0
2024-04-19,MINEROS,MINEROS.CL,3245.0
2024-04-26,MINEROS,MINEROS.CL,3185.0
2024-05-03,MINEROS,MINEROS.CL,3235.0
2024-05-10,MINEROS,MINEROS.CL,3235.0
2024-05-17,MINEROS,MINEROS.CL,3165.0
2024-05-24,MINEROS,MINEROS.CL,3105.0
2024-05-31,MINEROS,MINEROS.CL,3285.0
2024-06-07,MINEROS,MINEROS.CL,3185.0
2024-06-14,MINEROS,MINEROS.CL,3340.0
2024-06-21,MINEROS,MINEROS.CL,3260.0
2024-06-28,MINEROS,MINEROS.CL,3345.0
2024-07-05,MINEROS,MINEROS.CL,3385.0
2024-07-12,MINEROS,MINEROS.CL,3415.0
2024-07-19,MINEROS,MINEROS.CL,3350.0
2024-07-26,MINEROS,MINEROS.CL,3350.0
2024-08-02,MINEROS,MINEROS.CL,3155.0
2024-08-09,MINEROS,MINEROS.CL,3155.0
2024-08-16,MINEROS,MINEROS.CL,3270.0
2024-08-23,MINEROS,MINEROS.CL,3370.0
2024-08-30,MINEROS,MINEROS.CL,3280.0
2024-09-06,MINEROS,MINEROS.CL,3305.0
2024-09-13,MINEROS,MINEROS.CL,3495.0
2024-09-20,MINEROS,MINEROS.CL,3480.0
2024-09-27,MINEROS,MINEROS.CL,3565.0
2024-10-04,MINEROS,MINEROS.CL,3720.0
2024-10-11,MINEROS,MINEROS.CL,3655.0
2024-10-18,MINEROS,MINEROS.CL,3655.0
2024-10-25,MINEROS,MINEROS.CL,3655.0
2024-11-01,MINEROS,MINEROS.CL,3655.0
2024-11-08,MINEROS,MINEROS.CL,3750.0
2024-11-15,MINEROS,MINEROS.CL,3830.0
2024-11-22,MINEROS,MINEROS.CL,4155.0
2024-11-29,MINEROS,MINEROS.CL,4195.0
2024-12-06,MINEROS,MINEROS.CL,4425.0
2024-12-13,MINEROS,MINEROS.CL,4225.0
2024-12-20,MINEROS,MINEROS.CL,4300.0
2024-12-27,MINEROS,MINEROS.CL,4410.0
2025-01-03,MINEROS,MINEROS.CL,4525.0
2025-01-10,MINEROS,MINEROS.CL,4630.0
2025-01-17,MINEROS,MINEROS.CL,4750.0
2025-01-24,MINEROS,MINEROS.CL,4875.0
2025-01-31,MINEROS,MINEROS.CL,3705.0
2025-02-07,MINEROS,MINEROS.CL,3705.0
2025-02-14,MINEROS,MINEROS.CL,5500.0
2025-02-21,MINEROS,MINEROS.CL,5350.0
2025-02-28,MINEROS,MINEROS.CL,5300.0
2025-03-07,MINEROS,MINEROS.CL,5400.0
2025-03-14,MINEROS,MINEROS.CL,5000.0
2025-03-21,MINEROS,MINEROS.CL,5580.0
2025-03-28,MINEROS,MINEROS.CL,5900.0
2025-04-04,MINEROS,MINEROS.CL,5920.0
2025-04-11,MINEROS,MINEROS.CL,6000.0
2025-04-18,MINEROS,MINEROS.CL,6200.0
2025-04-25,MINEROS,MINEROS.CL,6030.0
2025-05-02,MINEROS,MINEROS.CL,6370.0
2025-05-09,MINEROS,MINEROS.CL,7250.0
2025-05-16,MINEROS,MINEROS.CL,7320.0
2025-05-23,MINEROS,MINEROS.CL,7210.0
2025-05-30,MINEROS,MINEROS.CL,7210.0
2025-06-06,MINEROS,MINEROS.CL,7210.0
2025-06-13,MINEROS,MINEROS.CL,7220.0
2025-06-20,MINEROS,MINEROS.CL,7230.0
2025-06-27,MINEROS,MINEROS.CL,7300.0
2025-07-04,MINEROS,MINEROS.CL,7050.0
2025-07-11,MINEROS,MINEROS.CL,7290.0
2025-07-18,MINEROS,MINEROS.CL,7550.0
2025-07-25,MINEROS,MINEROS.CL,7560.0
2025-08-01,MINEROS,MINEROS.CL,7600.0
2025-08-08,MINEROS,MINEROS.CL,8030.0
2025-08-15,MINEROS,MINEROS.CL,8350.0
2025-08-22,MINEROS,MINEROS.CL,9740.0
2025-08-29,MINEROS,MINEROS.CL,10960.0
2025-09-05,MINEROS,MINEROS.CL,11240.0
2025-09-12,MINEROS,MINEROS.CL,10700.0
2025-09-19,MINEROS,MINEROS.CL,11500.0
2025-09-26,MINEROS,MINEROS.CL,12460.0
2025-10-03,MINEROS,MINEROS.CL,13340.0
2025-10-10,MINEROS,MINEROS.CL,14640.0
2025-10-17,MINEROS,MINEROS.CL,14400.0
2025-10-24,MINEROS,MINEROS.CL,13600.0
2025-10-31,MINEROS,MINEROS.CL,13840.0
2025-11-07,MINEROS,MINEROS.CL,14960.0
2025-11-14,MINEROS,MINEROS.CL,14600.0
2025-11-21,MINEROS,MINEROS.CL,15000.0
2025-11-28,MINEROS,MINEROS.CL,15480.0
2025-12-05,MINEROS,MINEROS.CL,15480.0
2025-12-12,MINEROS,MINEROS.CL,15560.0
2025-12-19,MINEROS,MINEROS.CL,15660.0
2025-12-26,MINEROS,MINEROS.CL,15300.0
2026-01-02,MINEROS,MINEROS.CL,15820.0
2026-01-09,MINEROS,MINEROS.CL,17240.0
2026-01-16,MINEROS,MINEROS.CL,18800.0
2026-01-23,MINEROS,MINEROS.CL,21200.0
2026-01-30,MINEROS,MINEROS.CL,17780.0
2026-02-06,MINEROS,MINEROS.CL,19380.0
2026-02-13,MINEROS,MINEROS.CL,19200.0
2026-02-20,MINEROS,MINEROS.CL,19280.0
2026-02-27,MINEROS,MINEROS.CL,16820.0
2026-03-06,MINEROS,MINEROS.CL,16760.0
2026-03-13,MINEROS,MINEROS.CL,12520.0
2026-03-20,MINEROS,MINEROS.CL,12900.0
2026-03-27,MINEROS,MINEROS.CL,13840.0
2026-04-03,MINEROS,MINEROS.CL,14320.0
2026-04-10,MINEROS,MINEROS.CL,14660.0
2026-04-17,MINEROS,MINEROS.CL,14000.0
2026-04-24,MINEROS,MINEROS.CL,13600.0
2026-05-01,MINEROS,MINEROS.CL,15100.0
2026-05-08,MINEROS,MINEROS.CL,15020.0
2026-05-15,MINEROS,MINEROS.CL,15000.0
2026-05-22,MINEROS,MINEROS.CL,15320.0
2026-05-29,MINEROS,MINEROS.CL,15480.0
2026-06-05,MINEROS,MINEROS.CL,14580.0
2026-06-12,MINEROS,MINEROS.CL,16260.0
2026-06-19,MINEROS,MINEROS.CL,15660.0
2026-06-26,MINEROS,MINEROS.CL,15920.0
2026-07-03,MINEROS,MINEROS.CL,15180.0
2026-07-10,MINEROS,MINEROS.CL,14900.0
2026-07-17,MINEROS,MINEROS.CL,15580.0
2026-07-24,MINEROS,MINEROS.CL,16040.0
2026-07-31,MINEROS,MINEROS.CL,16840.0
2026-08-07,MINEROS,MINEROS.CL,16700.0
2026-08-14,MINEROS,MINEROS.CL,17580.0
2026-08-21,MINEROS,MINEROS.CL,18540.0
2026-08-28,MINEROS,MINEROS.CL,19060.0
2026-09-04,MINEROS,MINEROS.CL,20020.0
2026-09-11,MINEROS,MINEROS.CL,20500.0
2026-09-18,MINEROS,MINEROS.CL,22660.0
2026-09-25,MINEROS,MINEROS.CL,22820.0
2026-09-30,MINEROS,MINEROS.CL,22820.0
2024-06-21,PEI,PEI.CL,75000.0
2024-06-28,PEI,PEI.CL,75100.0
2024-07-05,PEI,PEI.CL,75000.0
2024-07-12,PEI,PEI.CL,72500.0
2024-07-19,PEI,PEI.CL,72960.0
2024-09-13,PEI,PEI.CL,73200.0
2024-09-20,PEI,PEI.CL,69800.0
2024-09-27,PEI,PEI.CL,70560.0
2024-10-04,PEI,PEI.CL,67980.0
2024-10-11,PEI,PEI.CL,67960.0
2024-10-18,PEI,PEI.CL,67000.0
2024-10-25,PEI,PEI.CL,69440.0
2024-11-01,PEI,PEI.CL,68200.0
2024-11-08,PEI,PEI.CL,68020.0
2024-11-15,PEI,PEI.CL,68200.0
2024-11-22,PEI,PEI.CL,68900.0
2024-11-29,PEI,PEI.CL,69300.0
2024-12-06,PEI,PEI.CL,68700.0
2024-12-13,PEI,PEI.CL,69100.0
2024-12-20,PEI,PEI.CL,69200.0
2024-12-27,PEI,PEI.CL,69380.0
2025-01-03,PEI,PEI.CL,69200.0
2025-01-10,PEI,PEI.CL,68820.0
2025-01-17,PEI,PEI.CL,69500.0
2025-01-24,PEI,PEI.CL,72500.0
2025-01-31,PEI,PEI.CL,71000.0
2025-02-07,PEI,PEI.CL,70500.0
2025-02-14,PEI,PEI.CL,69080.0
2025-02-21,PEI,PEI.CL,69600.0
2025-02-28,PEI,PEI.CL,68180.0
2025-03-07,PEI,PEI.CL,71960.0
2025-03-14,PEI,PEI.CL,75000.0
2025-03-21,PEI,PEI.CL,69000.0
2025-03-28,PEI,PEI.CL,70020.0
2025-04-04,PEI,PEI.CL,70000.0
2025-04-11,PEI,PEI.CL,70160.0
2025-04-18,PEI,PEI.CL,70040.0
2025-04-25,PEI,PEI.CL,70640.0
2025-05-02,PEI,PEI.CL,71460.0
2025-05-09,PEI,PEI.CL,72000.0
2025-05-16,PEI,PEI.CL,71660.0
2025-05-23,PEI,PEI.CL,69000.0
2025-05-30,PEI,PEI.CL,67500.0
2025-06-06,PEI,PEI.CL,69500.0
2025-06-13,PEI,PEI.CL,68740.0
2025-06-20,PEI,PEI.CL,68920.0
2025-06-27,PEI,PEI.CL,68500.0
2025-07-04,PEI,PEI.CL,68000.0
2025-07-11,PEI,PEI.CL,69000.0
2025-07-18,PEI,PEI.CL,69300.0
2025-07-25,PEI,PEI.CL,70520.0
2025-08-01,PEI,PEI.CL,70640.0
2025-08-08,PEI,PEI.CL,71100.0
2025-08-15,PEI,PEI.CL,70000.0
2025-08-22,PEI,PEI.CL,70860.0
2025-08-29,PEI,PEI.CL,70200.0
2025-09-05,PEI,PEI.CL,79980.0
2025-09-12,PEI,PEI.CL,77500.0
2025-09-19,PEI,PEI.CL,82000.0
2025-09-26,PEI,PEI.CL,76300.0
2025-10-03,PEI,PEI.CL,79900.0
2025-10-10,PEI,PEI.CL,79000.0
2025-10-17,PEI,PEI.CL,79400.0
2025-10-24,PEI,PEI.CL,78160.0
2025-10-31,PEI,PEI.CL,80000.0
2025-11-07,PEI,PEI.CL,78000.0
2025-11-14,PEI,PEI.CL,78940.0
2025-11-21,PEI,PEI.CL,79080.0
2025-11-28,PEI,PEI.CL,77400.0
2025-12-05,PEI,PEI.CL,77900.0
2025-12-12,PEI,PEI.CL,78400.0
2025-12-19,PEI,PEI.CL,79000.0
2025-12-26,PEI,PEI.CL,78580.0
2026-01-02,PEI,PEI.CL,79960.0
2026-01-09,PEI,PEI.CL,79000.0
2026-01-16,PEI,PEI.CL,77780.0
2026-01-23,PEI,PEI.CL,76560.0
2026-01-30,PEI,PEI.CL,76460.0
2026-02-06,PEI,PEI.CL,72640.0
2026-02-13,PEI,PEI.CL,73960.0
2026-02-20,PEI,PEI.CL,72500.0
2026-02-27,PEI,PEI.CL,67940.0
2026-03-06,PEI,PEI.CL,67500.0
2026-03-13,PEI,PEI.CL,66700.0
2026-03-20,PEI,PEI.CL,61500.0
2026-03-27,PEI,PEI.CL,64900.0
2026-04-03,PEI,PEI.CL,64980.0
2026-04-10,PEI,PEI.CL,63380.0
2026-04-17,PEI,PEI.CL,61880.0
2026-04-24,PEI,PEI.CL,62020.0
2026-05-01,PEI,PEI.CL,61000.0
2026-05-08,PEI,PEI.CL,62480.0
2026-05-15,PEI,PEI.CL,60900.0
2026-05-22,PEI,PEI.CL,60300.0
2026-05-29,PEI,PEI.CL,61960.0
2026-06-05,PEI,PEI.CL,61940.0
2026-06-12,PEI,PEI.CL,64520.0
2026-06-19,PEI,PEI.CL,65080.0
2026-06-26,PEI,PEI.CL,66540.0
2026-07-03,PEI,PEI.CL,64000.0
2026-07-10,PEI,PEI.CL,66260.0
2026-07-17,PEI,PEI.CL,66740.0
2026-07-24,PEI,PEI.CL,64500.0
2026-07-31,PEI,PEI.CL,65480.0
2026-08-07,PEI,PEI.CL,67640.0
2026-08-14,PEI,PEI.CL,67000.0
2026-08-21,PEI,PEI.CL,64000.0
2026-08-28,PEI,PEI.CL,63840.0
2026-09-04,PEI,PEI.CL,63200.0
2026-09-11,PEI,PEI.CL,67940.0
2026-09-18,PEI,PEI.CL,62620.0
2026-09-25,PEI,PEI.CL,66760.0
2026-09-30,PEI,PEI.CL,66260.0
2011-05-13,PFAVAL,PFAVAL.CL,1315.0
2011-05-20,PFAVAL,PFAVAL.CL,1300.0
2011-05-27,PFAVAL,PFAVAL.CL,1300.0
2011-06-03,PFAVAL,PFAVAL.CL,1285.0
2011-06-10,PFAVAL,PFAVAL.CL,1280.0
2011-06-17,PFAVAL,PFAVAL.CL,1275.0
2011-06-24,PFAVAL,PFAVAL.CL,1300.0
2011-07-01,PFAVAL,PFAVAL.CL,1315.0
2011-07-08,PFAVAL,PFAVAL.CL,1305.0
2011-07-15,PFAVAL,PFAVAL.CL,1265.0
2011-07-22,PFAVAL,PFAVAL.CL,1290.0
2011-07-29,PFAVAL,PFAVAL.CL,1285.0
2011-08-05,PFAVAL,PFAVAL.CL,1265.0
2011-08-12,PFAVAL,PFAVAL.CL,1230.0
2011-08-19,PFAVAL,PFAVAL.CL,1180.0
2011-08-26,PFAVAL,PFAVAL.CL,1160.0
2011-09-02,PFAVAL,PFAVAL.CL,1200.0
2011-09-09,PFAVAL,PFAVAL.CL,1190.0
2011-09-16,PFAVAL,PFAVAL.CL,1190.0
2011-09-23,PFAVAL,PFAVAL.CL,1175.0
2011-09-30,PFAVAL,PFAVAL.CL,1225.0
2011-10-07,PFAVAL,PFAVAL.CL,1220.0
2011-10-14,PFAVAL,PFAVAL.CL,1245.0
2011-10-21,PFAVAL,PFAVAL.CL,1235.0
2011-10-28,PFAVAL,PFAVAL.CL,1225.0
2011-11-04,PFAVAL,PFAVAL.CL,1180.0
2011-11-11,PFAVAL,PFAVAL.CL,1135.0
2011-11-18,PFAVAL,PFAVAL.CL,1220.0
2011-11-25,PFAVAL,PFAVAL.CL,1205.0
2011-12-02,PFAVAL,PFAVAL.CL,1275.0
2011-12-09,PFAVAL,PFAVAL.CL,1260.0
2011-12-16,PFAVAL,PFAVAL.CL,1200.0
2011-12-23,PFAVAL,PFAVAL.CL,1215.0
2011-12-30,PFAVAL,PFAVAL.CL,1280.0
2012-01-06,PFAVAL,PFAVAL.CL,1245.0
2012-01-13,PFAVAL,PFAVAL.CL,1215.0
2012-01-20,PFAVAL,PFAVAL.CL,1195.0
2012-01-27,PFAVAL,PFAVAL.CL,1190.0
2012-02-03,PFAVAL,PFAVAL.CL,1210.0
2012-02-10,PFAVAL,PFAVAL.CL,1240.0
2012-02-17,PFAVAL,PFAVAL.CL,1250.0
2012-02-24,PFAVAL,PFAVAL.CL,1240.0
2012-03-02,PFAVAL,PFAVAL.CL,1240.0
2012-03-09,PFAVAL,PFAVAL.CL,1285.0
2012-03-16,PFAVAL,PFAVAL.CL,1320.0
2012-03-23,PFAVAL,PFAVAL.CL,1325.0
2012-03-30,PFAVAL,PFAVAL.CL,1310.0
2012-04-06,PFAVAL,PFAVAL.CL,1285.0
2012-04-13,PFAVAL,PFAVAL.CL,1270.0
2012-04-20,PFAVAL,PFAVAL.CL,1265.0
2012-04-27,PFAVAL,PFAVAL.CL,1250.0
2012-05-04,PFAVAL,PFAVAL.CL,1295.0
2012-05-11,PFAVAL,PFAVAL.CL,1265.0
2012-05-18,PFAVAL,PFAVAL.CL,1240.0
2012-05-25,PFAVAL,PFAVAL.CL,1205.0
2012-06-01,PFAVAL,PFAVAL.CL,1195.0
2012-06-08,PFAVAL,PFAVAL.CL,1165.0
2012-06-15,PFAVAL,PFAVAL.CL,1200.0
2012-06-22,PFAVAL,PFAVAL.CL,1175.0
2012-06-29,PFAVAL,PFAVAL.CL,1145.0
2012-07-06,PFAVAL,PFAVAL.CL,1190.0
2012-07-13,PFAVAL,PFAVAL.CL,1175.0
2012-07-20,PFAVAL,PFAVAL.CL,1185.0
2012-07-27,PFAVAL,PFAVAL.CL,1200.0
2012-08-03,PFAVAL,PFAVAL.CL,1160.0
2012-08-10,PFAVAL,PFAVAL.CL,1150.0
2012-08-17,PFAVAL,PFAVAL.CL,1160.0
2012-08-24,PFAVAL,PFAVAL.CL,1130.0
2012-08-31,PFAVAL,PFAVAL.CL,1150.0
2012-09-07,PFAVAL,PFAVAL.CL,1155.0
2012-09-14,PFAVAL,PFAVAL.CL,1180.0
2012-09-21,PFAVAL,PFAVAL.CL,1205.0
2012-09-28,PFAVAL,PFAVAL.CL,1190.0
2012-10-05,PFAVAL,PFAVAL.CL,1220.0
2012-10-12,PFAVAL,PFAVAL.CL,1250.0
2012-10-19,PFAVAL,PFAVAL.CL,1275.0
2012-10-26,PFAVAL,PFAVAL.CL,1295.0
2012-11-02,PFAVAL,PFAVAL.CL,1265.0
2012-11-09,PFAVAL,PFAVAL.CL,1230.0
2012-11-16,PFAVAL,PFAVAL.CL,1215.0
2012-11-23,PFAVAL,PFAVAL.CL,1230.0
2012-11-30,PFAVAL,PFAVAL.CL,1220.0
2012-12-07,PFAVAL,PFAVAL.CL,1255.0
2012-12-14,PFAVAL,PFAVAL.CL,1270.0
2012-12-21,PFAVAL,PFAVAL.CL,1280.0
2012-12-28,PFAVAL,PFAVAL.CL,1300.0
2013-01-04,PFAVAL,PFAVAL.CL,1305.0
2013-01-11,PFAVAL,PFAVAL.CL,1285.0
2013-01-18,PFAVAL,PFAVAL.CL,1275.0
2013-01-25,PFAVAL,PFAVAL.CL,1285.0
2013-02-01,PFAVAL,PFAVAL.CL,1270.0
2013-02-08,PFAVAL,PFAVAL.CL,1280.0
2013-02-15,PFAVAL,PFAVAL.CL,1290.0
2013-02-22,PFAVAL,PFAVAL.CL,1295.0
2013-03-01,PFAVAL,PFAVAL.CL,1285.0
2013-03-08,PFAVAL,PFAVAL.CL,1290.0
2013-03-15,PFAVAL,PFAVAL.CL,1295.0
2013-03-22,PFAVAL,PFAVAL.CL,1265.0
2013-03-29,PFAVAL,PFAVAL.CL,1290.0
2013-04-05,PFAVAL,PFAVAL.CL,1260.0
2013-04-12,PFAVAL,PFAVAL.CL,1255.0
2013-04-19,PFAVAL,PFAVAL.CL,1245.0
2013-04-26,PFAVAL,PFAVAL.CL,1250.0
2013-05-03,PFAVAL,PFAVAL.CL,1290.0
2013-05-10,PFAVAL,PFAVAL.CL,1270.0
2013-05-17,PFAVAL,PFAVAL.CL,1285.0
2013-05-24,PFAVAL,PFAVAL.CL,1375.0
2013-05-31,PFAVAL,PFAVAL.CL,1400.0
2013-06-07,PFAVAL,PFAVAL.CL,1390.0
2013-06-14,PFAVAL,PFAVAL.CL,1385.0
2013-06-21,PFAVAL,PFAVAL.CL,1390.0
2013-06-28,PFAVAL,PFAVAL.CL,1340.0
2013-07-05,PFAVAL,PFAVAL.CL,1340.0
2013-07-12,PFAVAL,PFAVAL.CL,1330.0
2013-07-19,PFAVAL,PFAVAL.CL,1365.0
2013-07-26,PFAVAL,PFAVAL.CL,1400.0
2013-08-02,PFAVAL,PFAVAL.CL,1390.0
2013-08-09,PFAVAL,PFAVAL.CL,1390.0
2013-08-16,PFAVAL,PFAVAL.CL,1385.0
2013-08-23,PFAVAL,PFAVAL.CL,1395.0
2013-08-30,PFAVAL,PFAVAL.CL,1380.0
2013-09-06,PFAVAL,PFAVAL.CL,1395.0
2013-09-13,PFAVAL,PFAVAL.CL,1400.0
2013-09-20,PFAVAL,PFAVAL.CL,1405.0
2013-09-27,PFAVAL,PFAVAL.CL,1390.0
2013-10-04,PFAVAL,PFAVAL.CL,1385.0
2013-10-11,PFAVAL,PFAVAL.CL,1385.0
2013-10-18,PFAVAL,PFAVAL.CL,1390.0
2013-10-25,PFAVAL,PFAVAL.CL,1390.0
2013-11-01,PFAVAL,PFAVAL.CL,1330.0
2013-11-08,PFAVAL,PFAVAL.CL,1290.0
2013-11-15,PFAVAL,PFAVAL.CL,1270.0
2013-11-22,PFAVAL,PFAVAL.CL,1285.0
2013-11-29,PFAVAL,PFAVAL.CL,1260.0
2013-12-06,PFAVAL,PFAVAL.CL,1240.0
2013-12-13,PFAVAL,PFAVAL.CL,1275.0
2013-12-20,PFAVAL,PFAVAL.CL,1250.0
2013-12-27,PFAVAL,PFAVAL.CL,1255.0
2014-01-03,PFAVAL,PFAVAL.CL,1255.0
2014-01-10,PFAVAL,PFAVAL.CL,1245.0
2014-01-17,PFAVAL,PFAVAL.CL,1220.0
2014-01-24,PFAVAL,PFAVAL.CL,1180.0
2014-01-31,PFAVAL,PFAVAL.CL,1160.0
2014-02-07,PFAVAL,PFAVAL.CL,1170.0
2014-02-14,PFAVAL,PFAVAL.CL,1250.0
2014-02-21,PFAVAL,PFAVAL.CL,1205.0
2014-02-28,PFAVAL,PFAVAL.CL,1210.0
2014-03-07,PFAVAL,PFAVAL.CL,1245.0
2014-03-14,PFAVAL,PFAVAL.CL,1250.0
2014-03-21,PFAVAL,PFAVAL.CL,1255.0
2014-03-28,PFAVAL,PFAVAL.CL,1290.0
2014-04-04,PFAVAL,PFAVAL.CL,1305.0
2014-04-11,PFAVAL,PFAVAL.CL,1300.0
2014-04-18,PFAVAL,PFAVAL.CL,1300.0
2014-04-25,PFAVAL,PFAVAL.CL,1300.0
2014-05-02,PFAVAL,PFAVAL.CL,1315.0
2014-05-09,PFAVAL,PFAVAL.CL,1325.0
2014-05-16,PFAVAL,PFAVAL.CL,1310.0
2014-05-23,PFAVAL,PFAVAL.CL,1310.0
2014-05-30,PFAVAL,PFAVAL.CL,1320.0
2014-06-06,PFAVAL,PFAVAL.CL,1320.0
2014-06-13,PFAVAL,PFAVAL.CL,1345.0
2014-06-20,PFAVAL,PFAVAL.CL,1355.0
2014-06-27,PFAVAL,PFAVAL.CL,1360.0
2014-07-04,PFAVAL,PFAVAL.CL,1350.0
2014-07-11,PFAVAL,PFAVAL.CL,1345.0
2014-07-18,PFAVAL,PFAVAL.CL,1360.0
2014-07-25,PFAVAL,PFAVAL.CL,1370.0
2014-08-01,PFAVAL,PFAVAL.CL,1390.0
2014-08-08,PFAVAL,PFAVAL.CL,1370.0
2014-08-15,PFAVAL,PFAVAL.CL,1370.0
2014-08-22,PFAVAL,PFAVAL.CL,1415.0
2014-08-29,PFAVAL,PFAVAL.CL,1440.0
2014-09-05,PFAVAL,PFAVAL.CL,1430.0
2014-09-12,PFAVAL,PFAVAL.CL,1415.0
2014-09-19,PFAVAL,PFAVAL.CL,1435.0
2014-09-26,PFAVAL,PFAVAL.CL,1395.0
2014-10-03,PFAVAL,PFAVAL.CL,1365.0
2014-10-10,PFAVAL,PFAVAL.CL,1385.0
2014-10-17,PFAVAL,PFAVAL.CL,1315.0
2014-10-24,PFAVAL,PFAVAL.CL,1355.0
2014-10-31,PFAVAL,PFAVAL.CL,1375.0
2014-11-07,PFAVAL,PFAVAL.CL,1410.0
2014-11-14,PFAVAL,PFAVAL.CL,1435.0
2014-11-21,PFAVAL,PFAVAL.CL,1430.0
2014-11-28,PFAVAL,PFAVAL.CL,1390.0
2014-12-05,PFAVAL,PFAVAL.CL,1360.0
2014-12-12,PFAVAL,PFAVAL.CL,1255.0
2014-12-19,PFAVAL,PFAVAL.CL,1235.0
2014-12-26,PFAVAL,PFAVAL.CL,1285.0
2015-01-02,PFAVAL,PFAVAL.CL,1265.0
2015-01-09,PFAVAL,PFAVAL.CL,1220.0
2015-01-16,PFAVAL,PFAVAL.CL,1250.0
2015-01-23,PFAVAL,PFAVAL.CL,1240.0
2015-01-30,PFAVAL,PFAVAL.CL,1255.0
2015-02-06,PFAVAL,PFAVAL.CL,1255.0
2015-02-13,PFAVAL,PFAVAL.CL,1215.0
2015-02-20,PFAVAL,PFAVAL.CL,1235.0
2015-02-27,PFAVAL,PFAVAL.CL,1225.0
2015-03-06,PFAVAL,PFAVAL.CL,1195.0
2015-03-13,PFAVAL,PFAVAL.CL,1160.0
2015-03-20,PFAVAL,PFAVAL.CL,1140.0
2015-03-27,PFAVAL,PFAVAL.CL,1170.0
2015-04-03,PFAVAL,PFAVAL.CL,1190.0
2015-04-10,PFAVAL,PFAVAL.CL,1185.0
2015-04-17,PFAVAL,PFAVAL.CL,1170.0
2015-04-24,PFAVAL,PFAVAL.CL,1175.0
2015-05-01,PFAVAL,PFAVAL.CL,1210.0
2015-05-08,PFAVAL,PFAVAL.CL,1230.0
2015-05-15,PFAVAL,PFAVAL.CL,1235.0
2015-05-22,PFAVAL,PFAVAL.CL,1275.0
2015-05-29,PFAVAL,PFAVAL.CL,1260.0
2015-06-05,PFAVAL,PFAVAL.CL,1250.0
2015-06-12,PFAVAL,PFAVAL.CL,1235.0
2015-06-19,PFAVAL,PFAVAL.CL,1255.0
2015-06-26,PFAVAL,PFAVAL.CL,1250.0
2015-07-03,PFAVAL,PFAVAL.CL,1265.0
2015-07-10,PFAVAL,PFAVAL.CL,1250.0
2015-07-17,PFAVAL,PFAVAL.CL,1275.0
2015-07-24,PFAVAL,PFAVAL.CL,1240.0
2015-07-31,PFAVAL,PFAVAL.CL,1235.0
2015-08-07,PFAVAL,PFAVAL.CL,1220.0
2015-08-14,PFAVAL,PFAVAL.CL,1195.0
2015-08-21,PFAVAL,PFAVAL.CL,1145.0
2015-08-28,PFAVAL,PFAVAL.CL,1150.0
2015-09-04,PFAVAL,PFAVAL.CL,1170.0
2015-09-11,PFAVAL,PFAVAL.CL,1220.0
2015-09-18,PFAVAL,PFAVAL.CL,1200.0
2015-09-25,PFAVAL,PFAVAL.CL,1170.0
2015-10-02,PFAVAL,PFAVAL.CL,1165.0
2015-10-09,PFAVAL,PFAVAL.CL,1195.0
2015-10-16,PFAVAL,PFAVAL.CL,1200.0
2015-10-23,PFAVAL,PFAVAL.CL,1205.0
2015-10-30,PFAVAL,PFAVAL.CL,1175.0
2015-11-06,PFAVAL,PFAVAL.CL,1180.0
2015-11-13,PFAVAL,PFAVAL.CL,1160.0
2015-11-20,PFAVAL,PFAVAL.CL,1095.0
2015-11-27,PFAVAL,PFAVAL.CL,1095.0
2015-12-04,PFAVAL,PFAVAL.CL,1080.0
2015-12-11,PFAVAL,PFAVAL.CL,1025.0
2015-12-18,PFAVAL,PFAVAL.CL,1125.0
2015-12-25,PFAVAL,PFAVAL.CL,1110.0
2016-01-01,PFAVAL,PFAVAL.CL,1090.0
2016-01-08,PFAVAL,PFAVAL.CL,1015.0
2016-01-15,PFAVAL,PFAVAL.CL,1050.0
2016-01-22,PFAVAL,PFAVAL.CL,1025.0
2016-01-29,PFAVAL,PFAVAL.CL,1065.0
2016-02-05,PFAVAL,PFAVAL.CL,1060.0
2016-02-12,PFAVAL,PFAVAL.CL,1055.0
2016-02-19,PFAVAL,PFAVAL.CL,1115.0
2016-02-26,PFAVAL,PFAVAL.CL,1120.0
2016-03-04,PFAVAL,PFAVAL.CL,1170.0
2016-03-11,PFAVAL,PFAVAL.CL,1175.0
2016-03-18,PFAVAL,PFAVAL.CL,1150.0
2016-03-25,PFAVAL,PFAVAL.CL,1160.0
2016-04-01,PFAVAL,PFAVAL.CL,1170.0
2016-04-08,PFAVAL,PFAVAL.CL,1160.0
2016-04-15,PFAVAL,PFAVAL.CL,1185.0
2016-04-22,PFAVAL,PFAVAL.CL,1195.0
2016-04-29,PFAVAL,PFAVAL.CL,1175.0
2016-05-06,PFAVAL,PFAVAL.CL,1165.0
2016-05-13,PFAVAL,PFAVAL.CL,1170.0
2016-05-20,PFAVAL,PFAVAL.CL,1160.0
2016-05-27,PFAVAL,PFAVAL.CL,1170.0
2016-06-03,PFAVAL,PFAVAL.CL,1155.0
2016-06-10,PFAVAL,PFAVAL.CL,1170.0
2016-06-17,PFAVAL,PFAVAL.CL,1180.0
2016-06-24,PFAVAL,PFAVAL.CL,1175.0
2016-07-01,PFAVAL,PFAVAL.CL,1180.0
2016-07-08,PFAVAL,PFAVAL.CL,1175.0
2016-07-15,PFAVAL,PFAVAL.CL,1175.0
2016-07-22,PFAVAL,PFAVAL.CL,1170.0
2016-07-29,PFAVAL,PFAVAL.CL,1180.0
2016-08-05,PFAVAL,PFAVAL.CL,1185.0
2016-08-12,PFAVAL,PFAVAL.CL,1195.0
2016-08-19,PFAVAL,PFAVAL.CL,1235.0
2016-08-26,PFAVAL,PFAVAL.CL,1235.0
2016-09-02,PFAVAL,PFAVAL.CL,1255.0
2016-09-09,PFAVAL,PFAVAL.CL,1270.0
2016-09-16,PFAVAL,PFAVAL.CL,1235.0
2016-09-23,PFAVAL,PFAVAL.CL,1230.0
2016-09-30,PFAVAL,PFAVAL.CL,1245.0
2016-10-07,PFAVAL,PFAVAL.CL,1230.0
2016-10-14,PFAVAL,PFAVAL.CL,1210.0
2016-10-21,PFAVAL,PFAVAL.CL,1245.0
2016-10-28,PFAVAL,PFAVAL.CL,1215.0
2016-11-04,PFAVAL,PFAVAL.CL,1230.0
2016-11-11,PFAVAL,PFAVAL.CL,1200.0
2016-11-18,PFAVAL,PFAVAL.CL,1160.0
2016-11-25,PFAVAL,PFAVAL.CL,1155.0
2016-12-02,PFAVAL,PFAVAL.CL,1190.0
2016-12-09,PFAVAL,PFAVAL.CL,1205.0
2016-12-16,PFAVAL,PFAVAL.CL,1205.0
2016-12-23,PFAVAL,PFAVAL.CL,1180.0
2016-12-30,PFAVAL,PFAVAL.CL,1215.0
2017-01-06,PFAVAL,PFAVAL.CL,1215.0
2017-01-13,PFAVAL,PFAVAL.CL,1210.0
2017-01-20,PFAVAL,PFAVAL.CL,1185.0
2017-01-27,PFAVAL,PFAVAL.CL,1215.0
2017-02-03,PFAVAL,PFAVAL.CL,1220.0
2017-02-10,PFAVAL,PFAVAL.CL,1205.0
2017-02-17,PFAVAL,PFAVAL.CL,1170.0
2017-02-24,PFAVAL,PFAVAL.CL,1140.0
2017-03-03,PFAVAL,PFAVAL.CL,1140.0
2017-03-10,PFAVAL,PFAVAL.CL,1130.0
2017-03-17,PFAVAL,PFAVAL.CL,1150.0
2017-03-24,PFAVAL,PFAVAL.CL,1160.0
2017-03-31,PFAVAL,PFAVAL.CL,1170.0
2017-04-07,PFAVAL,PFAVAL.CL,1175.0
2017-04-14,PFAVAL,PFAVAL.CL,1210.0
2017-04-21,PFAVAL,PFAVAL.CL,1180.0
2017-04-28,PFAVAL,PFAVAL.CL,1165.0
2017-05-05,PFAVAL,PFAVAL.CL,1175.0
2017-05-12,PFAVAL,PFAVAL.CL,1215.0
2017-05-19,PFAVAL,PFAVAL.CL,1205.0
2017-05-26,PFAVAL,PFAVAL.CL,1205.0
2017-06-02,PFAVAL,PFAVAL.CL,1235.0
2017-06-09,PFAVAL,PFAVAL.CL,1240.0
2017-06-16,PFAVAL,PFAVAL.CL,1220.0
2017-06-23,PFAVAL,PFAVAL.CL,1215.0
2017-06-30,PFAVAL,PFAVAL.CL,1255.0
2017-07-07,PFAVAL,PFAVAL.CL,1285.0
2017-07-14,PFAVAL,PFAVAL.CL,1310.0
2017-07-21,PFAVAL,PFAVAL.CL,1305.0
2017-07-28,PFAVAL,PFAVAL.CL,1315.0
2017-08-04,PFAVAL,PFAVAL.CL,1325.0
2017-08-11,PFAVAL,PFAVAL.CL,1310.0
2017-08-18,PFAVAL,PFAVAL.CL,1310.0
2017-08-25,PFAVAL,PFAVAL.CL,1320.0
2017-09-01,PFAVAL,PFAVAL.CL,1320.0
2017-09-08,PFAVAL,PFAVAL.CL,1325.0
2017-09-15,PFAVAL,PFAVAL.CL,1335.0
2017-09-22,PFAVAL,PFAVAL.CL,1315.0
2017-09-29,PFAVAL,PFAVAL.CL,1330.0
2017-10-06,PFAVAL,PFAVAL.CL,1335.0
2017-10-13,PFAVAL,PFAVAL.CL,1335.0
2017-10-20,PFAVAL,PFAVAL.CL,1335.0
2017-10-27,PFAVAL,PFAVAL.CL,1290.0
2017-11-03,PFAVAL,PFAVAL.CL,1280.0
2017-11-10,PFAVAL,PFAVAL.CL,1265.0
2017-11-17,PFAVAL,PFAVAL.CL,1290.0
2017-11-24,PFAVAL,PFAVAL.CL,1280.0
2017-12-01,PFAVAL,PFAVAL.CL,1250.0
2017-12-08,PFAVAL,PFAVAL.CL,1255.0
2017-12-15,PFAVAL,PFAVAL.CL,1285.0
2017-12-22,PFAVAL,PFAVAL.CL,1295.0
2017-12-29,PFAVAL,PFAVAL.CL,1290.0
2018-01-05,PFAVAL,PFAVAL.CL,1325.0
2018-01-12,PFAVAL,PFAVAL.CL,1280.0
2018-01-19,PFAVAL,PFAVAL.CL,1290.0
2018-01-26,PFAVAL,PFAVAL.CL,1310.0
2018-02-02,PFAVAL,PFAVAL.CL,1285.0
2018-02-09,PFAVAL,PFAVAL.CL,1245.0
2018-02-16,PFAVAL,PFAVAL.CL,1270.0
2018-02-23,PFAVAL,PFAVAL.CL,1270.0
2018-03-02,PFAVAL,PFAVAL.CL,1225.0
2018-03-09,PFAVAL,PFAVAL.CL,1215.0
2018-03-16,PFAVAL,PFAVAL.CL,1225.0
2018-03-23,PFAVAL,PFAVAL.CL,1210.0
2018-03-30,PFAVAL,PFAVAL.CL,1155.0
2018-04-06,PFAVAL,PFAVAL.CL,1215.0
2018-04-13,PFAVAL,PFAVAL.CL,1230.0
2018-04-20,PFAVAL,PFAVAL.CL,1245.0
2018-04-27,PFAVAL,PFAVAL.CL,1235.0
2018-05-04,PFAVAL,PFAVAL.CL,1220.0
2018-05-11,PFAVAL,PFAVAL.CL,1215.0
2018-05-18,PFAVAL,PFAVAL.CL,1200.0
2018-05-25,PFAVAL,PFAVAL.CL,1220.0
2018-06-01,PFAVAL,PFAVAL.CL,1245.0
2018-06-08,PFAVAL,PFAVAL.CL,1245.0
2018-06-15,PFAVAL,PFAVAL.CL,1230.0
2018-06-22,PFAVAL,PFAVAL.CL,1205.0
2018-06-29,PFAVAL,PFAVAL.CL,1225.0
2018-07-06,PFAVAL,PFAVAL.CL,1200.0
2018-07-13,PFAVAL,PFAVAL.CL,1185.0
2018-07-20,PFAVAL,PFAVAL.CL,1180.0
2018-07-27,PFAVAL,PFAVAL.CL,1165.0
2018-08-03,PFAVAL,PFAVAL.CL,1150.0
2018-08-10,PFAVAL,PFAVAL.CL,1160.0
2018-08-17,PFAVAL,PFAVAL.CL,1190.0
2018-08-24,PFAVAL,PFAVAL.CL,1195.0
2018-08-31,PFAVAL,PFAVAL.CL,1195.0
2018-09-07,PFAVAL,PFAVAL.CL,1160.0
2018-09-14,PFAVAL,PFAVAL.CL,1195.0
2018-09-21,PFAVAL,PFAVAL.CL,1140.0
2018-09-28,PFAVAL,PFAVAL.CL,1160.0
2018-10-05,PFAVAL,PFAVAL.CL,1165.0
2018-10-12,PFAVAL,PFAVAL.CL,1125.0
2018-10-19,PFAVAL,PFAVAL.CL,1140.0
2018-10-26,PFAVAL,PFAVAL.CL,1100.0
2018-11-02,PFAVAL,PFAVAL.CL,1160.0
2018-11-09,PFAVAL,PFAVAL.CL,1170.0
2018-11-16,PFAVAL,PFAVAL.CL,1185.0
2018-11-23,PFAVAL,PFAVAL.CL,1050.0
2018-11-30,PFAVAL,PFAVAL.CL,1035.0
2018-12-07,PFAVAL,PFAVAL.CL,1045.0
2018-12-14,PFAVAL,PFAVAL.CL,1005.0
2018-12-21,PFAVAL,PFAVAL.CL,950.0
2018-12-28,PFAVAL,PFAVAL.CL,999.0
2019-01-04,PFAVAL,PFAVAL.CL,1030.0
2019-01-11,PFAVAL,PFAVAL.CL,1080.0
2019-01-18,PFAVAL,PFAVAL.CL,1055.0
2019-01-25,PFAVAL,PFAVAL.CL,1080.0
2019-02-01,PFAVAL,PFAVAL.CL,1080.0
2019-02-08,PFAVAL,PFAVAL.CL,1100.0
2019-02-15,PFAVAL,PFAVAL.CL,1130.0
2019-02-22,PFAVAL,PFAVAL.CL,1155.0
2019-03-01,PFAVAL,PFAVAL.CL,1180.0
2019-03-08,PFAVAL,PFAVAL.CL,1190.0
2019-03-15,PFAVAL,PFAVAL.CL,1145.0
2019-03-22,PFAVAL,PFAVAL.CL,1215.0
2019-03-29,PFAVAL,PFAVAL.CL,1235.0
2019-04-05,PFAVAL,PFAVAL.CL,1235.0
2019-04-12,PFAVAL,PFAVAL.CL,1315.0
2019-04-19,PFAVAL,PFAVAL.CL,1305.0
2019-04-26,PFAVAL,PFAVAL.CL,1280.0
2019-05-03,PFAVAL,PFAVAL.CL,1265.0
2019-05-10,PFAVAL,PFAVAL.CL,1255.0
2019-05-17,PFAVAL,PFAVAL.CL,1170.0
2019-05-24,PFAVAL,PFAVAL.CL,1180.0
2019-05-31,PFAVAL,PFAVAL.CL,1180.0
2019-06-07,PFAVAL,PFAVAL.CL,1160.0
2019-06-14,PFAVAL,PFAVAL.CL,1220.0
2019-06-21,PFAVAL,PFAVAL.CL,1280.0
2019-06-28,PFAVAL,PFAVAL.CL,1285.0
2019-07-05,PFAVAL,PFAVAL.CL,1305.0
2019-07-12,PFAVAL,PFAVAL.CL,1305.0
2019-07-19,PFAVAL,PFAVAL.CL,1300.0
2019-07-26,PFAVAL,PFAVAL.CL,1285.0
2019-08-02,PFAVAL,PFAVAL.CL,1255.0
2019-08-09,PFAVAL,PFAVAL.CL,1230.0
2019-08-16,PFAVAL,PFAVAL.CL,1230.0
2019-08-23,PFAVAL,PFAVAL.CL,1235.0
2019-08-30,PFAVAL,PFAVAL.CL,1265.0
2019-09-06,PFAVAL,PFAVAL.CL,1270.0
2019-09-13,PFAVAL,PFAVAL.CL,1300.0
2019-09-20,PFAVAL,PFAVAL.CL,1300.0
2019-09-27,PFAVAL,PFAVAL.CL,1315.0
2019-10-04,PFAVAL,PFAVAL.CL,1305.0
2019-10-11,PFAVAL,PFAVAL.CL,1285.0
2019-10-18,PFAVAL,PFAVAL.CL,1305.0
2019-10-25,PFAVAL,PFAVAL.CL,1315.0
2019-11-01,PFAVAL,PFAVAL.CL,1385.0
2019-11-08,PFAVAL,PFAVAL.CL,1410.0
2019-11-15,PFAVAL,PFAVAL.CL,1410.0
2019-11-22,PFAVAL,PFAVAL.CL,1400.0
2019-11-29,PFAVAL,PFAVAL.CL,1395.0
2019-12-06,PFAVAL,PFAVAL.CL,1415.0
2019-12-13,PFAVAL,PFAVAL.CL,1420.0
2019-12-20,PFAVAL,PFAVAL.CL,1440.0
2019-12-27,PFAVAL,PFAVAL.CL,1475.0
2020-01-03,PFAVAL,PFAVAL.CL,1470.0
2020-01-10,PFAVAL,PFAVAL.CL,1465.0
2020-01-17,PFAVAL,PFAVAL.CL,1445.0
2020-01-24,PFAVAL,PFAVAL.CL,1440.0
2020-01-31,PFAVAL,PFAVAL.CL,1450.0
2020-02-07,PFAVAL,PFAVAL.CL,1480.0
2020-02-14,PFAVAL,PFAVAL.CL,1480.0
2020-02-21,PFAVAL,PFAVAL.CL,1475.0
2020-02-28,PFAVAL,PFAVAL.CL,1450.0
2020-03-06,PFAVAL,PFAVAL.CL,1390.0
2020-03-13,PFAVAL,PFAVAL.CL,1055.0
2020-03-20,PFAVAL,PFAVAL.CL,748.0
2020-03-27,PFAVAL,PFAVAL.CL,920.0
2020-04-03,PFAVAL,PFAVAL.CL,906.0
2020-04-10,PFAVAL,PFAVAL.CL,936.0
2020-04-17,PFAVAL,PFAVAL.CL,945.0
2020-04-24,PFAVAL,PFAVAL.CL,820.0
2020-05-01,PFAVAL,PFAVAL.CL,845.0
2020-05-08,PFAVAL,PFAVAL.CL,805.0
2020-05-15,PFAVAL,PFAVAL.CL,754.0
2020-05-22,PFAVAL,PFAVAL.CL,781.0
2020-05-29,PFAVAL,PFAVAL.CL,841.0
2020-06-05,PFAVAL,PFAVAL.CL,912.0
2020-06-12,PFAVAL,PFAVAL.CL,875.0
2020-06-19,PFAVAL,PFAVAL.CL,850.0
2020-06-26,PFAVAL,PFAVAL.CL,830.0
2020-07-03,PFAVAL,PFAVAL.CL,835.0
2020-07-10,PFAVAL,PFAVAL.CL,852.0
2020-07-17,PFAVAL,PFAVAL.CL,875.0
2020-07-24,PFAVAL,PFAVAL.CL,884.0
2020-07-31,PFAVAL,PFAVAL.CL,870.0
2020-08-07,PFAVAL,PFAVAL.CL,856.0
2020-08-14,PFAVAL,PFAVAL.CL,867.0
2020-08-21,PFAVAL,PFAVAL.CL,892.0
2020-08-28,PFAVAL,PFAVAL.CL,930.0
2020-09-04,PFAVAL,PFAVAL.CL,950.0
2020-09-11,PFAVAL,PFAVAL.CL,925.0
2020-09-18,PFAVAL,PFAVAL.CL,915.0
2020-09-25,PFAVAL,PFAVAL.CL,906.0
2020-10-02,PFAVAL,PFAVAL.CL,897.0
2020-10-09,PFAVAL,PFAVAL.CL,905.0
2020-10-16,PFAVAL,PFAVAL.CL,900.0
2020-10-23,PFAVAL,PFAVAL.CL,905.1
2020-10-30,PFAVAL,PFAVAL.CL,890.0
2020-11-06,PFAVAL,PFAVAL.CL,910.0
2020-11-13,PFAVAL,PFAVAL.CL,929.0
2020-11-20,PFAVAL,PFAVAL.CL,947.0
2020-11-27,PFAVAL,PFAVAL.CL,1015.0
2020-12-04,PFAVAL,PFAVAL.CL,1085.0
2020-12-11,PFAVAL,PFAVAL.CL,1130.0
2020-12-18,PFAVAL,PFAVAL.CL,1180.0
2020-12-25,PFAVAL,PFAVAL.CL,1185.0
2021-01-01,PFAVAL,PFAVAL.CL,1194.0
2021-01-08,PFAVAL,PFAVAL.CL,1165.0
2021-01-15,PFAVAL,PFAVAL.CL,1165.0
2021-01-22,PFAVAL,PFAVAL.CL,1155.0
2021-01-29,PFAVAL,PFAVAL.CL,1158.0
2021-02-05,PFAVAL,PFAVAL.CL,1191.0
2021-02-12,PFAVAL,PFAVAL.CL,1194.0
2021-02-19,PFAVAL,PFAVAL.CL,1183.0
2021-02-26,PFAVAL,PFAVAL.CL,1188.0
2021-03-05,PFAVAL,PFAVAL.CL,1155.0
2021-03-12,PFAVAL,PFAVAL.CL,1164.0
2021-03-19,PFAVAL,PFAVAL.CL,1142.0
2021-03-26,PFAVAL,PFAVAL.CL,1146.0
2021-04-02,PFAVAL,PFAVAL.CL,1144.0
2021-04-09,PFAVAL,PFAVAL.CL,1151.0
2021-04-16,PFAVAL,PFAVAL.CL,1161.0
2021-04-23,PFAVAL,PFAVAL.CL,1140.0
2021-04-30,PFAVAL,PFAVAL.CL,1105.0
2021-05-07,PFAVAL,PFAVAL.CL,1090.0
2021-05-14,PFAVAL,PFAVAL.CL,1115.0
2021-05-21,PFAVAL,PFAVAL.CL,1105.0
2021-05-28,PFAVAL,PFAVAL.CL,1066.0
2021-06-04,PFAVAL,PFAVAL.CL,1090.0
2021-06-11,PFAVAL,PFAVAL.CL,1083.0
2021-06-18,PFAVAL,PFAVAL.CL,1100.0
2021-06-25,PFAVAL,PFAVAL.CL,1119.0
2021-07-02,PFAVAL,PFAVAL.CL,1092.0
2021-07-09,PFAVAL,PFAVAL.CL,1100.0
2021-07-16,PFAVAL,PFAVAL.CL,1085.0
2021-07-23,PFAVAL,PFAVAL.CL,1045.0
2021-07-30,PFAVAL,PFAVAL.CL,1024.0
2021-08-06,PFAVAL,PFAVAL.CL,1029.0
2021-08-13,PFAVAL,PFAVAL.CL,1031.0
2021-08-20,PFAVAL,PFAVAL.CL,1119.0
2021-08-27,PFAVAL,PFAVAL.CL,1126.0
2021-09-03,PFAVAL,PFAVAL.CL,1135.0
2021-09-10,PFAVAL,PFAVAL.CL,1115.0
2021-09-17,PFAVAL,PFAVAL.CL,1130.0
2021-09-24,PFAVAL,PFAVAL.CL,1103.0
2021-10-01,PFAVAL,PFAVAL.CL,1124.0
2021-10-08,PFAVAL,PFAVAL.CL,1140.0
2021-10-15,PFAVAL,PFAVAL.CL,1155.0
2021-10-22,PFAVAL,PFAVAL.CL,1140.0
2021-10-29,PFAVAL,PFAVAL.CL,1150.0
2021-11-05,PFAVAL,PFAVAL.CL,1138.0
2021-11-12,PFAVAL,PFAVAL.CL,1107.0
2021-11-19,PFAVAL,PFAVAL.CL,1051.0
2021-11-26,PFAVAL,PFAVAL.CL,1044.0
2021-12-03,PFAVAL,PFAVAL.CL,1077.0
2021-12-10,PFAVAL,PFAVAL.CL,1060.0
2021-12-17,PFAVAL,PFAVAL.CL,1040.0
2021-12-24,PFAVAL,PFAVAL.CL,1067.0
2021-12-31,PFAVAL,PFAVAL.CL,1059.0
2022-01-07,PFAVAL,PFAVAL.CL,1044.0
2022-01-14,PFAVAL,PFAVAL.CL,1055.0
2022-01-21,PFAVAL,PFAVAL.CL,1111.0
2022-01-28,PFAVAL,PFAVAL.CL,1110.0
2022-02-04,PFAVAL,PFAVAL.CL,1097.0
2022-02-11,PFAVAL,PFAVAL.CL,1078.0
2022-02-18,PFAVAL,PFAVAL.CL,1084.0
2022-02-25,PFAVAL,PFAVAL.CL,1075.0
2022-03-04,PFAVAL,PFAVAL.CL,1070.0
2022-03-11,PFAVAL,PFAVAL.CL,1044.0
2022-03-18,PFAVAL,PFAVAL.CL,1006.0
2022-03-25,PFAVAL,PFAVAL.CL,1006.0
2022-04-01,PFAVAL,PFAVAL.CL,854.4
2022-04-08,PFAVAL,PFAVAL.CL,852.0
2022-04-15,PFAVAL,PFAVAL.CL,822.0
2022-04-22,PFAVAL,PFAVAL.CL,825.0
2022-04-29,PFAVAL,PFAVAL.CL,850.0
2022-05-06,PFAVAL,PFAVAL.CL,820.0
2022-05-13,PFAVAL,PFAVAL.CL,827.0
2022-05-20,PFAVAL,PFAVAL.CL,813.0
2022-05-27,PFAVAL,PFAVAL.CL,800.0
2022-06-03,PFAVAL,PFAVAL.CL,844.9
2022-06-10,PFAVAL,PFAVAL.CL,830.0
2022-06-17,PFAVAL,PFAVAL.CL,807.0
2022-06-24,PFAVAL,PFAVAL.CL,767.0
2022-07-01,PFAVAL,PFAVAL.CL,790.0
2022-07-08,PFAVAL,PFAVAL.CL,774.0
2022-07-15,PFAVAL,PFAVAL.CL,721.0
2022-07-22,PFAVAL,PFAVAL.CL,730.0
2022-07-29,PFAVAL,PFAVAL.CL,740.0
2022-08-05,PFAVAL,PFAVAL.CL,731.0
2022-08-12,PFAVAL,PFAVAL.CL,725.0
2022-08-19,PFAVAL,PFAVAL.CL,718.0
2022-08-26,PFAVAL,PFAVAL.CL,673.0
2022-09-02,PFAVAL,PFAVAL.CL,646.0
2022-09-09,PFAVAL,PFAVAL.CL,638.0
2022-09-16,PFAVAL,PFAVAL.CL,693.0
2022-09-23,PFAVAL,PFAVAL.CL,630.0
2022-09-30,PFAVAL,PFAVAL.CL,580.0
2022-10-07,PFAVAL,PFAVAL.CL,595.0
2022-10-14,PFAVAL,PFAVAL.CL,536.0
2022-10-21,PFAVAL,PFAVAL.CL,564.9
2022-10-28,PFAVAL,PFAVAL.CL,530.0
2022-11-04,PFAVAL,PFAVAL.CL,520.0
2022-11-11,PFAVAL,PFAVAL.CL,570.0
2022-11-18,PFAVAL,PFAVAL.CL,550.0
2022-11-25,PFAVAL,PFAVAL.CL,590.0
2022-12-02,PFAVAL,PFAVAL.CL,555.0
2022-12-09,PFAVAL,PFAVAL.CL,550.0
2022-12-16,PFAVAL,PFAVAL.CL,531.0
2022-12-23,PFAVAL,PFAVAL.CL,536.0
2022-12-30,PFAVAL,PFAVAL.CL,570.0
2023-01-06,PFAVAL,PFAVAL.CL,575.0
2023-01-13,PFAVAL,PFAVAL.CL,570.0
2023-01-20,PFAVAL,PFAVAL.CL,558.0
2023-01-27,PFAVAL,PFAVAL.CL,569.0
2023-02-03,PFAVAL,PFAVAL.CL,580.0
2023-02-10,PFAVAL,PFAVAL.CL,565.0
2023-02-17,PFAVAL,PFAVAL.CL,575.0
2023-02-24,PFAVAL,PFAVAL.CL,568.0
2023-03-03,PFAVAL,PFAVAL.CL,555.1
2023-03-10,PFAVAL,PFAVAL.CL,558.9
2023-03-17,PFAVAL,PFAVAL.CL,520.0
2023-03-24,PFAVAL,PFAVAL.CL,529.9
2023-03-31,PFAVAL,PFAVAL.CL,558.9
2023-04-07,PFAVAL,PFAVAL.CL,567.0
2023-04-14,PFAVAL,PFAVAL.CL,582.0
2023-04-21,PFAVAL,PFAVAL.CL,600.0
2023-04-28,PFAVAL,PFAVAL.CL,588.0
2023-05-05,PFAVAL,PFAVAL.CL,563.0
2023-05-12,PFAVAL,PFAVAL.CL,566.9
2023-05-19,PFAVAL,PFAVAL.CL,510.0
2023-05-26,PFAVAL,PFAVAL.CL,504.5
2023-06-02,PFAVAL,PFAVAL.CL,509.9
2023-06-09,PFAVAL,PFAVAL.CL,509.0
2023-06-16,PFAVAL,PFAVAL.CL,475.0
2023-06-23,PFAVAL,PFAVAL.CL,486.0
2023-06-30,PFAVAL,PFAVAL.CL,486.0
2023-07-07,PFAVAL,PFAVAL.CL,492.0
2023-07-14,PFAVAL,PFAVAL.CL,490.0
2023-07-21,PFAVAL,PFAVAL.CL,512.0
2023-07-28,PFAVAL,PFAVAL.CL,505.5
2023-08-04,PFAVAL,PFAVAL.CL,500.0
2023-08-11,PFAVAL,PFAVAL.CL,508.0
2023-08-18,PFAVAL,PFAVAL.CL,495.0
2023-08-25,PFAVAL,PFAVAL.CL,463.0
2023-09-01,PFAVAL,PFAVAL.CL,475.1
2023-09-08,PFAVAL,PFAVAL.CL,460.0
2023-09-15,PFAVAL,PFAVAL.CL,506.0
2023-09-22,PFAVAL,PFAVAL.CL,490.0
2023-09-29,PFAVAL,PFAVAL.CL,514.5
2023-10-06,PFAVAL,PFAVAL.CL,515.1
2023-10-13,PFAVAL,PFAVAL.CL,510.0
2023-10-20,PFAVAL,PFAVAL.CL,480.0
2023-10-27,PFAVAL,PFAVAL.CL,470.0
2023-11-03,PFAVAL,PFAVAL.CL,460.0
2023-11-10,PFAVAL,PFAVAL.CL,447.0
2023-11-17,PFAVAL,PFAVAL.CL,450.0
2023-11-24,PFAVAL,PFAVAL.CL,437.0
2023-12-01,PFAVAL,PFAVAL.CL,448.0
2023-12-08,PFAVAL,PFAVAL.CL,439.0
2023-12-15,PFAVAL,PFAVAL.CL,460.0
2023-12-22,PFAVAL,PFAVAL.CL,461.0
2023-12-29,PFAVAL,PFAVAL.CL,485.0
2024-01-05,PFAVAL,PFAVAL.CL,503.0
2024-01-12,PFAVAL,PFAVAL.CL,514.0
2024-01-19,PFAVAL,PFAVAL.CL,509.0
2024-01-26,PFAVAL,PFAVAL.CL,489.0
2024-02-02,PFAVAL,PFAVAL.CL,498.0
2024-02-09,PFAVAL,PFAVAL.CL,492.0
2024-02-16,PFAVAL,PFAVAL.CL,493.0
2024-02-23,PFAVAL,PFAVAL.CL,491.0
2024-03-01,PFAVAL,PFAVAL.CL,492.0
2024-03-08,PFAVAL,PFAVAL.CL,475.0
2024-03-15,PFAVAL,PFAVAL.CL,408.0
2024-03-22,PFAVAL,PFAVAL.CL,428.0
2024-03-29,PFAVAL,PFAVAL.CL,430.0
2024-04-05,PFAVAL,PFAVAL.CL,454.0
2024-04-12,PFAVAL,PFAVAL.CL,472.0
2024-04-19,PFAVAL,PFAVAL.CL,462.0
2024-04-26,PFAVAL,PFAVAL.CL,472.0
2024-05-03,PFAVAL,PFAVAL.CL,490.0
2024-05-10,PFAVAL,PFAVAL.CL,463.0
2024-05-17,PFAVAL,PFAVAL.CL,467.0
2024-05-24,PFAVAL,PFAVAL.CL,469.0
2024-05-31,PFAVAL,PFAVAL.CL,450.0
2024-06-07,PFAVAL,PFAVAL.CL,451.0
2024-06-14,PFAVAL,PFAVAL.CL,436.0
2024-06-21,PFAVAL,PFAVAL.CL,434.0
2024-06-28,PFAVAL,PFAVAL.CL,433.0
2024-07-05,PFAVAL,PFAVAL.CL,432.0
2024-07-12,PFAVAL,PFAVAL.CL,422.0
2024-07-19,PFAVAL,PFAVAL.CL,425.0
2024-07-26,PFAVAL,PFAVAL.CL,423.0
2024-08-02,PFAVAL,PFAVAL.CL,421.0
2024-08-09,PFAVAL,PFAVAL.CL,410.0
2024-08-16,PFAVAL,PFAVAL.CL,428.0
2024-08-23,PFAVAL,PFAVAL.CL,418.0
2024-08-30,PFAVAL,PFAVAL.CL,425.0
2024-09-06,PFAVAL,PFAVAL.CL,420.0
2024-09-13,PFAVAL,PFAVAL.CL,420.0
2024-09-20,PFAVAL,PFAVAL.CL,424.0
2024-09-27,PFAVAL,PFAVAL.CL,420.0
2024-10-04,PFAVAL,PFAVAL.CL,415.0
2024-10-11,PFAVAL,PFAVAL.CL,424.0
2024-10-18,PFAVAL,PFAVAL.CL,439.0
2024-10-25,PFAVAL,PFAVAL.CL,425.0
2024-11-01,PFAVAL,PFAVAL.CL,435.0
2024-11-08,PFAVAL,PFAVAL.CL,426.0
2024-11-15,PFAVAL,PFAVAL.CL,451.0
2024-11-22,PFAVAL,PFAVAL.CL,455.0
2024-11-29,PFAVAL,PFAVAL.CL,455.0
2024-12-06,PFAVAL,PFAVAL.CL,460.0
2024-12-13,PFAVAL,PFAVAL.CL,459.0
2024-12-20,PFAVAL,PFAVAL.CL,433.0
2024-12-27,PFAVAL,PFAVAL.CL,458.0
2025-01-03,PFAVAL,PFAVAL.CL,463.0
2025-01-10,PFAVAL,PFAVAL.CL,458.0
2025-01-17,PFAVAL,PFAVAL.CL,476.0
2025-01-24,PFAVAL,PFAVAL.CL,487.0
2025-01-31,PFAVAL,PFAVAL.CL,549.0
2025-02-07,PFAVAL,PFAVAL.CL,549.0
2025-02-14,PFAVAL,PFAVAL.CL,577.0
2025-02-21,PFAVAL,PFAVAL.CL,642.0
2025-02-28,PFAVAL,PFAVAL.CL,586.0
2025-03-07,PFAVAL,PFAVAL.CL,606.0
2025-03-14,PFAVAL,PFAVAL.CL,595.0
2025-03-21,PFAVAL,PFAVAL.CL,560.0
2025-03-28,PFAVAL,PFAVAL.CL,553.0
2025-04-04,PFAVAL,PFAVAL.CL,542.0
2025-04-11,PFAVAL,PFAVAL.CL,535.0
2025-04-18,PFAVAL,PFAVAL.CL,561.0
2025-04-25,PFAVAL,PFAVAL.CL,570.0
2025-05-02,PFAVAL,PFAVAL.CL,576.0
2025-05-09,PFAVAL,PFAVAL.CL,597.0
2025-05-16,PFAVAL,PFAVAL.CL,598.0
2025-05-23,PFAVAL,PFAVAL.CL,585.0
2025-05-30,PFAVAL,PFAVAL.CL,582.0
2025-06-06,PFAVAL,PFAVAL.CL,580.0
2025-06-13,PFAVAL,PFAVAL.CL,573.0
2025-06-20,PFAVAL,PFAVAL.CL,575.0
2025-06-27,PFAVAL,PFAVAL.CL,570.0
2025-07-04,PFAVAL,PFAVAL.CL,568.0
2025-07-11,PFAVAL,PFAVAL.CL,577.0
2025-07-18,PFAVAL,PFAVAL.CL,589.0
2025-07-25,PFAVAL,PFAVAL.CL,592.0
2025-08-01,PFAVAL,PFAVAL.CL,575.0
2025-08-08,PFAVAL,PFAVAL.CL,597.0
2025-08-15,PFAVAL,PFAVAL.CL,634.0
2025-08-22,PFAVAL,PFAVAL.CL,660.0
2025-08-29,PFAVAL,PFAVAL.CL,665.0
2025-09-05,PFAVAL,PFAVAL.CL,650.0
2025-09-12,PFAVAL,PFAVAL.CL,658.0
2025-09-19,PFAVAL,PFAVAL.CL,629.0
2025-09-26,PFAVAL,PFAVAL.CL,655.0
2025-10-03,PFAVAL,PFAVAL.CL,674.0
2025-10-10,PFAVAL,PFAVAL.CL,705.0
2025-10-17,PFAVAL,PFAVAL.CL,732.0
2025-10-24,PFAVAL,PFAVAL.CL,779.0
2025-10-31,PFAVAL,PFAVAL.CL,777.0
2025-11-07,PFAVAL,PFAVAL.CL,808.0
2025-11-14,PFAVAL,PFAVAL.CL,789.0
2025-11-21,PFAVAL,PFAVAL.CL,761.0
2025-11-28,PFAVAL,PFAVAL.CL,767.0
2025-12-05,PFAVAL,PFAVAL.CL,790.0
2025-12-12,PFAVAL,PFAVAL.CL,777.0
2025-12-19,PFAVAL,PFAVAL.CL,776.0
2025-12-26,PFAVAL,PFAVAL.CL,763.0
2026-01-02,PFAVAL,PFAVAL.CL,761.0
2026-01-09,PFAVAL,PFAVAL.CL,767.0
2026-01-16,PFAVAL,PFAVAL.CL,788.0
2026-01-23,PFAVAL,PFAVAL.CL,869.0
2026-01-30,PFAVAL,PFAVAL.CL,895.0
2026-02-06,PFAVAL,PFAVAL.CL,802.0
2026-02-13,PFAVAL,PFAVAL.CL,815.0
2026-02-20,PFAVAL,PFAVAL.CL,825.0
2026-02-27,PFAVAL,PFAVAL.CL,746.0
2026-03-06,PFAVAL,PFAVAL.CL,708.0
2026-03-13,PFAVAL,PFAVAL.CL,720.0
2026-03-20,PFAVAL,PFAVAL.CL,780.0
2026-03-27,PFAVAL,PFAVAL.CL,724.0
2026-04-03,PFAVAL,PFAVAL.CL,800.0
2026-04-10,PFAVAL,PFAVAL.CL,810.0
2026-04-17,PFAVAL,PFAVAL.CL,844.0
2026-04-24,PFAVAL,PFAVAL.CL,794.0
2026-05-01,PFAVAL,PFAVAL.CL,805.0
2026-05-08,PFAVAL,PFAVAL.CL,829.0
2026-05-15,PFAVAL,PFAVAL.CL,767.0
2026-05-22,PFAVAL,PFAVAL.CL,779.0
2026-05-29,PFAVAL,PFAVAL.CL,832.0
2026-06-05,PFAVAL,PFAVAL.CL,810.0
2026-06-12,PFAVAL,PFAVAL.CL,927.0
2026-06-19,PFAVAL,PFAVAL.CL,961.0
2026-06-26,PFAVAL,PFAVAL.CL,882.0
2026-07-03,PFAVAL,PFAVAL.CL,869.0
2026-07-10,PFAVAL,PFAVAL.CL,853.0
2026-07-17,PFAVAL,PFAVAL.CL,819.0
2026-07-24,PFAVAL,PFAVAL.CL,793.0
2026-07-31,PFAVAL,PFAVAL.CL,844.0
2026-08-07,PFAVAL,PFAVAL.CL,825.0
2026-08-14,PFAVAL,PFAVAL.CL,828.0
2026-08-21,PFAVAL,PFAVAL.CL,827.0
2026-08-28,PFAVAL,PFAVAL.CL,830.0
2026-09-04,PFAVAL,PFAVAL.CL,831.0
2026-09-11,PFAVAL,PFAVAL.CL,832.0
2026-09-18,PFAVAL,PFAVAL.CL,828.0
2026-09-25,PFAVAL,PFAVAL.CL,832.0
2026-09-30,PFAVAL,PFAVAL.CL,811.0
2010-01-01,PFCIBEST,PFCIBEST.CL,22500.0
2010-01-08,PFCIBEST,PFCIBEST.CL,22300.0
2010-01-15,PFCIBEST,PFCIBEST.CL,22040.0
2010-01-22,PFCIBEST,PFCIBEST.CL,21600.0
2010-01-29,PFCIBEST,PFCIBEST.CL,21380.0
2010-02-05,PFCIBEST,PFCIBEST.CL,21400.0
2010-02-12,PFCIBEST,PFCIBEST.CL,21600.0
2010-02-19,PFCIBEST,PFCIBEST.CL,22180.0
2010-02-26,PFCIBEST,PFCIBEST.CL,22200.0
2010-03-05,PFCIBEST,PFCIBEST.CL,21760.0
2010-03-12,PFCIBEST,PFCIBEST.CL,22280.0
2010-03-19,PFCIBEST,PFCIBEST.CL,22040.0
2010-03-26,PFCIBEST,PFCIBEST.CL,22280.0
2010-04-02,PFCIBEST,PFCIBEST.CL,23420.0
2010-04-09,PFCIBEST,PFCIBEST.CL,23980.0
2010-04-16,PFCIBEST,PFCIBEST.CL,23300.0
2010-04-23,PFCIBEST,PFCIBEST.CL,23200.0
2010-04-30,PFCIBEST,PFCIBEST.CL,22420.0
2010-05-07,PFCIBEST,PFCIBEST.CL,23160.0
2010-05-14,PFCIBEST,PFCIBEST.CL,22500.0
2010-05-21,PFCIBEST,PFCIBEST.CL,23200.0
2010-05-28,PFCIBEST,PFCIBEST.CL,23980.0
2010-06-04,PFCIBEST,PFCIBEST.CL,23780.0
2010-06-11,PFCIBEST,PFCIBEST.CL,23900.0
2010-06-18,PFCIBEST,PFCIBEST.CL,23900.0
2010-06-25,PFCIBEST,PFCIBEST.CL,24260.0
2010-07-02,PFCIBEST,PFCIBEST.CL,24400.0
2010-07-09,PFCIBEST,PFCIBEST.CL,25900.0
2010-07-16,PFCIBEST,PFCIBEST.CL,27000.0
2010-07-23,PFCIBEST,PFCIBEST.CL,28240.0
2010-07-30,PFCIBEST,PFCIBEST.CL,26120.0
2010-08-06,PFCIBEST,PFCIBEST.CL,25320.0
2010-08-13,PFCIBEST,PFCIBEST.CL,26420.0
2010-08-20,PFCIBEST,PFCIBEST.CL,26880.0
2010-08-27,PFCIBEST,PFCIBEST.CL,29980.0
2010-09-03,PFCIBEST,PFCIBEST.CL,28760.0
2010-09-10,PFCIBEST,PFCIBEST.CL,29180.0
2010-09-17,PFCIBEST,PFCIBEST.CL,28340.0
2010-09-24,PFCIBEST,PFCIBEST.CL,29800.0
2010-10-01,PFCIBEST,PFCIBEST.CL,29360.0
2010-10-08,PFCIBEST,PFCIBEST.CL,29900.0
2010-10-15,PFCIBEST,PFCIBEST.CL,30000.0
2010-10-22,PFCIBEST,PFCIBEST.CL,29740.0
2010-10-29,PFCIBEST,PFCIBEST.CL,31300.0
2010-11-05,PFCIBEST,PFCIBEST.CL,30320.0
2010-11-12,PFCIBEST,PFCIBEST.CL,29540.0
2010-11-19,PFCIBEST,PFCIBEST.CL,29340.0
2010-11-26,PFCIBEST,PFCIBEST.CL,30620.0
2010-12-03,PFCIBEST,PFCIBEST.CL,30220.0
2010-12-10,PFCIBEST,PFCIBEST.CL,29940.0
2010-12-17,PFCIBEST,PFCIBEST.CL,29300.0
2010-12-24,PFCIBEST,PFCIBEST.CL,29940.0
2010-12-31,PFCIBEST,PFCIBEST.CL,29000.0
2011-01-07,PFCIBEST,PFCIBEST.CL,28000.0
2011-01-14,PFCIBEST,PFCIBEST.CL,26560.0
2011-01-21,PFCIBEST,PFCIBEST.CL,28060.0
2011-01-28,PFCIBEST,PFCIBEST.CL,27160.0
2011-02-04,PFCIBEST,PFCIBEST.CL,26580.0
2011-02-11,PFCIBEST,PFCIBEST.CL,26000.0
2011-02-18,PFCIBEST,PFCIBEST.CL,26060.0
2011-02-25,PFCIBEST,PFCIBEST.CL,27900.0
2011-03-04,PFCIBEST,PFCIBEST.CL,28420.0
2011-03-11,PFCIBEST,PFCIBEST.CL,27600.0
2011-03-18,PFCIBEST,PFCIBEST.CL,29360.0
2011-03-25,PFCIBEST,PFCIBEST.CL,29280.0
2011-04-01,PFCIBEST,PFCIBEST.CL,29480.0
2011-04-08,PFCIBEST,PFCIBEST.CL,28220.0
2011-04-15,PFCIBEST,PFCIBEST.CL,28300.0
2011-04-22,PFCIBEST,PFCIBEST.CL,28980.0
2011-04-29,PFCIBEST,PFCIBEST.CL,28320.0
2011-05-06,PFCIBEST,PFCIBEST.CL,29080.0
2011-05-13,PFCIBEST,PFCIBEST.CL,29320.0
2011-05-20,PFCIBEST,PFCIBEST.CL,29300.0
2011-05-27,PFCIBEST,PFCIBEST.CL,29900.0
2011-06-03,PFCIBEST,PFCIBEST.CL,29640.0
2011-06-10,PFCIBEST,PFCIBEST.CL,29400.0
2011-06-17,PFCIBEST,PFCIBEST.CL,29500.0
2011-06-24,PFCIBEST,PFCIBEST.CL,29860.0
2011-07-01,PFCIBEST,PFCIBEST.CL,29300.0
2011-07-08,PFCIBEST,PFCIBEST.CL,28500.0
2011-07-15,PFCIBEST,PFCIBEST.CL,29280.0
2011-07-22,PFCIBEST,PFCIBEST.CL,29020.0
2011-07-29,PFCIBEST,PFCIBEST.CL,28820.0
2011-08-05,PFCIBEST,PFCIBEST.CL,27300.0
2011-08-12,PFCIBEST,PFCIBEST.CL,27560.0
2011-08-19,PFCIBEST,PFCIBEST.CL,27940.0
2011-08-26,PFCIBEST,PFCIBEST.CL,29200.0
2011-09-02,PFCIBEST,PFCIBEST.CL,29240.0
2011-09-09,PFCIBEST,PFCIBEST.CL,28760.0
2011-09-16,PFCIBEST,PFCIBEST.CL,28520.0
2011-09-23,PFCIBEST,PFCIBEST.CL,27200.0
2011-09-30,PFCIBEST,PFCIBEST.CL,27900.0
2011-10-07,PFCIBEST,PFCIBEST.CL,28020.0
2011-10-14,PFCIBEST,PFCIBEST.CL,28600.0
2011-10-21,PFCIBEST,PFCIBEST.CL,28800.0
2011-10-28,PFCIBEST,PFCIBEST.CL,29360.0
2011-11-04,PFCIBEST,PFCIBEST.CL,29160.0
2011-11-11,PFCIBEST,PFCIBEST.CL,28140.0
2011-11-18,PFCIBEST,PFCIBEST.CL,26520.0
2011-11-25,PFCIBEST,PFCIBEST.CL,28000.0
2011-12-02,PFCIBEST,PFCIBEST.CL,28480.0
2011-12-09,PFCIBEST,PFCIBEST.CL,28600.0
2011-12-16,PFCIBEST,PFCIBEST.CL,29320.0
2011-12-23,PFCIBEST,PFCIBEST.CL,28500.0
2011-12-30,PFCIBEST,PFCIBEST.CL,28700.0
2012-01-06,PFCIBEST,PFCIBEST.CL,27020.0
2012-01-13,PFCIBEST,PFCIBEST.CL,26180.0
2012-01-20,PFCIBEST,PFCIBEST.CL,26140.0
2012-01-27,PFCIBEST,PFCIBEST.CL,27140.0
2012-02-03,PFCIBEST,PFCIBEST.CL,28020.0
2012-02-10,PFCIBEST,PFCIBEST.CL,28180.0
2012-02-17,PFCIBEST,PFCIBEST.CL,28640.0
2012-02-24,PFCIBEST,PFCIBEST.CL,28500.0
2012-03-02,PFCIBEST,PFCIBEST.CL,28500.0
2012-03-09,PFCIBEST,PFCIBEST.CL,28920.0
2012-03-16,PFCIBEST,PFCIBEST.CL,28560.0
2012-03-23,PFCIBEST,PFCIBEST.CL,28820.0
2012-03-30,PFCIBEST,PFCIBEST.CL,28880.0
2012-04-06,PFCIBEST,PFCIBEST.CL,29240.0
2012-04-13,PFCIBEST,PFCIBEST.CL,29400.0
2012-04-20,PFCIBEST,PFCIBEST.CL,29460.0
2012-04-27,PFCIBEST,PFCIBEST.CL,30300.0
2012-05-04,PFCIBEST,PFCIBEST.CL,29440.0
2012-05-11,PFCIBEST,PFCIBEST.CL,28000.0
2012-05-18,PFCIBEST,PFCIBEST.CL,27980.0
2012-05-25,PFCIBEST,PFCIBEST.CL,27500.0
2012-06-01,PFCIBEST,PFCIBEST.CL,27620.0
2012-06-08,PFCIBEST,PFCIBEST.CL,27200.0
2012-06-15,PFCIBEST,PFCIBEST.CL,27260.0
2012-06-22,PFCIBEST,PFCIBEST.CL,27080.0
2012-06-29,PFCIBEST,PFCIBEST.CL,28480.0
2012-07-06,PFCIBEST,PFCIBEST.CL,27900.0
2012-07-13,PFCIBEST,PFCIBEST.CL,28240.0
2012-07-20,PFCIBEST,PFCIBEST.CL,27280.0
2012-07-27,PFCIBEST,PFCIBEST.CL,26300.0
2012-08-03,PFCIBEST,PFCIBEST.CL,26000.0
2012-08-10,PFCIBEST,PFCIBEST.CL,26320.0
2012-08-17,PFCIBEST,PFCIBEST.CL,26500.0
2012-08-24,PFCIBEST,PFCIBEST.CL,26300.0
2012-08-31,PFCIBEST,PFCIBEST.CL,26500.0
2012-09-07,PFCIBEST,PFCIBEST.CL,27100.0
2012-09-14,PFCIBEST,PFCIBEST.CL,26980.0
2012-09-21,PFCIBEST,PFCIBEST.CL,26800.0
2012-09-28,PFCIBEST,PFCIBEST.CL,26920.0
2012-10-05,PFCIBEST,PFCIBEST.CL,27200.0
2012-10-12,PFCIBEST,PFCIBEST.CL,28200.0
2012-10-19,PFCIBEST,PFCIBEST.CL,28020.0
2012-10-26,PFCIBEST,PFCIBEST.CL,29220.0
2012-11-02,PFCIBEST,PFCIBEST.CL,28400.0
2012-11-09,PFCIBEST,PFCIBEST.CL,28500.0
2012-11-16,PFCIBEST,PFCIBEST.CL,28620.0
2012-11-23,PFCIBEST,PFCIBEST.CL,28840.0
2012-11-30,PFCIBEST,PFCIBEST.CL,29700.0
2012-12-07,PFCIBEST,PFCIBEST.CL,29800.0
2012-12-14,PFCIBEST,PFCIBEST.CL,29900.0
2012-12-21,PFCIBEST,PFCIBEST.CL,29600.0
2012-12-28,PFCIBEST,PFCIBEST.CL,30200.0
2013-01-04,PFCIBEST,PFCIBEST.CL,30700.0
2013-01-11,PFCIBEST,PFCIBEST.CL,30800.0
2013-01-18,PFCIBEST,PFCIBEST.CL,31060.0
2013-01-25,PFCIBEST,PFCIBEST.CL,31180.0
2013-02-01,PFCIBEST,PFCIBEST.CL,31080.0
2013-02-08,PFCIBEST,PFCIBEST.CL,30700.0
2013-02-15,PFCIBEST,PFCIBEST.CL,29660.0
2013-02-22,PFCIBEST,PFCIBEST.CL,29800.0
2013-03-01,PFCIBEST,PFCIBEST.CL,28960.0
2013-03-08,PFCIBEST,PFCIBEST.CL,29200.0
2013-03-15,PFCIBEST,PFCIBEST.CL,28520.0
2013-03-22,PFCIBEST,PFCIBEST.CL,29000.0
2013-03-29,PFCIBEST,PFCIBEST.CL,28540.0
2013-04-05,PFCIBEST,PFCIBEST.CL,29680.0
2013-04-12,PFCIBEST,PFCIBEST.CL,29900.0
2013-04-19,PFCIBEST,PFCIBEST.CL,30900.0
2013-04-26,PFCIBEST,PFCIBEST.CL,30900.0
2013-05-03,PFCIBEST,PFCIBEST.CL,30000.0
2013-05-10,PFCIBEST,PFCIBEST.CL,29000.0
2013-05-17,PFCIBEST,PFCIBEST.CL,29200.0
2013-05-24,PFCIBEST,PFCIBEST.CL,29060.0
2013-05-31,PFCIBEST,PFCIBEST.CL,28000.0
2013-06-07,PFCIBEST,PFCIBEST.CL,27020.0
2013-06-14,PFCIBEST,PFCIBEST.CL,27200.0
2013-06-21,PFCIBEST,PFCIBEST.CL,26860.0
2013-06-28,PFCIBEST,PFCIBEST.CL,26480.0
2013-07-05,PFCIBEST,PFCIBEST.CL,25560.0
2013-07-12,PFCIBEST,PFCIBEST.CL,26860.0
2013-07-19,PFCIBEST,PFCIBEST.CL,27640.0
2013-07-26,PFCIBEST,PFCIBEST.CL,27620.0
2013-08-02,PFCIBEST,PFCIBEST.CL,27320.0
2013-08-09,PFCIBEST,PFCIBEST.CL,28000.0
2013-08-16,PFCIBEST,PFCIBEST.CL,27480.0
2013-08-23,PFCIBEST,PFCIBEST.CL,27380.0
2013-08-30,PFCIBEST,PFCIBEST.CL,26680.0
2013-09-06,PFCIBEST,PFCIBEST.CL,26980.0
2013-09-13,PFCIBEST,PFCIBEST.CL,27500.0
2013-09-20,PFCIBEST,PFCIBEST.CL,27320.0
2013-09-27,PFCIBEST,PFCIBEST.CL,27380.0
2013-10-04,PFCIBEST,PFCIBEST.CL,27240.0
2013-10-11,PFCIBEST,PFCIBEST.CL,27060.0
2013-10-18,PFCIBEST,PFCIBEST.CL,26500.0
2013-10-25,PFCIBEST,PFCIBEST.CL,26500.0
2013-11-01,PFCIBEST,PFCIBEST.CL,25840.0
2013-11-08,PFCIBEST,PFCIBEST.CL,25580.0
2013-11-15,PFCIBEST,PFCIBEST.CL,25400.0
2013-11-22,PFCIBEST,PFCIBEST.CL,24060.0
2013-11-29,PFCIBEST,PFCIBEST.CL,23680.0
2013-12-06,PFCIBEST,PFCIBEST.CL,23580.0
2013-12-13,PFCIBEST,PFCIBEST.CL,23620.0
2013-12-20,PFCIBEST,PFCIBEST.CL,23400.0
2013-12-27,PFCIBEST,PFCIBEST.CL,23600.0
2014-01-03,PFCIBEST,PFCIBEST.CL,23540.0
2014-01-10,PFCIBEST,PFCIBEST.CL,23240.0
2014-01-17,PFCIBEST,PFCIBEST.CL,23700.0
2014-01-24,PFCIBEST,PFCIBEST.CL,22160.0
2014-01-31,PFCIBEST,PFCIBEST.CL,22220.0
2014-02-07,PFCIBEST,PFCIBEST.CL,23180.0
2014-02-14,PFCIBEST,PFCIBEST.CL,23100.0
2014-02-21,PFCIBEST,PFCIBEST.CL,24800.0
2014-02-28,PFCIBEST,PFCIBEST.CL,27000.0
2014-03-07,PFCIBEST,PFCIBEST.CL,26700.0
2014-03-14,PFCIBEST,PFCIBEST.CL,26340.0
2014-03-21,PFCIBEST,PFCIBEST.CL,26400.0
2014-03-28,PFCIBEST,PFCIBEST.CL,27200.0
2014-04-04,PFCIBEST,PFCIBEST.CL,27300.0
2014-04-11,PFCIBEST,PFCIBEST.CL,27180.0
2014-04-18,PFCIBEST,PFCIBEST.CL,27180.0
2014-04-25,PFCIBEST,PFCIBEST.CL,27400.0
2014-05-02,PFCIBEST,PFCIBEST.CL,27200.0
2014-05-09,PFCIBEST,PFCIBEST.CL,26880.0
2014-05-16,PFCIBEST,PFCIBEST.CL,25960.0
2014-05-23,PFCIBEST,PFCIBEST.CL,26140.0
2014-05-30,PFCIBEST,PFCIBEST.CL,26940.0
2014-06-06,PFCIBEST,PFCIBEST.CL,27680.0
2014-06-13,PFCIBEST,PFCIBEST.CL,28000.0
2014-06-20,PFCIBEST,PFCIBEST.CL,27480.0
2014-06-27,PFCIBEST,PFCIBEST.CL,27340.0
2014-07-04,PFCIBEST,PFCIBEST.CL,27400.0
2014-07-11,PFCIBEST,PFCIBEST.CL,28200.0
2014-07-18,PFCIBEST,PFCIBEST.CL,28760.0
2014-07-25,PFCIBEST,PFCIBEST.CL,29600.0
2014-08-01,PFCIBEST,PFCIBEST.CL,29500.0
2014-08-08,PFCIBEST,PFCIBEST.CL,30440.0
2014-08-15,PFCIBEST,PFCIBEST.CL,30700.0
2014-08-22,PFCIBEST,PFCIBEST.CL,30000.0
2014-08-29,PFCIBEST,PFCIBEST.CL,31000.0
2014-09-05,PFCIBEST,PFCIBEST.CL,29400.0
2014-09-12,PFCIBEST,PFCIBEST.CL,29200.0
2014-09-19,PFCIBEST,PFCIBEST.CL,29140.0
2014-09-26,PFCIBEST,PFCIBEST.CL,28400.0
2014-10-03,PFCIBEST,PFCIBEST.CL,29240.0
2014-10-10,PFCIBEST,PFCIBEST.CL,28240.0
2014-10-17,PFCIBEST,PFCIBEST.CL,28480.0
2014-10-24,PFCIBEST,PFCIBEST.CL,28500.0
2014-10-31,PFCIBEST,PFCIBEST.CL,29200.0
2014-11-07,PFCIBEST,PFCIBEST.CL,30220.0
2014-11-14,PFCIBEST,PFCIBEST.CL,30080.0
2014-11-21,PFCIBEST,PFCIBEST.CL,29700.0
2014-11-28,PFCIBEST,PFCIBEST.CL,29500.0
2014-12-05,PFCIBEST,PFCIBEST.CL,28400.0
2014-12-12,PFCIBEST,PFCIBEST.CL,27800.0
2014-12-19,PFCIBEST,PFCIBEST.CL,29060.0
2014-12-26,PFCIBEST,PFCIBEST.CL,28640.0
2015-01-02,PFCIBEST,PFCIBEST.CL,27960.0
2015-01-09,PFCIBEST,PFCIBEST.CL,27260.0
2015-01-16,PFCIBEST,PFCIBEST.CL,27400.0
2015-01-23,PFCIBEST,PFCIBEST.CL,28340.0
2015-01-30,PFCIBEST,PFCIBEST.CL,27940.0
2015-02-06,PFCIBEST,PFCIBEST.CL,27300.0
2015-02-13,PFCIBEST,PFCIBEST.CL,26620.0
2015-02-20,PFCIBEST,PFCIBEST.CL,25960.0
2015-02-27,PFCIBEST,PFCIBEST.CL,25300.0
2015-03-06,PFCIBEST,PFCIBEST.CL,24160.0
2015-03-13,PFCIBEST,PFCIBEST.CL,26100.0
2015-03-20,PFCIBEST,PFCIBEST.CL,25100.0
2015-03-27,PFCIBEST,PFCIBEST.CL,26000.0
2015-04-03,PFCIBEST,PFCIBEST.CL,25800.0
2015-04-10,PFCIBEST,PFCIBEST.CL,26580.0
2015-04-17,PFCIBEST,PFCIBEST.CL,26500.0
2015-04-24,PFCIBEST,PFCIBEST.CL,27460.0
2015-05-01,PFCIBEST,PFCIBEST.CL,27240.0
2015-05-08,PFCIBEST,PFCIBEST.CL,27220.0
2015-05-15,PFCIBEST,PFCIBEST.CL,27900.0
2015-05-22,PFCIBEST,PFCIBEST.CL,25980.0
2015-05-29,PFCIBEST,PFCIBEST.CL,26080.0
2015-06-05,PFCIBEST,PFCIBEST.CL,26000.0
2015-06-12,PFCIBEST,PFCIBEST.CL,27560.0
2015-06-19,PFCIBEST,PFCIBEST.CL,27500.0
2015-06-26,PFCIBEST,PFCIBEST.CL,27500.0
2015-07-03,PFCIBEST,PFCIBEST.CL,26660.0
2015-07-10,PFCIBEST,PFCIBEST.CL,27600.0
2015-07-17,PFCIBEST,PFCIBEST.CL,26900.0
2015-07-24,PFCIBEST,PFCIBEST.CL,27940.0
2015-07-31,PFCIBEST,PFCIBEST.CL,28000.0
2015-08-07,PFCIBEST,PFCIBEST.CL,27320.0
2015-08-14,PFCIBEST,PFCIBEST.CL,25080.0
2015-08-21,PFCIBEST,PFCIBEST.CL,24920.0
2015-08-28,PFCIBEST,PFCIBEST.CL,26200.0
2015-09-04,PFCIBEST,PFCIBEST.CL,25600.0
2015-09-11,PFCIBEST,PFCIBEST.CL,26560.0
2015-09-18,PFCIBEST,PFCIBEST.CL,24160.0
2015-09-25,PFCIBEST,PFCIBEST.CL,24960.0
2015-10-02,PFCIBEST,PFCIBEST.CL,27620.0
2015-10-09,PFCIBEST,PFCIBEST.CL,27200.0
2015-10-16,PFCIBEST,PFCIBEST.CL,27300.0
2015-10-23,PFCIBEST,PFCIBEST.CL,25620.0
2015-10-30,PFCIBEST,PFCIBEST.CL,24720.0
2015-11-06,PFCIBEST,PFCIBEST.CL,24760.0
2015-11-13,PFCIBEST,PFCIBEST.CL,23100.0
2015-11-20,PFCIBEST,PFCIBEST.CL,22400.0
2015-11-27,PFCIBEST,PFCIBEST.CL,21500.0
2015-12-04,PFCIBEST,PFCIBEST.CL,20420.0
2015-12-11,PFCIBEST,PFCIBEST.CL,22600.0
2015-12-18,PFCIBEST,PFCIBEST.CL,22780.0
2015-12-25,PFCIBEST,PFCIBEST.CL,21600.0
2016-01-01,PFCIBEST,PFCIBEST.CL,21200.0
2016-01-08,PFCIBEST,PFCIBEST.CL,20960.0
2016-01-15,PFCIBEST,PFCIBEST.CL,22000.0
2016-01-22,PFCIBEST,PFCIBEST.CL,22900.0
2016-01-29,PFCIBEST,PFCIBEST.CL,24560.0
2016-02-05,PFCIBEST,PFCIBEST.CL,24420.0
2016-02-12,PFCIBEST,PFCIBEST.CL,25100.0
2016-02-19,PFCIBEST,PFCIBEST.CL,24460.0
2016-02-26,PFCIBEST,PFCIBEST.CL,25200.0
2016-03-04,PFCIBEST,PFCIBEST.CL,26400.0
2016-03-11,PFCIBEST,PFCIBEST.CL,25400.0
2016-03-18,PFCIBEST,PFCIBEST.CL,25460.0
2016-03-25,PFCIBEST,PFCIBEST.CL,25540.0
2016-04-01,PFCIBEST,PFCIBEST.CL,25780.0
2016-04-08,PFCIBEST,PFCIBEST.CL,28060.0
2016-04-15,PFCIBEST,PFCIBEST.CL,28400.0
2016-04-22,PFCIBEST,PFCIBEST.CL,28300.0
2016-04-29,PFCIBEST,PFCIBEST.CL,26580.0
2016-05-06,PFCIBEST,PFCIBEST.CL,26800.0
2016-05-13,PFCIBEST,PFCIBEST.CL,27300.0
2016-05-20,PFCIBEST,PFCIBEST.CL,25760.0
2016-05-27,PFCIBEST,PFCIBEST.CL,25360.0
2016-06-03,PFCIBEST,PFCIBEST.CL,25980.0
2016-06-10,PFCIBEST,PFCIBEST.CL,25280.0
2016-06-17,PFCIBEST,PFCIBEST.CL,25780.0
2016-06-24,PFCIBEST,PFCIBEST.CL,25620.0
2016-07-01,PFCIBEST,PFCIBEST.CL,25420.0
2016-07-08,PFCIBEST,PFCIBEST.CL,25780.0
2016-07-15,PFCIBEST,PFCIBEST.CL,26000.0
2016-07-22,PFCIBEST,PFCIBEST.CL,26120.0
2016-07-29,PFCIBEST,PFCIBEST.CL,26300.0
2016-08-05,PFCIBEST,PFCIBEST.CL,26960.0
2016-08-12,PFCIBEST,PFCIBEST.CL,27320.0
2016-08-19,PFCIBEST,PFCIBEST.CL,28280.0
2016-08-26,PFCIBEST,PFCIBEST.CL,29100.0
2016-09-02,PFCIBEST,PFCIBEST.CL,30200.0
2016-09-09,PFCIBEST,PFCIBEST.CL,29020.0
2016-09-16,PFCIBEST,PFCIBEST.CL,27600.0
2016-09-23,PFCIBEST,PFCIBEST.CL,28320.0
2016-09-30,PFCIBEST,PFCIBEST.CL,27820.0
2016-10-07,PFCIBEST,PFCIBEST.CL,28040.0
2016-10-14,PFCIBEST,PFCIBEST.CL,28460.0
2016-10-21,PFCIBEST,PFCIBEST.CL,28540.0
2016-10-28,PFCIBEST,PFCIBEST.CL,29060.0
2016-11-04,PFCIBEST,PFCIBEST.CL,28380.0
2016-11-11,PFCIBEST,PFCIBEST.CL,26820.0
2016-11-18,PFCIBEST,PFCIBEST.CL,26400.0
2016-11-25,PFCIBEST,PFCIBEST.CL,26320.0
2016-12-02,PFCIBEST,PFCIBEST.CL,26820.0
2016-12-09,PFCIBEST,PFCIBEST.CL,27800.0
2016-12-16,PFCIBEST,PFCIBEST.CL,27200.0
2016-12-23,PFCIBEST,PFCIBEST.CL,27180.0
2016-12-30,PFCIBEST,PFCIBEST.CL,27840.0
2017-01-06,PFCIBEST,PFCIBEST.CL,28180.0
2017-01-13,PFCIBEST,PFCIBEST.CL,27660.0
2017-01-20,PFCIBEST,PFCIBEST.CL,28160.0
2017-01-27,PFCIBEST,PFCIBEST.CL,27840.0
2017-02-03,PFCIBEST,PFCIBEST.CL,27220.0
2017-02-10,PFCIBEST,PFCIBEST.CL,27640.0
2017-02-17,PFCIBEST,PFCIBEST.CL,27820.0
2017-02-24,PFCIBEST,PFCIBEST.CL,27400.0
2017-03-03,PFCIBEST,PFCIBEST.CL,27400.0
2017-03-10,PFCIBEST,PFCIBEST.CL,27660.0
2017-03-17,PFCIBEST,PFCIBEST.CL,28500.0
2017-03-24,PFCIBEST,PFCIBEST.CL,29060.0
2017-03-31,PFCIBEST,PFCIBEST.CL,28860.0
2017-04-07,PFCIBEST,PFCIBEST.CL,28720.0
2017-04-14,PFCIBEST,PFCIBEST.CL,28220.0
2017-04-21,PFCIBEST,PFCIBEST.CL,28500.0
2017-04-28,PFCIBEST,PFCIBEST.CL,29560.0
2017-05-05,PFCIBEST,PFCIBEST.CL,31460.0
2017-05-12,PFCIBEST,PFCIBEST.CL,31660.0
2017-05-19,PFCIBEST,PFCIBEST.CL,32000.0
2017-05-26,PFCIBEST,PFCIBEST.CL,32240.0
2017-06-02,PFCIBEST,PFCIBEST.CL,32780.0
2017-06-09,PFCIBEST,PFCIBEST.CL,33400.0
2017-06-16,PFCIBEST,PFCIBEST.CL,32180.0
2017-06-23,PFCIBEST,PFCIBEST.CL,34000.0
2017-06-30,PFCIBEST,PFCIBEST.CL,34200.0
2017-07-07,PFCIBEST,PFCIBEST.CL,34880.0
2017-07-14,PFCIBEST,PFCIBEST.CL,33000.0
2017-07-21,PFCIBEST,PFCIBEST.CL,33060.0
2017-07-28,PFCIBEST,PFCIBEST.CL,32700.0
2017-08-04,PFCIBEST,PFCIBEST.CL,32000.0
2017-08-11,PFCIBEST,PFCIBEST.CL,32460.0
2017-08-18,PFCIBEST,PFCIBEST.CL,32800.0
2017-08-25,PFCIBEST,PFCIBEST.CL,33600.0
2017-09-01,PFCIBEST,PFCIBEST.CL,35000.0
2017-09-08,PFCIBEST,PFCIBEST.CL,34440.0
2017-09-15,PFCIBEST,PFCIBEST.CL,33920.0
2017-09-22,PFCIBEST,PFCIBEST.CL,33760.0
2017-09-29,PFCIBEST,PFCIBEST.CL,33700.0
2017-10-06,PFCIBEST,PFCIBEST.CL,32900.0
2017-10-13,PFCIBEST,PFCIBEST.CL,32120.0
2017-10-20,PFCIBEST,PFCIBEST.CL,32120.0
2017-10-27,PFCIBEST,PFCIBEST.CL,28480.0
2017-11-03,PFCIBEST,PFCIBEST.CL,29280.0
2017-11-10,PFCIBEST,PFCIBEST.CL,28820.0
2017-11-17,PFCIBEST,PFCIBEST.CL,29440.0
2017-11-24,PFCIBEST,PFCIBEST.CL,29200.0
2017-12-01,PFCIBEST,PFCIBEST.CL,29380.0
2017-12-08,PFCIBEST,PFCIBEST.CL,29720.0
2017-12-15,PFCIBEST,PFCIBEST.CL,29660.0
2017-12-22,PFCIBEST,PFCIBEST.CL,29920.0
2017-12-29,PFCIBEST,PFCIBEST.CL,29900.0
2018-01-05,PFCIBEST,PFCIBEST.CL,30040.0
2018-01-12,PFCIBEST,PFCIBEST.CL,31160.0
2018-01-19,PFCIBEST,PFCIBEST.CL,32240.0
2018-01-26,PFCIBEST,PFCIBEST.CL,32660.0
2018-02-02,PFCIBEST,PFCIBEST.CL,31200.0
2018-02-09,PFCIBEST,PFCIBEST.CL,31820.0
2018-02-16,PFCIBEST,PFCIBEST.CL,32660.0
2018-02-23,PFCIBEST,PFCIBEST.CL,30000.0
2018-03-02,PFCIBEST,PFCIBEST.CL,31300.0
2018-03-09,PFCIBEST,PFCIBEST.CL,30560.0
2018-03-16,PFCIBEST,PFCIBEST.CL,30180.0
2018-03-23,PFCIBEST,PFCIBEST.CL,29780.0
2018-03-30,PFCIBEST,PFCIBEST.CL,32600.0
2018-04-06,PFCIBEST,PFCIBEST.CL,34000.0
2018-04-13,PFCIBEST,PFCIBEST.CL,34300.0
2018-04-20,PFCIBEST,PFCIBEST.CL,33160.0
2018-04-27,PFCIBEST,PFCIBEST.CL,34000.0
2018-05-04,PFCIBEST,PFCIBEST.CL,33820.0
2018-05-11,PFCIBEST,PFCIBEST.CL,33000.0
2018-05-18,PFCIBEST,PFCIBEST.CL,32420.0
2018-05-25,PFCIBEST,PFCIBEST.CL,33500.0
2018-06-01,PFCIBEST,PFCIBEST.CL,33100.0
2018-06-08,PFCIBEST,PFCIBEST.CL,33760.0
2018-06-15,PFCIBEST,PFCIBEST.CL,34500.0
2018-06-22,PFCIBEST,PFCIBEST.CL,35200.0
2018-06-29,PFCIBEST,PFCIBEST.CL,35920.0
2018-07-06,PFCIBEST,PFCIBEST.CL,35400.0
2018-07-13,PFCIBEST,PFCIBEST.CL,34800.0
2018-07-20,PFCIBEST,PFCIBEST.CL,34020.0
2018-07-27,PFCIBEST,PFCIBEST.CL,33140.0
2018-08-03,PFCIBEST,PFCIBEST.CL,33580.0
2018-08-10,PFCIBEST,PFCIBEST.CL,33660.0
2018-08-17,PFCIBEST,PFCIBEST.CL,33000.0
2018-08-24,PFCIBEST,PFCIBEST.CL,32920.0
2018-08-31,PFCIBEST,PFCIBEST.CL,32100.0
2018-09-07,PFCIBEST,PFCIBEST.CL,30500.0
2018-09-14,PFCIBEST,PFCIBEST.CL,32020.0
2018-09-21,PFCIBEST,PFCIBEST.CL,31120.0
2018-09-28,PFCIBEST,PFCIBEST.CL,32300.0
2018-10-05,PFCIBEST,PFCIBEST.CL,31280.0
2018-10-12,PFCIBEST,PFCIBEST.CL,31280.0
2018-10-19,PFCIBEST,PFCIBEST.CL,30020.0
2018-10-26,PFCIBEST,PFCIBEST.CL,30100.0
2018-11-02,PFCIBEST,PFCIBEST.CL,32000.0
2018-11-09,PFCIBEST,PFCIBEST.CL,33600.0
2018-11-16,PFCIBEST,PFCIBEST.CL,33320.0
2018-11-23,PFCIBEST,PFCIBEST.CL,33200.0
2018-11-30,PFCIBEST,PFCIBEST.CL,32980.0
2018-12-07,PFCIBEST,PFCIBEST.CL,32420.0
2018-12-14,PFCIBEST,PFCIBEST.CL,30420.0
2018-12-21,PFCIBEST,PFCIBEST.CL,31200.0
2018-12-28,PFCIBEST,PFCIBEST.CL,32000.0
2019-01-04,PFCIBEST,PFCIBEST.CL,33940.0
2019-01-11,PFCIBEST,PFCIBEST.CL,34080.0
2019-01-18,PFCIBEST,PFCIBEST.CL,34500.0
2019-01-25,PFCIBEST,PFCIBEST.CL,34360.0
2019-02-01,PFCIBEST,PFCIBEST.CL,36000.0
2019-02-08,PFCIBEST,PFCIBEST.CL,35500.0
2019-02-15,PFCIBEST,PFCIBEST.CL,35900.0
2019-02-22,PFCIBEST,PFCIBEST.CL,37120.0
2019-03-01,PFCIBEST,PFCIBEST.CL,38080.0
2019-03-08,PFCIBEST,PFCIBEST.CL,39880.0
2019-03-15,PFCIBEST,PFCIBEST.CL,42120.0
2019-03-22,PFCIBEST,PFCIBEST.CL,39780.0
2019-03-29,PFCIBEST,PFCIBEST.CL,41380.0
2019-04-05,PFCIBEST,PFCIBEST.CL,42220.0
2019-04-12,PFCIBEST,PFCIBEST.CL,40940.0
2019-04-19,PFCIBEST,PFCIBEST.CL,42240.0
2019-04-26,PFCIBEST,PFCIBEST.CL,40100.0
2019-05-03,PFCIBEST,PFCIBEST.CL,40020.0
2019-05-10,PFCIBEST,PFCIBEST.CL,38940.0
2019-05-17,PFCIBEST,PFCIBEST.CL,38300.0
2019-05-24,PFCIBEST,PFCIBEST.CL,38920.0
2019-05-31,PFCIBEST,PFCIBEST.CL,39380.0
2019-06-07,PFCIBEST,PFCIBEST.CL,40040.0
2019-06-14,PFCIBEST,PFCIBEST.CL,40920.0
2019-06-21,PFCIBEST,PFCIBEST.CL,40600.0
2019-06-28,PFCIBEST,PFCIBEST.CL,40700.0
2019-07-05,PFCIBEST,PFCIBEST.CL,40940.0
2019-07-12,PFCIBEST,PFCIBEST.CL,41760.0
2019-07-19,PFCIBEST,PFCIBEST.CL,41280.0
2019-07-26,PFCIBEST,PFCIBEST.CL,41260.0
2019-08-02,PFCIBEST,PFCIBEST.CL,42640.0
2019-08-09,PFCIBEST,PFCIBEST.CL,42640.0
2019-08-16,PFCIBEST,PFCIBEST.CL,42660.0
2019-08-23,PFCIBEST,PFCIBEST.CL,42400.0
2019-08-30,PFCIBEST,PFCIBEST.CL,42600.0
2019-09-06,PFCIBEST,PFCIBEST.CL,42800.0
2019-09-13,PFCIBEST,PFCIBEST.CL,43560.0
2019-09-20,PFCIBEST,PFCIBEST.CL,44400.0
2019-09-27,PFCIBEST,PFCIBEST.CL,43000.0
2019-10-04,PFCIBEST,PFCIBEST.CL,43120.0
2019-10-11,PFCIBEST,PFCIBEST.CL,42240.0
2019-10-18,PFCIBEST,PFCIBEST.CL,43480.0
2019-10-25,PFCIBEST,PFCIBEST.CL,44120.0
2019-11-01,PFCIBEST,PFCIBEST.CL,45160.0
2019-11-08,PFCIBEST,PFCIBEST.CL,44100.0
2019-11-15,PFCIBEST,PFCIBEST.CL,44000.0
2019-11-22,PFCIBEST,PFCIBEST.CL,43380.0
2019-11-29,PFCIBEST,PFCIBEST.CL,43900.0
2019-12-06,PFCIBEST,PFCIBEST.CL,44140.0
2019-12-13,PFCIBEST,PFCIBEST.CL,46500.0
2019-12-20,PFCIBEST,PFCIBEST.CL,45600.0
2019-12-27,PFCIBEST,PFCIBEST.CL,45140.0
2020-01-03,PFCIBEST,PFCIBEST.CL,44540.0
2020-01-10,PFCIBEST,PFCIBEST.CL,45080.0
2020-01-17,PFCIBEST,PFCIBEST.CL,45480.0
2020-01-24,PFCIBEST,PFCIBEST.CL,45420.0
2020-01-31,PFCIBEST,PFCIBEST.CL,46960.0
2020-02-07,PFCIBEST,PFCIBEST.CL,46580.0
2020-02-14,PFCIBEST,PFCIBEST.CL,46220.0
2020-02-21,PFCIBEST,PFCIBEST.CL,42180.0
2020-02-28,PFCIBEST,PFCIBEST.CL,39480.0
2020-03-06,PFCIBEST,PFCIBEST.CL,29700.0
2020-03-13,PFCIBEST,PFCIBEST.CL,22000.0
2020-03-20,PFCIBEST,PFCIBEST.CL,24500.0
2020-03-27,PFCIBEST,PFCIBEST.CL,24600.0
2020-04-03,PFCIBEST,PFCIBEST.CL,26540.0
2020-04-10,PFCIBEST,PFCIBEST.CL,27300.0
2020-04-17,PFCIBEST,PFCIBEST.CL,24880.0
2020-04-24,PFCIBEST,PFCIBEST.CL,25880.0
2020-05-01,PFCIBEST,PFCIBEST.CL,24420.0
2020-05-08,PFCIBEST,PFCIBEST.CL,22100.0
2020-05-15,PFCIBEST,PFCIBEST.CL,22220.0
2020-05-22,PFCIBEST,PFCIBEST.CL,23800.0
2020-05-29,PFCIBEST,PFCIBEST.CL,27400.0
2020-06-05,PFCIBEST,PFCIBEST.CL,25800.0
2020-06-12,PFCIBEST,PFCIBEST.CL,25800.0
2020-06-19,PFCIBEST,PFCIBEST.CL,25000.0
2020-06-26,PFCIBEST,PFCIBEST.CL,24980.0
2020-07-03,PFCIBEST,PFCIBEST.CL,25200.0
2020-07-10,PFCIBEST,PFCIBEST.CL,24880.0
2020-07-17,PFCIBEST,PFCIBEST.CL,25780.0
2020-07-24,PFCIBEST,PFCIBEST.CL,26440.0
2020-07-31,PFCIBEST,PFCIBEST.CL,24720.0
2020-08-07,PFCIBEST,PFCIBEST.CL,25200.0
2020-08-14,PFCIBEST,PFCIBEST.CL,25700.0
2020-08-21,PFCIBEST,PFCIBEST.CL,27000.0
2020-08-28,PFCIBEST,PFCIBEST.CL,27400.0
2020-09-04,PFCIBEST,PFCIBEST.CL,26620.0
2020-09-11,PFCIBEST,PFCIBEST.CL,25520.0
2020-09-18,PFCIBEST,PFCIBEST.CL,25200.0
2020-09-25,PFCIBEST,PFCIBEST.CL,24680.0
2020-10-02,PFCIBEST,PFCIBEST.CL,24900.0
2020-10-09,PFCIBEST,PFCIBEST.CL,24400.0
2020-10-16,PFCIBEST,PFCIBEST.CL,25190.0
2020-10-23,PFCIBEST,PFCIBEST.CL,24010.0
2020-10-30,PFCIBEST,PFCIBEST.CL,25360.0
2020-11-06,PFCIBEST,PFCIBEST.CL,26300.0
2020-11-13,PFCIBEST,PFCIBEST.CL,27150.0
2020-11-20,PFCIBEST,PFCIBEST.CL,27790.0
2020-11-27,PFCIBEST,PFCIBEST.CL,29000.0
2020-12-04,PFCIBEST,PFCIBEST.CL,32500.0
2020-12-11,PFCIBEST,PFCIBEST.CL,35100.0
2020-12-18,PFCIBEST,PFCIBEST.CL,35270.0
2020-12-25,PFCIBEST,PFCIBEST.CL,35100.0
2021-01-01,PFCIBEST,PFCIBEST.CL,34520.0
2021-01-08,PFCIBEST,PFCIBEST.CL,34300.0
2021-01-15,PFCIBEST,PFCIBEST.CL,32600.0
2021-01-22,PFCIBEST,PFCIBEST.CL,30750.0
2021-01-29,PFCIBEST,PFCIBEST.CL,31740.0
2021-02-05,PFCIBEST,PFCIBEST.CL,31800.0
2021-02-12,PFCIBEST,PFCIBEST.CL,31350.0
2021-02-19,PFCIBEST,PFCIBEST.CL,30260.0
2021-02-26,PFCIBEST,PFCIBEST.CL,30300.0
2021-03-05,PFCIBEST,PFCIBEST.CL,30740.0
2021-03-12,PFCIBEST,PFCIBEST.CL,29810.0
2021-03-19,PFCIBEST,PFCIBEST.CL,30200.0
2021-03-26,PFCIBEST,PFCIBEST.CL,29180.0
2021-04-02,PFCIBEST,PFCIBEST.CL,30380.0
2021-04-09,PFCIBEST,PFCIBEST.CL,30400.0
2021-04-16,PFCIBEST,PFCIBEST.CL,29410.0
2021-04-23,PFCIBEST,PFCIBEST.CL,28700.0
2021-04-30,PFCIBEST,PFCIBEST.CL,28680.0
2021-05-07,PFCIBEST,PFCIBEST.CL,28100.0
2021-05-14,PFCIBEST,PFCIBEST.CL,28120.0
2021-05-21,PFCIBEST,PFCIBEST.CL,28200.0
2021-05-28,PFCIBEST,PFCIBEST.CL,28810.0
2021-06-04,PFCIBEST,PFCIBEST.CL,28300.0
2021-06-11,PFCIBEST,PFCIBEST.CL,27760.0
2021-06-18,PFCIBEST,PFCIBEST.CL,27800.0
2021-06-25,PFCIBEST,PFCIBEST.CL,26700.0
2021-07-02,PFCIBEST,PFCIBEST.CL,28310.0
2021-07-09,PFCIBEST,PFCIBEST.CL,28800.0
2021-07-16,PFCIBEST,PFCIBEST.CL,28270.0
2021-07-23,PFCIBEST,PFCIBEST.CL,27940.0
2021-07-30,PFCIBEST,PFCIBEST.CL,27400.0
2021-08-06,PFCIBEST,PFCIBEST.CL,29300.0
2021-08-13,PFCIBEST,PFCIBEST.CL,31650.0
2021-08-20,PFCIBEST,PFCIBEST.CL,30900.0
2021-08-27,PFCIBEST,PFCIBEST.CL,31260.0
2021-09-03,PFCIBEST,PFCIBEST.CL,31470.0
2021-09-10,PFCIBEST,PFCIBEST.CL,31030.0
2021-09-17,PFCIBEST,PFCIBEST.CL,30900.0
2021-09-24,PFCIBEST,PFCIBEST.CL,33000.0
2021-10-01,PFCIBEST,PFCIBEST.CL,33390.0
2021-10-08,PFCIBEST,PFCIBEST.CL,34200.0
2021-10-15,PFCIBEST,PFCIBEST.CL,34120.0
2021-10-22,PFCIBEST,PFCIBEST.CL,34100.0
2021-10-29,PFCIBEST,PFCIBEST.CL,33650.0
2021-11-05,PFCIBEST,PFCIBEST.CL,32200.0
2021-11-12,PFCIBEST,PFCIBEST.CL,30900.0
2021-11-19,PFCIBEST,PFCIBEST.CL,30670.0
2021-11-26,PFCIBEST,PFCIBEST.CL,35000.0
2021-12-03,PFCIBEST,PFCIBEST.CL,32500.0
2021-12-10,PFCIBEST,PFCIBEST.CL,33100.0
2021-12-17,PFCIBEST,PFCIBEST.CL,31700.0
2021-12-24,PFCIBEST,PFCIBEST.CL,32000.0
2021-12-31,PFCIBEST,PFCIBEST.CL,31080.0
2022-01-07,PFCIBEST,PFCIBEST.CL,33480.0
2022-01-14,PFCIBEST,PFCIBEST.CL,34900.0
2022-01-21,PFCIBEST,PFCIBEST.CL,34200.0
2022-01-28,PFCIBEST,PFCIBEST.CL,34960.0
2022-02-04,PFCIBEST,PFCIBEST.CL,33800.0
2022-02-11,PFCIBEST,PFCIBEST.CL,33960.0
2022-02-18,PFCIBEST,PFCIBEST.CL,34180.0
2022-02-25,PFCIBEST,PFCIBEST.CL,35880.0
2022-03-04,PFCIBEST,PFCIBEST.CL,36200.0
2022-03-11,PFCIBEST,PFCIBEST.CL,36200.0
2022-03-18,PFCIBEST,PFCIBEST.CL,39000.0
2022-03-25,PFCIBEST,PFCIBEST.CL,40310.0
2022-04-01,PFCIBEST,PFCIBEST.CL,40200.0
2022-04-08,PFCIBEST,PFCIBEST.CL,40680.0
2022-04-15,PFCIBEST,PFCIBEST.CL,40470.0
2022-04-22,PFCIBEST,PFCIBEST.CL,39120.0
2022-04-29,PFCIBEST,PFCIBEST.CL,38800.0
2022-05-06,PFCIBEST,PFCIBEST.CL,37520.0
2022-05-13,PFCIBEST,PFCIBEST.CL,34790.0
2022-05-20,PFCIBEST,PFCIBEST.CL,38340.0
2022-05-27,PFCIBEST,PFCIBEST.CL,42500.0
2022-06-03,PFCIBEST,PFCIBEST.CL,39600.0
2022-06-10,PFCIBEST,PFCIBEST.CL,36660.0
2022-06-17,PFCIBEST,PFCIBEST.CL,34300.0
2022-06-24,PFCIBEST,PFCIBEST.CL,31700.0
2022-07-01,PFCIBEST,PFCIBEST.CL,31580.0
2022-07-08,PFCIBEST,PFCIBEST.CL,29850.0
2022-07-15,PFCIBEST,PFCIBEST.CL,31500.0
2022-07-22,PFCIBEST,PFCIBEST.CL,32790.0
2022-07-29,PFCIBEST,PFCIBEST.CL,31600.0
2022-08-05,PFCIBEST,PFCIBEST.CL,33740.0
2022-08-12,PFCIBEST,PFCIBEST.CL,34690.0
2022-08-19,PFCIBEST,PFCIBEST.CL,33500.0
2022-08-26,PFCIBEST,PFCIBEST.CL,31000.0
2022-09-02,PFCIBEST,PFCIBEST.CL,30750.0
2022-09-09,PFCIBEST,PFCIBEST.CL,30730.0
2022-09-16,PFCIBEST,PFCIBEST.CL,30700.0
2022-09-23,PFCIBEST,PFCIBEST.CL,28290.0
2022-09-30,PFCIBEST,PFCIBEST.CL,30600.0
2022-10-07,PFCIBEST,PFCIBEST.CL,29210.0
2022-10-14,PFCIBEST,PFCIBEST.CL,30330.0
2022-10-21,PFCIBEST,PFCIBEST.CL,30200.0
2022-10-28,PFCIBEST,PFCIBEST.CL,30800.0
2022-11-04,PFCIBEST,PFCIBEST.CL,32080.0
2022-11-11,PFCIBEST,PFCIBEST.CL,31700.0
2022-11-18,PFCIBEST,PFCIBEST.CL,31690.0
2022-11-25,PFCIBEST,PFCIBEST.CL,31620.0
2022-12-02,PFCIBEST,PFCIBEST.CL,31100.0
2022-12-09,PFCIBEST,PFCIBEST.CL,31180.0
2022-12-16,PFCIBEST,PFCIBEST.CL,32220.0
2022-12-23,PFCIBEST,PFCIBEST.CL,33550.0
2022-12-30,PFCIBEST,PFCIBEST.CL,34600.0
2023-01-06,PFCIBEST,PFCIBEST.CL,34450.0
2023-01-13,PFCIBEST,PFCIBEST.CL,34300.0
2023-01-20,PFCIBEST,PFCIBEST.CL,34700.0
2023-01-27,PFCIBEST,PFCIBEST.CL,34200.0
2023-02-03,PFCIBEST,PFCIBEST.CL,33570.0
2023-02-10,PFCIBEST,PFCIBEST.CL,33390.0
2023-02-17,PFCIBEST,PFCIBEST.CL,31700.0
2023-02-24,PFCIBEST,PFCIBEST.CL,30700.0
2023-03-03,PFCIBEST,PFCIBEST.CL,30750.0
2023-03-10,PFCIBEST,PFCIBEST.CL,27400.0
2023-03-17,PFCIBEST,PFCIBEST.CL,26990.0
2023-03-24,PFCIBEST,PFCIBEST.CL,28620.0
2023-03-31,PFCIBEST,PFCIBEST.CL,29810.0
2023-04-07,PFCIBEST,PFCIBEST.CL,31820.0
2023-04-14,PFCIBEST,PFCIBEST.CL,32090.0
2023-04-21,PFCIBEST,PFCIBEST.CL,28200.0
2023-04-28,PFCIBEST,PFCIBEST.CL,27550.0
2023-05-05,PFCIBEST,PFCIBEST.CL,27800.0
2023-05-12,PFCIBEST,PFCIBEST.CL,27010.0
2023-05-19,PFCIBEST,PFCIBEST.CL,26600.0
2023-05-26,PFCIBEST,PFCIBEST.CL,26870.0
2023-06-02,PFCIBEST,PFCIBEST.CL,30190.0
2023-06-09,PFCIBEST,PFCIBEST.CL,29080.0
2023-06-16,PFCIBEST,PFCIBEST.CL,27880.0
2023-06-23,PFCIBEST,PFCIBEST.CL,27730.0
2023-06-30,PFCIBEST,PFCIBEST.CL,27140.0
2023-07-07,PFCIBEST,PFCIBEST.CL,29390.0
2023-07-14,PFCIBEST,PFCIBEST.CL,29780.0
2023-07-21,PFCIBEST,PFCIBEST.CL,29450.0
2023-07-28,PFCIBEST,PFCIBEST.CL,29960.0
2023-08-04,PFCIBEST,PFCIBEST.CL,28390.0
2023-08-11,PFCIBEST,PFCIBEST.CL,28100.0
2023-08-18,PFCIBEST,PFCIBEST.CL,27820.0
2023-08-25,PFCIBEST,PFCIBEST.CL,27200.0
2023-09-01,PFCIBEST,PFCIBEST.CL,25100.0
2023-09-08,PFCIBEST,PFCIBEST.CL,27090.0
2023-09-15,PFCIBEST,PFCIBEST.CL,26640.0
2023-09-22,PFCIBEST,PFCIBEST.CL,26770.0
2023-09-29,PFCIBEST,PFCIBEST.CL,26500.0
2023-10-06,PFCIBEST,PFCIBEST.CL,27000.0
2023-10-13,PFCIBEST,PFCIBEST.CL,27060.0
2023-10-20,PFCIBEST,PFCIBEST.CL,26180.0
2023-10-27,PFCIBEST,PFCIBEST.CL,26600.0
2023-11-03,PFCIBEST,PFCIBEST.CL,27020.0
2023-11-10,PFCIBEST,PFCIBEST.CL,27740.0
2023-11-17,PFCIBEST,PFCIBEST.CL,27960.0
2023-11-24,PFCIBEST,PFCIBEST.CL,27800.0
2023-12-01,PFCIBEST,PFCIBEST.CL,27900.0
2023-12-08,PFCIBEST,PFCIBEST.CL,29240.0
2023-12-15,PFCIBEST,PFCIBEST.CL,29460.0
2023-12-22,PFCIBEST,PFCIBEST.CL,29920.0
2023-12-29,PFCIBEST,PFCIBEST.CL,32260.0
2024-01-05,PFCIBEST,PFCIBEST.CL,31280.0
2024-01-12,PFCIBEST,PFCIBEST.CL,31400.0
2024-01-19,PFCIBEST,PFCIBEST.CL,30700.0
2024-01-26,PFCIBEST,PFCIBEST.CL,31200.0
2024-02-02,PFCIBEST,PFCIBEST.CL,31000.0
2024-02-09,PFCIBEST,PFCIBEST.CL,30980.0
2024-02-16,PFCIBEST,PFCIBEST.CL,32040.0
2024-02-23,PFCIBEST,PFCIBEST.CL,32080.0
2024-03-01,PFCIBEST,PFCIBEST.CL,32900.0
2024-03-08,PFCIBEST,PFCIBEST.CL,31520.0
2024-03-15,PFCIBEST,PFCIBEST.CL,32700.0
2024-03-22,PFCIBEST,PFCIBEST.CL,32880.0
2024-03-29,PFCIBEST,PFCIBEST.CL,34980.0
2024-04-05,PFCIBEST,PFCIBEST.CL,34340.0
2024-04-12,PFCIBEST,PFCIBEST.CL,31580.0
2024-04-19,PFCIBEST,PFCIBEST.CL,31120.0
2024-04-26,PFCIBEST,PFCIBEST.CL,32640.0
2024-05-03,PFCIBEST,PFCIBEST.CL,33320.0
2024-05-10,PFCIBEST,PFCIBEST.CL,34460.0
2024-05-17,PFCIBEST,PFCIBEST.CL,34600.0
2024-05-24,PFCIBEST,PFCIBEST.CL,34120.0
2024-05-31,PFCIBEST,PFCIBEST.CL,34760.0
2024-06-07,PFCIBEST,PFCIBEST.CL,33900.0
2024-06-14,PFCIBEST,PFCIBEST.CL,34000.0
2024-06-21,PFCIBEST,PFCIBEST.CL,33980.0
2024-06-28,PFCIBEST,PFCIBEST.CL,34060.0
2024-07-05,PFCIBEST,PFCIBEST.CL,34000.0
2024-07-12,PFCIBEST,PFCIBEST.CL,33780.0
2024-07-19,PFCIBEST,PFCIBEST.CL,33280.0
2024-07-26,PFCIBEST,PFCIBEST.CL,33900.0
2024-08-02,PFCIBEST,PFCIBEST.CL,32000.0
2024-08-09,PFCIBEST,PFCIBEST.CL,34480.0
2024-08-16,PFCIBEST,PFCIBEST.CL,33400.0
2024-08-23,PFCIBEST,PFCIBEST.CL,33660.0
2024-08-30,PFCIBEST,PFCIBEST.CL,34280.0
2024-09-06,PFCIBEST,PFCIBEST.CL,33660.0
2024-09-13,PFCIBEST,PFCIBEST.CL,33740.0
2024-09-20,PFCIBEST,PFCIBEST.CL,33920.0
2024-09-27,PFCIBEST,PFCIBEST.CL,32740.0
2024-10-04,PFCIBEST,PFCIBEST.CL,33600.0
2024-10-11,PFCIBEST,PFCIBEST.CL,34280.0
2024-10-18,PFCIBEST,PFCIBEST.CL,34320.0
2024-10-25,PFCIBEST,PFCIBEST.CL,35420.0
2024-11-01,PFCIBEST,PFCIBEST.CL,35420.0
2024-11-08,PFCIBEST,PFCIBEST.CL,35460.0
2024-11-15,PFCIBEST,PFCIBEST.CL,36220.0
2024-11-22,PFCIBEST,PFCIBEST.CL,36400.0
2024-11-29,PFCIBEST,PFCIBEST.CL,36500.0
2024-12-06,PFCIBEST,PFCIBEST.CL,35980.0
2024-12-13,PFCIBEST,PFCIBEST.CL,35200.0
2024-12-20,PFCIBEST,PFCIBEST.CL,35420.0
2024-12-27,PFCIBEST,PFCIBEST.CL,35500.0
2025-01-03,PFCIBEST,PFCIBEST.CL,35360.0
2025-01-10,PFCIBEST,PFCIBEST.CL,34780.0
2025-01-17,PFCIBEST,PFCIBEST.CL,36200.0
2025-01-24,PFCIBEST,PFCIBEST.CL,41880.0
2025-01-31,PFCIBEST,PFCIBEST.CL,41280.0
2025-02-07,PFCIBEST,PFCIBEST.CL,41700.0
2025-02-14,PFCIBEST,PFCIBEST.CL,44300.0
2025-02-21,PFCIBEST,PFCIBEST.CL,43140.0
2025-02-28,PFCIBEST,PFCIBEST.CL,42800.0
2025-03-07,PFCIBEST,PFCIBEST.CL,42900.0
2025-03-14,PFCIBEST,PFCIBEST.CL,44400.0
2025-03-21,PFCIBEST,PFCIBEST.CL,42020.0
2025-03-28,PFCIBEST,PFCIBEST.CL,44000.0
2025-04-04,PFCIBEST,PFCIBEST.CL,39720.0
2025-04-11,PFCIBEST,PFCIBEST.CL,42780.0
2025-04-18,PFCIBEST,PFCIBEST.CL,44000.0
2025-04-25,PFCIBEST,PFCIBEST.CL,43400.0
2025-05-02,PFCIBEST,PFCIBEST.CL,43720.0
2025-05-09,PFCIBEST,PFCIBEST.CL,44500.0
2025-05-16,PFCIBEST,PFCIBEST.CL,42200.0
2025-05-23,PFCIBEST,PFCIBEST.CL,43620.0
2025-05-30,PFCIBEST,PFCIBEST.CL,44740.0
2025-06-06,PFCIBEST,PFCIBEST.CL,44220.0
2025-06-13,PFCIBEST,PFCIBEST.CL,44100.0
2025-06-20,PFCIBEST,PFCIBEST.CL,45860.0
2025-06-27,PFCIBEST,PFCIBEST.CL,45540.0
2025-07-04,PFCIBEST,PFCIBEST.CL,45060.0
2025-07-11,PFCIBEST,PFCIBEST.CL,46600.0
2025-07-18,PFCIBEST,PFCIBEST.CL,45300.0
2025-07-25,PFCIBEST,PFCIBEST.CL,45800.0
2025-08-01,PFCIBEST,PFCIBEST.CL,46100.0
2025-08-08,PFCIBEST,PFCIBEST.CL,49360.0
2025-08-15,PFCIBEST,PFCIBEST.CL,49720.0
2025-08-22,PFCIBEST,PFCIBEST.CL,50000.0
2025-08-29,PFCIBEST,PFCIBEST.CL,50760.0
2025-09-05,PFCIBEST,PFCIBEST.CL,51140.0
2025-09-12,PFCIBEST,PFCIBEST.CL,50500.0
2025-09-19,PFCIBEST,PFCIBEST.CL,51200.0
2025-09-26,PFCIBEST,PFCIBEST.CL,49900.0
2025-10-03,PFCIBEST,PFCIBEST.CL,52880.0
2025-10-10,PFCIBEST,PFCIBEST.CL,53940.0
2025-10-17,PFCIBEST,PFCIBEST.CL,54180.0
2025-10-24,PFCIBEST,PFCIBEST.CL,55980.0
2025-10-31,PFCIBEST,PFCIBEST.CL,57300.0
2025-11-07,PFCIBEST,PFCIBEST.CL,58020.0
2025-11-14,PFCIBEST,PFCIBEST.CL,57540.0
2025-11-21,PFCIBEST,PFCIBEST.CL,58480.0
2025-11-28,PFCIBEST,PFCIBEST.CL,61400.0
2025-12-05,PFCIBEST,PFCIBEST.CL,61000.0
2025-12-12,PFCIBEST,PFCIBEST.CL,59300.0
2025-12-19,PFCIBEST,PFCIBEST.CL,60000.0
2025-12-26,PFCIBEST,PFCIBEST.CL,59820.0
2026-01-02,PFCIBEST,PFCIBEST.CL,65060.0
2026-01-09,PFCIBEST,PFCIBEST.CL,68300.0
2026-01-16,PFCIBEST,PFCIBEST.CL,71000.0
2026-01-23,PFCIBEST,PFCIBEST.CL,76300.0
2026-01-30,PFCIBEST,PFCIBEST.CL,70300.0
2026-02-06,PFCIBEST,PFCIBEST.CL,70400.0
2026-02-13,PFCIBEST,PFCIBEST.CL,73280.0
2026-02-20,PFCIBEST,PFCIBEST.CL,65200.0
2026-02-27,PFCIBEST,PFCIBEST.CL,61500.0
2026-03-06,PFCIBEST,PFCIBEST.CL,60800.0
2026-03-13,PFCIBEST,PFCIBEST.CL,63320.0
2026-03-20,PFCIBEST,PFCIBEST.CL,65120.0
2026-03-27,PFCIBEST,PFCIBEST.CL,66860.0
2026-04-03,PFCIBEST,PFCIBEST.CL,67880.0
2026-04-10,PFCIBEST,PFCIBEST.CL,68720.0
2026-04-17,PFCIBEST,PFCIBEST.CL,63860.0
2026-04-24,PFCIBEST,PFCIBEST.CL,62460.0
2026-05-01,PFCIBEST,PFCIBEST.CL,60920.0
2026-05-08,PFCIBEST,PFCIBEST.CL,60680.0
2026-05-15,PFCIBEST,PFCIBEST.CL,60940.0
2026-05-22,PFCIBEST,PFCIBEST.CL,63000.0
2026-05-29,PFCIBEST,PFCIBEST.CL,64040.0
2026-06-05,PFCIBEST,PFCIBEST.CL,70680.0
2026-06-12,PFCIBEST,PFCIBEST.CL,69120.0
2026-06-19,PFCIBEST,PFCIBEST.CL,66500.0
2026-06-26,PFCIBEST,PFCIBEST.CL,66100.0
2026-07-03,PFCIBEST,PFCIBEST.CL,66500.0
2026-07-10,PFCIBEST,PFCIBEST.CL,64500.0
2026-07-17,PFCIBEST,PFCIBEST.CL,69000.0
2026-07-24,PFCIBEST,PFCIBEST.CL,73000.0
2026-07-31,PFCIBEST,PFCIBEST.CL,71100.0
2026-08-07,PFCIBEST,PFCIBEST.CL,75660.0
2026-08-14,PFCIBEST,PFCIBEST.CL,75800.0
2026-08-21,PFCIBEST,PFCIBEST.CL,77000.0
2026-08-28,PFCIBEST,PFCIBEST.CL,78620.0
2026-09-04,PFCIBEST,PFCIBEST.CL,79480.0
2026-09-11,PFCIBEST,PFCIBEST.CL,77500.0
2026-09-18,PFCIBEST,PFCIBEST.CL,78800.0
2026-09-25,PFCIBEST,PFCIBEST.CL,76540.0
2026-09-30,PFCIBEST,PFCIBEST.CL,76540.0
2010-01-01,PFCORFICOL,PFCORFICOL.CL,19477.63
2010-01-08,PFCORFICOL,PFCORFICOL.CL,18727.11
2010-01-15,PFCORFICOL,PFCORFICOL.CL,19459.76
2010-01-22,PFCORFICOL,PFCORFICOL.CL,19030.89
2010-01-29,PFCORFICOL,PFCORFICOL.CL,20925.05
2010-02-05,PFCORFICOL,PFCORFICOL.CL,20871.44
2010-02-12,PFCORFICOL,PFCORFICOL.CL,21747.04
2010-02-19,PFCORFICOL,PFCORFICOL.CL,18237.54
2010-02-26,PFCORFICOL,PFCORFICOL.CL,19631.3
2010-03-05,PFCORFICOL,PFCORFICOL.CL,19735.09
2010-03-12,PFCORFICOL,PFCORFICOL.CL,19571.99
2010-03-19,PFCORFICOL,PFCORFICOL.CL,19127.17
2010-03-26,PFCORFICOL,PFCORFICOL.CL,19142.0
2010-04-02,PFCORFICOL,PFCORFICOL.CL,19601.64
2010-04-09,PFCORFICOL,PFCORFICOL.CL,20980.58
2010-04-16,PFCORFICOL,PFCORFICOL.CL,20906.44
2010-04-23,PFCORFICOL,PFCORFICOL.CL,20609.9
2010-04-30,PFCORFICOL,PFCORFICOL.CL,20461.63
2010-05-07,PFCORFICOL,PFCORFICOL.CL,20758.17
2010-05-14,PFCORFICOL,PFCORFICOL.CL,20016.81
2010-05-21,PFCORFICOL,PFCORFICOL.CL,20016.81
2010-05-28,PFCORFICOL,PFCORFICOL.CL,20016.81
2010-06-04,PFCORFICOL,PFCORFICOL.CL,20684.03
2010-06-11,PFCORFICOL,PFCORFICOL.CL,21143.68
2010-06-18,PFCORFICOL,PFCORFICOL.CL,21277.12
2010-06-25,PFCORFICOL,PFCORFICOL.CL,20165.08
2010-07-02,PFCORFICOL,PFCORFICOL.CL,19942.67
2010-07-09,PFCORFICOL,PFCORFICOL.CL,20372.66
2010-07-16,PFCORFICOL,PFCORFICOL.CL,20980.58
2010-07-23,PFCORFICOL,PFCORFICOL.CL,21425.4
2010-07-30,PFCORFICOL,PFCORFICOL.CL,22463.3
2010-08-06,PFCORFICOL,PFCORFICOL.CL,22611.58
2010-08-13,PFCORFICOL,PFCORFICOL.CL,22611.58
2010-08-20,PFCORFICOL,PFCORFICOL.CL,22611.58
2010-08-27,PFCORFICOL,PFCORFICOL.CL,22982.26
2010-09-03,PFCORFICOL,PFCORFICOL.CL,24094.3
2010-09-10,PFCORFICOL,PFCORFICOL.CL,23382.6
2010-09-17,PFCORFICOL,PFCORFICOL.CL,24464.99
2010-09-24,PFCORFICOL,PFCORFICOL.CL,24687.39
2010-10-01,PFCORFICOL,PFCORFICOL.CL,24835.67
2010-10-08,PFCORFICOL,PFCORFICOL.CL,24761.53
2010-10-15,PFCORFICOL,PFCORFICOL.CL,23975.69
2010-10-22,PFCORFICOL,PFCORFICOL.CL,23975.69
2010-10-29,PFCORFICOL,PFCORFICOL.CL,25206.35
2010-11-05,PFCORFICOL,PFCORFICOL.CL,25932.88
2010-11-12,PFCORFICOL,PFCORFICOL.CL,25932.88
2010-11-19,PFCORFICOL,PFCORFICOL.CL,24450.16
2010-11-26,PFCORFICOL,PFCORFICOL.CL,25413.93
2010-12-03,PFCORFICOL,PFCORFICOL.CL,24094.3
2010-12-10,PFCORFICOL,PFCORFICOL.CL,24820.84
2010-12-17,PFCORFICOL,PFCORFICOL.CL,25725.3
2010-12-24,PFCORFICOL,PFCORFICOL.CL,24924.63
2010-12-31,PFCORFICOL,PFCORFICOL.CL,24924.63
2011-01-07,PFCORFICOL,PFCORFICOL.CL,24909.8
2011-01-14,PFCORFICOL,PFCORFICOL.CL,24909.8
2011-01-21,PFCORFICOL,PFCORFICOL.CL,25280.48
2011-01-28,PFCORFICOL,PFCORFICOL.CL,25132.21
2011-02-04,PFCORFICOL,PFCORFICOL.CL,24539.12
2011-02-11,PFCORFICOL,PFCORFICOL.CL,24539.12
2011-02-18,PFCORFICOL,PFCORFICOL.CL,23871.89
2011-02-25,PFCORFICOL,PFCORFICOL.CL,25176.69
2011-03-04,PFCORFICOL,PFCORFICOL.CL,24835.67
2011-03-11,PFCORFICOL,PFCORFICOL.CL,24479.81
2011-03-18,PFCORFICOL,PFCORFICOL.CL,24242.58
2011-03-25,PFCORFICOL,PFCORFICOL.CL,24479.81
2011-04-01,PFCORFICOL,PFCORFICOL.CL,23857.07
2011-04-08,PFCORFICOL,PFCORFICOL.CL,23352.94
2011-04-15,PFCORFICOL,PFCORFICOL.CL,23723.62
2011-04-22,PFCORFICOL,PFCORFICOL.CL,24094.3
2011-04-29,PFCORFICOL,PFCORFICOL.CL,23501.21
2011-05-06,PFCORFICOL,PFCORFICOL.CL,23352.94
2011-05-13,PFCORFICOL,PFCORFICOL.CL,22982.26
2011-05-20,PFCORFICOL,PFCORFICOL.CL,22240.9
2011-05-27,PFCORFICOL,PFCORFICOL.CL,22240.9
2011-06-03,PFCORFICOL,PFCORFICOL.CL,23723.62
2011-06-10,PFCORFICOL,PFCORFICOL.CL,23723.62
2011-06-17,PFCORFICOL,PFCORFICOL.CL,23723.62
2011-06-24,PFCORFICOL,PFCORFICOL.CL,24168.44
2011-07-01,PFCORFICOL,PFCORFICOL.CL,23352.94
2011-07-08,PFCORFICOL,PFCORFICOL.CL,23352.94
2011-07-15,PFCORFICOL,PFCORFICOL.CL,23352.94
2011-07-22,PFCORFICOL,PFCORFICOL.CL,23352.94
2011-07-29,PFCORFICOL,PFCORFICOL.CL,23723.62
2011-08-05,PFCORFICOL,PFCORFICOL.CL,23352.94
2011-08-12,PFCORFICOL,PFCORFICOL.CL,23723.62
2011-08-19,PFCORFICOL,PFCORFICOL.CL,24079.48
2011-08-26,PFCORFICOL,PFCORFICOL.CL,24464.99
2011-09-02,PFCORFICOL,PFCORFICOL.CL,24835.67
2011-09-09,PFCORFICOL,PFCORFICOL.CL,25191.52
2011-09-16,PFCORFICOL,PFCORFICOL.CL,25560.39
2011-09-23,PFCORFICOL,PFCORFICOL.CL,24213.52
2011-09-30,PFCORFICOL,PFCORFICOL.CL,25197.19
2011-10-07,PFCORFICOL,PFCORFICOL.CL,25726.86
2011-10-14,PFCORFICOL,PFCORFICOL.CL,25878.19
2011-10-21,PFCORFICOL,PFCORFICOL.CL,24970.19
2011-10-28,PFCORFICOL,PFCORFICOL.CL,25348.52
2011-11-04,PFCORFICOL,PFCORFICOL.CL,25348.52
2011-11-11,PFCORFICOL,PFCORFICOL.CL,25333.39
2011-11-18,PFCORFICOL,PFCORFICOL.CL,23456.84
2011-11-25,PFCORFICOL,PFCORFICOL.CL,23986.51
2011-12-02,PFCORFICOL,PFCORFICOL.CL,23986.51
2011-12-09,PFCORFICOL,PFCORFICOL.CL,24576.72
2011-12-16,PFCORFICOL,PFCORFICOL.CL,24213.52
2011-12-23,PFCORFICOL,PFCORFICOL.CL,24516.18
2011-12-30,PFCORFICOL,PFCORFICOL.CL,24970.19
2012-01-06,PFCORFICOL,PFCORFICOL.CL,25409.06
2012-01-13,PFCORFICOL,PFCORFICOL.CL,25333.39
2012-01-20,PFCORFICOL,PFCORFICOL.CL,25121.52
2012-01-27,PFCORFICOL,PFCORFICOL.CL,25348.52
2012-02-03,PFCORFICOL,PFCORFICOL.CL,25333.39
2012-02-10,PFCORFICOL,PFCORFICOL.CL,25257.72
2012-02-17,PFCORFICOL,PFCORFICOL.CL,25348.52
2012-02-24,PFCORFICOL,PFCORFICOL.CL,24849.12
2012-03-02,PFCORFICOL,PFCORFICOL.CL,24833.99
2012-03-09,PFCORFICOL,PFCORFICOL.CL,24440.52
2012-03-16,PFCORFICOL,PFCORFICOL.CL,24879.39
2012-03-23,PFCORFICOL,PFCORFICOL.CL,25333.39
2012-03-30,PFCORFICOL,PFCORFICOL.CL,25333.39
2012-04-06,PFCORFICOL,PFCORFICOL.CL,25333.39
2012-04-13,PFCORFICOL,PFCORFICOL.CL,24062.18
2012-04-20,PFCORFICOL,PFCORFICOL.CL,23456.84
2012-04-27,PFCORFICOL,PFCORFICOL.CL,23456.84
2012-05-04,PFCORFICOL,PFCORFICOL.CL,23608.18
2012-05-11,PFCORFICOL,PFCORFICOL.CL,23608.18
2012-05-18,PFCORFICOL,PFCORFICOL.CL,23820.04
2012-05-25,PFCORFICOL,PFCORFICOL.CL,23744.38
2012-06-01,PFCORFICOL,PFCORFICOL.CL,23093.64
2012-06-08,PFCORFICOL,PFCORFICOL.CL,21807.3
2012-06-15,PFCORFICOL,PFCORFICOL.CL,21701.36
2012-06-22,PFCORFICOL,PFCORFICOL.CL,21080.89
2012-06-29,PFCORFICOL,PFCORFICOL.CL,21080.89
2012-07-06,PFCORFICOL,PFCORFICOL.CL,21943.5
2012-07-13,PFCORFICOL,PFCORFICOL.CL,21943.5
2012-07-20,PFCORFICOL,PFCORFICOL.CL,21943.5
2012-07-27,PFCORFICOL,PFCORFICOL.CL,22987.71
2012-08-03,PFCORFICOL,PFCORFICOL.CL,23078.51
2012-08-10,PFCORFICOL,PFCORFICOL.CL,23229.84
2012-08-17,PFCORFICOL,PFCORFICOL.CL,23456.84
2012-08-24,PFCORFICOL,PFCORFICOL.CL,23154.17
2012-08-31,PFCORFICOL,PFCORFICOL.CL,23835.18
2012-09-07,PFCORFICOL,PFCORFICOL.CL,24576.72
2012-09-14,PFCORFICOL,PFCORFICOL.CL,24289.18
2012-09-21,PFCORFICOL,PFCORFICOL.CL,24319.45
2012-09-28,PFCORFICOL,PFCORFICOL.CL,24062.18
2012-10-05,PFCORFICOL,PFCORFICOL.CL,23910.85
2012-10-12,PFCORFICOL,PFCORFICOL.CL,24289.18
2012-10-19,PFCORFICOL,PFCORFICOL.CL,24289.18
2012-10-26,PFCORFICOL,PFCORFICOL.CL,24152.98
2012-11-02,PFCORFICOL,PFCORFICOL.CL,23835.18
2012-11-09,PFCORFICOL,PFCORFICOL.CL,23835.18
2012-11-16,PFCORFICOL,PFCORFICOL.CL,23456.84
2012-11-23,PFCORFICOL,PFCORFICOL.CL,23456.84
2012-11-30,PFCORFICOL,PFCORFICOL.CL,23835.18
2012-12-07,PFCORFICOL,PFCORFICOL.CL,23910.85
2012-12-14,PFCORFICOL,PFCORFICOL.CL,24213.52
2012-12-21,PFCORFICOL,PFCORFICOL.CL,25333.39
2012-12-28,PFCORFICOL,PFCORFICOL.CL,25333.39
2013-01-04,PFCORFICOL,PFCORFICOL.CL,25182.05
2013-01-11,PFCORFICOL,PFCORFICOL.CL,25121.52
2013-01-18,PFCORFICOL,PFCORFICOL.CL,25197.19
2013-01-25,PFCORFICOL,PFCORFICOL.CL,24970.19
2013-02-01,PFCORFICOL,PFCORFICOL.CL,24622.12
2013-02-08,PFCORFICOL,PFCORFICOL.CL,24970.19
2013-02-15,PFCORFICOL,PFCORFICOL.CL,24970.19
2013-02-22,PFCORFICOL,PFCORFICOL.CL,24803.72
2013-03-01,PFCORFICOL,PFCORFICOL.CL,24213.52
2013-03-08,PFCORFICOL,PFCORFICOL.CL,24016.78
2013-03-15,PFCORFICOL,PFCORFICOL.CL,24087.36
2013-03-22,PFCORFICOL,PFCORFICOL.CL,24087.36
2013-03-29,PFCORFICOL,PFCORFICOL.CL,24087.36
2013-04-05,PFCORFICOL,PFCORFICOL.CL,23294.81
2013-04-12,PFCORFICOL,PFCORFICOL.CL,22688.74
2013-04-19,PFCORFICOL,PFCORFICOL.CL,22921.85
2013-04-26,PFCORFICOL,PFCORFICOL.CL,23310.35
2013-05-03,PFCORFICOL,PFCORFICOL.CL,23341.43
2013-05-10,PFCORFICOL,PFCORFICOL.CL,23558.99
2013-05-17,PFCORFICOL,PFCORFICOL.CL,24087.36
2013-05-24,PFCORFICOL,PFCORFICOL.CL,24910.99
2013-05-31,PFCORFICOL,PFCORFICOL.CL,25625.85
2013-06-07,PFCORFICOL,PFCORFICOL.CL,25610.3
2013-06-14,PFCORFICOL,PFCORFICOL.CL,25641.39
2013-06-21,PFCORFICOL,PFCORFICOL.CL,25641.39
2013-06-28,PFCORFICOL,PFCORFICOL.CL,25470.44
2013-07-05,PFCORFICOL,PFCORFICOL.CL,25485.98
2013-07-12,PFCORFICOL,PFCORFICOL.CL,25641.39
2013-07-19,PFCORFICOL,PFCORFICOL.CL,25641.39
2013-07-26,PFCORFICOL,PFCORFICOL.CL,25641.39
2013-08-02,PFCORFICOL,PFCORFICOL.CL,25796.79
2013-08-09,PFCORFICOL,PFCORFICOL.CL,26418.4
2013-08-16,PFCORFICOL,PFCORFICOL.CL,26884.61
2013-08-23,PFCORFICOL,PFCORFICOL.CL,27288.1
2013-08-30,PFCORFICOL,PFCORFICOL.CL,27208.31
2013-09-06,PFCORFICOL,PFCORFICOL.CL,29522.22
2013-09-13,PFCORFICOL,PFCORFICOL.CL,28325.37
2013-09-20,PFCORFICOL,PFCORFICOL.CL,27766.84
2013-09-27,PFCORFICOL,PFCORFICOL.CL,27990.25
2013-10-04,PFCORFICOL,PFCORFICOL.CL,27766.84
2013-10-11,PFCORFICOL,PFCORFICOL.CL,27288.1
2013-10-18,PFCORFICOL,PFCORFICOL.CL,27447.68
2013-10-25,PFCORFICOL,PFCORFICOL.CL,27511.52
2013-11-01,PFCORFICOL,PFCORFICOL.CL,27543.43
2013-11-08,PFCORFICOL,PFCORFICOL.CL,27527.47
2013-11-15,PFCORFICOL,PFCORFICOL.CL,27862.59
2013-11-22,PFCORFICOL,PFCORFICOL.CL,27128.52
2013-11-29,PFCORFICOL,PFCORFICOL.CL,27926.42
2013-12-06,PFCORFICOL,PFCORFICOL.CL,28325.37
2013-12-13,PFCORFICOL,PFCORFICOL.CL,28724.32
2013-12-20,PFCORFICOL,PFCORFICOL.CL,28724.32
2013-12-27,PFCORFICOL,PFCORFICOL.CL,28724.32
2014-01-03,PFCORFICOL,PFCORFICOL.CL,28724.32
2014-01-10,PFCORFICOL,PFCORFICOL.CL,27128.52
2014-01-17,PFCORFICOL,PFCORFICOL.CL,27224.27
2014-01-24,PFCORFICOL,PFCORFICOL.CL,26729.58
2014-01-31,PFCORFICOL,PFCORFICOL.CL,25676.35
2014-02-07,PFCORFICOL,PFCORFICOL.CL,25564.64
2014-02-14,PFCORFICOL,PFCORFICOL.CL,26554.04
2014-02-21,PFCORFICOL,PFCORFICOL.CL,26282.75
2014-02-28,PFCORFICOL,PFCORFICOL.CL,25532.73
2014-03-07,PFCORFICOL,PFCORFICOL.CL,25931.68
2014-03-14,PFCORFICOL,PFCORFICOL.CL,26330.63
2014-03-21,PFCORFICOL,PFCORFICOL.CL,26330.63
2014-03-28,PFCORFICOL,PFCORFICOL.CL,27288.1
2014-04-04,PFCORFICOL,PFCORFICOL.CL,27527.47
2014-04-11,PFCORFICOL,PFCORFICOL.CL,27926.42
2014-04-18,PFCORFICOL,PFCORFICOL.CL,27926.42
2014-04-25,PFCORFICOL,PFCORFICOL.CL,27128.52
2014-05-02,PFCORFICOL,PFCORFICOL.CL,27128.52
2014-05-09,PFCORFICOL,PFCORFICOL.CL,27128.52
2014-05-16,PFCORFICOL,PFCORFICOL.CL,26968.95
2014-05-23,PFCORFICOL,PFCORFICOL.CL,27112.57
2014-05-30,PFCORFICOL,PFCORFICOL.CL,27112.57
2014-06-06,PFCORFICOL,PFCORFICOL.CL,27112.57
2014-06-13,PFCORFICOL,PFCORFICOL.CL,27128.52
2014-06-20,PFCORFICOL,PFCORFICOL.CL,27208.31
2014-06-27,PFCORFICOL,PFCORFICOL.CL,27910.46
2014-07-04,PFCORFICOL,PFCORFICOL.CL,27144.48
2014-07-11,PFCORFICOL,PFCORFICOL.CL,27144.48
2014-07-18,PFCORFICOL,PFCORFICOL.CL,27910.46
2014-07-25,PFCORFICOL,PFCORFICOL.CL,27926.42
2014-08-01,PFCORFICOL,PFCORFICOL.CL,27687.05
2014-08-08,PFCORFICOL,PFCORFICOL.CL,27958.34
2014-08-15,PFCORFICOL,PFCORFICOL.CL,29123.27
2014-08-22,PFCORFICOL,PFCORFICOL.CL,29123.27
2014-08-29,PFCORFICOL,PFCORFICOL.CL,29522.22
2014-09-05,PFCORFICOL,PFCORFICOL.CL,29905.21
2014-09-12,PFCORFICOL,PFCORFICOL.CL,29873.29
2014-09-19,PFCORFICOL,PFCORFICOL.CL,29937.13
2014-09-26,PFCORFICOL,PFCORFICOL.CL,28804.11
2014-10-03,PFCORFICOL,PFCORFICOL.CL,29522.22
2014-10-10,PFCORFICOL,PFCORFICOL.CL,29522.22
2014-10-17,PFCORFICOL,PFCORFICOL.CL,29123.27
2014-10-24,PFCORFICOL,PFCORFICOL.CL,28405.16
2014-10-31,PFCORFICOL,PFCORFICOL.CL,28724.32
2014-11-07,PFCORFICOL,PFCORFICOL.CL,28963.69
2014-11-14,PFCORFICOL,PFCORFICOL.CL,28724.32
2014-11-21,PFCORFICOL,PFCORFICOL.CL,29155.18
2014-11-28,PFCORFICOL,PFCORFICOL.CL,29123.27
2014-12-05,PFCORFICOL,PFCORFICOL.CL,27974.29
2014-12-12,PFCORFICOL,PFCORFICOL.CL,28293.46
2014-12-19,PFCORFICOL,PFCORFICOL.CL,30320.12
2014-12-26,PFCORFICOL,PFCORFICOL.CL,30320.12
2015-01-02,PFCORFICOL,PFCORFICOL.CL,30320.12
2015-01-09,PFCORFICOL,PFCORFICOL.CL,27926.42
2015-01-16,PFCORFICOL,PFCORFICOL.CL,27447.68
2015-01-23,PFCORFICOL,PFCORFICOL.CL,27636.86
2015-01-30,PFCORFICOL,PFCORFICOL.CL,28026.79
2015-02-06,PFCORFICOL,PFCORFICOL.CL,27620.61
2015-02-13,PFCORFICOL,PFCORFICOL.CL,27636.86
2015-02-20,PFCORFICOL,PFCORFICOL.CL,28416.73
2015-02-27,PFCORFICOL,PFCORFICOL.CL,27214.42
2015-03-06,PFCORFICOL,PFCORFICOL.CL,26564.53
2015-03-13,PFCORFICOL,PFCORFICOL.CL,26970.71
2015-03-20,PFCORFICOL,PFCORFICOL.CL,26889.47
2015-03-27,PFCORFICOL,PFCORFICOL.CL,26889.47
2015-04-03,PFCORFICOL,PFCORFICOL.CL,27620.61
2015-04-10,PFCORFICOL,PFCORFICOL.CL,28026.79
2015-04-17,PFCORFICOL,PFCORFICOL.CL,28026.79
2015-04-24,PFCORFICOL,PFCORFICOL.CL,27620.61
2015-05-01,PFCORFICOL,PFCORFICOL.CL,27620.61
2015-05-08,PFCORFICOL,PFCORFICOL.CL,27620.61
2015-05-15,PFCORFICOL,PFCORFICOL.CL,27620.61
2015-05-22,PFCORFICOL,PFCORFICOL.CL,27620.61
2015-05-29,PFCORFICOL,PFCORFICOL.CL,27620.61
2015-06-05,PFCORFICOL,PFCORFICOL.CL,27620.61
2015-06-12,PFCORFICOL,PFCORFICOL.CL,27620.61
2015-06-19,PFCORFICOL,PFCORFICOL.CL,26808.24
2015-06-26,PFCORFICOL,PFCORFICOL.CL,26808.24
2015-07-03,PFCORFICOL,PFCORFICOL.CL,26808.24
2015-07-10,PFCORFICOL,PFCORFICOL.CL,26808.24
2015-07-17,PFCORFICOL,PFCORFICOL.CL,26808.24
2015-07-24,PFCORFICOL,PFCORFICOL.CL,26808.24
2015-07-31,PFCORFICOL,PFCORFICOL.CL,25995.87
2015-08-07,PFCORFICOL,PFCORFICOL.CL,25995.87
2015-08-14,PFCORFICOL,PFCORFICOL.CL,25995.87
2015-08-21,PFCORFICOL,PFCORFICOL.CL,24371.13
2015-08-28,PFCORFICOL,PFCORFICOL.CL,24371.13
2015-09-04,PFCORFICOL,PFCORFICOL.CL,25833.39
2015-09-11,PFCORFICOL,PFCORFICOL.CL,25833.39
2015-09-18,PFCORFICOL,PFCORFICOL.CL,26402.05
2015-09-25,PFCORFICOL,PFCORFICOL.CL,25995.87
2015-10-02,PFCORFICOL,PFCORFICOL.CL,26808.24
2015-10-09,PFCORFICOL,PFCORFICOL.CL,26808.24
2015-10-16,PFCORFICOL,PFCORFICOL.CL,26808.24
2015-10-23,PFCORFICOL,PFCORFICOL.CL,27620.61
2015-10-30,PFCORFICOL,PFCORFICOL.CL,27620.61
2015-11-06,PFCORFICOL,PFCORFICOL.CL,26905.72
2015-11-13,PFCORFICOL,PFCORFICOL.CL,26905.72
2015-11-20,PFCORFICOL,PFCORFICOL.CL,26483.29
2015-11-27,PFCORFICOL,PFCORFICOL.CL,26483.29
2015-12-04,PFCORFICOL,PFCORFICOL.CL,26385.8
2015-12-11,PFCORFICOL,PFCORFICOL.CL,24777.31
2015-12-18,PFCORFICOL,PFCORFICOL.CL,26402.05
2015-12-25,PFCORFICOL,PFCORFICOL.CL,26402.05
2016-01-01,PFCORFICOL,PFCORFICOL.CL,26402.05
2016-01-08,PFCORFICOL,PFCORFICOL.CL,26402.05
2016-01-15,PFCORFICOL,PFCORFICOL.CL,26402.05
2016-01-22,PFCORFICOL,PFCORFICOL.CL,25589.68
2016-01-29,PFCORFICOL,PFCORFICOL.CL,24874.79
2016-02-05,PFCORFICOL,PFCORFICOL.CL,25183.5
2016-02-12,PFCORFICOL,PFCORFICOL.CL,25183.5
2016-02-19,PFCORFICOL,PFCORFICOL.CL,25670.92
2016-02-26,PFCORFICOL,PFCORFICOL.CL,25670.92
2016-03-04,PFCORFICOL,PFCORFICOL.CL,25670.92
2016-03-11,PFCORFICOL,PFCORFICOL.CL,25833.39
2016-03-18,PFCORFICOL,PFCORFICOL.CL,25833.39
2016-03-25,PFCORFICOL,PFCORFICOL.CL,26158.34
2016-04-01,PFCORFICOL,PFCORFICOL.CL,27214.42
2016-04-08,PFCORFICOL,PFCORFICOL.CL,27620.61
2016-04-15,PFCORFICOL,PFCORFICOL.CL,26808.24
2016-04-22,PFCORFICOL,PFCORFICOL.CL,26808.24
2016-04-29,PFCORFICOL,PFCORFICOL.CL,26402.05
2016-05-06,PFCORFICOL,PFCORFICOL.CL,26402.05
2016-05-13,PFCORFICOL,PFCORFICOL.CL,26158.34
2016-05-20,PFCORFICOL,PFCORFICOL.CL,26158.34
2016-05-27,PFCORFICOL,PFCORFICOL.CL,25995.87
2016-06-03,PFCORFICOL,PFCORFICOL.CL,26791.99
2016-06-10,PFCORFICOL,PFCORFICOL.CL,26808.24
2016-06-17,PFCORFICOL,PFCORFICOL.CL,26402.05
2016-06-24,PFCORFICOL,PFCORFICOL.CL,26402.05
2016-07-01,PFCORFICOL,PFCORFICOL.CL,26402.05
2016-07-08,PFCORFICOL,PFCORFICOL.CL,25053.52
2016-07-15,PFCORFICOL,PFCORFICOL.CL,26369.56
2016-07-22,PFCORFICOL,PFCORFICOL.CL,26320.81
2016-07-29,PFCORFICOL,PFCORFICOL.CL,26320.81
2016-08-05,PFCORFICOL,PFCORFICOL.CL,26385.8
2016-08-12,PFCORFICOL,PFCORFICOL.CL,26239.58
2016-08-19,PFCORFICOL,PFCORFICOL.CL,26239.58
2016-08-26,PFCORFICOL,PFCORFICOL.CL,26808.24
2016-09-02,PFCORFICOL,PFCORFICOL.CL,26077.1
2016-09-09,PFCORFICOL,PFCORFICOL.CL,26402.05
2016-09-16,PFCORFICOL,PFCORFICOL.CL,26564.53
2016-09-23,PFCORFICOL,PFCORFICOL.CL,26402.05
2016-09-30,PFCORFICOL,PFCORFICOL.CL,26402.05
2016-10-07,PFCORFICOL,PFCORFICOL.CL,27133.09
2016-10-14,PFCORFICOL,PFCORFICOL.CL,26552.26
2016-10-21,PFCORFICOL,PFCORFICOL.CL,26552.26
2016-10-28,PFCORFICOL,PFCORFICOL.CL,26884.16
2016-11-04,PFCORFICOL,PFCORFICOL.CL,26917.35
2016-11-11,PFCORFICOL,PFCORFICOL.CL,26917.35
2016-11-18,PFCORFICOL,PFCORFICOL.CL,26303.33
2016-11-25,PFCORFICOL,PFCORFICOL.CL,26303.33
2016-12-02,PFCORFICOL,PFCORFICOL.CL,26303.33
2016-12-09,PFCORFICOL,PFCORFICOL.CL,26303.33
2016-12-16,PFCORFICOL,PFCORFICOL.CL,24975.72
2016-12-23,PFCORFICOL,PFCORFICOL.CL,25739.09
2016-12-30,PFCORFICOL,PFCORFICOL.CL,25739.09
2017-01-06,PFCORFICOL,PFCORFICOL.CL,25788.88
2017-01-13,PFCORFICOL,PFCORFICOL.CL,25788.88
2017-01-20,PFCORFICOL,PFCORFICOL.CL,25556.55
2017-01-27,PFCORFICOL,PFCORFICOL.CL,24892.74
2017-02-03,PFCORFICOL,PFCORFICOL.CL,24643.81
2017-02-10,PFCORFICOL,PFCORFICOL.CL,21573.71
2017-02-17,PFCORFICOL,PFCORFICOL.CL,19499.31
2017-02-24,PFCORFICOL,PFCORFICOL.CL,19914.19
2017-03-03,PFCORFICOL,PFCORFICOL.CL,17590.87
2017-03-10,PFCORFICOL,PFCORFICOL.CL,18569.98
2017-03-17,PFCORFICOL,PFCORFICOL.CL,17590.87
2017-03-24,PFCORFICOL,PFCORFICOL.CL,18254.68
2017-03-31,PFCORFICOL,PFCORFICOL.CL,17723.63
2017-04-07,PFCORFICOL,PFCORFICOL.CL,17839.8
2017-04-14,PFCORFICOL,PFCORFICOL.CL,18238.08
2017-04-21,PFCORFICOL,PFCORFICOL.CL,18340.57
2017-04-28,PFCORFICOL,PFCORFICOL.CL,19304.08
2017-05-05,PFCORFICOL,PFCORFICOL.CL,19861.9
2017-05-12,PFCORFICOL,PFCORFICOL.CL,18796.97
2017-05-19,PFCORFICOL,PFCORFICOL.CL,19354.79
2017-05-26,PFCORFICOL,PFCORFICOL.CL,19354.79
2017-06-02,PFCORFICOL,PFCORFICOL.CL,19354.79
2017-06-09,PFCORFICOL,PFCORFICOL.CL,17901.07
2017-06-16,PFCORFICOL,PFCORFICOL.CL,17410.86
2017-06-23,PFCORFICOL,PFCORFICOL.CL,17326.34
2017-06-30,PFCORFICOL,PFCORFICOL.CL,17326.34
2017-07-07,PFCORFICOL,PFCORFICOL.CL,18966.0
2017-07-14,PFCORFICOL,PFCORFICOL.CL,19861.9
2017-07-21,PFCORFICOL,PFCORFICOL.CL,19861.9
2017-07-28,PFCORFICOL,PFCORFICOL.CL,19861.9
2017-08-04,PFCORFICOL,PFCORFICOL.CL,19861.9
2017-08-11,PFCORFICOL,PFCORFICOL.CL,20030.94
2017-08-18,PFCORFICOL,PFCORFICOL.CL,18594.12
2017-08-25,PFCORFICOL,PFCORFICOL.CL,19270.27
2017-09-01,PFCORFICOL,PFCORFICOL.CL,19523.83
2017-09-08,PFCORFICOL,PFCORFICOL.CL,19439.31
2017-09-15,PFCORFICOL,PFCORFICOL.CL,19591.44
2017-09-22,PFCORFICOL,PFCORFICOL.CL,19794.29
2017-09-29,PFCORFICOL,PFCORFICOL.CL,19794.29
2017-10-06,PFCORFICOL,PFCORFICOL.CL,20707.09
2017-10-13,PFCORFICOL,PFCORFICOL.CL,20284.5
2017-10-20,PFCORFICOL,PFCORFICOL.CL,18881.49
2017-10-27,PFCORFICOL,PFCORFICOL.CL,19439.31
2017-11-03,PFCORFICOL,PFCORFICOL.CL,19861.9
2017-11-10,PFCORFICOL,PFCORFICOL.CL,18864.58
2017-11-17,PFCORFICOL,PFCORFICOL.CL,19185.75
2017-11-24,PFCORFICOL,PFCORFICOL.CL,19760.48
2017-12-01,PFCORFICOL,PFCORFICOL.CL,19929.52
2017-12-08,PFCORFICOL,PFCORFICOL.CL,19540.73
2017-12-15,PFCORFICOL,PFCORFICOL.CL,19861.9
2017-12-22,PFCORFICOL,PFCORFICOL.CL,19861.9
2017-12-29,PFCORFICOL,PFCORFICOL.CL,19861.9
2018-01-05,PFCORFICOL,PFCORFICOL.CL,19861.9
2018-01-12,PFCORFICOL,PFCORFICOL.CL,18932.2
2018-01-19,PFCORFICOL,PFCORFICOL.CL,19101.23
2018-01-26,PFCORFICOL,PFCORFICOL.CL,19439.31
2018-02-02,PFCORFICOL,PFCORFICOL.CL,19439.31
2018-02-09,PFCORFICOL,PFCORFICOL.CL,18847.68
2018-02-16,PFCORFICOL,PFCORFICOL.CL,18847.68
2018-02-23,PFCORFICOL,PFCORFICOL.CL,18847.68
2018-03-02,PFCORFICOL,PFCORFICOL.CL,16903.75
2018-03-09,PFCORFICOL,PFCORFICOL.CL,16903.75
2018-03-16,PFCORFICOL,PFCORFICOL.CL,17664.42
2018-03-23,PFCORFICOL,PFCORFICOL.CL,17005.17
2018-03-30,PFCORFICOL,PFCORFICOL.CL,17495.38
2018-04-06,PFCORFICOL,PFCORFICOL.CL,17579.9
2018-04-13,PFCORFICOL,PFCORFICOL.CL,17579.9
2018-04-20,PFCORFICOL,PFCORFICOL.CL,17748.94
2018-04-27,PFCORFICOL,PFCORFICOL.CL,17748.94
2018-05-04,PFCORFICOL,PFCORFICOL.CL,17732.03
2018-05-11,PFCORFICOL,PFCORFICOL.CL,16903.75
2018-05-18,PFCORFICOL,PFCORFICOL.CL,16988.27
2018-05-25,PFCORFICOL,PFCORFICOL.CL,17326.34
2018-06-01,PFCORFICOL,PFCORFICOL.CL,17410.86
2018-06-08,PFCORFICOL,PFCORFICOL.CL,17410.86
2018-06-15,PFCORFICOL,PFCORFICOL.CL,17241.82
2018-06-22,PFCORFICOL,PFCORFICOL.CL,17410.86
2018-06-29,PFCORFICOL,PFCORFICOL.CL,16903.75
2018-07-06,PFCORFICOL,PFCORFICOL.CL,16903.75
2018-07-13,PFCORFICOL,PFCORFICOL.CL,16903.75
2018-07-20,PFCORFICOL,PFCORFICOL.CL,16903.75
2018-07-27,PFCORFICOL,PFCORFICOL.CL,17748.94
2018-08-03,PFCORFICOL,PFCORFICOL.CL,16903.75
2018-08-10,PFCORFICOL,PFCORFICOL.CL,16903.75
2018-08-17,PFCORFICOL,PFCORFICOL.CL,17157.3
2018-08-24,PFCORFICOL,PFCORFICOL.CL,17326.34
2018-08-31,PFCORFICOL,PFCORFICOL.CL,17326.34
2018-09-07,PFCORFICOL,PFCORFICOL.CL,17241.82
2018-09-14,PFCORFICOL,PFCORFICOL.CL,16058.56
2018-09-21,PFCORFICOL,PFCORFICOL.CL,16058.56
2018-09-28,PFCORFICOL,PFCORFICOL.CL,15213.37
2018-10-05,PFCORFICOL,PFCORFICOL.CL,15213.37
2018-10-12,PFCORFICOL,PFCORFICOL.CL,15213.37
2018-10-19,PFCORFICOL,PFCORFICOL.CL,15213.37
2018-10-26,PFCORFICOL,PFCORFICOL.CL,15213.37
2018-11-02,PFCORFICOL,PFCORFICOL.CL,15213.37
2018-11-09,PFCORFICOL,PFCORFICOL.CL,15213.37
2018-11-16,PFCORFICOL,PFCORFICOL.CL,13523.0
2018-11-23,PFCORFICOL,PFCORFICOL.CL,13945.59
2018-11-30,PFCORFICOL,PFCORFICOL.CL,13945.59
2018-12-07,PFCORFICOL,PFCORFICOL.CL,13337.06
2018-12-14,PFCORFICOL,PFCORFICOL.CL,12255.22
2018-12-21,PFCORFICOL,PFCORFICOL.CL,12255.22
2018-12-28,PFCORFICOL,PFCORFICOL.CL,12255.22
2019-01-04,PFCORFICOL,PFCORFICOL.CL,13945.59
2019-01-11,PFCORFICOL,PFCORFICOL.CL,13945.59
2019-01-18,PFCORFICOL,PFCORFICOL.CL,14520.32
2019-01-25,PFCORFICOL,PFCORFICOL.CL,15196.47
2019-02-01,PFCORFICOL,PFCORFICOL.CL,15213.37
2019-02-08,PFCORFICOL,PFCORFICOL.CL,16481.15
2019-02-15,PFCORFICOL,PFCORFICOL.CL,16481.15
2019-02-22,PFCORFICOL,PFCORFICOL.CL,17748.94
2019-03-01,PFCORFICOL,PFCORFICOL.CL,17732.03
2019-03-08,PFCORFICOL,PFCORFICOL.CL,17748.94
2019-03-15,PFCORFICOL,PFCORFICOL.CL,18966.0
2019-03-22,PFCORFICOL,PFCORFICOL.CL,18847.68
2019-03-29,PFCORFICOL,PFCORFICOL.CL,18847.68
2019-04-05,PFCORFICOL,PFCORFICOL.CL,18712.45
2019-04-12,PFCORFICOL,PFCORFICOL.CL,18763.16
2019-04-19,PFCORFICOL,PFCORFICOL.CL,19422.41
2019-04-26,PFCORFICOL,PFCORFICOL.CL,18780.06
2019-05-03,PFCORFICOL,PFCORFICOL.CL,18594.12
2019-05-10,PFCORFICOL,PFCORFICOL.CL,17005.17
2019-05-17,PFCORFICOL,PFCORFICOL.CL,17732.03
2019-05-24,PFCORFICOL,PFCORFICOL.CL,16903.75
2019-05-31,PFCORFICOL,PFCORFICOL.CL,17241.82
2019-06-07,PFCORFICOL,PFCORFICOL.CL,17495.38
2019-06-14,PFCORFICOL,PFCORFICOL.CL,18256.05
2019-06-21,PFCORFICOL,PFCORFICOL.CL,18560.31
2019-06-28,PFCORFICOL,PFCORFICOL.CL,18560.31
2019-07-05,PFCORFICOL,PFCORFICOL.CL,18999.81
2019-07-12,PFCORFICOL,PFCORFICOL.CL,19861.9
2019-07-19,PFCORFICOL,PFCORFICOL.CL,19861.9
2019-07-26,PFCORFICOL,PFCORFICOL.CL,19067.43
2019-08-02,PFCORFICOL,PFCORFICOL.CL,19067.43
2019-08-09,PFCORFICOL,PFCORFICOL.CL,19067.43
2019-08-16,PFCORFICOL,PFCORFICOL.CL,18932.2
2019-08-23,PFCORFICOL,PFCORFICOL.CL,18594.12
2019-08-30,PFCORFICOL,PFCORFICOL.CL,19439.31
2019-09-06,PFCORFICOL,PFCORFICOL.CL,19439.31
2019-09-13,PFCORFICOL,PFCORFICOL.CL,19405.5
2019-09-20,PFCORFICOL,PFCORFICOL.CL,19439.31
2019-09-27,PFCORFICOL,PFCORFICOL.CL,19777.38
2019-10-04,PFCORFICOL,PFCORFICOL.CL,21011.36
2019-10-11,PFCORFICOL,PFCORFICOL.CL,20284.5
2019-10-18,PFCORFICOL,PFCORFICOL.CL,20284.5
2019-10-25,PFCORFICOL,PFCORFICOL.CL,20588.76
2019-11-01,PFCORFICOL,PFCORFICOL.CL,21467.76
2019-11-08,PFCORFICOL,PFCORFICOL.CL,20707.09
2019-11-15,PFCORFICOL,PFCORFICOL.CL,20301.4
2019-11-22,PFCORFICOL,PFCORFICOL.CL,20707.09
2019-11-29,PFCORFICOL,PFCORFICOL.CL,20504.25
2019-12-06,PFCORFICOL,PFCORFICOL.CL,20504.25
2019-12-13,PFCORFICOL,PFCORFICOL.CL,21129.68
2019-12-20,PFCORFICOL,PFCORFICOL.CL,21214.2
2019-12-27,PFCORFICOL,PFCORFICOL.CL,21552.28
2020-01-03,PFCORFICOL,PFCORFICOL.CL,21721.31
2020-01-10,PFCORFICOL,PFCORFICOL.CL,21991.78
2020-01-17,PFCORFICOL,PFCORFICOL.CL,22228.43
2020-01-24,PFCORFICOL,PFCORFICOL.CL,22059.39
2020-01-31,PFCORFICOL,PFCORFICOL.CL,22989.1
2020-02-07,PFCORFICOL,PFCORFICOL.CL,23242.65
2020-02-14,PFCORFICOL,PFCORFICOL.CL,23327.17
2020-02-21,PFCORFICOL,PFCORFICOL.CL,23242.65
2020-02-28,PFCORFICOL,PFCORFICOL.CL,23242.65
2020-03-06,PFCORFICOL,PFCORFICOL.CL,20115.46
2020-03-13,PFCORFICOL,PFCORFICOL.CL,20115.46
2020-03-20,PFCORFICOL,PFCORFICOL.CL,19101.23
2020-03-27,PFCORFICOL,PFCORFICOL.CL,19016.71
2020-04-03,PFCORFICOL,PFCORFICOL.CL,18932.2
2020-04-10,PFCORFICOL,PFCORFICOL.CL,18458.89
2020-04-17,PFCORFICOL,PFCORFICOL.CL,18070.11
2020-04-24,PFCORFICOL,PFCORFICOL.CL,18340.57
2020-05-01,PFCORFICOL,PFCORFICOL.CL,17748.94
2020-05-08,PFCORFICOL,PFCORFICOL.CL,17326.34
2020-05-15,PFCORFICOL,PFCORFICOL.CL,16988.27
2020-05-22,PFCORFICOL,PFCORFICOL.CL,16903.75
2020-05-29,PFCORFICOL,PFCORFICOL.CL,18594.12
2020-06-05,PFCORFICOL,PFCORFICOL.CL,17562.99
2020-06-12,PFCORFICOL,PFCORFICOL.CL,17748.94
2020-06-19,PFCORFICOL,PFCORFICOL.CL,19304.08
2020-06-26,PFCORFICOL,PFCORFICOL.CL,19861.9
2020-07-03,PFCORFICOL,PFCORFICOL.CL,20562.76
2020-07-10,PFCORFICOL,PFCORFICOL.CL,20656.66
2020-07-17,PFCORFICOL,PFCORFICOL.CL,21013.45
2020-07-24,PFCORFICOL,PFCORFICOL.CL,21107.35
2020-07-31,PFCORFICOL,PFCORFICOL.CL,19248.25
2020-08-07,PFCORFICOL,PFCORFICOL.CL,19511.15
2020-08-14,PFCORFICOL,PFCORFICOL.CL,19567.49
2020-08-21,PFCORFICOL,PFCORFICOL.CL,20656.66
2020-08-28,PFCORFICOL,PFCORFICOL.CL,20769.33
2020-09-04,PFCORFICOL,PFCORFICOL.CL,20374.97
2020-09-11,PFCORFICOL,PFCORFICOL.CL,20374.97
2020-09-18,PFCORFICOL,PFCORFICOL.CL,19924.28
2020-09-25,PFCORFICOL,PFCORFICOL.CL,19811.61
2020-10-02,PFCORFICOL,PFCORFICOL.CL,20018.18
2020-10-09,PFCORFICOL,PFCORFICOL.CL,19905.51
2020-10-16,PFCORFICOL,PFCORFICOL.CL,20374.97
2020-10-23,PFCORFICOL,PFCORFICOL.CL,20130.85
2020-10-30,PFCORFICOL,PFCORFICOL.CL,19792.83
2020-11-06,PFCORFICOL,PFCORFICOL.CL,20637.88
2020-11-13,PFCORFICOL,PFCORFICOL.CL,20966.51
2020-11-20,PFCORFICOL,PFCORFICOL.CL,21943.0
2020-11-27,PFCORFICOL,PFCORFICOL.CL,23942.94
2020-12-04,PFCORFICOL,PFCORFICOL.CL,24036.84
2020-12-11,PFCORFICOL,PFCORFICOL.CL,25163.56
2020-12-18,PFCORFICOL,PFCORFICOL.CL,24506.31
2020-12-25,PFCORFICOL,PFCORFICOL.CL,24590.81
2021-01-01,PFCORFICOL,PFCORFICOL.CL,24412.41
2021-01-08,PFCORFICOL,PFCORFICOL.CL,24787.99
2021-01-15,PFCORFICOL,PFCORFICOL.CL,24787.99
2021-01-22,PFCORFICOL,PFCORFICOL.CL,24694.09
2021-01-29,PFCORFICOL,PFCORFICOL.CL,24600.2
2021-02-05,PFCORFICOL,PFCORFICOL.CL,25097.84
2021-02-12,PFCORFICOL,PFCORFICOL.CL,25088.45
2021-02-19,PFCORFICOL,PFCORFICOL.CL,25069.67
2021-02-26,PFCORFICOL,PFCORFICOL.CL,25633.03
2021-03-05,PFCORFICOL,PFCORFICOL.CL,24243.4
2021-03-12,PFCORFICOL,PFCORFICOL.CL,24412.41
2021-03-19,PFCORFICOL,PFCORFICOL.CL,24440.58
2021-03-26,PFCORFICOL,PFCORFICOL.CL,24975.78
2021-04-02,PFCORFICOL,PFCORFICOL.CL,24985.16
2021-04-09,PFCORFICOL,PFCORFICOL.CL,25313.79
2021-04-16,PFCORFICOL,PFCORFICOL.CL,25144.79
2021-04-23,PFCORFICOL,PFCORFICOL.CL,25351.35
2021-04-30,PFCORFICOL,PFCORFICOL.CL,25482.8
2021-05-07,PFCORFICOL,PFCORFICOL.CL,25070.0
2021-05-14,PFCORFICOL,PFCORFICOL.CL,25500.0
2021-05-21,PFCORFICOL,PFCORFICOL.CL,24000.0
2021-05-28,PFCORFICOL,PFCORFICOL.CL,22710.0
2021-06-04,PFCORFICOL,PFCORFICOL.CL,23500.0
2021-06-11,PFCORFICOL,PFCORFICOL.CL,23500.0
2021-06-18,PFCORFICOL,PFCORFICOL.CL,23300.0
2021-06-25,PFCORFICOL,PFCORFICOL.CL,23990.0
2021-07-02,PFCORFICOL,PFCORFICOL.CL,23000.0
2021-07-09,PFCORFICOL,PFCORFICOL.CL,23000.0
2021-07-16,PFCORFICOL,PFCORFICOL.CL,23000.0
2021-07-23,PFCORFICOL,PFCORFICOL.CL,22500.0
2021-07-30,PFCORFICOL,PFCORFICOL.CL,22330.0
2021-08-06,PFCORFICOL,PFCORFICOL.CL,22890.0
2021-08-13,PFCORFICOL,PFCORFICOL.CL,23700.0
2021-08-20,PFCORFICOL,PFCORFICOL.CL,23000.0
2021-08-27,PFCORFICOL,PFCORFICOL.CL,22800.0
2021-09-03,PFCORFICOL,PFCORFICOL.CL,22750.0
2021-09-10,PFCORFICOL,PFCORFICOL.CL,22660.0
2021-09-17,PFCORFICOL,PFCORFICOL.CL,22820.0
2021-09-24,PFCORFICOL,PFCORFICOL.CL,22910.0
2021-10-01,PFCORFICOL,PFCORFICOL.CL,24000.0
2021-10-08,PFCORFICOL,PFCORFICOL.CL,22600.0
2021-10-15,PFCORFICOL,PFCORFICOL.CL,23540.0
2021-10-22,PFCORFICOL,PFCORFICOL.CL,23850.0
2021-10-29,PFCORFICOL,PFCORFICOL.CL,23600.0
2021-11-05,PFCORFICOL,PFCORFICOL.CL,23810.0
2021-11-12,PFCORFICOL,PFCORFICOL.CL,23120.0
2021-11-19,PFCORFICOL,PFCORFICOL.CL,23120.0
2021-11-26,PFCORFICOL,PFCORFICOL.CL,23500.0
2021-12-03,PFCORFICOL,PFCORFICOL.CL,23500.0
2021-12-10,PFCORFICOL,PFCORFICOL.CL,23480.0
2021-12-17,PFCORFICOL,PFCORFICOL.CL,23240.0
2021-12-24,PFCORFICOL,PFCORFICOL.CL,23200.0
2021-12-31,PFCORFICOL,PFCORFICOL.CL,23200.0
2022-01-07,PFCORFICOL,PFCORFICOL.CL,22860.0
2022-01-14,PFCORFICOL,PFCORFICOL.CL,24800.0
2022-01-21,PFCORFICOL,PFCORFICOL.CL,24680.0
2022-01-28,PFCORFICOL,PFCORFICOL.CL,23600.0
2022-02-04,PFCORFICOL,PFCORFICOL.CL,22820.0
2022-02-11,PFCORFICOL,PFCORFICOL.CL,22600.0
2022-02-18,PFCORFICOL,PFCORFICOL.CL,22690.0
2022-02-25,PFCORFICOL,PFCORFICOL.CL,22800.0
2022-03-04,PFCORFICOL,PFCORFICOL.CL,22640.0
2022-03-11,PFCORFICOL,PFCORFICOL.CL,22960.0
2022-03-18,PFCORFICOL,PFCORFICOL.CL,22930.0
2022-03-25,PFCORFICOL,PFCORFICOL.CL,22850.0
2022-04-01,PFCORFICOL,PFCORFICOL.CL,22940.0
2022-04-08,PFCORFICOL,PFCORFICOL.CL,22800.0
2022-04-15,PFCORFICOL,PFCORFICOL.CL,23490.0
2022-04-22,PFCORFICOL,PFCORFICOL.CL,23800.0
2022-04-29,PFCORFICOL,PFCORFICOL.CL,23500.0
2022-05-06,PFCORFICOL,PFCORFICOL.CL,22500.0
2022-05-13,PFCORFICOL,PFCORFICOL.CL,19450.0
2022-05-20,PFCORFICOL,PFCORFICOL.CL,19200.0
2022-05-27,PFCORFICOL,PFCORFICOL.CL,19900.0
2022-06-03,PFCORFICOL,PFCORFICOL.CL,18850.0
2022-06-10,PFCORFICOL,PFCORFICOL.CL,18100.0
2022-06-17,PFCORFICOL,PFCORFICOL.CL,16830.0
2022-06-24,PFCORFICOL,PFCORFICOL.CL,16500.0
2022-07-01,PFCORFICOL,PFCORFICOL.CL,16900.0
2022-07-08,PFCORFICOL,PFCORFICOL.CL,15800.0
2022-07-15,PFCORFICOL,PFCORFICOL.CL,16110.0
2022-07-22,PFCORFICOL,PFCORFICOL.CL,16000.0
2022-07-29,PFCORFICOL,PFCORFICOL.CL,15600.0
2022-08-05,PFCORFICOL,PFCORFICOL.CL,15250.0
2022-08-12,PFCORFICOL,PFCORFICOL.CL,15100.0
2022-08-19,PFCORFICOL,PFCORFICOL.CL,15690.0
2022-08-26,PFCORFICOL,PFCORFICOL.CL,15850.0
2022-09-02,PFCORFICOL,PFCORFICOL.CL,15200.0
2022-09-09,PFCORFICOL,PFCORFICOL.CL,15000.0
2022-09-16,PFCORFICOL,PFCORFICOL.CL,14900.0
2022-09-23,PFCORFICOL,PFCORFICOL.CL,14000.0
2022-09-30,PFCORFICOL,PFCORFICOL.CL,14600.0
2022-10-07,PFCORFICOL,PFCORFICOL.CL,14000.0
2022-10-14,PFCORFICOL,PFCORFICOL.CL,14000.0
2022-10-21,PFCORFICOL,PFCORFICOL.CL,12700.0
2022-10-28,PFCORFICOL,PFCORFICOL.CL,12940.0
2022-11-04,PFCORFICOL,PFCORFICOL.CL,12780.0
2022-11-11,PFCORFICOL,PFCORFICOL.CL,12900.0
2022-11-18,PFCORFICOL,PFCORFICOL.CL,13110.0
2022-11-25,PFCORFICOL,PFCORFICOL.CL,13200.0
2022-12-02,PFCORFICOL,PFCORFICOL.CL,12540.0
2022-12-09,PFCORFICOL,PFCORFICOL.CL,13025.57
2022-12-16,PFCORFICOL,PFCORFICOL.CL,12500.0
2022-12-23,PFCORFICOL,PFCORFICOL.CL,12900.0
2022-12-30,PFCORFICOL,PFCORFICOL.CL,13301.55
2023-01-06,PFCORFICOL,PFCORFICOL.CL,14100.0
2023-01-13,PFCORFICOL,PFCORFICOL.CL,14513.61
2023-01-20,PFCORFICOL,PFCORFICOL.CL,13900.0
2023-01-27,PFCORFICOL,PFCORFICOL.CL,13000.0
2023-02-03,PFCORFICOL,PFCORFICOL.CL,12900.0
2023-02-10,PFCORFICOL,PFCORFICOL.CL,12400.0
2023-02-17,PFCORFICOL,PFCORFICOL.CL,10950.0
2023-02-24,PFCORFICOL,PFCORFICOL.CL,10200.0
2023-03-03,PFCORFICOL,PFCORFICOL.CL,10590.0
2023-03-10,PFCORFICOL,PFCORFICOL.CL,10490.0
2023-03-17,PFCORFICOL,PFCORFICOL.CL,10331.21
2023-03-24,PFCORFICOL,PFCORFICOL.CL,10288.56
2023-03-31,PFCORFICOL,PFCORFICOL.CL,10500.0
2023-04-07,PFCORFICOL,PFCORFICOL.CL,11490.0
2023-04-14,PFCORFICOL,PFCORFICOL.CL,11466.36
2023-04-21,PFCORFICOL,PFCORFICOL.CL,11800.0
2023-04-28,PFCORFICOL,PFCORFICOL.CL,12010.47
2023-05-05,PFCORFICOL,PFCORFICOL.CL,11746.94
2023-05-12,PFCORFICOL,PFCORFICOL.CL,12390.0
2023-05-19,PFCORFICOL,PFCORFICOL.CL,11897.03
2023-05-26,PFCORFICOL,PFCORFICOL.CL,11000.0
2023-06-02,PFCORFICOL,PFCORFICOL.CL,12300.0
2023-06-09,PFCORFICOL,PFCORFICOL.CL,12390.0
2023-06-16,PFCORFICOL,PFCORFICOL.CL,12000.0
2023-06-23,PFCORFICOL,PFCORFICOL.CL,11763.84
2023-06-30,PFCORFICOL,PFCORFICOL.CL,11700.0
2023-07-07,PFCORFICOL,PFCORFICOL.CL,12370.0
2023-07-14,PFCORFICOL,PFCORFICOL.CL,12600.0
2023-07-21,PFCORFICOL,PFCORFICOL.CL,13190.0
2023-07-28,PFCORFICOL,PFCORFICOL.CL,13010.0
2023-08-04,PFCORFICOL,PFCORFICOL.CL,12872.95
2023-08-11,PFCORFICOL,PFCORFICOL.CL,12450.0
2023-08-18,PFCORFICOL,PFCORFICOL.CL,12430.0
2023-08-25,PFCORFICOL,PFCORFICOL.CL,11150.0
2023-09-01,PFCORFICOL,PFCORFICOL.CL,10670.0
2023-09-08,PFCORFICOL,PFCORFICOL.CL,11000.0
2023-09-15,PFCORFICOL,PFCORFICOL.CL,11300.0
2023-09-22,PFCORFICOL,PFCORFICOL.CL,10720.0
2023-09-29,PFCORFICOL,PFCORFICOL.CL,11297.16
2023-10-06,PFCORFICOL,PFCORFICOL.CL,11460.0
2023-10-13,PFCORFICOL,PFCORFICOL.CL,11600.0
2023-10-20,PFCORFICOL,PFCORFICOL.CL,11650.0
2023-10-27,PFCORFICOL,PFCORFICOL.CL,11600.0
2023-11-03,PFCORFICOL,PFCORFICOL.CL,11000.0
2023-11-10,PFCORFICOL,PFCORFICOL.CL,11000.0
2023-11-17,PFCORFICOL,PFCORFICOL.CL,11000.0
2023-11-24,PFCORFICOL,PFCORFICOL.CL,10700.0
2023-12-01,PFCORFICOL,PFCORFICOL.CL,10260.0
2023-12-08,PFCORFICOL,PFCORFICOL.CL,10200.0
2023-12-15,PFCORFICOL,PFCORFICOL.CL,10740.0
2023-12-22,PFCORFICOL,PFCORFICOL.CL,11300.0
2023-12-29,PFCORFICOL,PFCORFICOL.CL,12200.0
2024-01-05,PFCORFICOL,PFCORFICOL.CL,13300.0
2024-01-12,PFCORFICOL,PFCORFICOL.CL,13260.0
2024-01-19,PFCORFICOL,PFCORFICOL.CL,13300.0
2024-01-26,PFCORFICOL,PFCORFICOL.CL,13200.0
2024-02-02,PFCORFICOL,PFCORFICOL.CL,12900.0
2024-02-09,PFCORFICOL,PFCORFICOL.CL,12500.0
2024-02-16,PFCORFICOL,PFCORFICOL.CL,12880.0
2024-02-23,PFCORFICOL,PFCORFICOL.CL,12760.0
2024-03-01,PFCORFICOL,PFCORFICOL.CL,12860.0
2024-03-08,PFCORFICOL,PFCORFICOL.CL,12980.0
2024-03-15,PFCORFICOL,PFCORFICOL.CL,13120.0
2024-03-22,PFCORFICOL,PFCORFICOL.CL,13260.0
2024-03-29,PFCORFICOL,PFCORFICOL.CL,14600.0
2024-04-05,PFCORFICOL,PFCORFICOL.CL,16240.0
2024-04-12,PFCORFICOL,PFCORFICOL.CL,15100.0
2024-04-19,PFCORFICOL,PFCORFICOL.CL,15800.0
2024-04-26,PFCORFICOL,PFCORFICOL.CL,15860.0
2024-05-03,PFCORFICOL,PFCORFICOL.CL,16100.0
2024-05-10,PFCORFICOL,PFCORFICOL.CL,14900.0
2024-05-17,PFCORFICOL,PFCORFICOL.CL,14900.0
2024-05-24,PFCORFICOL,PFCORFICOL.CL,14580.0
2024-05-31,PFCORFICOL,PFCORFICOL.CL,14880.0
2024-06-07,PFCORFICOL,PFCORFICOL.CL,13900.0
2024-06-14,PFCORFICOL,PFCORFICOL.CL,13000.0
2024-06-21,PFCORFICOL,PFCORFICOL.CL,13140.0
2024-06-28,PFCORFICOL,PFCORFICOL.CL,13140.0
2024-07-05,PFCORFICOL,PFCORFICOL.CL,13000.0
2024-07-12,PFCORFICOL,PFCORFICOL.CL,12740.0
2024-07-19,PFCORFICOL,PFCORFICOL.CL,12360.0
2024-07-26,PFCORFICOL,PFCORFICOL.CL,12200.0
2024-08-02,PFCORFICOL,PFCORFICOL.CL,12200.0
2024-08-09,PFCORFICOL,PFCORFICOL.CL,12260.0
2024-08-16,PFCORFICOL,PFCORFICOL.CL,12200.0
2024-08-23,PFCORFICOL,PFCORFICOL.CL,11580.0
2024-08-30,PFCORFICOL,PFCORFICOL.CL,11500.0
2024-09-06,PFCORFICOL,PFCORFICOL.CL,11400.0
2024-09-13,PFCORFICOL,PFCORFICOL.CL,11400.0
2024-09-20,PFCORFICOL,PFCORFICOL.CL,11820.0
2024-09-27,PFCORFICOL,PFCORFICOL.CL,11500.0
2024-10-04,PFCORFICOL,PFCORFICOL.CL,12000.0
2024-10-11,PFCORFICOL,PFCORFICOL.CL,12980.0
2024-10-18,PFCORFICOL,PFCORFICOL.CL,13100.0
2024-10-25,PFCORFICOL,PFCORFICOL.CL,14080.0
2024-11-01,PFCORFICOL,PFCORFICOL.CL,14000.0
2024-11-08,PFCORFICOL,PFCORFICOL.CL,14040.0
2024-11-15,PFCORFICOL,PFCORFICOL.CL,14420.0
2024-11-22,PFCORFICOL,PFCORFICOL.CL,14600.0
2024-11-29,PFCORFICOL,PFCORFICOL.CL,14280.0
2024-12-06,PFCORFICOL,PFCORFICOL.CL,14460.0
2024-12-13,PFCORFICOL,PFCORFICOL.CL,13740.0
2024-12-20,PFCORFICOL,PFCORFICOL.CL,13600.0
2024-12-27,PFCORFICOL,PFCORFICOL.CL,14280.0
2025-01-03,PFCORFICOL,PFCORFICOL.CL,14400.0
2025-01-10,PFCORFICOL,PFCORFICOL.CL,14400.0
2025-01-17,PFCORFICOL,PFCORFICOL.CL,15080.0
2025-01-24,PFCORFICOL,PFCORFICOL.CL,15880.0
2025-01-31,PFCORFICOL,PFCORFICOL.CL,15520.0
2025-02-07,PFCORFICOL,PFCORFICOL.CL,15800.0
2025-02-14,PFCORFICOL,PFCORFICOL.CL,16780.0
2025-02-21,PFCORFICOL,PFCORFICOL.CL,17480.0
2025-02-28,PFCORFICOL,PFCORFICOL.CL,17540.0
2025-03-07,PFCORFICOL,PFCORFICOL.CL,17280.0
2025-03-14,PFCORFICOL,PFCORFICOL.CL,17220.0
2025-03-21,PFCORFICOL,PFCORFICOL.CL,16560.0
2025-03-28,PFCORFICOL,PFCORFICOL.CL,17180.0
2025-04-04,PFCORFICOL,PFCORFICOL.CL,16220.0
2025-04-11,PFCORFICOL,PFCORFICOL.CL,16660.0
2025-04-18,PFCORFICOL,PFCORFICOL.CL,17000.0
2025-04-25,PFCORFICOL,PFCORFICOL.CL,17280.0
2025-05-02,PFCORFICOL,PFCORFICOL.CL,17640.0
2025-05-09,PFCORFICOL,PFCORFICOL.CL,16420.0
2025-05-16,PFCORFICOL,PFCORFICOL.CL,16180.0
2025-05-23,PFCORFICOL,PFCORFICOL.CL,16360.0
2025-05-30,PFCORFICOL,PFCORFICOL.CL,16200.0
2025-06-06,PFCORFICOL,PFCORFICOL.CL,16100.0
2025-06-13,PFCORFICOL,PFCORFICOL.CL,15980.0
2025-06-20,PFCORFICOL,PFCORFICOL.CL,16040.0
2025-06-27,PFCORFICOL,PFCORFICOL.CL,15840.0
2025-07-04,PFCORFICOL,PFCORFICOL.CL,15820.0
2025-07-11,PFCORFICOL,PFCORFICOL.CL,16200.0
2025-07-18,PFCORFICOL,PFCORFICOL.CL,16000.0
2025-07-25,PFCORFICOL,PFCORFICOL.CL,15900.0
2025-08-01,PFCORFICOL,PFCORFICOL.CL,16000.0
2025-08-08,PFCORFICOL,PFCORFICOL.CL,16920.0
2025-08-15,PFCORFICOL,PFCORFICOL.CL,16920.0
2025-08-22,PFCORFICOL,PFCORFICOL.CL,16820.0
2025-08-29,PFCORFICOL,PFCORFICOL.CL,16840.0
2025-09-05,PFCORFICOL,PFCORFICOL.CL,17100.0
2025-09-12,PFCORFICOL,PFCORFICOL.CL,16800.0
2025-09-19,PFCORFICOL,PFCORFICOL.CL,16740.0
2025-09-26,PFCORFICOL,PFCORFICOL.CL,16280.0
2025-10-03,PFCORFICOL,PFCORFICOL.CL,16200.0
2025-10-10,PFCORFICOL,PFCORFICOL.CL,16680.0
2025-10-17,PFCORFICOL,PFCORFICOL.CL,16400.0
2025-10-24,PFCORFICOL,PFCORFICOL.CL,17340.0
2025-10-31,PFCORFICOL,PFCORFICOL.CL,17340.0
2025-11-07,PFCORFICOL,PFCORFICOL.CL,17420.0
2025-11-14,PFCORFICOL,PFCORFICOL.CL,17120.0
2025-11-21,PFCORFICOL,PFCORFICOL.CL,17300.0
2025-11-28,PFCORFICOL,PFCORFICOL.CL,17100.0
2025-12-05,PFCORFICOL,PFCORFICOL.CL,17780.0
2025-12-12,PFCORFICOL,PFCORFICOL.CL,17560.0
2025-12-19,PFCORFICOL,PFCORFICOL.CL,17200.0
2025-12-26,PFCORFICOL,PFCORFICOL.CL,17020.0
2026-01-02,PFCORFICOL,PFCORFICOL.CL,17880.0
2026-01-09,PFCORFICOL,PFCORFICOL.CL,17740.0
2026-01-16,PFCORFICOL,PFCORFICOL.CL,18500.0
2026-01-23,PFCORFICOL,PFCORFICOL.CL,19260.0
2026-01-30,PFCORFICOL,PFCORFICOL.CL,18860.0
2026-02-06,PFCORFICOL,PFCORFICOL.CL,18800.0
2026-02-13,PFCORFICOL,PFCORFICOL.CL,18720.0
2026-02-20,PFCORFICOL,PFCORFICOL.CL,17900.0
2026-02-27,PFCORFICOL,PFCORFICOL.CL,17680.0
2026-03-06,PFCORFICOL,PFCORFICOL.CL,17960.0
2026-03-13,PFCORFICOL,PFCORFICOL.CL,17660.0
2026-03-20,PFCORFICOL,PFCORFICOL.CL,17640.0
2026-03-27,PFCORFICOL,PFCORFICOL.CL,17060.0
2026-04-03,PFCORFICOL,PFCORFICOL.CL,17540.0
2026-04-10,PFCORFICOL,PFCORFICOL.CL,17680.0
2026-04-17,PFCORFICOL,PFCORFICOL.CL,17800.0
2026-04-24,PFCORFICOL,PFCORFICOL.CL,17400.0
2026-05-01,PFCORFICOL,PFCORFICOL.CL,17500.0
2026-05-08,PFCORFICOL,PFCORFICOL.CL,15780.0
2026-05-15,PFCORFICOL,PFCORFICOL.CL,15200.0
2026-05-22,PFCORFICOL,PFCORFICOL.CL,15540.0
2026-05-29,PFCORFICOL,PFCORFICOL.CL,16060.0
2026-06-05,PFCORFICOL,PFCORFICOL.CL,16300.0
2026-06-12,PFCORFICOL,PFCORFICOL.CL,17020.0
2026-06-19,PFCORFICOL,PFCORFICOL.CL,17200.0
2026-06-26,PFCORFICOL,PFCORFICOL.CL,17300.0
2026-07-03,PFCORFICOL,PFCORFICOL.CL,17200.0
2026-07-10,PFCORFICOL,PFCORFICOL.CL,17720.0
2026-07-17,PFCORFICOL,PFCORFICOL.CL,17960.0
2026-07-24,PFCORFICOL,PFCORFICOL.CL,17940.0
2026-07-31,PFCORFICOL,PFCORFICOL.CL,18480.0
2026-08-07,PFCORFICOL,PFCORFICOL.CL,18040.0
2026-08-14,PFCORFICOL,PFCORFICOL.CL,18080.0
2026-08-21,PFCORFICOL,PFCORFICOL.CL,18680.0
2026-08-28,PFCORFICOL,PFCORFICOL.CL,18780.0
2026-09-04,PFCORFICOL,PFCORFICOL.CL,19240.0
2026-09-11,PFCORFICOL,PFCORFICOL.CL,18440.0
2026-09-18,PFCORFICOL,PFCORFICOL.CL,18800.0
2026-09-25,PFCORFICOL,PFCORFICOL.CL,18460.0
2026-09-30,PFCORFICOL,PFCORFICOL.CL,18460.0
2010-10-08,PFDAVIGRP,PFDAVIGRP.CL+PFDAVVNDA.CL,24827.6766
2010-10-15,PFDAVIGRP,PFDAVIGRP.CL+PFDAVVNDA.CL,23958.4851
2010-10-22,PFDAVIGRP,PFDAVIGRP.CL+PFDAVVNDA.CL,24827.6766
2010-10-29,PFDAVIGRP,PFDAVIGRP.CL+PFDAVVNDA.CL,24515.6591
2010-11-05,PFDAVIGRP,PFDAVIGRP.CL+PFDAVVNDA.CL,25407.1377
2010-11-12,PFDAVIGRP,PFDAVIGRP.CL+PFDAVVNDA.CL,24916.8245
2010-11-19,PFDAVIGRP,PFDAVIGRP.CL+PFDAVVNDA.CL,25117.4071
2010-11-26,PFDAVIGRP,PFDAVIGRP.CL+PFDAVVNDA.CL,25117.4071
2010-12-03,PFDAVIGRP,PFDAVIGRP.CL+PFDAVVNDA.CL,25407.1377
2010-12-10,PFDAVIGRP,PFDAVIGRP.CL+PFDAVVNDA.CL,25407.1377
2010-12-17,PFDAVIGRP,PFDAVIGRP.CL+PFDAVVNDA.CL,25518.5725
2010-12-24,PFDAVIGRP,PFDAVIGRP.CL+PFDAVVNDA.CL,25652.2942
2010-12-31,PFDAVIGRP,PFDAVIGRP.CL+PFDAVVNDA.CL,25607.7203
2011-01-07,PFDAVIGRP,PFDAVIGRP.CL+PFDAVVNDA.CL,24627.094
2011-01-14,PFDAVIGRP,PFDAVIGRP.CL+PFDAVVNDA.CL,24939.1114
2011-01-21,PFDAVIGRP,PFDAVIGRP.CL+PFDAVVNDA.CL,24627.094
2011-01-28,PFDAVIGRP,PFDAVIGRP.CL+PFDAVVNDA.CL,24783.1027
2011-02-04,PFDAVIGRP,PFDAVIGRP.CL+PFDAVVNDA.CL,24069.9199
2011-02-11,PFDAVIGRP,PFDAVIGRP.CL+PFDAVVNDA.CL,24359.6504
2011-02-18,PFDAVIGRP,PFDAVIGRP.CL+PFDAVVNDA.CL,24114.4938
2011-02-25,PFDAVIGRP,PFDAVIGRP.CL+PFDAVVNDA.CL,24337.3634
2011-03-04,PFDAVIGRP,PFDAVIGRP.CL+PFDAVVNDA.CL,24537.9461
2011-03-11,PFDAVIGRP,PFDAVIGRP.CL+PFDAVVNDA.CL,24181.3547
2011-03-18,PFDAVIGRP,PFDAVIGRP.CL+PFDAVVNDA.CL,23668.7546
2011-03-25,PFDAVIGRP,PFDAVIGRP.CL+PFDAVVNDA.CL,24025.346
2011-04-01,PFDAVIGRP,PFDAVIGRP.CL+PFDAVVNDA.CL,22910.9978
2011-04-08,PFDAVIGRP,PFDAVIGRP.CL+PFDAVVNDA.CL,23245.3023
2011-04-15,PFDAVIGRP,PFDAVIGRP.CL+PFDAVVNDA.CL,22264.6759
2011-04-22,PFDAVIGRP,PFDAVIGRP.CL+PFDAVVNDA.CL,23245.3023
2011-04-29,PFDAVIGRP,PFDAVIGRP.CL+PFDAVVNDA.CL,23401.311
2011-05-06,PFDAVIGRP,PFDAVIGRP.CL+PFDAVVNDA.CL,23178.4414
2011-05-13,PFDAVIGRP,PFDAVIGRP.CL+PFDAVVNDA.CL,24292.7895
2011-05-20,PFDAVIGRP,PFDAVIGRP.CL+PFDAVVNDA.CL,24671.6679
2011-05-27,PFDAVIGRP,PFDAVIGRP.CL+PFDAVVNDA.CL,24627.094
2011-06-03,PFDAVIGRP,PFDAVIGRP.CL+PFDAVVNDA.CL,25028.2593
2011-06-10,PFDAVIGRP,PFDAVIGRP.CL+PFDAVVNDA.CL,25563.1464
2011-06-17,PFDAVIGRP,PFDAVIGRP.CL+PFDAVVNDA.CL,25407.1377
2011-06-24,PFDAVIGRP,PFDAVIGRP.CL+PFDAVVNDA.CL,25518.5725
2011-07-01,PFDAVIGRP,PFDAVIGRP.CL+PFDAVVNDA.CL,24404.2243
2011-07-08,PFDAVIGRP,PFDAVIGRP.CL+PFDAVVNDA.CL,24426.5113
2011-07-15,PFDAVIGRP,PFDAVIGRP.CL+PFDAVVNDA.CL,23824.7633
2011-07-22,PFDAVIGRP,PFDAVIGRP.CL+PFDAVVNDA.CL,24961.3984
2011-07-29,PFDAVIGRP,PFDAVIGRP.CL+PFDAVVNDA.CL,24627.094
2011-08-05,PFDAVIGRP,PFDAVIGRP.CL+PFDAVVNDA.CL,24025.346
2011-08-12,PFDAVIGRP,PFDAVIGRP.CL+PFDAVVNDA.CL,24359.6504
2011-08-19,PFDAVIGRP,PFDAVIGRP.CL+PFDAVVNDA.CL,23089.2935
2011-08-26,PFDAVIGRP,PFDAVIGRP.CL+PFDAVVNDA.CL,23735.6154
2011-09-02,PFDAVIGRP,PFDAVIGRP.CL+PFDAVVNDA.CL,23289.8762
2011-09-09,PFDAVIGRP,PFDAVIGRP.CL+PFDAVVNDA.CL,22866.4239
2011-09-16,PFDAVIGRP,PFDAVIGRP.CL+PFDAVVNDA.CL,22376.1107
2011-09-23,PFDAVIGRP,PFDAVIGRP.CL+PFDAVVNDA.CL,22286.9629
2011-09-30,PFDAVIGRP,PFDAVIGRP.CL+PFDAVVNDA.CL,22621.2673
2011-10-07,PFDAVIGRP,PFDAVIGRP.CL+PFDAVVNDA.CL,22264.6759
2011-10-14,PFDAVIGRP,PFDAVIGRP.CL+PFDAVVNDA.CL,22732.7021
2011-10-21,PFDAVIGRP,PFDAVIGRP.CL+PFDAVVNDA.CL,22420.6846
2011-10-28,PFDAVIGRP,PFDAVIGRP.CL+PFDAVVNDA.CL,22688.1282
2011-11-04,PFDAVIGRP,PFDAVIGRP.CL+PFDAVVNDA.CL,22621.2673
2011-11-11,PFDAVIGRP,PFDAVIGRP.CL+PFDAVVNDA.CL,22509.8325
2011-11-18,PFDAVIGRP,PFDAVIGRP.CL+PFDAVVNDA.CL,22576.6934
2011-11-25,PFDAVIGRP,PFDAVIGRP.CL+PFDAVVNDA.CL,22286.9629
2011-12-02,PFDAVIGRP,PFDAVIGRP.CL+PFDAVVNDA.CL,22688.1282
2011-12-09,PFDAVIGRP,PFDAVIGRP.CL+PFDAVVNDA.CL,22710.4151
2011-12-16,PFDAVIGRP,PFDAVIGRP.CL+PFDAVVNDA.CL,22309.2498
2011-12-23,PFDAVIGRP,PFDAVIGRP.CL+PFDAVVNDA.CL,22487.5455
2011-12-30,PFDAVIGRP,PFDAVIGRP.CL+PFDAVVNDA.CL,23245.3023
2012-01-06,PFDAVIGRP,PFDAVIGRP.CL+PFDAVVNDA.CL,23289.8762
2012-01-13,PFDAVIGRP,PFDAVIGRP.CL+PFDAVVNDA.CL,23067.0066
2012-01-20,PFDAVIGRP,PFDAVIGRP.CL+PFDAVVNDA.CL,23044.7196
2012-01-27,PFDAVIGRP,PFDAVIGRP.CL+PFDAVVNDA.CL,21752.0757
2012-02-03,PFDAVIGRP,PFDAVIGRP.CL+PFDAVVNDA.CL,22019.5193
2012-02-10,PFDAVIGRP,PFDAVIGRP.CL+PFDAVVNDA.CL,22420.6846
2012-02-17,PFDAVIGRP,PFDAVIGRP.CL+PFDAVVNDA.CL,22598.9803
2012-02-24,PFDAVIGRP,PFDAVIGRP.CL+PFDAVVNDA.CL,22554.4064
2012-03-02,PFDAVIGRP,PFDAVIGRP.CL+PFDAVVNDA.CL,22442.9716
2012-03-09,PFDAVIGRP,PFDAVIGRP.CL+PFDAVVNDA.CL,22153.2411
2012-03-16,PFDAVIGRP,PFDAVIGRP.CL+PFDAVVNDA.CL,22331.5368
2012-03-23,PFDAVIGRP,PFDAVIGRP.CL+PFDAVVNDA.CL,22197.815
2012-03-30,PFDAVIGRP,PFDAVIGRP.CL+PFDAVVNDA.CL,21551.4931
2012-04-06,PFDAVIGRP,PFDAVIGRP.CL+PFDAVVNDA.CL,21752.0757
2012-04-13,PFDAVIGRP,PFDAVIGRP.CL+PFDAVVNDA.CL,22264.6759
2012-04-20,PFDAVIGRP,PFDAVIGRP.CL+PFDAVVNDA.CL,22398.3977
2012-04-27,PFDAVIGRP,PFDAVIGRP.CL+PFDAVVNDA.CL,22509.8325
2012-05-04,PFDAVIGRP,PFDAVIGRP.CL+PFDAVVNDA.CL,23512.7458
2012-05-11,PFDAVIGRP,PFDAVIGRP.CL+PFDAVVNDA.CL,23512.7458
2012-05-18,PFDAVIGRP,PFDAVIGRP.CL+PFDAVVNDA.CL,24560.2331
2012-05-25,PFDAVIGRP,PFDAVIGRP.CL+PFDAVVNDA.CL,24783.1027
2012-06-01,PFDAVIGRP,PFDAVIGRP.CL+PFDAVVNDA.CL,25050.5462
2012-06-08,PFDAVIGRP,PFDAVIGRP.CL+PFDAVVNDA.CL,24493.3722
2012-06-15,PFDAVIGRP,PFDAVIGRP.CL+PFDAVVNDA.CL,24783.1027
2012-06-22,PFDAVIGRP,PFDAVIGRP.CL+PFDAVVNDA.CL,23936.1981
2012-06-29,PFDAVIGRP,PFDAVIGRP.CL+PFDAVVNDA.CL,24515.6591
2012-07-06,PFDAVIGRP,PFDAVIGRP.CL+PFDAVVNDA.CL,24515.6591
2012-07-13,PFDAVIGRP,PFDAVIGRP.CL+PFDAVVNDA.CL,24471.0852
2012-07-20,PFDAVIGRP,PFDAVIGRP.CL+PFDAVVNDA.CL,24292.7895
2012-07-27,PFDAVIGRP,PFDAVIGRP.CL+PFDAVVNDA.CL,23735.6154
2012-08-03,PFDAVIGRP,PFDAVIGRP.CL+PFDAVVNDA.CL,24515.6591
2012-08-10,PFDAVIGRP,PFDAVIGRP.CL+PFDAVVNDA.CL,23579.6067
2012-08-17,PFDAVIGRP,PFDAVIGRP.CL+PFDAVVNDA.CL,23356.7371
2012-08-24,PFDAVIGRP,PFDAVIGRP.CL+PFDAVVNDA.CL,23557.3197
2012-08-31,PFDAVIGRP,PFDAVIGRP.CL+PFDAVVNDA.CL,23958.4851
2012-09-07,PFDAVIGRP,PFDAVIGRP.CL+PFDAVVNDA.CL,24493.3722
2012-09-14,PFDAVIGRP,PFDAVIGRP.CL+PFDAVVNDA.CL,24515.6591
2012-09-21,PFDAVIGRP,PFDAVIGRP.CL+PFDAVVNDA.CL,24582.52
2012-09-28,PFDAVIGRP,PFDAVIGRP.CL+PFDAVVNDA.CL,24181.3547
2012-10-05,PFDAVIGRP,PFDAVIGRP.CL+PFDAVVNDA.CL,24448.7983
2012-10-12,PFDAVIGRP,PFDAVIGRP.CL+PFDAVVNDA.CL,24159.0677
2012-10-19,PFDAVIGRP,PFDAVIGRP.CL+PFDAVVNDA.CL,24671.6679
2012-10-26,PFDAVIGRP,PFDAVIGRP.CL+PFDAVVNDA.CL,25028.2593
2012-11-02,PFDAVIGRP,PFDAVIGRP.CL+PFDAVVNDA.CL,24872.2505
2012-11-09,PFDAVIGRP,PFDAVIGRP.CL+PFDAVVNDA.CL,24627.094
2012-11-16,PFDAVIGRP,PFDAVIGRP.CL+PFDAVVNDA.CL,24916.8245
2012-11-23,PFDAVIGRP,PFDAVIGRP.CL+PFDAVVNDA.CL,24738.5288
2012-11-30,PFDAVIGRP,PFDAVIGRP.CL+PFDAVVNDA.CL,25429.4246
2012-12-07,PFDAVIGRP,PFDAVIGRP.CL+PFDAVVNDA.CL,25719.1551
2012-12-14,PFDAVIGRP,PFDAVIGRP.CL+PFDAVVNDA.CL,25630.0073
2012-12-21,PFDAVIGRP,PFDAVIGRP.CL+PFDAVVNDA.CL,25964.3117
2012-12-28,PFDAVIGRP,PFDAVIGRP.CL+PFDAVVNDA.CL,26164.8944
2013-01-04,PFDAVIGRP,PFDAVIGRP.CL+PFDAVVNDA.CL,26164.8944
2013-01-11,PFDAVIGRP,PFDAVIGRP.CL+PFDAVVNDA.CL,25585.4334
2013-01-18,PFDAVIGRP,PFDAVIGRP.CL+PFDAVVNDA.CL,25942.0248
2013-01-25,PFDAVIGRP,PFDAVIGRP.CL+PFDAVVNDA.CL,26922.6511
2013-02-01,PFDAVIGRP,PFDAVIGRP.CL+PFDAVVNDA.CL,27056.3729
2013-02-08,PFDAVIGRP,PFDAVIGRP.CL+PFDAVVNDA.CL,27412.9643
2013-02-15,PFDAVIGRP,PFDAVIGRP.CL+PFDAVVNDA.CL,27858.7036
2013-02-22,PFDAVIGRP,PFDAVIGRP.CL+PFDAVVNDA.CL,28861.6169
2013-03-01,PFDAVIGRP,PFDAVIGRP.CL+PFDAVVNDA.CL,28861.6169
2013-03-08,PFDAVIGRP,PFDAVIGRP.CL+PFDAVVNDA.CL,28973.0517
2013-03-15,PFDAVIGRP,PFDAVIGRP.CL+PFDAVVNDA.CL,28973.0517
2013-03-22,PFDAVIGRP,PFDAVIGRP.CL+PFDAVVNDA.CL,28661.0342
2013-03-29,PFDAVIGRP,PFDAVIGRP.CL+PFDAVVNDA.CL,28973.0517
2013-04-05,PFDAVIGRP,PFDAVIGRP.CL+PFDAVVNDA.CL,29307.3562
2013-04-12,PFDAVIGRP,PFDAVIGRP.CL+PFDAVVNDA.CL,27858.7036
2013-04-19,PFDAVIGRP,PFDAVIGRP.CL+PFDAVVNDA.CL,27724.9818
2013-04-26,PFDAVIGRP,PFDAVIGRP.CL+PFDAVVNDA.CL,28126.1471
2013-05-03,PFDAVIGRP,PFDAVIGRP.CL+PFDAVVNDA.CL,27524.3991
2013-05-10,PFDAVIGRP,PFDAVIGRP.CL+PFDAVVNDA.CL,27279.2425
2013-05-17,PFDAVIGRP,PFDAVIGRP.CL+PFDAVVNDA.CL,27323.8165
2013-05-24,PFDAVIGRP,PFDAVIGRP.CL+PFDAVVNDA.CL,26967.2251
2013-05-31,PFDAVIGRP,PFDAVIGRP.CL+PFDAVVNDA.CL,28371.3037
2013-06-07,PFDAVIGRP,PFDAVIGRP.CL+PFDAVVNDA.CL,27635.8339
2013-06-14,PFDAVIGRP,PFDAVIGRP.CL+PFDAVVNDA.CL,26744.3554
2013-06-21,PFDAVIGRP,PFDAVIGRP.CL+PFDAVVNDA.CL,25540.8594
2013-06-28,PFDAVIGRP,PFDAVIGRP.CL+PFDAVVNDA.CL,25117.4071
2013-07-05,PFDAVIGRP,PFDAVIGRP.CL+PFDAVVNDA.CL,25919.7378
2013-07-12,PFDAVIGRP,PFDAVIGRP.CL+PFDAVVNDA.CL,25295.7028
2013-07-19,PFDAVIGRP,PFDAVIGRP.CL+PFDAVVNDA.CL,26610.6336
2013-07-26,PFDAVIGRP,PFDAVIGRP.CL+PFDAVVNDA.CL,26410.051
2013-08-02,PFDAVIGRP,PFDAVIGRP.CL+PFDAVVNDA.CL,26187.1814
2013-08-09,PFDAVIGRP,PFDAVIGRP.CL+PFDAVVNDA.CL,26722.0685
2013-08-16,PFDAVIGRP,PFDAVIGRP.CL+PFDAVVNDA.CL,26632.9206
2013-08-23,PFDAVIGRP,PFDAVIGRP.CL+PFDAVVNDA.CL,27190.0947
2013-08-30,PFDAVIGRP,PFDAVIGRP.CL+PFDAVVNDA.CL,27502.1122
2013-09-06,PFDAVIGRP,PFDAVIGRP.CL+PFDAVVNDA.CL,27212.3816
2013-09-13,PFDAVIGRP,PFDAVIGRP.CL+PFDAVVNDA.CL,28527.3125
2013-09-20,PFDAVIGRP,PFDAVIGRP.CL+PFDAVVNDA.CL,27635.8339
2013-09-27,PFDAVIGRP,PFDAVIGRP.CL+PFDAVVNDA.CL,28527.3125
2013-10-04,PFDAVIGRP,PFDAVIGRP.CL+PFDAVVNDA.CL,27970.1384
2013-10-11,PFDAVIGRP,PFDAVIGRP.CL+PFDAVVNDA.CL,28638.7473
2013-10-18,PFDAVIGRP,PFDAVIGRP.CL+PFDAVVNDA.CL,28616.4603
2013-10-25,PFDAVIGRP,PFDAVIGRP.CL+PFDAVVNDA.CL,28036.9993
2013-11-01,PFDAVIGRP,PFDAVIGRP.CL+PFDAVVNDA.CL,27791.8427
2013-11-08,PFDAVIGRP,PFDAVIGRP.CL+PFDAVVNDA.CL,26499.1988
2013-11-15,PFDAVIGRP,PFDAVIGRP.CL+PFDAVVNDA.CL,27034.0859
2013-11-22,PFDAVIGRP,PFDAVIGRP.CL+PFDAVVNDA.CL,27078.6599
2013-11-29,PFDAVIGRP,PFDAVIGRP.CL+PFDAVVNDA.CL,26543.7728
2013-12-06,PFDAVIGRP,PFDAVIGRP.CL+PFDAVVNDA.CL,26521.4858
2013-12-13,PFDAVIGRP,PFDAVIGRP.CL+PFDAVVNDA.CL,26855.7902
2013-12-20,PFDAVIGRP,PFDAVIGRP.CL+PFDAVVNDA.CL,26187.1814
2013-12-27,PFDAVIGRP,PFDAVIGRP.CL+PFDAVVNDA.CL,26298.6162
2014-01-03,PFDAVIGRP,PFDAVIGRP.CL+PFDAVVNDA.CL,26655.2076
2014-01-10,PFDAVIGRP,PFDAVIGRP.CL+PFDAVVNDA.CL,25295.7028
2014-01-17,PFDAVIGRP,PFDAVIGRP.CL+PFDAVVNDA.CL,25607.7203
2014-01-24,PFDAVIGRP,PFDAVIGRP.CL+PFDAVVNDA.CL,25228.842
2014-01-31,PFDAVIGRP,PFDAVIGRP.CL+PFDAVVNDA.CL,23847.0503
2014-02-07,PFDAVIGRP,PFDAVIGRP.CL+PFDAVVNDA.CL,23802.4763
2014-02-14,PFDAVIGRP,PFDAVIGRP.CL+PFDAVVNDA.CL,25050.5462
2014-02-21,PFDAVIGRP,PFDAVIGRP.CL+PFDAVVNDA.CL,25072.8332
2014-02-28,PFDAVIGRP,PFDAVIGRP.CL+PFDAVVNDA.CL,26031.1726
2014-03-07,PFDAVIGRP,PFDAVIGRP.CL+PFDAVVNDA.CL,27814.1296
2014-03-14,PFDAVIGRP,PFDAVIGRP.CL+PFDAVVNDA.CL,27190.0947
2014-03-21,PFDAVIGRP,PFDAVIGRP.CL+PFDAVVNDA.CL,27412.9643
2014-03-28,PFDAVIGRP,PFDAVIGRP.CL+PFDAVVNDA.CL,28304.4428
2014-04-04,PFDAVIGRP,PFDAVIGRP.CL+PFDAVVNDA.CL,28817.043
2014-04-11,PFDAVIGRP,PFDAVIGRP.CL+PFDAVVNDA.CL,28750.1821
2014-04-18,PFDAVIGRP,PFDAVIGRP.CL+PFDAVVNDA.CL,28393.5907
2014-04-25,PFDAVIGRP,PFDAVIGRP.CL+PFDAVVNDA.CL,30087.3999
2014-05-02,PFDAVIGRP,PFDAVIGRP.CL+PFDAVVNDA.CL,30978.8784
2014-05-09,PFDAVIGRP,PFDAVIGRP.CL+PFDAVVNDA.CL,31201.748
2014-05-16,PFDAVIGRP,PFDAVIGRP.CL+PFDAVVNDA.CL,31179.461
2014-05-23,PFDAVIGRP,PFDAVIGRP.CL+PFDAVVNDA.CL,30778.2957
2014-05-30,PFDAVIGRP,PFDAVIGRP.CL+PFDAVVNDA.CL,31959.5047
2014-06-06,PFDAVIGRP,PFDAVIGRP.CL+PFDAVVNDA.CL,32004.0787
2014-06-13,PFDAVIGRP,PFDAVIGRP.CL+PFDAVVNDA.CL,33096.1398
2014-06-20,PFDAVIGRP,PFDAVIGRP.CL+PFDAVVNDA.CL,34143.6271
2014-06-27,PFDAVIGRP,PFDAVIGRP.CL+PFDAVVNDA.CL,33720.1748
2014-07-04,PFDAVIGRP,PFDAVIGRP.CL+PFDAVVNDA.CL,33920.7575
2014-07-11,PFDAVIGRP,PFDAVIGRP.CL+PFDAVVNDA.CL,34321.9228
2014-07-18,PFDAVIGRP,PFDAVIGRP.CL+PFDAVVNDA.CL,33319.0095
2014-07-25,PFDAVIGRP,PFDAVIGRP.CL+PFDAVVNDA.CL,34321.9228
2014-08-01,PFDAVIGRP,PFDAVIGRP.CL+PFDAVVNDA.CL,35413.984
2014-08-08,PFDAVIGRP,PFDAVIGRP.CL+PFDAVVNDA.CL,35614.5666
2014-08-15,PFDAVIGRP,PFDAVIGRP.CL+PFDAVVNDA.CL,35703.7145
2014-08-22,PFDAVIGRP,PFDAVIGRP.CL+PFDAVVNDA.CL,34812.236
2014-08-29,PFDAVIGRP,PFDAVIGRP.CL+PFDAVVNDA.CL,35101.9665
2014-09-05,PFDAVIGRP,PFDAVIGRP.CL+PFDAVVNDA.CL,34879.0969
2014-09-12,PFDAVIGRP,PFDAVIGRP.CL+PFDAVVNDA.CL,33608.74
2014-09-19,PFDAVIGRP,PFDAVIGRP.CL+PFDAVVNDA.CL,33898.4705
2014-09-26,PFDAVIGRP,PFDAVIGRP.CL+PFDAVVNDA.CL,32316.0961
2014-10-03,PFDAVIGRP,PFDAVIGRP.CL+PFDAVVNDA.CL,32182.3744
2014-10-10,PFDAVIGRP,PFDAVIGRP.CL+PFDAVVNDA.CL,31870.3569
2014-10-17,PFDAVIGRP,PFDAVIGRP.CL+PFDAVVNDA.CL,31781.209
2014-10-24,PFDAVIGRP,PFDAVIGRP.CL+PFDAVVNDA.CL,33207.5747
2014-10-31,PFDAVIGRP,PFDAVIGRP.CL+PFDAVVNDA.CL,34745.3751
2014-11-07,PFDAVIGRP,PFDAVIGRP.CL+PFDAVVNDA.CL,35525.4188
2014-11-14,PFDAVIGRP,PFDAVIGRP.CL+PFDAVVNDA.CL,34544.7924
2014-11-21,PFDAVIGRP,PFDAVIGRP.CL+PFDAVVNDA.CL,33452.7312
2014-11-28,PFDAVIGRP,PFDAVIGRP.CL+PFDAVVNDA.CL,32316.0961
2014-12-05,PFDAVIGRP,PFDAVIGRP.CL+PFDAVVNDA.CL,32427.531
2014-12-12,PFDAVIGRP,PFDAVIGRP.CL+PFDAVVNDA.CL,29619.3736
2014-12-19,PFDAVIGRP,PFDAVIGRP.CL+PFDAVVNDA.CL,30087.3999
2014-12-26,PFDAVIGRP,PFDAVIGRP.CL+PFDAVVNDA.CL,30978.8784
2015-01-02,PFDAVIGRP,PFDAVIGRP.CL+PFDAVVNDA.CL,30198.8347
2015-01-09,PFDAVIGRP,PFDAVIGRP.CL+PFDAVVNDA.CL,30510.8521
2015-01-16,PFDAVIGRP,PFDAVIGRP.CL+PFDAVVNDA.CL,28973.0517
2015-01-23,PFDAVIGRP,PFDAVIGRP.CL+PFDAVVNDA.CL,29998.252
2015-01-30,PFDAVIGRP,PFDAVIGRP.CL+PFDAVVNDA.CL,28950.7647
2015-02-06,PFDAVIGRP,PFDAVIGRP.CL+PFDAVVNDA.CL,29975.965
2015-02-13,PFDAVIGRP,PFDAVIGRP.CL+PFDAVVNDA.CL,28193.008
2015-02-20,PFDAVIGRP,PFDAVIGRP.CL+PFDAVVNDA.CL,28304.4428
2015-02-27,PFDAVIGRP,PFDAVIGRP.CL+PFDAVVNDA.CL,29084.4865
2015-03-06,PFDAVIGRP,PFDAVIGRP.CL+PFDAVVNDA.CL,28282.1559
2015-03-13,PFDAVIGRP,PFDAVIGRP.CL+PFDAVVNDA.CL,27034.0859
2015-03-20,PFDAVIGRP,PFDAVIGRP.CL+PFDAVVNDA.CL,29507.9388
2015-03-27,PFDAVIGRP,PFDAVIGRP.CL+PFDAVVNDA.CL,29530.2258
2015-04-03,PFDAVIGRP,PFDAVIGRP.CL+PFDAVVNDA.CL,28817.043
2015-04-10,PFDAVIGRP,PFDAVIGRP.CL+PFDAVVNDA.CL,30020.539
2015-04-17,PFDAVIGRP,PFDAVIGRP.CL+PFDAVVNDA.CL,29975.965
2015-04-24,PFDAVIGRP,PFDAVIGRP.CL+PFDAVVNDA.CL,29775.3824
2015-05-01,PFDAVIGRP,PFDAVIGRP.CL+PFDAVVNDA.CL,30867.4436
2015-05-08,PFDAVIGRP,PFDAVIGRP.CL+PFDAVVNDA.CL,30154.2607
2015-05-15,PFDAVIGRP,PFDAVIGRP.CL+PFDAVVNDA.CL,29641.6606
2015-05-22,PFDAVIGRP,PFDAVIGRP.CL+PFDAVVNDA.CL,29084.4865
2015-05-29,PFDAVIGRP,PFDAVIGRP.CL+PFDAVVNDA.CL,28661.0342
2015-06-05,PFDAVIGRP,PFDAVIGRP.CL+PFDAVVNDA.CL,29173.6344
2015-06-12,PFDAVIGRP,PFDAVIGRP.CL+PFDAVVNDA.CL,28995.3387
2015-06-19,PFDAVIGRP,PFDAVIGRP.CL+PFDAVVNDA.CL,29307.3562
2015-06-26,PFDAVIGRP,PFDAVIGRP.CL+PFDAVVNDA.CL,28750.1821
2015-07-03,PFDAVIGRP,PFDAVIGRP.CL+PFDAVVNDA.CL,29597.0867
2015-07-10,PFDAVIGRP,PFDAVIGRP.CL+PFDAVVNDA.CL,29218.2083
2015-07-17,PFDAVIGRP,PFDAVIGRP.CL+PFDAVVNDA.CL,29552.5127
2015-07-24,PFDAVIGRP,PFDAVIGRP.CL+PFDAVVNDA.CL,28973.0517
2015-07-31,PFDAVIGRP,PFDAVIGRP.CL+PFDAVVNDA.CL,29396.504
2015-08-07,PFDAVIGRP,PFDAVIGRP.CL+PFDAVVNDA.CL,28705.6082
2015-08-14,PFDAVIGRP,PFDAVIGRP.CL+PFDAVVNDA.CL,27925.5645
2015-08-21,PFDAVIGRP,PFDAVIGRP.CL+PFDAVVNDA.CL,26655.2076
2015-08-28,PFDAVIGRP,PFDAVIGRP.CL+PFDAVVNDA.CL,24961.3984
2015-09-04,PFDAVIGRP,PFDAVIGRP.CL+PFDAVVNDA.CL,26566.0597
2015-09-11,PFDAVIGRP,PFDAVIGRP.CL+PFDAVVNDA.CL,28839.3299
2015-09-18,PFDAVIGRP,PFDAVIGRP.CL+PFDAVVNDA.CL,27836.4166
2015-09-25,PFDAVIGRP,PFDAVIGRP.CL+PFDAVVNDA.CL,26008.8857
2015-10-02,PFDAVIGRP,PFDAVIGRP.CL+PFDAVVNDA.CL,25964.3117
2015-10-09,PFDAVIGRP,PFDAVIGRP.CL+PFDAVVNDA.CL,27524.3991
2015-10-16,PFDAVIGRP,PFDAVIGRP.CL+PFDAVVNDA.CL,26989.512
2015-10-23,PFDAVIGRP,PFDAVIGRP.CL+PFDAVVNDA.CL,27056.3729
2015-10-30,PFDAVIGRP,PFDAVIGRP.CL+PFDAVVNDA.CL,27145.5208
2015-11-06,PFDAVIGRP,PFDAVIGRP.CL+PFDAVVNDA.CL,26677.4945
2015-11-13,PFDAVIGRP,PFDAVIGRP.CL+PFDAVVNDA.CL,23936.1981
2015-11-20,PFDAVIGRP,PFDAVIGRP.CL+PFDAVVNDA.CL,23334.4501
2015-11-27,PFDAVIGRP,PFDAVIGRP.CL+PFDAVVNDA.CL,23423.598
2015-12-04,PFDAVIGRP,PFDAVIGRP.CL+PFDAVVNDA.CL,22576.6934
2015-12-11,PFDAVIGRP,PFDAVIGRP.CL+PFDAVVNDA.CL,23289.8762
2015-12-18,PFDAVIGRP,PFDAVIGRP.CL+PFDAVVNDA.CL,24136.7808
2015-12-25,PFDAVIGRP,PFDAVIGRP.CL+PFDAVVNDA.CL,24471.0852
2016-01-01,PFDAVIGRP,PFDAVIGRP.CL+PFDAVVNDA.CL,24292.7895
2016-01-08,PFDAVIGRP,PFDAVIGRP.CL+PFDAVVNDA.CL,23512.7458
2016-01-15,PFDAVIGRP,PFDAVIGRP.CL+PFDAVVNDA.CL,25228.842
2016-01-22,PFDAVIGRP,PFDAVIGRP.CL+PFDAVVNDA.CL,25563.1464
2016-01-29,PFDAVIGRP,PFDAVIGRP.CL+PFDAVVNDA.CL,25986.5987
2016-02-05,PFDAVIGRP,PFDAVIGRP.CL+PFDAVVNDA.CL,26164.8944
2016-02-12,PFDAVIGRP,PFDAVIGRP.CL+PFDAVVNDA.CL,26410.051
2016-02-19,PFDAVIGRP,PFDAVIGRP.CL+PFDAVVNDA.CL,27658.1209
2016-02-26,PFDAVIGRP,PFDAVIGRP.CL+PFDAVVNDA.CL,27814.1296
2016-03-04,PFDAVIGRP,PFDAVIGRP.CL+PFDAVVNDA.CL,28638.7473
2016-03-11,PFDAVIGRP,PFDAVIGRP.CL+PFDAVVNDA.CL,29173.6344
2016-03-18,PFDAVIGRP,PFDAVIGRP.CL+PFDAVVNDA.CL,28861.6169
2016-03-25,PFDAVIGRP,PFDAVIGRP.CL+PFDAVVNDA.CL,28973.0517
2016-04-01,PFDAVIGRP,PFDAVIGRP.CL+PFDAVVNDA.CL,30622.287
2016-04-08,PFDAVIGRP,PFDAVIGRP.CL+PFDAVVNDA.CL,30065.1129
2016-04-15,PFDAVIGRP,PFDAVIGRP.CL+PFDAVVNDA.CL,31201.748
2016-04-22,PFDAVIGRP,PFDAVIGRP.CL+PFDAVVNDA.CL,30644.5739
2016-04-29,PFDAVIGRP,PFDAVIGRP.CL+PFDAVVNDA.CL,29530.2258
2016-05-06,PFDAVIGRP,PFDAVIGRP.CL+PFDAVVNDA.CL,28527.3125
2016-05-13,PFDAVIGRP,PFDAVIGRP.CL+PFDAVVNDA.CL,29374.217
2016-05-20,PFDAVIGRP,PFDAVIGRP.CL+PFDAVVNDA.CL,28861.6169
2016-05-27,PFDAVIGRP,PFDAVIGRP.CL+PFDAVVNDA.CL,28683.3212
2016-06-03,PFDAVIGRP,PFDAVIGRP.CL+PFDAVVNDA.CL,29441.0779
2016-06-10,PFDAVIGRP,PFDAVIGRP.CL+PFDAVVNDA.CL,30131.9738
2016-06-17,PFDAVIGRP,PFDAVIGRP.CL+PFDAVVNDA.CL,30733.7218
2016-06-24,PFDAVIGRP,PFDAVIGRP.CL+PFDAVVNDA.CL,30800.5827
2016-07-01,PFDAVIGRP,PFDAVIGRP.CL+PFDAVVNDA.CL,29953.6781
2016-07-08,PFDAVIGRP,PFDAVIGRP.CL+PFDAVVNDA.CL,29641.6606
2016-07-15,PFDAVIGRP,PFDAVIGRP.CL+PFDAVVNDA.CL,29931.3911
2016-07-22,PFDAVIGRP,PFDAVIGRP.CL+PFDAVVNDA.CL,30109.6868
2016-07-29,PFDAVIGRP,PFDAVIGRP.CL+PFDAVVNDA.CL,30065.1129
2016-08-05,PFDAVIGRP,PFDAVIGRP.CL+PFDAVVNDA.CL,30310.2695
2016-08-12,PFDAVIGRP,PFDAVIGRP.CL+PFDAVVNDA.CL,30756.0087
2016-08-19,PFDAVIGRP,PFDAVIGRP.CL+PFDAVVNDA.CL,30956.5914
2016-08-26,PFDAVIGRP,PFDAVIGRP.CL+PFDAVVNDA.CL,32316.0961
2016-09-02,PFDAVIGRP,PFDAVIGRP.CL+PFDAVVNDA.CL,32316.0961
2016-09-09,PFDAVIGRP,PFDAVIGRP.CL+PFDAVVNDA.CL,33475.0182
2016-09-16,PFDAVIGRP,PFDAVIGRP.CL+PFDAVVNDA.CL,32427.531
2016-09-23,PFDAVIGRP,PFDAVIGRP.CL+PFDAVVNDA.CL,32672.6875
2016-09-30,PFDAVIGRP,PFDAVIGRP.CL+PFDAVVNDA.CL,32516.6788
2016-10-07,PFDAVIGRP,PFDAVIGRP.CL+PFDAVVNDA.CL,32293.8092
2016-10-14,PFDAVIGRP,PFDAVIGRP.CL+PFDAVVNDA.CL,32895.5572
2016-10-21,PFDAVIGRP,PFDAVIGRP.CL+PFDAVVNDA.CL,33430.4443
2016-10-28,PFDAVIGRP,PFDAVIGRP.CL+PFDAVVNDA.CL,34255.0619
2016-11-04,PFDAVIGRP,PFDAVIGRP.CL+PFDAVVNDA.CL,33898.4705
2016-11-11,PFDAVIGRP,PFDAVIGRP.CL+PFDAVVNDA.CL,33207.5747
2016-11-18,PFDAVIGRP,PFDAVIGRP.CL+PFDAVVNDA.CL,32204.6613
2016-11-25,PFDAVIGRP,PFDAVIGRP.CL+PFDAVVNDA.CL,32249.2353
2016-12-02,PFDAVIGRP,PFDAVIGRP.CL+PFDAVVNDA.CL,32382.957
2016-12-09,PFDAVIGRP,PFDAVIGRP.CL+PFDAVVNDA.CL,32427.531
2016-12-16,PFDAVIGRP,PFDAVIGRP.CL+PFDAVVNDA.CL,33163.0007
2016-12-23,PFDAVIGRP,PFDAVIGRP.CL+PFDAVVNDA.CL,33319.0095
2016-12-30,PFDAVIGRP,PFDAVIGRP.CL+PFDAVVNDA.CL,33430.4443
2017-01-06,PFDAVIGRP,PFDAVIGRP.CL+PFDAVVNDA.CL,34879.0969
2017-01-13,PFDAVIGRP,PFDAVIGRP.CL+PFDAVVNDA.CL,34165.9141
2017-01-20,PFDAVIGRP,PFDAVIGRP.CL+PFDAVVNDA.CL,34433.3576
2017-01-27,PFDAVIGRP,PFDAVIGRP.CL+PFDAVVNDA.CL,35413.984
2017-02-03,PFDAVIGRP,PFDAVIGRP.CL+PFDAVVNDA.CL,35146.5404
2017-02-10,PFDAVIGRP,PFDAVIGRP.CL+PFDAVVNDA.CL,33586.453
2017-02-17,PFDAVIGRP,PFDAVIGRP.CL+PFDAVVNDA.CL,33631.0269
2017-02-24,PFDAVIGRP,PFDAVIGRP.CL+PFDAVVNDA.CL,33430.4443
2017-03-03,PFDAVIGRP,PFDAVIGRP.CL+PFDAVVNDA.CL,33631.0269
2017-03-10,PFDAVIGRP,PFDAVIGRP.CL+PFDAVVNDA.CL,32895.5572
2017-03-17,PFDAVIGRP,PFDAVIGRP.CL+PFDAVVNDA.CL,33207.5747
2017-03-24,PFDAVIGRP,PFDAVIGRP.CL+PFDAVVNDA.CL,33430.4443
2017-03-31,PFDAVIGRP,PFDAVIGRP.CL+PFDAVVNDA.CL,33341.2964
2017-04-07,PFDAVIGRP,PFDAVIGRP.CL+PFDAVVNDA.CL,33742.4618
2017-04-14,PFDAVIGRP,PFDAVIGRP.CL+PFDAVVNDA.CL,33920.7575
2017-04-21,PFDAVIGRP,PFDAVIGRP.CL+PFDAVVNDA.CL,33341.2964
2017-04-28,PFDAVIGRP,PFDAVIGRP.CL+PFDAVVNDA.CL,34544.7924
2017-05-05,PFDAVIGRP,PFDAVIGRP.CL+PFDAVVNDA.CL,34455.6446
2017-05-12,PFDAVIGRP,PFDAVIGRP.CL+PFDAVVNDA.CL,36862.6366
2017-05-19,PFDAVIGRP,PFDAVIGRP.CL+PFDAVVNDA.CL,36283.1755
2017-05-26,PFDAVIGRP,PFDAVIGRP.CL+PFDAVVNDA.CL,36684.3409
2017-06-02,PFDAVIGRP,PFDAVIGRP.CL+PFDAVVNDA.CL,36127.1668
2017-06-09,PFDAVIGRP,PFDAVIGRP.CL+PFDAVVNDA.CL,36372.3234
2017-06-16,PFDAVIGRP,PFDAVIGRP.CL+PFDAVVNDA.CL,37174.654
2017-06-23,PFDAVIGRP,PFDAVIGRP.CL+PFDAVVNDA.CL,36327.7495
2017-06-30,PFDAVIGRP,PFDAVIGRP.CL+PFDAVVNDA.CL,37531.2454
2017-07-07,PFDAVIGRP,PFDAVIGRP.CL+PFDAVVNDA.CL,38467.2979
2017-07-14,PFDAVIGRP,PFDAVIGRP.CL+PFDAVVNDA.CL,37776.402
2017-07-21,PFDAVIGRP,PFDAVIGRP.CL+PFDAVVNDA.CL,37330.6628
2017-07-28,PFDAVIGRP,PFDAVIGRP.CL+PFDAVVNDA.CL,37442.0976
2017-08-04,PFDAVIGRP,PFDAVIGRP.CL+PFDAVVNDA.CL,37464.3846
2017-08-11,PFDAVIGRP,PFDAVIGRP.CL+PFDAVVNDA.CL,37486.6715
2017-08-18,PFDAVIGRP,PFDAVIGRP.CL+PFDAVVNDA.CL,37776.402
2017-08-25,PFDAVIGRP,PFDAVIGRP.CL+PFDAVVNDA.CL,36818.0626
2017-09-01,PFDAVIGRP,PFDAVIGRP.CL+PFDAVVNDA.CL,36773.4887
2017-09-08,PFDAVIGRP,PFDAVIGRP.CL+PFDAVVNDA.CL,37531.2454
2017-09-15,PFDAVIGRP,PFDAVIGRP.CL+PFDAVVNDA.CL,37063.2192
2017-09-22,PFDAVIGRP,PFDAVIGRP.CL+PFDAVVNDA.CL,36773.4887
2017-09-29,PFDAVIGRP,PFDAVIGRP.CL+PFDAVVNDA.CL,37063.2192
2017-10-06,PFDAVIGRP,PFDAVIGRP.CL+PFDAVVNDA.CL,36773.4887
2017-10-13,PFDAVIGRP,PFDAVIGRP.CL+PFDAVVNDA.CL,36305.4625
2017-10-20,PFDAVIGRP,PFDAVIGRP.CL+PFDAVVNDA.CL,36104.8798
2017-10-27,PFDAVIGRP,PFDAVIGRP.CL+PFDAVVNDA.CL,34544.7924
2017-11-03,PFDAVIGRP,PFDAVIGRP.CL+PFDAVVNDA.CL,33319.0095
2017-11-10,PFDAVIGRP,PFDAVIGRP.CL+PFDAVVNDA.CL,35057.3926
2017-11-17,PFDAVIGRP,PFDAVIGRP.CL+PFDAVVNDA.CL,34500.2185
2017-11-24,PFDAVIGRP,PFDAVIGRP.CL+PFDAVVNDA.CL,33675.6009
2017-12-01,PFDAVIGRP,PFDAVIGRP.CL+PFDAVVNDA.CL,33207.5747
2017-12-08,PFDAVIGRP,PFDAVIGRP.CL+PFDAVVNDA.CL,33207.5747
2017-12-15,PFDAVIGRP,PFDAVIGRP.CL+PFDAVVNDA.CL,32316.0961
2017-12-22,PFDAVIGRP,PFDAVIGRP.CL+PFDAVVNDA.CL,33029.279
2017-12-29,PFDAVIGRP,PFDAVIGRP.CL+PFDAVVNDA.CL,33363.5834
2018-01-05,PFDAVIGRP,PFDAVIGRP.CL+PFDAVVNDA.CL,33764.7487
2018-01-12,PFDAVIGRP,PFDAVIGRP.CL+PFDAVVNDA.CL,32828.6963
2018-01-19,PFDAVIGRP,PFDAVIGRP.CL+PFDAVVNDA.CL,34232.7749
2018-01-26,PFDAVIGRP,PFDAVIGRP.CL+PFDAVVNDA.CL,35993.445
2018-02-02,PFDAVIGRP,PFDAVIGRP.CL+PFDAVVNDA.CL,35302.5492
2018-02-09,PFDAVIGRP,PFDAVIGRP.CL+PFDAVVNDA.CL,34678.5142
2018-02-16,PFDAVIGRP,PFDAVIGRP.CL+PFDAVVNDA.CL,35057.3926
2018-02-23,PFDAVIGRP,PFDAVIGRP.CL+PFDAVVNDA.CL,33608.74
2018-03-02,PFDAVIGRP,PFDAVIGRP.CL+PFDAVVNDA.CL,33430.4443
2018-03-09,PFDAVIGRP,PFDAVIGRP.CL+PFDAVVNDA.CL,33653.3139
2018-03-16,PFDAVIGRP,PFDAVIGRP.CL+PFDAVVNDA.CL,33697.8878
2018-03-23,PFDAVIGRP,PFDAVIGRP.CL+PFDAVVNDA.CL,33408.1573
2018-03-30,PFDAVIGRP,PFDAVIGRP.CL+PFDAVVNDA.CL,33608.74
2018-04-06,PFDAVIGRP,PFDAVIGRP.CL+PFDAVVNDA.CL,34945.9578
2018-04-13,PFDAVIGRP,PFDAVIGRP.CL+PFDAVVNDA.CL,37107.7932
2018-04-20,PFDAVIGRP,PFDAVIGRP.CL+PFDAVVNDA.CL,37085.5062
2018-04-27,PFDAVIGRP,PFDAVIGRP.CL+PFDAVVNDA.CL,36439.1843
2018-05-04,PFDAVIGRP,PFDAVIGRP.CL+PFDAVVNDA.CL,37664.9672
2018-05-11,PFDAVIGRP,PFDAVIGRP.CL+PFDAVVNDA.CL,36795.7757
2018-05-18,PFDAVIGRP,PFDAVIGRP.CL+PFDAVVNDA.CL,36060.3059
2018-05-25,PFDAVIGRP,PFDAVIGRP.CL+PFDAVVNDA.CL,37330.6628
2018-06-01,PFDAVIGRP,PFDAVIGRP.CL+PFDAVVNDA.CL,38400.437
2018-06-08,PFDAVIGRP,PFDAVIGRP.CL+PFDAVVNDA.CL,39403.3503
2018-06-15,PFDAVIGRP,PFDAVIGRP.CL+PFDAVVNDA.CL,39648.5069
2018-06-22,PFDAVIGRP,PFDAVIGRP.CL+PFDAVVNDA.CL,39336.4894
2018-06-29,PFDAVIGRP,PFDAVIGRP.CL+PFDAVVNDA.CL,39782.2287
2018-07-06,PFDAVIGRP,PFDAVIGRP.CL+PFDAVVNDA.CL,42122.3598
2018-07-13,PFDAVIGRP,PFDAVIGRP.CL+PFDAVVNDA.CL,40918.8638
2018-07-20,PFDAVIGRP,PFDAVIGRP.CL+PFDAVVNDA.CL,41074.8725
2018-07-27,PFDAVIGRP,PFDAVIGRP.CL+PFDAVVNDA.CL,40785.142
2018-08-03,PFDAVIGRP,PFDAVIGRP.CL+PFDAVVNDA.CL,38734.7414
2018-08-10,PFDAVIGRP,PFDAVIGRP.CL+PFDAVVNDA.CL,38088.4195
2018-08-17,PFDAVIGRP,PFDAVIGRP.CL+PFDAVVNDA.CL,38511.8718
2018-08-24,PFDAVIGRP,PFDAVIGRP.CL+PFDAVVNDA.CL,37776.402
2018-08-31,PFDAVIGRP,PFDAVIGRP.CL+PFDAVVNDA.CL,40005.0983
2018-09-07,PFDAVIGRP,PFDAVIGRP.CL+PFDAVVNDA.CL,39225.0546
2018-09-14,PFDAVIGRP,PFDAVIGRP.CL+PFDAVVNDA.CL,37308.3758
2018-09-21,PFDAVIGRP,PFDAVIGRP.CL+PFDAVVNDA.CL,38667.8806
2018-09-28,PFDAVIGRP,PFDAVIGRP.CL+PFDAVVNDA.CL,38177.5674
2018-10-05,PFDAVIGRP,PFDAVIGRP.CL+PFDAVVNDA.CL,37865.5499
2018-10-12,PFDAVIGRP,PFDAVIGRP.CL+PFDAVVNDA.CL,37798.689
2018-10-19,PFDAVIGRP,PFDAVIGRP.CL+PFDAVVNDA.CL,36974.0714
2018-10-26,PFDAVIGRP,PFDAVIGRP.CL+PFDAVVNDA.CL,34544.7924
2018-11-02,PFDAVIGRP,PFDAVIGRP.CL+PFDAVVNDA.CL,35213.4013
2018-11-09,PFDAVIGRP,PFDAVIGRP.CL+PFDAVVNDA.CL,37910.1238
2018-11-16,PFDAVIGRP,PFDAVIGRP.CL+PFDAVVNDA.CL,37887.8369
2018-11-23,PFDAVIGRP,PFDAVIGRP.CL+PFDAVVNDA.CL,36060.3059
2018-11-30,PFDAVIGRP,PFDAVIGRP.CL+PFDAVVNDA.CL,36238.6016
2018-12-07,PFDAVIGRP,PFDAVIGRP.CL+PFDAVVNDA.CL,36416.8973
2018-12-14,PFDAVIGRP,PFDAVIGRP.CL+PFDAVVNDA.CL,36550.6191
2018-12-21,PFDAVIGRP,PFDAVIGRP.CL+PFDAVVNDA.CL,32984.705
2018-12-28,PFDAVIGRP,PFDAVIGRP.CL+PFDAVVNDA.CL,34455.6446
2019-01-04,PFDAVIGRP,PFDAVIGRP.CL+PFDAVVNDA.CL,35882.0102
2019-01-11,PFDAVIGRP,PFDAVIGRP.CL+PFDAVVNDA.CL,38199.8543
2019-01-18,PFDAVIGRP,PFDAVIGRP.CL+PFDAVVNDA.CL,38222.1413
2019-01-25,PFDAVIGRP,PFDAVIGRP.CL+PFDAVVNDA.CL,39670.7939
2019-02-01,PFDAVIGRP,PFDAVIGRP.CL+PFDAVVNDA.CL,40874.2899
2019-02-08,PFDAVIGRP,PFDAVIGRP.CL+PFDAVVNDA.CL,39358.7764
2019-02-15,PFDAVIGRP,PFDAVIGRP.CL+PFDAVVNDA.CL,41342.3161
2019-02-22,PFDAVIGRP,PFDAVIGRP.CL+PFDAVVNDA.CL,40852.0029
2019-03-01,PFDAVIGRP,PFDAVIGRP.CL+PFDAVVNDA.CL,42233.7946
2019-03-08,PFDAVIGRP,PFDAVIGRP.CL+PFDAVVNDA.CL,41453.7509
2019-03-15,PFDAVIGRP,PFDAVIGRP.CL+PFDAVVNDA.CL,42568.0991
2019-03-22,PFDAVIGRP,PFDAVIGRP.CL+PFDAVVNDA.CL,41230.8813
2019-03-29,PFDAVIGRP,PFDAVIGRP.CL+PFDAVVNDA.CL,41676.6205
2019-04-05,PFDAVIGRP,PFDAVIGRP.CL+PFDAVVNDA.CL,43504.1515
2019-04-12,PFDAVIGRP,PFDAVIGRP.CL+PFDAVVNDA.CL,44328.7691
2019-04-19,PFDAVIGRP,PFDAVIGRP.CL+PFDAVVNDA.CL,44016.7516
2019-04-26,PFDAVIGRP,PFDAVIGRP.CL+PFDAVVNDA.CL,44462.4909
2019-05-03,PFDAVIGRP,PFDAVIGRP.CL+PFDAVVNDA.CL,44239.6213
2019-05-10,PFDAVIGRP,PFDAVIGRP.CL+PFDAVVNDA.CL,42478.9512
2019-05-17,PFDAVIGRP,PFDAVIGRP.CL+PFDAVVNDA.CL,42478.9512
2019-05-24,PFDAVIGRP,PFDAVIGRP.CL+PFDAVVNDA.CL,41230.8813
2019-05-31,PFDAVIGRP,PFDAVIGRP.CL+PFDAVVNDA.CL,42189.2207
2019-06-07,PFDAVIGRP,PFDAVIGRP.CL+PFDAVVNDA.CL,43258.9949
2019-06-14,PFDAVIGRP,PFDAVIGRP.CL+PFDAVVNDA.CL,44573.9257
2019-06-21,PFDAVIGRP,PFDAVIGRP.CL+PFDAVVNDA.CL,44462.4909
2019-06-28,PFDAVIGRP,PFDAVIGRP.CL+PFDAVVNDA.CL,45108.8128
2019-07-05,PFDAVIGRP,PFDAVIGRP.CL+PFDAVVNDA.CL,44774.5084
2019-07-12,PFDAVIGRP,PFDAVIGRP.CL+PFDAVVNDA.CL,45688.2739
2019-07-19,PFDAVIGRP,PFDAVIGRP.CL+PFDAVVNDA.CL,45688.2739
2019-07-26,PFDAVIGRP,PFDAVIGRP.CL+PFDAVVNDA.CL,46111.7261
2019-08-02,PFDAVIGRP,PFDAVIGRP.CL+PFDAVVNDA.CL,45465.4042
2019-08-09,PFDAVIGRP,PFDAVIGRP.CL+PFDAVVNDA.CL,46022.5783
2019-08-16,PFDAVIGRP,PFDAVIGRP.CL+PFDAVVNDA.CL,46356.8827
2019-08-23,PFDAVIGRP,PFDAVIGRP.CL+PFDAVVNDA.CL,46802.622
2019-08-30,PFDAVIGRP,PFDAVIGRP.CL+PFDAVVNDA.CL,46312.3088
2019-09-06,PFDAVIGRP,PFDAVIGRP.CL+PFDAVVNDA.CL,46245.4479
2019-09-13,PFDAVIGRP,PFDAVIGRP.CL+PFDAVVNDA.CL,46891.7698
2019-09-20,PFDAVIGRP,PFDAVIGRP.CL+PFDAVVNDA.CL,45911.1435
2019-09-27,PFDAVIGRP,PFDAVIGRP.CL+PFDAVVNDA.CL,46802.622
2019-10-04,PFDAVIGRP,PFDAVIGRP.CL+PFDAVVNDA.CL,46446.0306
2019-10-11,PFDAVIGRP,PFDAVIGRP.CL+PFDAVVNDA.CL,47226.0743
2019-10-18,PFDAVIGRP,PFDAVIGRP.CL+PFDAVVNDA.CL,46579.7524
2019-10-25,PFDAVIGRP,PFDAVIGRP.CL+PFDAVVNDA.CL,47916.9701
2019-11-01,PFDAVIGRP,PFDAVIGRP.CL+PFDAVVNDA.CL,48139.8398
2019-11-08,PFDAVIGRP,PFDAVIGRP.CL+PFDAVVNDA.CL,49789.075
2019-11-15,PFDAVIGRP,PFDAVIGRP.CL+PFDAVVNDA.CL,49789.075
2019-11-22,PFDAVIGRP,PFDAVIGRP.CL+PFDAVVNDA.CL,48429.5703
2019-11-29,PFDAVIGRP,PFDAVIGRP.CL+PFDAVVNDA.CL,48228.9876
2019-12-06,PFDAVIGRP,PFDAVIGRP.CL+PFDAVVNDA.CL,47359.7961
2019-12-13,PFDAVIGRP,PFDAVIGRP.CL+PFDAVVNDA.CL,48072.9789
2019-12-20,PFDAVIGRP,PFDAVIGRP.CL+PFDAVVNDA.CL,48986.7444
2019-12-27,PFDAVIGRP,PFDAVIGRP.CL+PFDAVVNDA.CL,50702.8405
2020-01-03,PFDAVIGRP,PFDAVIGRP.CL+PFDAVVNDA.CL,50479.9709
2020-01-10,PFDAVIGRP,PFDAVIGRP.CL+PFDAVVNDA.CL,49365.6227
2020-01-17,PFDAVIGRP,PFDAVIGRP.CL+PFDAVVNDA.CL,49900.5098
2020-01-24,PFDAVIGRP,PFDAVIGRP.CL+PFDAVVNDA.CL,50769.7014
2020-01-31,PFDAVIGRP,PFDAVIGRP.CL+PFDAVVNDA.CL,51237.7276
2020-02-07,PFDAVIGRP,PFDAVIGRP.CL+PFDAVVNDA.CL,51995.4843
2020-02-14,PFDAVIGRP,PFDAVIGRP.CL+PFDAVVNDA.CL,51282.3015
2020-02-21,PFDAVIGRP,PFDAVIGRP.CL+PFDAVVNDA.CL,50145.6664
2020-02-28,PFDAVIGRP,PFDAVIGRP.CL+PFDAVVNDA.CL,46802.622
2020-03-06,PFDAVIGRP,PFDAVIGRP.CL+PFDAVVNDA.CL,43125.2731
2020-03-13,PFDAVIGRP,PFDAVIGRP.CL+PFDAVVNDA.CL,34522.5055
2020-03-20,PFDAVIGRP,PFDAVIGRP.CL+PFDAVVNDA.CL,27234.6686
2020-03-27,PFDAVIGRP,PFDAVIGRP.CL+PFDAVVNDA.CL,33987.6184
2020-04-03,PFDAVIGRP,PFDAVIGRP.CL+PFDAVVNDA.CL,30087.3999
2020-04-10,PFDAVIGRP,PFDAVIGRP.CL+PFDAVVNDA.CL,31647.4873
2020-04-17,PFDAVIGRP,PFDAVIGRP.CL+PFDAVVNDA.CL,33029.279
2020-04-24,PFDAVIGRP,PFDAVIGRP.CL+PFDAVVNDA.CL,32784.1224
2020-05-01,PFDAVIGRP,PFDAVIGRP.CL+PFDAVVNDA.CL,32004.0787
2020-05-08,PFDAVIGRP,PFDAVIGRP.CL+PFDAVVNDA.CL,30332.5564
2020-05-15,PFDAVIGRP,PFDAVIGRP.CL+PFDAVVNDA.CL,27747.2688
2020-05-22,PFDAVIGRP,PFDAVIGRP.CL+PFDAVVNDA.CL,27836.4166
2020-05-29,PFDAVIGRP,PFDAVIGRP.CL+PFDAVVNDA.CL,27301.5295
2020-06-05,PFDAVIGRP,PFDAVIGRP.CL+PFDAVVNDA.CL,33541.8791
2020-06-12,PFDAVIGRP,PFDAVIGRP.CL+PFDAVVNDA.CL,33096.1398
2020-06-19,PFDAVIGRP,PFDAVIGRP.CL+PFDAVVNDA.CL,33430.4443
2020-06-26,PFDAVIGRP,PFDAVIGRP.CL+PFDAVVNDA.CL,32004.0787
2020-07-03,PFDAVIGRP,PFDAVIGRP.CL+PFDAVVNDA.CL,31268.6089
2020-07-10,PFDAVIGRP,PFDAVIGRP.CL+PFDAVVNDA.CL,32427.531
2020-07-17,PFDAVIGRP,PFDAVIGRP.CL+PFDAVVNDA.CL,30934.3044
2020-07-24,PFDAVIGRP,PFDAVIGRP.CL+PFDAVVNDA.CL,31201.748
2020-07-31,PFDAVIGRP,PFDAVIGRP.CL+PFDAVVNDA.CL,30756.0087
2020-08-07,PFDAVIGRP,PFDAVIGRP.CL+PFDAVVNDA.CL,29998.252
2020-08-14,PFDAVIGRP,PFDAVIGRP.CL+PFDAVVNDA.CL,30221.1216
2020-08-21,PFDAVIGRP,PFDAVIGRP.CL+PFDAVVNDA.CL,30912.0175
2020-08-28,PFDAVIGRP,PFDAVIGRP.CL+PFDAVVNDA.CL,31981.7917
2020-09-04,PFDAVIGRP,PFDAVIGRP.CL+PFDAVVNDA.CL,33051.5659
2020-09-11,PFDAVIGRP,PFDAVIGRP.CL+PFDAVVNDA.CL,31981.7917
2020-09-18,PFDAVIGRP,PFDAVIGRP.CL+PFDAVVNDA.CL,31625.2003
2020-09-25,PFDAVIGRP,PFDAVIGRP.CL+PFDAVVNDA.CL,30421.7043
2020-10-02,PFDAVIGRP,PFDAVIGRP.CL+PFDAVVNDA.CL,30265.6956
2020-10-09,PFDAVIGRP,PFDAVIGRP.CL+PFDAVVNDA.CL,30087.3999
2020-10-16,PFDAVIGRP,PFDAVIGRP.CL+PFDAVVNDA.CL,28895.0473
2020-10-23,PFDAVIGRP,PFDAVIGRP.CL+PFDAVVNDA.CL,30310.2695
2020-10-30,PFDAVIGRP,PFDAVIGRP.CL+PFDAVVNDA.CL,28003.5688
2020-11-06,PFDAVIGRP,PFDAVIGRP.CL+PFDAVVNDA.CL,29363.0736
2020-11-13,PFDAVIGRP,PFDAVIGRP.CL+PFDAVVNDA.CL,30421.7043
2020-11-20,PFDAVIGRP,PFDAVIGRP.CL+PFDAVVNDA.CL,30756.0087
2020-11-27,PFDAVIGRP,PFDAVIGRP.CL+PFDAVVNDA.CL,31212.8915
2020-12-04,PFDAVIGRP,PFDAVIGRP.CL+PFDAVVNDA.CL,32438.6744
2020-12-11,PFDAVIGRP,PFDAVIGRP.CL+PFDAVVNDA.CL,37352.9497
2020-12-18,PFDAVIGRP,PFDAVIGRP.CL+PFDAVVNDA.CL,40450.8376
2020-12-25,PFDAVIGRP,PFDAVIGRP.CL+PFDAVVNDA.CL,39849.0896
2021-01-01,PFDAVIGRP,PFDAVIGRP.CL+PFDAVVNDA.CL,40562.2724
2021-01-08,PFDAVIGRP,PFDAVIGRP.CL+PFDAVVNDA.CL,39202.7677
2021-01-15,PFDAVIGRP,PFDAVIGRP.CL+PFDAVVNDA.CL,39002.185
2021-01-22,PFDAVIGRP,PFDAVIGRP.CL+PFDAVVNDA.CL,35993.445
2021-01-29,PFDAVIGRP,PFDAVIGRP.CL+PFDAVVNDA.CL,37553.5324
2021-02-05,PFDAVIGRP,PFDAVIGRP.CL+PFDAVVNDA.CL,35993.445
2021-02-12,PFDAVIGRP,PFDAVIGRP.CL+PFDAVVNDA.CL,36806.9192
2021-02-19,PFDAVIGRP,PFDAVIGRP.CL+PFDAVVNDA.CL,35993.445
2021-02-26,PFDAVIGRP,PFDAVIGRP.CL+PFDAVVNDA.CL,35090.823
2021-03-05,PFDAVIGRP,PFDAVIGRP.CL+PFDAVVNDA.CL,36283.1755
2021-03-12,PFDAVIGRP,PFDAVIGRP.CL+PFDAVVNDA.CL,34767.6621
2021-03-19,PFDAVIGRP,PFDAVIGRP.CL+PFDAVVNDA.CL,32984.705
2021-03-26,PFDAVIGRP,PFDAVIGRP.CL+PFDAVVNDA.CL,33920.7575
2021-04-02,PFDAVIGRP,PFDAVIGRP.CL+PFDAVVNDA.CL,33263.2921
2021-04-09,PFDAVIGRP,PFDAVIGRP.CL+PFDAVVNDA.CL,34266.2054
2021-04-16,PFDAVIGRP,PFDAVIGRP.CL+PFDAVVNDA.CL,34767.6621
2021-04-23,PFDAVIGRP,PFDAVIGRP.CL+PFDAVVNDA.CL,33475.0182
2021-04-30,PFDAVIGRP,PFDAVIGRP.CL+PFDAVVNDA.CL,32661.5441
2021-05-07,PFDAVIGRP,PFDAVIGRP.CL+PFDAVVNDA.CL,34299.6358
2021-05-14,PFDAVIGRP,PFDAVIGRP.CL+PFDAVVNDA.CL,34767.6621
2021-05-21,PFDAVIGRP,PFDAVIGRP.CL+PFDAVVNDA.CL,33530.7356
2021-05-28,PFDAVIGRP,PFDAVIGRP.CL+PFDAVVNDA.CL,32204.6613
2021-06-04,PFDAVIGRP,PFDAVIGRP.CL+PFDAVVNDA.CL,33865.0401
2021-06-11,PFDAVIGRP,PFDAVIGRP.CL+PFDAVVNDA.CL,34321.9228
2021-06-18,PFDAVIGRP,PFDAVIGRP.CL+PFDAVVNDA.CL,32204.6613
2021-06-25,PFDAVIGRP,PFDAVIGRP.CL+PFDAVVNDA.CL,32839.8398
2021-07-02,PFDAVIGRP,PFDAVIGRP.CL+PFDAVVNDA.CL,32004.0787
2021-07-09,PFDAVIGRP,PFDAVIGRP.CL+PFDAVVNDA.CL,32928.9876
2021-07-16,PFDAVIGRP,PFDAVIGRP.CL+PFDAVVNDA.CL,32917.8441
2021-07-23,PFDAVIGRP,PFDAVIGRP.CL+PFDAVVNDA.CL,32349.5266
2021-07-30,PFDAVIGRP,PFDAVIGRP.CL+PFDAVVNDA.CL,31981.7917
2021-08-06,PFDAVIGRP,PFDAVIGRP.CL+PFDAVVNDA.CL,31669.7742
2021-08-13,PFDAVIGRP,PFDAVIGRP.CL+PFDAVVNDA.CL,34544.7924
2021-08-20,PFDAVIGRP,PFDAVIGRP.CL+PFDAVVNDA.CL,36194.0277
2021-08-27,PFDAVIGRP,PFDAVIGRP.CL+PFDAVVNDA.CL,36260.8886
2021-09-03,PFDAVIGRP,PFDAVIGRP.CL+PFDAVVNDA.CL,36316.606
2021-09-10,PFDAVIGRP,PFDAVIGRP.CL+PFDAVVNDA.CL,36026.8755
2021-09-17,PFDAVIGRP,PFDAVIGRP.CL+PFDAVVNDA.CL,35235.6883
2021-09-24,PFDAVIGRP,PFDAVIGRP.CL+PFDAVVNDA.CL,35280.2622
2021-10-01,PFDAVIGRP,PFDAVIGRP.CL+PFDAVVNDA.CL,37219.228
2021-10-08,PFDAVIGRP,PFDAVIGRP.CL+PFDAVVNDA.CL,37419.8106
2021-10-15,PFDAVIGRP,PFDAVIGRP.CL+PFDAVVNDA.CL,38445.0109
2021-10-22,PFDAVIGRP,PFDAVIGRP.CL+PFDAVVNDA.CL,37754.1151
2021-10-29,PFDAVIGRP,PFDAVIGRP.CL+PFDAVVNDA.CL,37787.5455
2021-11-05,PFDAVIGRP,PFDAVIGRP.CL+PFDAVVNDA.CL,37442.0976
2021-11-12,PFDAVIGRP,PFDAVIGRP.CL+PFDAVVNDA.CL,35714.858
2021-11-19,PFDAVIGRP,PFDAVIGRP.CL+PFDAVVNDA.CL,33096.1398
2021-11-26,PFDAVIGRP,PFDAVIGRP.CL+PFDAVVNDA.CL,33764.7487
2021-12-03,PFDAVIGRP,PFDAVIGRP.CL+PFDAVVNDA.CL,36773.4887
2021-12-10,PFDAVIGRP,PFDAVIGRP.CL+PFDAVVNDA.CL,35447.4144
2021-12-17,PFDAVIGRP,PFDAVIGRP.CL+PFDAVVNDA.CL,34656.2272
2021-12-24,PFDAVIGRP,PFDAVIGRP.CL+PFDAVVNDA.CL,36182.8842
2021-12-31,PFDAVIGRP,PFDAVIGRP.CL+PFDAVVNDA.CL,35436.2709
2022-01-07,PFDAVIGRP,PFDAVIGRP.CL+PFDAVVNDA.CL,34611.6533
2022-01-14,PFDAVIGRP,PFDAVIGRP.CL+PFDAVVNDA.CL,35547.7058
2022-01-21,PFDAVIGRP,PFDAVIGRP.CL+PFDAVVNDA.CL,36127.1668
2022-01-28,PFDAVIGRP,PFDAVIGRP.CL+PFDAVVNDA.CL,36428.0408
2022-02-04,PFDAVIGRP,PFDAVIGRP.CL+PFDAVVNDA.CL,35380.5535
2022-02-11,PFDAVIGRP,PFDAVIGRP.CL+PFDAVVNDA.CL,35358.2666
2022-02-18,PFDAVIGRP,PFDAVIGRP.CL+PFDAVVNDA.CL,35090.823
2022-02-25,PFDAVIGRP,PFDAVIGRP.CL+PFDAVVNDA.CL,35547.7058
2022-03-04,PFDAVIGRP,PFDAVIGRP.CL+PFDAVVNDA.CL,35659.1406
2022-03-11,PFDAVIGRP,PFDAVIGRP.CL+PFDAVVNDA.CL,34856.8099
2022-03-18,PFDAVIGRP,PFDAVIGRP.CL+PFDAVVNDA.CL,36550.6191
2022-03-25,PFDAVIGRP,PFDAVIGRP.CL+PFDAVVNDA.CL,36762.3452
2022-04-01,PFDAVIGRP,PFDAVIGRP.CL+PFDAVVNDA.CL,37196.941
2022-04-08,PFDAVIGRP,PFDAVIGRP.CL+PFDAVVNDA.CL,38779.3154
2022-04-15,PFDAVIGRP,PFDAVIGRP.CL+PFDAVVNDA.CL,38422.724
2022-04-22,PFDAVIGRP,PFDAVIGRP.CL+PFDAVVNDA.CL,37107.7932
2022-04-29,PFDAVIGRP,PFDAVIGRP.CL+PFDAVVNDA.CL,37531.2454
2022-05-06,PFDAVIGRP,PFDAVIGRP.CL+PFDAVVNDA.CL,34901.3838
2022-05-13,PFDAVIGRP,PFDAVIGRP.CL+PFDAVVNDA.CL,35101.9665
2022-05-20,PFDAVIGRP,PFDAVIGRP.CL+PFDAVVNDA.CL,36662.0539
2022-05-27,PFDAVIGRP,PFDAVIGRP.CL+PFDAVVNDA.CL,37887.8369
2022-06-03,PFDAVIGRP,PFDAVIGRP.CL+PFDAVVNDA.CL,41230.8813
2022-06-10,PFDAVIGRP,PFDAVIGRP.CL+PFDAVVNDA.CL,38667.8806
2022-06-17,PFDAVIGRP,PFDAVIGRP.CL+PFDAVVNDA.CL,39559.3591
2022-06-24,PFDAVIGRP,PFDAVIGRP.CL+PFDAVVNDA.CL,38422.724
2022-07-01,PFDAVIGRP,PFDAVIGRP.CL+PFDAVVNDA.CL,37887.8369
2022-07-08,PFDAVIGRP,PFDAVIGRP.CL+PFDAVVNDA.CL,35625.7101
2022-07-15,PFDAVIGRP,PFDAVIGRP.CL+PFDAVVNDA.CL,32316.0961
2022-07-22,PFDAVIGRP,PFDAVIGRP.CL+PFDAVVNDA.CL,31335.4698
2022-07-29,PFDAVIGRP,PFDAVIGRP.CL+PFDAVVNDA.CL,34121.3401
2022-08-05,PFDAVIGRP,PFDAVIGRP.CL+PFDAVVNDA.CL,33865.0401
2022-08-12,PFDAVIGRP,PFDAVIGRP.CL+PFDAVVNDA.CL,34879.0969
2022-08-19,PFDAVIGRP,PFDAVIGRP.CL+PFDAVVNDA.CL,34767.6621
2022-08-26,PFDAVIGRP,PFDAVIGRP.CL+PFDAVVNDA.CL,34767.6621
2022-09-02,PFDAVIGRP,PFDAVIGRP.CL+PFDAVVNDA.CL,34544.7924
2022-09-09,PFDAVIGRP,PFDAVIGRP.CL+PFDAVVNDA.CL,34366.4967
2022-09-16,PFDAVIGRP,PFDAVIGRP.CL+PFDAVVNDA.CL,31825.783
2022-09-23,PFDAVIGRP,PFDAVIGRP.CL+PFDAVVNDA.CL,33430.4443
2022-09-30,PFDAVIGRP,PFDAVIGRP.CL+PFDAVVNDA.CL,33419.3008
2022-10-07,PFDAVIGRP,PFDAVIGRP.CL+PFDAVVNDA.CL,35369.4101
2022-10-14,PFDAVIGRP,PFDAVIGRP.CL+PFDAVVNDA.CL,34544.7924
2022-10-21,PFDAVIGRP,PFDAVIGRP.CL+PFDAVVNDA.CL,31469.1916
2022-10-28,PFDAVIGRP,PFDAVIGRP.CL+PFDAVVNDA.CL,29106.7735
2022-11-04,PFDAVIGRP,PFDAVIGRP.CL+PFDAVVNDA.CL,29753.0954
2022-11-11,PFDAVIGRP,PFDAVIGRP.CL+PFDAVVNDA.CL,30644.5739
2022-11-18,PFDAVIGRP,PFDAVIGRP.CL+PFDAVVNDA.CL,29987.1085
2022-11-25,PFDAVIGRP,PFDAVIGRP.CL+PFDAVVNDA.CL,30087.3999
2022-12-02,PFDAVIGRP,PFDAVIGRP.CL+PFDAVVNDA.CL,28978.0774
2022-12-09,PFDAVIGRP,PFDAVIGRP.CL+PFDAVVNDA.CL,29975.965
2022-12-16,PFDAVIGRP,PFDAVIGRP.CL+PFDAVVNDA.CL,30644.5739
2022-12-23,PFDAVIGRP,PFDAVIGRP.CL+PFDAVVNDA.CL,30778.2957
2022-12-30,PFDAVIGRP,PFDAVIGRP.CL+PFDAVVNDA.CL,30711.4348
2023-01-06,PFDAVIGRP,PFDAVIGRP.CL+PFDAVVNDA.CL,31981.7917
2023-01-13,PFDAVIGRP,PFDAVIGRP.CL+PFDAVVNDA.CL,31591.7698
2023-01-20,PFDAVIGRP,PFDAVIGRP.CL+PFDAVVNDA.CL,30421.7043
2023-01-27,PFDAVIGRP,PFDAVIGRP.CL+PFDAVVNDA.CL,28181.8645
2023-02-03,PFDAVIGRP,PFDAVIGRP.CL+PFDAVVNDA.CL,28527.3125
2023-02-10,PFDAVIGRP,PFDAVIGRP.CL+PFDAVVNDA.CL,28193.008
2023-02-17,PFDAVIGRP,PFDAVIGRP.CL+PFDAVVNDA.CL,27847.5601
2023-02-24,PFDAVIGRP,PFDAVIGRP.CL+PFDAVVNDA.CL,27858.7036
2023-03-03,PFDAVIGRP,PFDAVIGRP.CL+PFDAVVNDA.CL,27535.5426
2023-03-10,PFDAVIGRP,PFDAVIGRP.CL+PFDAVVNDA.CL,25518.5725
2023-03-17,PFDAVIGRP,PFDAVIGRP.CL+PFDAVVNDA.CL,25630.0073
2023-03-24,PFDAVIGRP,PFDAVIGRP.CL+PFDAVVNDA.CL,24515.6591
2023-03-31,PFDAVIGRP,PFDAVIGRP.CL+PFDAVVNDA.CL,26855.7902
2023-04-07,PFDAVIGRP,PFDAVIGRP.CL+PFDAVVNDA.CL,25864.0204
2023-04-14,PFDAVIGRP,PFDAVIGRP.CL+PFDAVVNDA.CL,24738.5288
2023-04-21,PFDAVIGRP,PFDAVIGRP.CL+PFDAVVNDA.CL,24025.346
2023-04-28,PFDAVIGRP,PFDAVIGRP.CL+PFDAVVNDA.CL,23512.7458
2023-05-05,PFDAVIGRP,PFDAVIGRP.CL+PFDAVVNDA.CL,21963.8019
2023-05-12,PFDAVIGRP,PFDAVIGRP.CL+PFDAVVNDA.CL,21718.6453
2023-05-19,PFDAVIGRP,PFDAVIGRP.CL+PFDAVVNDA.CL,21172.6147
2023-05-26,PFDAVIGRP,PFDAVIGRP.CL+PFDAVVNDA.CL,20427.1715
2023-06-02,PFDAVIGRP,PFDAVIGRP.CL+PFDAVVNDA.CL,21473.4887
2023-06-09,PFDAVIGRP,PFDAVIGRP.CL+PFDAVVNDA.CL,22777.276
2023-06-16,PFDAVIGRP,PFDAVIGRP.CL+PFDAVVNDA.CL,22743.8456
2023-06-23,PFDAVIGRP,PFDAVIGRP.CL+PFDAVVNDA.CL,22286.9629
2023-06-30,PFDAVIGRP,PFDAVIGRP.CL+PFDAVVNDA.CL,21852.3671
2023-07-07,PFDAVIGRP,PFDAVIGRP.CL+PFDAVVNDA.CL,21161.4712
2023-07-14,PFDAVIGRP,PFDAVIGRP.CL+PFDAVVNDA.CL,22108.6672
2023-07-21,PFDAVIGRP,PFDAVIGRP.CL+PFDAVVNDA.CL,22732.7021
2023-07-28,PFDAVIGRP,PFDAVIGRP.CL+PFDAVVNDA.CL,22064.0932
2023-08-04,PFDAVIGRP,PFDAVIGRP.CL+PFDAVVNDA.CL,22175.528
2023-08-11,PFDAVIGRP,PFDAVIGRP.CL+PFDAVVNDA.CL,21618.354
2023-08-18,PFDAVIGRP,PFDAVIGRP.CL+PFDAVVNDA.CL,20615.4406
2023-08-25,PFDAVIGRP,PFDAVIGRP.CL+PFDAVVNDA.CL,20169.7014
2023-09-01,PFDAVIGRP,PFDAVIGRP.CL+PFDAVVNDA.CL,20314.5666
2023-09-08,PFDAVIGRP,PFDAVIGRP.CL+PFDAVVNDA.CL,18943.9184
2023-09-15,PFDAVIGRP,PFDAVIGRP.CL+PFDAVVNDA.CL,17617.8441
2023-09-22,PFDAVIGRP,PFDAVIGRP.CL+PFDAVVNDA.CL,18052.4399
2023-09-29,PFDAVIGRP,PFDAVIGRP.CL+PFDAVVNDA.CL,19501.0925
2023-10-06,PFDAVIGRP,PFDAVIGRP.CL+PFDAVVNDA.CL,17840.7138
2023-10-13,PFDAVIGRP,PFDAVIGRP.CL+PFDAVVNDA.CL,18386.7444
2023-10-20,PFDAVIGRP,PFDAVIGRP.CL+PFDAVVNDA.CL,18175.0182
2023-10-27,PFDAVIGRP,PFDAVIGRP.CL+PFDAVVNDA.CL,18163.8747
2023-11-03,PFDAVIGRP,PFDAVIGRP.CL+PFDAVVNDA.CL,17495.2658
2023-11-10,PFDAVIGRP,PFDAVIGRP.CL+PFDAVVNDA.CL,17673.5615
2023-11-17,PFDAVIGRP,PFDAVIGRP.CL+PFDAVVNDA.CL,17606.7007
2023-11-24,PFDAVIGRP,PFDAVIGRP.CL+PFDAVVNDA.CL,17383.831
2023-12-01,PFDAVIGRP,PFDAVIGRP.CL+PFDAVVNDA.CL,17339.2571
2023-12-08,PFDAVIGRP,PFDAVIGRP.CL+PFDAVVNDA.CL,17628.9876
2023-12-15,PFDAVIGRP,PFDAVIGRP.CL+PFDAVVNDA.CL,18698.7618
2023-12-22,PFDAVIGRP,PFDAVIGRP.CL+PFDAVVNDA.CL,19746.2491
2023-12-29,PFDAVIGRP,PFDAVIGRP.CL+PFDAVVNDA.CL,21373.1974
2024-01-05,PFDAVIGRP,PFDAVIGRP.CL+PFDAVVNDA.CL,22264.6759
2024-01-12,PFDAVIGRP,PFDAVIGRP.CL+PFDAVVNDA.CL,22554.4064
2024-01-19,PFDAVIGRP,PFDAVIGRP.CL+PFDAVVNDA.CL,22509.8325
2024-01-26,PFDAVIGRP,PFDAVIGRP.CL+PFDAVVNDA.CL,22621.2673
2024-02-02,PFDAVIGRP,PFDAVIGRP.CL+PFDAVVNDA.CL,21618.354
2024-02-09,PFDAVIGRP,PFDAVIGRP.CL+PFDAVVNDA.CL,21618.354
2024-02-16,PFDAVIGRP,PFDAVIGRP.CL+PFDAVVNDA.CL,21172.6147
2024-02-23,PFDAVIGRP,PFDAVIGRP.CL+PFDAVVNDA.CL,22286.9629
2024-03-01,PFDAVIGRP,PFDAVIGRP.CL+PFDAVVNDA.CL,22264.6759
2024-03-08,PFDAVIGRP,PFDAVIGRP.CL+PFDAVVNDA.CL,23557.3197
2024-03-15,PFDAVIGRP,PFDAVIGRP.CL+PFDAVVNDA.CL,21284.0495
2024-03-22,PFDAVIGRP,PFDAVIGRP.CL+PFDAVVNDA.CL,22621.2673
2024-03-29,PFDAVIGRP,PFDAVIGRP.CL+PFDAVVNDA.CL,22621.2673
2024-04-05,PFDAVIGRP,PFDAVIGRP.CL+PFDAVVNDA.CL,24738.5288
2024-04-12,PFDAVIGRP,PFDAVIGRP.CL+PFDAVVNDA.CL,25072.8332
2024-04-19,PFDAVIGRP,PFDAVIGRP.CL+PFDAVVNDA.CL,23178.4414
2024-04-26,PFDAVIGRP,PFDAVIGRP.CL+PFDAVVNDA.CL,24515.6591
2024-05-03,PFDAVIGRP,PFDAVIGRP.CL+PFDAVVNDA.CL,22064.0932
2024-05-10,PFDAVIGRP,PFDAVIGRP.CL+PFDAVVNDA.CL,24114.4938
2024-05-17,PFDAVIGRP,PFDAVIGRP.CL+PFDAVVNDA.CL,24916.8245
2024-05-24,PFDAVIGRP,PFDAVIGRP.CL+PFDAVVNDA.CL,24315.0765
2024-05-31,PFDAVIGRP,PFDAVIGRP.CL+PFDAVVNDA.CL,23401.311
2024-06-07,PFDAVIGRP,PFDAVIGRP.CL+PFDAVVNDA.CL,23401.311
2024-06-14,PFDAVIGRP,PFDAVIGRP.CL+PFDAVVNDA.CL,22175.528
2024-06-21,PFDAVIGRP,PFDAVIGRP.CL+PFDAVVNDA.CL,22019.5193
2024-06-28,PFDAVIGRP,PFDAVIGRP.CL+PFDAVVNDA.CL,22286.9629
2024-07-05,PFDAVIGRP,PFDAVIGRP.CL+PFDAVVNDA.CL,22598.9803
2024-07-12,PFDAVIGRP,PFDAVIGRP.CL+PFDAVVNDA.CL,22175.528
2024-07-19,PFDAVIGRP,PFDAVIGRP.CL+PFDAVVNDA.CL,20949.7451
2024-07-26,PFDAVIGRP,PFDAVIGRP.CL+PFDAVVNDA.CL,20726.8755
2024-08-02,PFDAVIGRP,PFDAVIGRP.CL+PFDAVVNDA.CL,20392.571
2024-08-09,PFDAVIGRP,PFDAVIGRP.CL+PFDAVVNDA.CL,19768.5361
2024-08-16,PFDAVIGRP,PFDAVIGRP.CL+PFDAVVNDA.CL,20615.4406
2024-08-23,PFDAVIGRP,PFDAVIGRP.CL+PFDAVVNDA.CL,20392.571
2024-08-30,PFDAVIGRP,PFDAVIGRP.CL+PFDAVVNDA.CL,19389.6577
2024-09-06,PFDAVIGRP,PFDAVIGRP.CL+PFDAVVNDA.CL,19835.3969
2024-09-13,PFDAVIGRP,PFDAVIGRP.CL+PFDAVVNDA.CL,20437.1449
2024-09-20,PFDAVIGRP,PFDAVIGRP.CL+PFDAVVNDA.CL,20504.0058
2024-09-27,PFDAVIGRP,PFDAVIGRP.CL+PFDAVVNDA.CL,20793.7363
2024-10-04,PFDAVIGRP,PFDAVIGRP.CL+PFDAVVNDA.CL,21038.8929
2024-10-11,PFDAVIGRP,PFDAVIGRP.CL+PFDAVVNDA.CL,21172.6147
2024-10-18,PFDAVIGRP,PFDAVIGRP.CL+PFDAVVNDA.CL,22286.9629
2024-10-25,PFDAVIGRP,PFDAVIGRP.CL+PFDAVVNDA.CL,20793.7363
2024-11-01,PFDAVIGRP,PFDAVIGRP.CL+PFDAVVNDA.CL,21061.1799
2024-11-08,PFDAVIGRP,PFDAVIGRP.CL+PFDAVVNDA.CL,20504.0058
2024-11-15,PFDAVIGRP,PFDAVIGRP.CL+PFDAVVNDA.CL,20169.7014
2024-11-22,PFDAVIGRP,PFDAVIGRP.CL+PFDAVVNDA.CL,21150.3277
2024-11-29,PFDAVIGRP,PFDAVIGRP.CL+PFDAVVNDA.CL,21038.8929
2024-12-06,PFDAVIGRP,PFDAVIGRP.CL+PFDAVVNDA.CL,20035.9796
2024-12-13,PFDAVIGRP,PFDAVIGRP.CL+PFDAVVNDA.CL,19723.9621
2024-12-20,PFDAVIGRP,PFDAVIGRP.CL+PFDAVVNDA.CL,19857.6839
2024-12-27,PFDAVIGRP,PFDAVIGRP.CL+PFDAVVNDA.CL,19634.8143
2025-01-03,PFDAVIGRP,PFDAVIGRP.CL+PFDAVVNDA.CL,20169.7014
2025-01-10,PFDAVIGRP,PFDAVIGRP.CL+PFDAVVNDA.CL,21172.6147
2025-01-17,PFDAVIGRP,PFDAVIGRP.CL+PFDAVVNDA.CL,20793.7363
2025-01-24,PFDAVIGRP,PFDAVIGRP.CL+PFDAVVNDA.CL,20838.3103
2025-01-31,PFDAVIGRP,PFDAVIGRP.CL+PFDAVVNDA.CL,21685.2149
2025-02-07,PFDAVIGRP,PFDAVIGRP.CL+PFDAVVNDA.CL,21284.0495
2025-02-14,PFDAVIGRP,PFDAVIGRP.CL+PFDAVVNDA.CL,20994.319
2025-02-21,PFDAVIGRP,PFDAVIGRP.CL+PFDAVVNDA.CL,23624.1806
2025-02-28,PFDAVIGRP,PFDAVIGRP.CL+PFDAVVNDA.CL,22509.8325
2025-03-07,PFDAVIGRP,PFDAVIGRP.CL+PFDAVVNDA.CL,22933.2848
2025-03-14,PFDAVIGRP,PFDAVIGRP.CL+PFDAVVNDA.CL,22955.5717
2025-03-21,PFDAVIGRP,PFDAVIGRP.CL+PFDAVVNDA.CL,22643.5543
2025-03-28,PFDAVIGRP,PFDAVIGRP.CL+PFDAVVNDA.CL,22509.8325
2025-04-04,PFDAVIGRP,PFDAVIGRP.CL+PFDAVVNDA.CL,23601.8937
2025-04-11,PFDAVIGRP,PFDAVIGRP.CL+PFDAVVNDA.CL,22643.5543
2025-04-18,PFDAVIGRP,PFDAVIGRP.CL+PFDAVVNDA.CL,23111.5805
2025-04-25,PFDAVIGRP,PFDAVIGRP.CL+PFDAVVNDA.CL,23847.0503
2025-05-02,PFDAVIGRP,PFDAVIGRP.CL+PFDAVVNDA.CL,24404.2243
2025-05-09,PFDAVIGRP,PFDAVIGRP.CL+PFDAVVNDA.CL,25875.1639
2025-05-16,PFDAVIGRP,PFDAVIGRP.CL+PFDAVVNDA.CL,26387.764
2025-05-23,PFDAVIGRP,PFDAVIGRP.CL+PFDAVVNDA.CL,26075.7465
2025-05-30,PFDAVIGRP,PFDAVIGRP.CL+PFDAVVNDA.CL,25317.9898
2025-06-06,PFDAVIGRP,PFDAVIGRP.CL+PFDAVVNDA.CL,25942.0248
2025-06-13,PFDAVIGRP,PFDAVIGRP.CL+PFDAVVNDA.CL,25072.8332
2025-06-20,PFDAVIGRP,PFDAVIGRP.CL+PFDAVVNDA.CL,24515.6591
2025-06-27,PFDAVIGRP,PFDAVIGRP.CL+PFDAVVNDA.CL,25607.7203
2025-07-04,PFDAVIGRP,PFDAVIGRP.CL+PFDAVVNDA.CL,25161.9811
2025-07-11,PFDAVIGRP,PFDAVIGRP.CL+PFDAVVNDA.CL,24671.6679
2025-07-18,PFDAVIGRP,PFDAVIGRP.CL+PFDAVVNDA.CL,24872.2505
2025-07-25,PFDAVIGRP,PFDAVIGRP.CL+PFDAVVNDA.CL,23869.3372
2025-08-01,PFDAVIGRP,PFDAVIGRP.CL+PFDAVVNDA.CL,24716.2418
2025-08-08,PFDAVIGRP,PFDAVIGRP.CL+PFDAVVNDA.CL,26365.4771
2025-08-15,PFDAVIGRP,PFDAVIGRP.CL+PFDAVVNDA.CL,27858.7036
2025-08-22,PFDAVIGRP,PFDAVIGRP.CL+PFDAVVNDA.CL,27078.6599
2025-08-29,PFDAVIGRP,PFDAVIGRP.CL+PFDAVVNDA.CL,26967.2251
2025-09-05,PFDAVIGRP,PFDAVIGRP.CL+PFDAVVNDA.CL,27011.799
2025-09-12,PFDAVIGRP,PFDAVIGRP.CL+PFDAVVNDA.CL,27078.6599
2025-09-19,PFDAVIGRP,PFDAVIGRP.CL+PFDAVVNDA.CL,26187.1814
2025-09-26,PFDAVIGRP,PFDAVIGRP.CL+PFDAVVNDA.CL,27368.3904
2025-10-03,PFDAVIGRP,PFDAVIGRP.CL+PFDAVVNDA.CL,27212.3816
2025-10-10,PFDAVIGRP,PFDAVIGRP.CL+PFDAVVNDA.CL,28081.5732
2025-10-17,PFDAVIGRP,PFDAVIGRP.CL+PFDAVVNDA.CL,30421.7043
2025-10-24,PFDAVIGRP,PFDAVIGRP.CL+PFDAVVNDA.CL,32427.531
2025-10-31,PFDAVIGRP,PFDAVIGRP.CL+PFDAVVNDA.CL,31001.1653
2025-11-07,PFDAVIGRP,PFDAVIGRP.CL+PFDAVVNDA.CL,31469.1916
2025-11-14,PFDAVIGRP,PFDAVIGRP.CL+PFDAVVNDA.CL,33943.0444
2025-11-21,PFDAVIGRP,PFDAVIGRP.CL+PFDAVVNDA.CL,31134.8871
2025-11-28,PFDAVIGRP,PFDAVIGRP.CL+PFDAVVNDA.CL,29530.2258
2025-12-05,PFDAVIGRP,PFDAVIGRP.CL+PFDAVVNDA.CL,29775.3824
2025-12-12,PFDAVIGRP,PFDAVIGRP.CL+PFDAVVNDA.CL,29351.9301
2025-12-19,PFDAVIGRP,PFDAVIGRP.CL+PFDAVVNDA.CL,27992.4253
2025-12-26,PFDAVIGRP,PFDAVIGRP.CL+PFDAVVNDA.CL,28616.4603
2026-01-02,PFDAVIGRP,PFDAVIGRP.CL+PFDAVVNDA.CL,27658.1209
2026-01-09,PFDAVIGRP,PFDAVIGRP.CL+PFDAVVNDA.CL,29106.7735
2026-01-16,PFDAVIGRP,PFDAVIGRP.CL+PFDAVVNDA.CL,29307.3562
2026-01-23,PFDAVIGRP,PFDAVIGRP.CL+PFDAVVNDA.CL,30399.4173
2026-01-30,PFDAVIGRP,PFDAVIGRP.CL+PFDAVVNDA.CL,31313.1828
2026-02-06,PFDAVIGRP,PFDAVIGRP.CL+PFDAVVNDA.CL,30778.2957
2026-02-13,PFDAVIGRP,PFDAVIGRP.CL+PFDAVVNDA.CL,30600.0
2026-02-20,PFDAVIGRP,PFDAVIGRP.CL+PFDAVVNDA.CL,31180.0
2026-02-27,PFDAVIGRP,PFDAVIGRP.CL+PFDAVVNDA.CL,29980.0
2026-03-06,PFDAVIGRP,PFDAVIGRP.CL+PFDAVVNDA.CL,26000.0
2026-03-13,PFDAVIGRP,PFDAVIGRP.CL+PFDAVVNDA.CL,26100.0
2026-03-20,PFDAVIGRP,PFDAVIGRP.CL+PFDAVVNDA.CL,25000.0
2026-03-27,PFDAVIGRP,PFDAVIGRP.CL+PFDAVVNDA.CL,25420.0
2026-04-03,PFDAVIGRP,PFDAVIGRP.CL+PFDAVVNDA.CL,25960.0
2026-04-10,PFDAVIGRP,PFDAVIGRP.CL+PFDAVVNDA.CL,26900.0
2026-04-17,PFDAVIGRP,PFDAVIGRP.CL+PFDAVVNDA.CL,28180.0
2026-04-24,PFDAVIGRP,PFDAVIGRP.CL+PFDAVVNDA.CL,27020.0
2026-05-01,PFDAVIGRP,PFDAVIGRP.CL+PFDAVVNDA.CL,26080.0
2026-05-08,PFDAVIGRP,PFDAVIGRP.CL+PFDAVVNDA.CL,24600.0
2026-05-15,PFDAVIGRP,PFDAVIGRP.CL+PFDAVVNDA.CL,22680.0
2026-05-22,PFDAVIGRP,PFDAVIGRP.CL+PFDAVVNDA.CL,22220.0
2026-05-29,PFDAVIGRP,PFDAVIGRP.CL+PFDAVVNDA.CL,24440.0
2026-06-05,PFDAVIGRP,PFDAVIGRP.CL+PFDAVVNDA.CL,25700.0
2026-06-12,PFDAVIGRP,PFDAVIGRP.CL+PFDAVVNDA.CL,27000.0
2026-06-19,PFDAVIGRP,PFDAVIGRP.CL+PFDAVVNDA.CL,29800.0
2026-06-26,PFDAVIGRP,PFDAVIGRP.CL+PFDAVVNDA.CL,31000.0
2026-07-03,PFDAVIGRP,PFDAVIGRP.CL+PFDAVVNDA.CL,30220.0
2026-07-10,PFDAVIGRP,PFDAVIGRP.CL+PFDAVVNDA.CL,31900.0
2026-07-17,PFDAVIGRP,PFDAVIGRP.CL+PFDAVVNDA.CL,31200.0
2026-07-24,PFDAVIGRP,PFDAVIGRP.CL+PFDAVVNDA.CL,31300.0
2026-07-31,PFDAVIGRP,PFDAVIGRP.CL+PFDAVVNDA.CL,32100.0
2026-08-07,PFDAVIGRP,PFDAVIGRP.CL+PFDAVVNDA.CL,32000.0
2026-08-14,PFDAVIGRP,PFDAVIGRP.CL+PFDAVVNDA.CL,32820.0
2026-08-21,PFDAVIGRP,PFDAVIGRP.CL+PFDAVVNDA.CL,32420.0
2026-08-28,PFDAVIGRP,PFDAVIGRP.CL+PFDAVVNDA.CL,36720.0
2026-09-04,PFDAVIGRP,PFDAVIGRP.CL+PFDAVVNDA.CL,38680.0
2026-09-11,PFDAVIGRP,PFDAVIGRP.CL+PFDAVVNDA.CL,37000.0
2026-09-18,PFDAVIGRP,PFDAVIGRP.CL+PFDAVVNDA.CL,41240.0
2026-09-25,PFDAVIGRP,PFDAVIGRP.CL+PFDAVVNDA.CL,39200.0
2026-09-30,PFDAVIGRP,PFDAVIGRP.CL+PFDAVVNDA.CL,39500.0
2012-06-08,PFGRUPOARG,PFGRUPOARG.CL,17440.0
2012-06-15,PFGRUPOARG,PFGRUPOARG.CL,15060.0
2012-06-22,PFGRUPOARG,PFGRUPOARG.CL,15500.0
2012-06-29,PFGRUPOARG,PFGRUPOARG.CL,16000.0
2012-07-06,PFGRUPOARG,PFGRUPOARG.CL,17000.0
2012-07-13,PFGRUPOARG,PFGRUPOARG.CL,17080.0
2012-07-20,PFGRUPOARG,PFGRUPOARG.CL,17080.0
2012-07-27,PFGRUPOARG,PFGRUPOARG.CL,17300.0
2012-08-03,PFGRUPOARG,PFGRUPOARG.CL,17400.0
2012-08-10,PFGRUPOARG,PFGRUPOARG.CL,17500.0
2012-08-17,PFGRUPOARG,PFGRUPOARG.CL,17420.0
2012-08-24,PFGRUPOARG,PFGRUPOARG.CL,17140.0
2012-08-31,PFGRUPOARG,PFGRUPOARG.CL,17600.0
2012-09-07,PFGRUPOARG,PFGRUPOARG.CL,18200.0
2012-09-14,PFGRUPOARG,PFGRUPOARG.CL,18700.0
2012-09-21,PFGRUPOARG,PFGRUPOARG.CL,19940.0
2012-09-28,PFGRUPOARG,PFGRUPOARG.CL,19800.0
2012-10-05,PFGRUPOARG,PFGRUPOARG.CL,19840.0
2012-10-12,PFGRUPOARG,PFGRUPOARG.CL,19400.0
2012-10-19,PFGRUPOARG,PFGRUPOARG.CL,19680.0
2012-10-26,PFGRUPOARG,PFGRUPOARG.CL,20800.0
2012-11-02,PFGRUPOARG,PFGRUPOARG.CL,19800.0
2012-11-09,PFGRUPOARG,PFGRUPOARG.CL,20680.0
2012-11-16,PFGRUPOARG,PFGRUPOARG.CL,19420.0
2012-11-23,PFGRUPOARG,PFGRUPOARG.CL,19180.0
2012-11-30,PFGRUPOARG,PFGRUPOARG.CL,19200.0
2012-12-07,PFGRUPOARG,PFGRUPOARG.CL,20800.0
2012-12-14,PFGRUPOARG,PFGRUPOARG.CL,20800.0
2012-12-21,PFGRUPOARG,PFGRUPOARG.CL,20840.0
2012-12-28,PFGRUPOARG,PFGRUPOARG.CL,21320.0
2013-01-04,PFGRUPOARG,PFGRUPOARG.CL,21460.0
2013-01-11,PFGRUPOARG,PFGRUPOARG.CL,21200.0
2013-01-18,PFGRUPOARG,PFGRUPOARG.CL,21560.0
2013-01-25,PFGRUPOARG,PFGRUPOARG.CL,22280.0
2013-02-01,PFGRUPOARG,PFGRUPOARG.CL,23200.0
2013-02-08,PFGRUPOARG,PFGRUPOARG.CL,23000.0
2013-02-15,PFGRUPOARG,PFGRUPOARG.CL,22260.0
2013-02-22,PFGRUPOARG,PFGRUPOARG.CL,22780.0
2013-03-01,PFGRUPOARG,PFGRUPOARG.CL,22860.0
2013-03-08,PFGRUPOARG,PFGRUPOARG.CL,21560.0
2013-03-15,PFGRUPOARG,PFGRUPOARG.CL,22000.0
2013-03-22,PFGRUPOARG,PFGRUPOARG.CL,21320.0
2013-03-29,PFGRUPOARG,PFGRUPOARG.CL,21740.0
2013-04-05,PFGRUPOARG,PFGRUPOARG.CL,22000.0
2013-04-12,PFGRUPOARG,PFGRUPOARG.CL,22300.0
2013-04-19,PFGRUPOARG,PFGRUPOARG.CL,21800.0
2013-04-26,PFGRUPOARG,PFGRUPOARG.CL,21280.0
2013-05-03,PFGRUPOARG,PFGRUPOARG.CL,20380.0
2013-05-10,PFGRUPOARG,PFGRUPOARG.CL,20200.0
2013-05-17,PFGRUPOARG,PFGRUPOARG.CL,21560.0
2013-05-24,PFGRUPOARG,PFGRUPOARG.CL,21600.0
2013-05-31,PFGRUPOARG,PFGRUPOARG.CL,20100.0
2013-06-07,PFGRUPOARG,PFGRUPOARG.CL,20680.0
2013-06-14,PFGRUPOARG,PFGRUPOARG.CL,19860.0
2013-06-21,PFGRUPOARG,PFGRUPOARG.CL,18540.0
2013-06-28,PFGRUPOARG,PFGRUPOARG.CL,19300.0
2013-07-05,PFGRUPOARG,PFGRUPOARG.CL,18400.0
2013-07-12,PFGRUPOARG,PFGRUPOARG.CL,19760.0
2013-07-19,PFGRUPOARG,PFGRUPOARG.CL,20820.0
2013-07-26,PFGRUPOARG,PFGRUPOARG.CL,21240.0
2013-08-02,PFGRUPOARG,PFGRUPOARG.CL,21320.0
2013-08-09,PFGRUPOARG,PFGRUPOARG.CL,21740.0
2013-08-16,PFGRUPOARG,PFGRUPOARG.CL,21740.0
2013-08-23,PFGRUPOARG,PFGRUPOARG.CL,21560.0
2013-08-30,PFGRUPOARG,PFGRUPOARG.CL,21840.0
2013-09-06,PFGRUPOARG,PFGRUPOARG.CL,22000.0
2013-09-13,PFGRUPOARG,PFGRUPOARG.CL,22320.0
2013-09-20,PFGRUPOARG,PFGRUPOARG.CL,22500.0
2013-09-27,PFGRUPOARG,PFGRUPOARG.CL,22400.0
2013-10-04,PFGRUPOARG,PFGRUPOARG.CL,22440.0
2013-10-11,PFGRUPOARG,PFGRUPOARG.CL,22400.0
2013-10-18,PFGRUPOARG,PFGRUPOARG.CL,22340.0
2013-10-25,PFGRUPOARG,PFGRUPOARG.CL,22500.0
2013-11-01,PFGRUPOARG,PFGRUPOARG.CL,22200.0
2013-11-08,PFGRUPOARG,PFGRUPOARG.CL,20720.0
2013-11-15,PFGRUPOARG,PFGRUPOARG.CL,20780.0
2013-11-22,PFGRUPOARG,PFGRUPOARG.CL,20700.0
2013-11-29,PFGRUPOARG,PFGRUPOARG.CL,20000.0
2013-12-06,PFGRUPOARG,PFGRUPOARG.CL,18740.0
2013-12-13,PFGRUPOARG,PFGRUPOARG.CL,19440.0
2013-12-20,PFGRUPOARG,PFGRUPOARG.CL,19900.0
2013-12-27,PFGRUPOARG,PFGRUPOARG.CL,19460.0
2014-01-03,PFGRUPOARG,PFGRUPOARG.CL,19100.0
2014-01-10,PFGRUPOARG,PFGRUPOARG.CL,18200.0
2014-01-17,PFGRUPOARG,PFGRUPOARG.CL,18900.0
2014-01-24,PFGRUPOARG,PFGRUPOARG.CL,18600.0
2014-01-31,PFGRUPOARG,PFGRUPOARG.CL,18180.0
2014-02-07,PFGRUPOARG,PFGRUPOARG.CL,18700.0
2014-02-14,PFGRUPOARG,PFGRUPOARG.CL,18580.0
2014-02-21,PFGRUPOARG,PFGRUPOARG.CL,19500.0
2014-02-28,PFGRUPOARG,PFGRUPOARG.CL,18220.0
2014-03-07,PFGRUPOARG,PFGRUPOARG.CL,19520.0
2014-03-14,PFGRUPOARG,PFGRUPOARG.CL,19580.0
2014-03-21,PFGRUPOARG,PFGRUPOARG.CL,19340.0
2014-03-28,PFGRUPOARG,PFGRUPOARG.CL,20120.0
2014-04-04,PFGRUPOARG,PFGRUPOARG.CL,21300.0
2014-04-11,PFGRUPOARG,PFGRUPOARG.CL,20480.0
2014-04-18,PFGRUPOARG,PFGRUPOARG.CL,20400.0
2014-04-25,PFGRUPOARG,PFGRUPOARG.CL,20740.0
2014-05-02,PFGRUPOARG,PFGRUPOARG.CL,21300.0
2014-05-09,PFGRUPOARG,PFGRUPOARG.CL,21340.0
2014-05-16,PFGRUPOARG,PFGRUPOARG.CL,22260.0
2014-05-23,PFGRUPOARG,PFGRUPOARG.CL,21500.0
2014-05-30,PFGRUPOARG,PFGRUPOARG.CL,21500.0
2014-06-06,PFGRUPOARG,PFGRUPOARG.CL,21700.0
2014-06-13,PFGRUPOARG,PFGRUPOARG.CL,21960.0
2014-06-20,PFGRUPOARG,PFGRUPOARG.CL,22420.0
2014-06-27,PFGRUPOARG,PFGRUPOARG.CL,22560.0
2014-07-04,PFGRUPOARG,PFGRUPOARG.CL,22400.0
2014-07-11,PFGRUPOARG,PFGRUPOARG.CL,22320.0
2014-07-18,PFGRUPOARG,PFGRUPOARG.CL,22380.0
2014-07-25,PFGRUPOARG,PFGRUPOARG.CL,22340.0
2014-08-01,PFGRUPOARG,PFGRUPOARG.CL,22660.0
2014-08-08,PFGRUPOARG,PFGRUPOARG.CL,23000.0
2014-08-15,PFGRUPOARG,PFGRUPOARG.CL,23760.0
2014-08-22,PFGRUPOARG,PFGRUPOARG.CL,23600.0
2014-08-29,PFGRUPOARG,PFGRUPOARG.CL,23700.0
2014-09-05,PFGRUPOARG,PFGRUPOARG.CL,23520.0
2014-09-12,PFGRUPOARG,PFGRUPOARG.CL,22400.0
2014-09-19,PFGRUPOARG,PFGRUPOARG.CL,22600.0
2014-09-26,PFGRUPOARG,PFGRUPOARG.CL,22780.0
2014-10-03,PFGRUPOARG,PFGRUPOARG.CL,21680.0
2014-10-10,PFGRUPOARG,PFGRUPOARG.CL,21880.0
2014-10-17,PFGRUPOARG,PFGRUPOARG.CL,20800.0
2014-10-24,PFGRUPOARG,PFGRUPOARG.CL,21880.0
2014-10-31,PFGRUPOARG,PFGRUPOARG.CL,21800.0
2014-11-07,PFGRUPOARG,PFGRUPOARG.CL,22580.0
2014-11-14,PFGRUPOARG,PFGRUPOARG.CL,20880.0
2014-11-21,PFGRUPOARG,PFGRUPOARG.CL,19540.0
2014-11-28,PFGRUPOARG,PFGRUPOARG.CL,19520.0
2014-12-05,PFGRUPOARG,PFGRUPOARG.CL,19940.0
2014-12-12,PFGRUPOARG,PFGRUPOARG.CL,18560.0
2014-12-19,PFGRUPOARG,PFGRUPOARG.CL,19220.0
2014-12-26,PFGRUPOARG,PFGRUPOARG.CL,21000.0
2015-01-02,PFGRUPOARG,PFGRUPOARG.CL,20380.0
2015-01-09,PFGRUPOARG,PFGRUPOARG.CL,19100.0
2015-01-16,PFGRUPOARG,PFGRUPOARG.CL,18320.0
2015-01-23,PFGRUPOARG,PFGRUPOARG.CL,19200.0
2015-01-30,PFGRUPOARG,PFGRUPOARG.CL,18800.0
2015-02-06,PFGRUPOARG,PFGRUPOARG.CL,19480.0
2015-02-13,PFGRUPOARG,PFGRUPOARG.CL,18700.0
2015-02-20,PFGRUPOARG,PFGRUPOARG.CL,18740.0
2015-02-27,PFGRUPOARG,PFGRUPOARG.CL,18600.0
2015-03-06,PFGRUPOARG,PFGRUPOARG.CL,17100.0
2015-03-13,PFGRUPOARG,PFGRUPOARG.CL,16180.0
2015-03-20,PFGRUPOARG,PFGRUPOARG.CL,17000.0
2015-03-27,PFGRUPOARG,PFGRUPOARG.CL,17000.0
2015-04-03,PFGRUPOARG,PFGRUPOARG.CL,16700.0
2015-04-10,PFGRUPOARG,PFGRUPOARG.CL,17700.0
2015-04-17,PFGRUPOARG,PFGRUPOARG.CL,17860.0
2015-04-24,PFGRUPOARG,PFGRUPOARG.CL,17400.0
2015-05-01,PFGRUPOARG,PFGRUPOARG.CL,18120.0
2015-05-08,PFGRUPOARG,PFGRUPOARG.CL,17940.0
2015-05-15,PFGRUPOARG,PFGRUPOARG.CL,16600.0
2015-05-22,PFGRUPOARG,PFGRUPOARG.CL,16980.0
2015-05-29,PFGRUPOARG,PFGRUPOARG.CL,16240.0
2015-06-05,PFGRUPOARG,PFGRUPOARG.CL,16440.0
2015-06-12,PFGRUPOARG,PFGRUPOARG.CL,16860.0
2015-06-19,PFGRUPOARG,PFGRUPOARG.CL,16800.0
2015-06-26,PFGRUPOARG,PFGRUPOARG.CL,16860.0
2015-07-03,PFGRUPOARG,PFGRUPOARG.CL,16380.0
2015-07-10,PFGRUPOARG,PFGRUPOARG.CL,16500.0
2015-07-17,PFGRUPOARG,PFGRUPOARG.CL,16640.0
2015-07-24,PFGRUPOARG,PFGRUPOARG.CL,16500.0
2015-07-31,PFGRUPOARG,PFGRUPOARG.CL,16680.0
2015-08-07,PFGRUPOARG,PFGRUPOARG.CL,16200.0
2015-08-14,PFGRUPOARG,PFGRUPOARG.CL,16320.0
2015-08-21,PFGRUPOARG,PFGRUPOARG.CL,16340.0
2015-08-28,PFGRUPOARG,PFGRUPOARG.CL,15500.0
2015-09-04,PFGRUPOARG,PFGRUPOARG.CL,16620.0
2015-09-11,PFGRUPOARG,PFGRUPOARG.CL,17060.0
2015-09-18,PFGRUPOARG,PFGRUPOARG.CL,17200.0
2015-09-25,PFGRUPOARG,PFGRUPOARG.CL,17260.0
2015-10-02,PFGRUPOARG,PFGRUPOARG.CL,17100.0
2015-10-09,PFGRUPOARG,PFGRUPOARG.CL,17400.0
2015-10-16,PFGRUPOARG,PFGRUPOARG.CL,16840.0
2015-10-23,PFGRUPOARG,PFGRUPOARG.CL,17000.0
2015-10-30,PFGRUPOARG,PFGRUPOARG.CL,17120.0
2015-11-06,PFGRUPOARG,PFGRUPOARG.CL,17060.0
2015-11-13,PFGRUPOARG,PFGRUPOARG.CL,16000.0
2015-11-20,PFGRUPOARG,PFGRUPOARG.CL,14900.0
2015-11-27,PFGRUPOARG,PFGRUPOARG.CL,14220.0
2015-12-04,PFGRUPOARG,PFGRUPOARG.CL,14320.0
2015-12-11,PFGRUPOARG,PFGRUPOARG.CL,14320.0
2015-12-18,PFGRUPOARG,PFGRUPOARG.CL,15060.0
2015-12-25,PFGRUPOARG,PFGRUPOARG.CL,14720.0
2016-01-01,PFGRUPOARG,PFGRUPOARG.CL,15280.0
2016-01-08,PFGRUPOARG,PFGRUPOARG.CL,14700.0
2016-01-15,PFGRUPOARG,PFGRUPOARG.CL,15020.0
2016-01-22,PFGRUPOARG,PFGRUPOARG.CL,14900.0
2016-01-29,PFGRUPOARG,PFGRUPOARG.CL,15500.0
2016-02-05,PFGRUPOARG,PFGRUPOARG.CL,16120.0
2016-02-12,PFGRUPOARG,PFGRUPOARG.CL,16860.0
2016-02-19,PFGRUPOARG,PFGRUPOARG.CL,16980.0
2016-02-26,PFGRUPOARG,PFGRUPOARG.CL,17080.0
2016-03-04,PFGRUPOARG,PFGRUPOARG.CL,17520.0
2016-03-11,PFGRUPOARG,PFGRUPOARG.CL,16880.0
2016-03-18,PFGRUPOARG,PFGRUPOARG.CL,17600.0
2016-03-25,PFGRUPOARG,PFGRUPOARG.CL,18440.0
2016-04-01,PFGRUPOARG,PFGRUPOARG.CL,18960.0
2016-04-08,PFGRUPOARG,PFGRUPOARG.CL,18780.0
2016-04-15,PFGRUPOARG,PFGRUPOARG.CL,18660.0
2016-04-22,PFGRUPOARG,PFGRUPOARG.CL,18760.0
2016-04-29,PFGRUPOARG,PFGRUPOARG.CL,18300.0
2016-05-06,PFGRUPOARG,PFGRUPOARG.CL,16400.0
2016-05-13,PFGRUPOARG,PFGRUPOARG.CL,17700.0
2016-05-20,PFGRUPOARG,PFGRUPOARG.CL,17000.0
2016-05-27,PFGRUPOARG,PFGRUPOARG.CL,16900.0
2016-06-03,PFGRUPOARG,PFGRUPOARG.CL,17200.0
2016-06-10,PFGRUPOARG,PFGRUPOARG.CL,17980.0
2016-06-17,PFGRUPOARG,PFGRUPOARG.CL,17520.0
2016-06-24,PFGRUPOARG,PFGRUPOARG.CL,18200.0
2016-07-01,PFGRUPOARG,PFGRUPOARG.CL,17820.0
2016-07-08,PFGRUPOARG,PFGRUPOARG.CL,17460.0
2016-07-15,PFGRUPOARG,PFGRUPOARG.CL,18380.0
2016-07-22,PFGRUPOARG,PFGRUPOARG.CL,18160.0
2016-07-29,PFGRUPOARG,PFGRUPOARG.CL,18120.0
2016-08-05,PFGRUPOARG,PFGRUPOARG.CL,17700.0
2016-08-12,PFGRUPOARG,PFGRUPOARG.CL,18160.0
2016-08-19,PFGRUPOARG,PFGRUPOARG.CL,18560.0
2016-08-26,PFGRUPOARG,PFGRUPOARG.CL,18760.0
2016-09-02,PFGRUPOARG,PFGRUPOARG.CL,18980.0
2016-09-09,PFGRUPOARG,PFGRUPOARG.CL,19480.0
2016-09-16,PFGRUPOARG,PFGRUPOARG.CL,18700.0
2016-09-23,PFGRUPOARG,PFGRUPOARG.CL,18500.0
2016-09-30,PFGRUPOARG,PFGRUPOARG.CL,18140.0
2016-10-07,PFGRUPOARG,PFGRUPOARG.CL,18000.0
2016-10-14,PFGRUPOARG,PFGRUPOARG.CL,18340.0
2016-10-21,PFGRUPOARG,PFGRUPOARG.CL,17920.0
2016-10-28,PFGRUPOARG,PFGRUPOARG.CL,17940.0
2016-11-04,PFGRUPOARG,PFGRUPOARG.CL,17920.0
2016-11-11,PFGRUPOARG,PFGRUPOARG.CL,17800.0
2016-11-18,PFGRUPOARG,PFGRUPOARG.CL,17640.0
2016-11-25,PFGRUPOARG,PFGRUPOARG.CL,17680.0
2016-12-02,PFGRUPOARG,PFGRUPOARG.CL,17560.0
2016-12-09,PFGRUPOARG,PFGRUPOARG.CL,17540.0
2016-12-16,PFGRUPOARG,PFGRUPOARG.CL,17600.0
2016-12-23,PFGRUPOARG,PFGRUPOARG.CL,17800.0
2016-12-30,PFGRUPOARG,PFGRUPOARG.CL,18140.0
2017-01-06,PFGRUPOARG,PFGRUPOARG.CL,18700.0
2017-01-13,PFGRUPOARG,PFGRUPOARG.CL,18580.0
2017-01-20,PFGRUPOARG,PFGRUPOARG.CL,18400.0
2017-01-27,PFGRUPOARG,PFGRUPOARG.CL,18700.0
2017-02-03,PFGRUPOARG,PFGRUPOARG.CL,18820.0
2017-02-10,PFGRUPOARG,PFGRUPOARG.CL,18580.0
2017-02-17,PFGRUPOARG,PFGRUPOARG.CL,18760.0
2017-02-24,PFGRUPOARG,PFGRUPOARG.CL,18840.0
2017-03-03,PFGRUPOARG,PFGRUPOARG.CL,18720.0
2017-03-10,PFGRUPOARG,PFGRUPOARG.CL,18800.0
2017-03-17,PFGRUPOARG,PFGRUPOARG.CL,18800.0
2017-03-24,PFGRUPOARG,PFGRUPOARG.CL,19160.0
2017-03-31,PFGRUPOARG,PFGRUPOARG.CL,19200.0
2017-04-07,PFGRUPOARG,PFGRUPOARG.CL,19260.0
2017-04-14,PFGRUPOARG,PFGRUPOARG.CL,19260.0
2017-04-21,PFGRUPOARG,PFGRUPOARG.CL,19080.0
2017-04-28,PFGRUPOARG,PFGRUPOARG.CL,19100.0
2017-05-05,PFGRUPOARG,PFGRUPOARG.CL,19240.0
2017-05-12,PFGRUPOARG,PFGRUPOARG.CL,19940.0
2017-05-19,PFGRUPOARG,PFGRUPOARG.CL,19640.0
2017-05-26,PFGRUPOARG,PFGRUPOARG.CL,19800.0
2017-06-02,PFGRUPOARG,PFGRUPOARG.CL,19940.0
2017-06-09,PFGRUPOARG,PFGRUPOARG.CL,19700.0
2017-06-16,PFGRUPOARG,PFGRUPOARG.CL,19900.0
2017-06-23,PFGRUPOARG,PFGRUPOARG.CL,19780.0
2017-06-30,PFGRUPOARG,PFGRUPOARG.CL,19700.0
2017-07-07,PFGRUPOARG,PFGRUPOARG.CL,19700.0
2017-07-14,PFGRUPOARG,PFGRUPOARG.CL,19700.0
2017-07-21,PFGRUPOARG,PFGRUPOARG.CL,19560.0
2017-07-28,PFGRUPOARG,PFGRUPOARG.CL,19580.0
2017-08-04,PFGRUPOARG,PFGRUPOARG.CL,19660.0
2017-08-11,PFGRUPOARG,PFGRUPOARG.CL,19380.0
2017-08-18,PFGRUPOARG,PFGRUPOARG.CL,19700.0
2017-08-25,PFGRUPOARG,PFGRUPOARG.CL,19600.0
2017-09-01,PFGRUPOARG,PFGRUPOARG.CL,18600.0
2017-09-08,PFGRUPOARG,PFGRUPOARG.CL,19000.0
2017-09-15,PFGRUPOARG,PFGRUPOARG.CL,18960.0
2017-09-22,PFGRUPOARG,PFGRUPOARG.CL,19000.0
2017-09-29,PFGRUPOARG,PFGRUPOARG.CL,19200.0
2017-10-06,PFGRUPOARG,PFGRUPOARG.CL,18900.0
2017-10-13,PFGRUPOARG,PFGRUPOARG.CL,18920.0
2017-10-20,PFGRUPOARG,PFGRUPOARG.CL,18680.0
2017-10-27,PFGRUPOARG,PFGRUPOARG.CL,18480.0
2017-11-03,PFGRUPOARG,PFGRUPOARG.CL,18240.0
2017-11-10,PFGRUPOARG,PFGRUPOARG.CL,18120.0
2017-11-17,PFGRUPOARG,PFGRUPOARG.CL,18500.0
2017-11-24,PFGRUPOARG,PFGRUPOARG.CL,18400.0
2017-12-01,PFGRUPOARG,PFGRUPOARG.CL,18420.0
2017-12-08,PFGRUPOARG,PFGRUPOARG.CL,18680.0
2017-12-15,PFGRUPOARG,PFGRUPOARG.CL,18480.0
2017-12-22,PFGRUPOARG,PFGRUPOARG.CL,18600.0
2017-12-29,PFGRUPOARG,PFGRUPOARG.CL,19180.0
2018-01-05,PFGRUPOARG,PFGRUPOARG.CL,18880.0
2018-01-12,PFGRUPOARG,PFGRUPOARG.CL,18900.0
2018-01-19,PFGRUPOARG,PFGRUPOARG.CL,18780.0
2018-01-26,PFGRUPOARG,PFGRUPOARG.CL,18960.0
2018-02-02,PFGRUPOARG,PFGRUPOARG.CL,18580.0
2018-02-09,PFGRUPOARG,PFGRUPOARG.CL,17640.0
2018-02-16,PFGRUPOARG,PFGRUPOARG.CL,17980.0
2018-02-23,PFGRUPOARG,PFGRUPOARG.CL,17400.0
2018-03-02,PFGRUPOARG,PFGRUPOARG.CL,16320.0
2018-03-09,PFGRUPOARG,PFGRUPOARG.CL,15980.0
2018-03-16,PFGRUPOARG,PFGRUPOARG.CL,15920.0
2018-03-23,PFGRUPOARG,PFGRUPOARG.CL,16200.0
2018-03-30,PFGRUPOARG,PFGRUPOARG.CL,16100.0
2018-04-06,PFGRUPOARG,PFGRUPOARG.CL,16980.0
2018-04-13,PFGRUPOARG,PFGRUPOARG.CL,17400.0
2018-04-20,PFGRUPOARG,PFGRUPOARG.CL,16800.0
2018-04-27,PFGRUPOARG,PFGRUPOARG.CL,16560.0
2018-05-04,PFGRUPOARG,PFGRUPOARG.CL,16600.0
2018-05-11,PFGRUPOARG,PFGRUPOARG.CL,16820.0
2018-05-18,PFGRUPOARG,PFGRUPOARG.CL,16220.0
2018-05-25,PFGRUPOARG,PFGRUPOARG.CL,16940.0
2018-06-01,PFGRUPOARG,PFGRUPOARG.CL,17000.0
2018-06-08,PFGRUPOARG,PFGRUPOARG.CL,16860.0
2018-06-15,PFGRUPOARG,PFGRUPOARG.CL,17300.0
2018-06-22,PFGRUPOARG,PFGRUPOARG.CL,17400.0
2018-06-29,PFGRUPOARG,PFGRUPOARG.CL,17520.0
2018-07-06,PFGRUPOARG,PFGRUPOARG.CL,17380.0
2018-07-13,PFGRUPOARG,PFGRUPOARG.CL,16860.0
2018-07-20,PFGRUPOARG,PFGRUPOARG.CL,17480.0
2018-07-27,PFGRUPOARG,PFGRUPOARG.CL,17620.0
2018-08-03,PFGRUPOARG,PFGRUPOARG.CL,17400.0
2018-08-10,PFGRUPOARG,PFGRUPOARG.CL,17780.0
2018-08-17,PFGRUPOARG,PFGRUPOARG.CL,17500.0
2018-08-24,PFGRUPOARG,PFGRUPOARG.CL,17520.0
2018-08-31,PFGRUPOARG,PFGRUPOARG.CL,17560.0
2018-09-07,PFGRUPOARG,PFGRUPOARG.CL,16060.0
2018-09-14,PFGRUPOARG,PFGRUPOARG.CL,15740.0
2018-09-21,PFGRUPOARG,PFGRUPOARG.CL,15000.0
2018-09-28,PFGRUPOARG,PFGRUPOARG.CL,14280.0
2018-10-05,PFGRUPOARG,PFGRUPOARG.CL,14300.0
2018-10-12,PFGRUPOARG,PFGRUPOARG.CL,13600.0
2018-10-19,PFGRUPOARG,PFGRUPOARG.CL,13320.0
2018-10-26,PFGRUPOARG,PFGRUPOARG.CL,12840.0
2018-11-02,PFGRUPOARG,PFGRUPOARG.CL,12700.0
2018-11-09,PFGRUPOARG,PFGRUPOARG.CL,13160.0
2018-11-16,PFGRUPOARG,PFGRUPOARG.CL,13560.0
2018-11-23,PFGRUPOARG,PFGRUPOARG.CL,13440.0
2018-11-30,PFGRUPOARG,PFGRUPOARG.CL,13380.0
2018-12-07,PFGRUPOARG,PFGRUPOARG.CL,13740.0
2018-12-14,PFGRUPOARG,PFGRUPOARG.CL,13460.0
2018-12-21,PFGRUPOARG,PFGRUPOARG.CL,12620.0
2018-12-28,PFGRUPOARG,PFGRUPOARG.CL,14500.0
2019-01-04,PFGRUPOARG,PFGRUPOARG.CL,13660.0
2019-01-11,PFGRUPOARG,PFGRUPOARG.CL,13740.0
2019-01-18,PFGRUPOARG,PFGRUPOARG.CL,13980.0
2019-01-25,PFGRUPOARG,PFGRUPOARG.CL,15240.0
2019-02-01,PFGRUPOARG,PFGRUPOARG.CL,15740.0
2019-02-08,PFGRUPOARG,PFGRUPOARG.CL,15100.0
2019-02-15,PFGRUPOARG,PFGRUPOARG.CL,15360.0
2019-02-22,PFGRUPOARG,PFGRUPOARG.CL,14900.0
2019-03-01,PFGRUPOARG,PFGRUPOARG.CL,14940.0
2019-03-08,PFGRUPOARG,PFGRUPOARG.CL,14600.0
2019-03-15,PFGRUPOARG,PFGRUPOARG.CL,15320.0
2019-03-22,PFGRUPOARG,PFGRUPOARG.CL,15440.0
2019-03-29,PFGRUPOARG,PFGRUPOARG.CL,14800.0
2019-04-05,PFGRUPOARG,PFGRUPOARG.CL,14940.0
2019-04-12,PFGRUPOARG,PFGRUPOARG.CL,15500.0
2019-04-19,PFGRUPOARG,PFGRUPOARG.CL,14740.0
2019-04-26,PFGRUPOARG,PFGRUPOARG.CL,15400.0
2019-05-03,PFGRUPOARG,PFGRUPOARG.CL,15400.0
2019-05-10,PFGRUPOARG,PFGRUPOARG.CL,14700.0
2019-05-17,PFGRUPOARG,PFGRUPOARG.CL,13900.0
2019-05-24,PFGRUPOARG,PFGRUPOARG.CL,13800.0
2019-05-31,PFGRUPOARG,PFGRUPOARG.CL,14140.0
2019-06-07,PFGRUPOARG,PFGRUPOARG.CL,14020.0
2019-06-14,PFGRUPOARG,PFGRUPOARG.CL,14000.0
2019-06-21,PFGRUPOARG,PFGRUPOARG.CL,14000.0
2019-06-28,PFGRUPOARG,PFGRUPOARG.CL,14080.0
2019-07-05,PFGRUPOARG,PFGRUPOARG.CL,14360.0
2019-07-12,PFGRUPOARG,PFGRUPOARG.CL,14800.0
2019-07-19,PFGRUPOARG,PFGRUPOARG.CL,14960.0
2019-07-26,PFGRUPOARG,PFGRUPOARG.CL,14940.0
2019-08-02,PFGRUPOARG,PFGRUPOARG.CL,13800.0
2019-08-09,PFGRUPOARG,PFGRUPOARG.CL,13760.0
2019-08-16,PFGRUPOARG,PFGRUPOARG.CL,13200.0
2019-08-23,PFGRUPOARG,PFGRUPOARG.CL,12920.0
2019-08-30,PFGRUPOARG,PFGRUPOARG.CL,13720.0
2019-09-06,PFGRUPOARG,PFGRUPOARG.CL,14040.0
2019-09-13,PFGRUPOARG,PFGRUPOARG.CL,13940.0
2019-09-20,PFGRUPOARG,PFGRUPOARG.CL,13400.0
2019-09-27,PFGRUPOARG,PFGRUPOARG.CL,13580.0
2019-10-04,PFGRUPOARG,PFGRUPOARG.CL,13400.0
2019-10-11,PFGRUPOARG,PFGRUPOARG.CL,13300.0
2019-10-18,PFGRUPOARG,PFGRUPOARG.CL,12900.0
2019-10-25,PFGRUPOARG,PFGRUPOARG.CL,13900.0
2019-11-01,PFGRUPOARG,PFGRUPOARG.CL,13960.0
2019-11-08,PFGRUPOARG,PFGRUPOARG.CL,13120.0
2019-11-15,PFGRUPOARG,PFGRUPOARG.CL,13180.0
2019-11-22,PFGRUPOARG,PFGRUPOARG.CL,13380.0
2019-11-29,PFGRUPOARG,PFGRUPOARG.CL,13140.0
2019-12-06,PFGRUPOARG,PFGRUPOARG.CL,13100.0
2019-12-13,PFGRUPOARG,PFGRUPOARG.CL,12960.0
2019-12-20,PFGRUPOARG,PFGRUPOARG.CL,13200.0
2019-12-27,PFGRUPOARG,PFGRUPOARG.CL,13460.0
2020-01-03,PFGRUPOARG,PFGRUPOARG.CL,13520.0
2020-01-10,PFGRUPOARG,PFGRUPOARG.CL,13260.0
2020-01-17,PFGRUPOARG,PFGRUPOARG.CL,12840.0
2020-01-24,PFGRUPOARG,PFGRUPOARG.CL,12840.0
2020-01-31,PFGRUPOARG,PFGRUPOARG.CL,13000.0
2020-02-07,PFGRUPOARG,PFGRUPOARG.CL,13000.0
2020-02-14,PFGRUPOARG,PFGRUPOARG.CL,13220.0
2020-02-21,PFGRUPOARG,PFGRUPOARG.CL,12500.0
2020-02-28,PFGRUPOARG,PFGRUPOARG.CL,12500.0
2020-03-06,PFGRUPOARG,PFGRUPOARG.CL,12280.0
2020-03-13,PFGRUPOARG,PFGRUPOARG.CL,10300.0
2020-03-20,PFGRUPOARG,PFGRUPOARG.CL,7190.0
2020-03-27,PFGRUPOARG,PFGRUPOARG.CL,10000.0
2020-04-03,PFGRUPOARG,PFGRUPOARG.CL,8600.0
2020-04-10,PFGRUPOARG,PFGRUPOARG.CL,8900.0
2020-04-17,PFGRUPOARG,PFGRUPOARG.CL,9700.0
2020-04-24,PFGRUPOARG,PFGRUPOARG.CL,8480.0
2020-05-01,PFGRUPOARG,PFGRUPOARG.CL,8100.0
2020-05-08,PFGRUPOARG,PFGRUPOARG.CL,7950.0
2020-05-15,PFGRUPOARG,PFGRUPOARG.CL,7010.0
2020-05-22,PFGRUPOARG,PFGRUPOARG.CL,7150.0
2020-05-29,PFGRUPOARG,PFGRUPOARG.CL,7700.0
2020-06-05,PFGRUPOARG,PFGRUPOARG.CL,8040.0
2020-06-12,PFGRUPOARG,PFGRUPOARG.CL,8000.0
2020-06-19,PFGRUPOARG,PFGRUPOARG.CL,8150.0
2020-06-26,PFGRUPOARG,PFGRUPOARG.CL,7700.0
2020-07-03,PFGRUPOARG,PFGRUPOARG.CL,8040.0
2020-07-10,PFGRUPOARG,PFGRUPOARG.CL,8600.0
2020-07-17,PFGRUPOARG,PFGRUPOARG.CL,8710.0
2020-07-24,PFGRUPOARG,PFGRUPOARG.CL,8700.0
2020-07-31,PFGRUPOARG,PFGRUPOARG.CL,7740.0
2020-08-07,PFGRUPOARG,PFGRUPOARG.CL,8240.0
2020-08-14,PFGRUPOARG,PFGRUPOARG.CL,7880.0
2020-08-21,PFGRUPOARG,PFGRUPOARG.CL,8270.0
2020-08-28,PFGRUPOARG,PFGRUPOARG.CL,9000.0
2020-09-04,PFGRUPOARG,PFGRUPOARG.CL,9170.0
2020-09-11,PFGRUPOARG,PFGRUPOARG.CL,9300.0
2020-09-18,PFGRUPOARG,PFGRUPOARG.CL,9080.0
2020-09-25,PFGRUPOARG,PFGRUPOARG.CL,9010.0
2020-10-02,PFGRUPOARG,PFGRUPOARG.CL,9400.0
2020-10-09,PFGRUPOARG,PFGRUPOARG.CL,9525.0
2020-10-16,PFGRUPOARG,PFGRUPOARG.CL,9140.0
2020-10-23,PFGRUPOARG,PFGRUPOARG.CL,9080.0
2020-10-30,PFGRUPOARG,PFGRUPOARG.CL,8600.0
2020-11-06,PFGRUPOARG,PFGRUPOARG.CL,9000.0
2020-11-13,PFGRUPOARG,PFGRUPOARG.CL,9200.0
2020-11-20,PFGRUPOARG,PFGRUPOARG.CL,9210.0
2020-11-27,PFGRUPOARG,PFGRUPOARG.CL,9480.0
2020-12-04,PFGRUPOARG,PFGRUPOARG.CL,9570.0
2020-12-11,PFGRUPOARG,PFGRUPOARG.CL,9930.0
2020-12-18,PFGRUPOARG,PFGRUPOARG.CL,10380.0
2020-12-25,PFGRUPOARG,PFGRUPOARG.CL,10670.0
2021-01-01,PFGRUPOARG,PFGRUPOARG.CL,10500.0
2021-01-08,PFGRUPOARG,PFGRUPOARG.CL,10420.0
2021-01-15,PFGRUPOARG,PFGRUPOARG.CL,10450.0
2021-01-22,PFGRUPOARG,PFGRUPOARG.CL,10600.0
2021-01-29,PFGRUPOARG,PFGRUPOARG.CL,10300.0
2021-02-05,PFGRUPOARG,PFGRUPOARG.CL,10310.0
2021-02-12,PFGRUPOARG,PFGRUPOARG.CL,10020.0
2021-02-19,PFGRUPOARG,PFGRUPOARG.CL,10010.0
2021-02-26,PFGRUPOARG,PFGRUPOARG.CL,9810.0
2021-03-05,PFGRUPOARG,PFGRUPOARG.CL,9680.0
2021-03-12,PFGRUPOARG,PFGRUPOARG.CL,9810.0
2021-03-19,PFGRUPOARG,PFGRUPOARG.CL,9500.0
2021-03-26,PFGRUPOARG,PFGRUPOARG.CL,9400.0
2021-04-02,PFGRUPOARG,PFGRUPOARG.CL,9500.0
2021-04-09,PFGRUPOARG,PFGRUPOARG.CL,9700.0
2021-04-16,PFGRUPOARG,PFGRUPOARG.CL,9800.0
2021-04-23,PFGRUPOARG,PFGRUPOARG.CL,9050.0
2021-04-30,PFGRUPOARG,PFGRUPOARG.CL,8705.0
2021-05-07,PFGRUPOARG,PFGRUPOARG.CL,9095.0
2021-05-14,PFGRUPOARG,PFGRUPOARG.CL,8920.0
2021-05-21,PFGRUPOARG,PFGRUPOARG.CL,8620.0
2021-05-28,PFGRUPOARG,PFGRUPOARG.CL,7990.0
2021-06-04,PFGRUPOARG,PFGRUPOARG.CL,8100.0
2021-06-11,PFGRUPOARG,PFGRUPOARG.CL,8520.0
2021-06-18,PFGRUPOARG,PFGRUPOARG.CL,8520.0
2021-06-25,PFGRUPOARG,PFGRUPOARG.CL,8690.0
2021-07-02,PFGRUPOARG,PFGRUPOARG.CL,8300.0
2021-07-09,PFGRUPOARG,PFGRUPOARG.CL,8450.0
2021-07-16,PFGRUPOARG,PFGRUPOARG.CL,8430.0
2021-07-23,PFGRUPOARG,PFGRUPOARG.CL,8150.0
2021-07-30,PFGRUPOARG,PFGRUPOARG.CL,8050.0
2021-08-06,PFGRUPOARG,PFGRUPOARG.CL,7860.0
2021-08-13,PFGRUPOARG,PFGRUPOARG.CL,8050.0
2021-08-20,PFGRUPOARG,PFGRUPOARG.CL,8600.0
2021-08-27,PFGRUPOARG,PFGRUPOARG.CL,8275.0
2021-09-03,PFGRUPOARG,PFGRUPOARG.CL,8330.0
2021-09-10,PFGRUPOARG,PFGRUPOARG.CL,8135.0
2021-09-17,PFGRUPOARG,PFGRUPOARG.CL,8240.0
2021-09-24,PFGRUPOARG,PFGRUPOARG.CL,8165.0
2021-10-01,PFGRUPOARG,PFGRUPOARG.CL,8355.0
2021-10-08,PFGRUPOARG,PFGRUPOARG.CL,8740.0
2021-10-15,PFGRUPOARG,PFGRUPOARG.CL,8790.0
2021-10-22,PFGRUPOARG,PFGRUPOARG.CL,8630.0
2021-10-29,PFGRUPOARG,PFGRUPOARG.CL,8600.0
2021-11-05,PFGRUPOARG,PFGRUPOARG.CL,8570.0
2021-11-12,PFGRUPOARG,PFGRUPOARG.CL,8640.0
2021-11-19,PFGRUPOARG,PFGRUPOARG.CL,8345.0
2021-11-26,PFGRUPOARG,PFGRUPOARG.CL,8620.0
2021-12-03,PFGRUPOARG,PFGRUPOARG.CL,10270.0
2021-12-10,PFGRUPOARG,PFGRUPOARG.CL,9820.0
2021-12-17,PFGRUPOARG,PFGRUPOARG.CL,9340.0
2021-12-24,PFGRUPOARG,PFGRUPOARG.CL,9200.0
2021-12-31,PFGRUPOARG,PFGRUPOARG.CL,9300.0
2022-01-07,PFGRUPOARG,PFGRUPOARG.CL,9690.0
2022-01-14,PFGRUPOARG,PFGRUPOARG.CL,11000.0
2022-01-21,PFGRUPOARG,PFGRUPOARG.CL,12200.0
2022-01-28,PFGRUPOARG,PFGRUPOARG.CL,11840.0
2022-02-04,PFGRUPOARG,PFGRUPOARG.CL,10540.0
2022-02-11,PFGRUPOARG,PFGRUPOARG.CL,10000.0
2022-02-18,PFGRUPOARG,PFGRUPOARG.CL,9710.0
2022-02-25,PFGRUPOARG,PFGRUPOARG.CL,9655.0
2022-03-04,PFGRUPOARG,PFGRUPOARG.CL,9600.0
2022-03-11,PFGRUPOARG,PFGRUPOARG.CL,9350.0
2022-03-18,PFGRUPOARG,PFGRUPOARG.CL,9200.0
2022-03-25,PFGRUPOARG,PFGRUPOARG.CL,9440.0
2022-04-01,PFGRUPOARG,PFGRUPOARG.CL,9400.0
2022-04-08,PFGRUPOARG,PFGRUPOARG.CL,9370.0
2022-04-15,PFGRUPOARG,PFGRUPOARG.CL,9180.0
2022-04-22,PFGRUPOARG,PFGRUPOARG.CL,9085.0
2022-04-29,PFGRUPOARG,PFGRUPOARG.CL,9080.0
2022-05-06,PFGRUPOARG,PFGRUPOARG.CL,8600.0
2022-05-13,PFGRUPOARG,PFGRUPOARG.CL,8300.0
2022-05-20,PFGRUPOARG,PFGRUPOARG.CL,8380.0
2022-05-27,PFGRUPOARG,PFGRUPOARG.CL,8480.0
2022-06-03,PFGRUPOARG,PFGRUPOARG.CL,9080.0
2022-06-10,PFGRUPOARG,PFGRUPOARG.CL,8785.0
2022-06-17,PFGRUPOARG,PFGRUPOARG.CL,8595.0
2022-06-24,PFGRUPOARG,PFGRUPOARG.CL,7795.0
2022-07-01,PFGRUPOARG,PFGRUPOARG.CL,7120.0
2022-07-08,PFGRUPOARG,PFGRUPOARG.CL,7750.0
2022-07-15,PFGRUPOARG,PFGRUPOARG.CL,7200.0
2022-07-22,PFGRUPOARG,PFGRUPOARG.CL,7255.0
2022-07-29,PFGRUPOARG,PFGRUPOARG.CL,7700.0
2022-08-05,PFGRUPOARG,PFGRUPOARG.CL,7000.0
2022-08-12,PFGRUPOARG,PFGRUPOARG.CL,6900.0
2022-08-19,PFGRUPOARG,PFGRUPOARG.CL,6520.0
2022-08-26,PFGRUPOARG,PFGRUPOARG.CL,6720.0
2022-09-02,PFGRUPOARG,PFGRUPOARG.CL,6800.0
2022-09-09,PFGRUPOARG,PFGRUPOARG.CL,6500.0
2022-09-16,PFGRUPOARG,PFGRUPOARG.CL,6500.0
2022-09-23,PFGRUPOARG,PFGRUPOARG.CL,6125.0
2022-09-30,PFGRUPOARG,PFGRUPOARG.CL,6000.0
2022-10-07,PFGRUPOARG,PFGRUPOARG.CL,6450.0
2022-10-14,PFGRUPOARG,PFGRUPOARG.CL,5770.0
2022-10-21,PFGRUPOARG,PFGRUPOARG.CL,5410.0
2022-10-28,PFGRUPOARG,PFGRUPOARG.CL,5600.0
2022-11-04,PFGRUPOARG,PFGRUPOARG.CL,6050.0
2022-11-11,PFGRUPOARG,PFGRUPOARG.CL,6050.0
2022-11-18,PFGRUPOARG,PFGRUPOARG.CL,6140.0
2022-11-25,PFGRUPOARG,PFGRUPOARG.CL,6125.0
2022-12-02,PFGRUPOARG,PFGRUPOARG.CL,6170.0
2022-12-09,PFGRUPOARG,PFGRUPOARG.CL,5868.78
2022-12-16,PFGRUPOARG,PFGRUPOARG.CL,5700.0
2022-12-23,PFGRUPOARG,PFGRUPOARG.CL,5934.51
2022-12-30,PFGRUPOARG,PFGRUPOARG.CL,6350.0
2023-01-06,PFGRUPOARG,PFGRUPOARG.CL,6020.0
2023-01-13,PFGRUPOARG,PFGRUPOARG.CL,6270.0
2023-01-20,PFGRUPOARG,PFGRUPOARG.CL,6072.27
2023-01-27,PFGRUPOARG,PFGRUPOARG.CL,5520.0
2023-02-03,PFGRUPOARG,PFGRUPOARG.CL,5450.0
2023-02-10,PFGRUPOARG,PFGRUPOARG.CL,5300.0
2023-02-17,PFGRUPOARG,PFGRUPOARG.CL,4890.0
2023-02-24,PFGRUPOARG,PFGRUPOARG.CL,5290.0
2023-03-03,PFGRUPOARG,PFGRUPOARG.CL,5995.0
2023-03-10,PFGRUPOARG,PFGRUPOARG.CL,5600.0
2023-03-17,PFGRUPOARG,PFGRUPOARG.CL,5650.0
2023-03-24,PFGRUPOARG,PFGRUPOARG.CL,5690.0
2023-03-31,PFGRUPOARG,PFGRUPOARG.CL,5920.0
2023-04-07,PFGRUPOARG,PFGRUPOARG.CL,5800.0
2023-04-14,PFGRUPOARG,PFGRUPOARG.CL,5840.0
2023-04-21,PFGRUPOARG,PFGRUPOARG.CL,5550.0
2023-04-28,PFGRUPOARG,PFGRUPOARG.CL,5675.0
2023-05-05,PFGRUPOARG,PFGRUPOARG.CL,5305.0
2023-05-12,PFGRUPOARG,PFGRUPOARG.CL,5565.0
2023-05-19,PFGRUPOARG,PFGRUPOARG.CL,5423.52
2023-05-26,PFGRUPOARG,PFGRUPOARG.CL,5390.0
2023-06-02,PFGRUPOARG,PFGRUPOARG.CL,5390.0
2023-06-09,PFGRUPOARG,PFGRUPOARG.CL,5390.0
2023-06-16,PFGRUPOARG,PFGRUPOARG.CL,6070.0
2023-06-23,PFGRUPOARG,PFGRUPOARG.CL,6070.0
2023-06-30,PFGRUPOARG,PFGRUPOARG.CL,6010.0
2023-07-07,PFGRUPOARG,PFGRUPOARG.CL,6090.0
2023-07-14,PFGRUPOARG,PFGRUPOARG.CL,6170.0
2023-07-21,PFGRUPOARG,PFGRUPOARG.CL,6070.0
2023-07-28,PFGRUPOARG,PFGRUPOARG.CL,6080.0
2023-08-04,PFGRUPOARG,PFGRUPOARG.CL,6250.0
2023-08-11,PFGRUPOARG,PFGRUPOARG.CL,6290.0
2023-08-18,PFGRUPOARG,PFGRUPOARG.CL,5895.0
2023-08-25,PFGRUPOARG,PFGRUPOARG.CL,5900.0
2023-09-01,PFGRUPOARG,PFGRUPOARG.CL,5600.0
2023-09-08,PFGRUPOARG,PFGRUPOARG.CL,5800.0
2023-09-15,PFGRUPOARG,PFGRUPOARG.CL,5700.0
2023-09-22,PFGRUPOARG,PFGRUPOARG.CL,5905.0
2023-09-29,PFGRUPOARG,PFGRUPOARG.CL,6615.0
2023-10-06,PFGRUPOARG,PFGRUPOARG.CL,6950.0
2023-10-13,PFGRUPOARG,PFGRUPOARG.CL,6750.0
2023-10-20,PFGRUPOARG,PFGRUPOARG.CL,6580.0
2023-10-27,PFGRUPOARG,PFGRUPOARG.CL,6600.0
2023-11-03,PFGRUPOARG,PFGRUPOARG.CL,6430.0
2023-11-10,PFGRUPOARG,PFGRUPOARG.CL,6790.0
2023-11-17,PFGRUPOARG,PFGRUPOARG.CL,6950.0
2023-11-24,PFGRUPOARG,PFGRUPOARG.CL,7010.0
2023-12-01,PFGRUPOARG,PFGRUPOARG.CL,7330.0
2023-12-08,PFGRUPOARG,PFGRUPOARG.CL,7430.0
2023-12-15,PFGRUPOARG,PFGRUPOARG.CL,8100.0
2023-12-22,PFGRUPOARG,PFGRUPOARG.CL,7960.0
2023-12-29,PFGRUPOARG,PFGRUPOARG.CL,8460.0
2024-01-05,PFGRUPOARG,PFGRUPOARG.CL,9220.0
2024-01-12,PFGRUPOARG,PFGRUPOARG.CL,9600.0
2024-01-19,PFGRUPOARG,PFGRUPOARG.CL,10120.0
2024-01-26,PFGRUPOARG,PFGRUPOARG.CL,10340.0
2024-02-02,PFGRUPOARG,PFGRUPOARG.CL,10280.0
2024-02-09,PFGRUPOARG,PFGRUPOARG.CL,9800.0
2024-02-16,PFGRUPOARG,PFGRUPOARG.CL,9750.0
2024-02-23,PFGRUPOARG,PFGRUPOARG.CL,9850.0
2024-03-01,PFGRUPOARG,PFGRUPOARG.CL,10400.0
2024-03-08,PFGRUPOARG,PFGRUPOARG.CL,11100.0
2024-03-15,PFGRUPOARG,PFGRUPOARG.CL,10980.0
2024-03-22,PFGRUPOARG,PFGRUPOARG.CL,11100.0
2024-03-29,PFGRUPOARG,PFGRUPOARG.CL,11280.0
2024-04-05,PFGRUPOARG,PFGRUPOARG.CL,11420.0
2024-04-12,PFGRUPOARG,PFGRUPOARG.CL,12200.0
2024-04-19,PFGRUPOARG,PFGRUPOARG.CL,11100.0
2024-04-26,PFGRUPOARG,PFGRUPOARG.CL,11800.0
2024-05-03,PFGRUPOARG,PFGRUPOARG.CL,10700.0
2024-05-10,PFGRUPOARG,PFGRUPOARG.CL,11820.0
2024-05-17,PFGRUPOARG,PFGRUPOARG.CL,12080.0
2024-05-24,PFGRUPOARG,PFGRUPOARG.CL,12200.0
2024-05-31,PFGRUPOARG,PFGRUPOARG.CL,11660.0
2024-06-07,PFGRUPOARG,PFGRUPOARG.CL,12140.0
2024-06-14,PFGRUPOARG,PFGRUPOARG.CL,11760.0
2024-06-21,PFGRUPOARG,PFGRUPOARG.CL,11640.0
2024-06-28,PFGRUPOARG,PFGRUPOARG.CL,11900.0
2024-07-05,PFGRUPOARG,PFGRUPOARG.CL,11900.0
2024-07-12,PFGRUPOARG,PFGRUPOARG.CL,11960.0
2024-07-19,PFGRUPOARG,PFGRUPOARG.CL,11840.0
2024-07-26,PFGRUPOARG,PFGRUPOARG.CL,11680.0
2024-08-02,PFGRUPOARG,PFGRUPOARG.CL,11600.0
2024-08-09,PFGRUPOARG,PFGRUPOARG.CL,11680.0
2024-08-16,PFGRUPOARG,PFGRUPOARG.CL,11800.0
2024-08-23,PFGRUPOARG,PFGRUPOARG.CL,11500.0
2024-08-30,PFGRUPOARG,PFGRUPOARG.CL,11840.0
2024-09-06,PFGRUPOARG,PFGRUPOARG.CL,12200.0
2024-09-13,PFGRUPOARG,PFGRUPOARG.CL,11720.0
2024-09-20,PFGRUPOARG,PFGRUPOARG.CL,11720.0
2024-09-27,PFGRUPOARG,PFGRUPOARG.CL,11800.0
2024-10-04,PFGRUPOARG,PFGRUPOARG.CL,11600.0
2024-10-11,PFGRUPOARG,PFGRUPOARG.CL,11920.0
2024-10-18,PFGRUPOARG,PFGRUPOARG.CL,12820.0
2024-10-25,PFGRUPOARG,PFGRUPOARG.CL,12040.0
2024-11-01,PFGRUPOARG,PFGRUPOARG.CL,13400.0
2024-11-08,PFGRUPOARG,PFGRUPOARG.CL,13240.0
2024-11-15,PFGRUPOARG,PFGRUPOARG.CL,13100.0
2024-11-22,PFGRUPOARG,PFGRUPOARG.CL,13940.0
2024-11-29,PFGRUPOARG,PFGRUPOARG.CL,14000.0
2024-12-06,PFGRUPOARG,PFGRUPOARG.CL,14080.0
2024-12-13,PFGRUPOARG,PFGRUPOARG.CL,14240.0
2024-12-20,PFGRUPOARG,PFGRUPOARG.CL,15140.0
2024-12-27,PFGRUPOARG,PFGRUPOARG.CL,15420.0
2025-01-03,PFGRUPOARG,PFGRUPOARG.CL,15200.0
2025-01-10,PFGRUPOARG,PFGRUPOARG.CL,14660.0
2025-01-17,PFGRUPOARG,PFGRUPOARG.CL,14300.0
2025-01-24,PFGRUPOARG,PFGRUPOARG.CL,14100.0
2025-01-31,PFGRUPOARG,PFGRUPOARG.CL,14900.0
2025-02-07,PFGRUPOARG,PFGRUPOARG.CL,14700.0
2025-02-14,PFGRUPOARG,PFGRUPOARG.CL,15000.0
2025-02-21,PFGRUPOARG,PFGRUPOARG.CL,15360.0
2025-02-28,PFGRUPOARG,PFGRUPOARG.CL,15500.0
2025-03-07,PFGRUPOARG,PFGRUPOARG.CL,15800.0
2025-03-14,PFGRUPOARG,PFGRUPOARG.CL,15320.0
2025-03-21,PFGRUPOARG,PFGRUPOARG.CL,15120.0
2025-03-28,PFGRUPOARG,PFGRUPOARG.CL,15900.0
2025-04-04,PFGRUPOARG,PFGRUPOARG.CL,17460.0
2025-04-11,PFGRUPOARG,PFGRUPOARG.CL,16640.0
2025-04-18,PFGRUPOARG,PFGRUPOARG.CL,16800.0
2025-04-25,PFGRUPOARG,PFGRUPOARG.CL,16600.0
2025-05-02,PFGRUPOARG,PFGRUPOARG.CL,16520.0
2025-05-09,PFGRUPOARG,PFGRUPOARG.CL,16700.0
2025-05-16,PFGRUPOARG,PFGRUPOARG.CL,16500.0
2025-05-23,PFGRUPOARG,PFGRUPOARG.CL,16600.0
2025-05-30,PFGRUPOARG,PFGRUPOARG.CL,16360.0
2025-06-06,PFGRUPOARG,PFGRUPOARG.CL,16760.0
2025-06-13,PFGRUPOARG,PFGRUPOARG.CL,16500.0
2025-06-20,PFGRUPOARG,PFGRUPOARG.CL,16340.0
2025-06-27,PFGRUPOARG,PFGRUPOARG.CL,16540.0
2025-07-04,PFGRUPOARG,PFGRUPOARG.CL,17300.0
2025-07-11,PFGRUPOARG,PFGRUPOARG.CL,17780.0
2025-07-18,PFGRUPOARG,PFGRUPOARG.CL,18580.0
2025-07-25,PFGRUPOARG,PFGRUPOARG.CL,10368.01
2025-08-01,PFGRUPOARG,PFGRUPOARG.CL,11560.0
2025-08-08,PFGRUPOARG,PFGRUPOARG.CL,11320.0
2025-08-15,PFGRUPOARG,PFGRUPOARG.CL,11300.0
2025-08-22,PFGRUPOARG,PFGRUPOARG.CL,11000.0
2025-08-29,PFGRUPOARG,PFGRUPOARG.CL,10880.0
2025-09-05,PFGRUPOARG,PFGRUPOARG.CL,11180.0
2025-09-12,PFGRUPOARG,PFGRUPOARG.CL,11480.0
2025-09-19,PFGRUPOARG,PFGRUPOARG.CL,11300.0
2025-09-26,PFGRUPOARG,PFGRUPOARG.CL,11380.0
2025-10-03,PFGRUPOARG,PFGRUPOARG.CL,11480.0
2025-10-10,PFGRUPOARG,PFGRUPOARG.CL,11300.0
2025-10-17,PFGRUPOARG,PFGRUPOARG.CL,11380.0
2025-10-24,PFGRUPOARG,PFGRUPOARG.CL,11380.0
2025-10-31,PFGRUPOARG,PFGRUPOARG.CL,12080.0
2025-11-07,PFGRUPOARG,PFGRUPOARG.CL,12740.0
2025-11-14,PFGRUPOARG,PFGRUPOARG.CL,13120.0
2025-11-21,PFGRUPOARG,PFGRUPOARG.CL,13500.0
2025-11-28,PFGRUPOARG,PFGRUPOARG.CL,13380.0
2025-12-05,PFGRUPOARG,PFGRUPOARG.CL,13000.0
2025-12-12,PFGRUPOARG,PFGRUPOARG.CL,13000.0
2025-12-19,PFGRUPOARG,PFGRUPOARG.CL,12360.0
2025-12-26,PFGRUPOARG,PFGRUPOARG.CL,12980.0
2026-01-02,PFGRUPOARG,PFGRUPOARG.CL,12980.0
2026-01-09,PFGRUPOARG,PFGRUPOARG.CL,13380.0
2026-01-16,PFGRUPOARG,PFGRUPOARG.CL,13800.0
2026-01-23,PFGRUPOARG,PFGRUPOARG.CL,14640.0
2026-01-30,PFGRUPOARG,PFGRUPOARG.CL,14580.0
2026-02-06,PFGRUPOARG,PFGRUPOARG.CL,14200.0
2026-02-13,PFGRUPOARG,PFGRUPOARG.CL,13940.0
2026-02-20,PFGRUPOARG,PFGRUPOARG.CL,13900.0
2026-02-27,PFGRUPOARG,PFGRUPOARG.CL,13300.0
2026-03-06,PFGRUPOARG,PFGRUPOARG.CL,12460.0
2026-03-13,PFGRUPOARG,PFGRUPOARG.CL,12900.0
2026-03-20,PFGRUPOARG,PFGRUPOARG.CL,12240.0
2026-03-27,PFGRUPOARG,PFGRUPOARG.CL,13100.0
2026-04-03,PFGRUPOARG,PFGRUPOARG.CL,12920.0
2026-04-10,PFGRUPOARG,PFGRUPOARG.CL,12700.0
2026-04-17,PFGRUPOARG,PFGRUPOARG.CL,13060.0
2026-04-24,PFGRUPOARG,PFGRUPOARG.CL,12900.0
2026-05-01,PFGRUPOARG,PFGRUPOARG.CL,12180.0
2026-05-08,PFGRUPOARG,PFGRUPOARG.CL,11800.0
2026-05-15,PFGRUPOARG,PFGRUPOARG.CL,11300.0
2026-05-22,PFGRUPOARG,PFGRUPOARG.CL,11700.0
2026-05-29,PFGRUPOARG,PFGRUPOARG.CL,12560.0
2026-06-05,PFGRUPOARG,PFGRUPOARG.CL,11900.0
2026-06-12,PFGRUPOARG,PFGRUPOARG.CL,12280.0
2026-06-19,PFGRUPOARG,PFGRUPOARG.CL,12260.0
2026-06-26,PFGRUPOARG,PFGRUPOARG.CL,12640.0
2026-07-03,PFGRUPOARG,PFGRUPOARG.CL,12340.0
2026-07-10,PFGRUPOARG,PFGRUPOARG.CL,12380.0
2026-07-17,PFGRUPOARG,PFGRUPOARG.CL,12380.0
2026-07-24,PFGRUPOARG,PFGRUPOARG.CL,12200.0
2026-07-31,PFGRUPOARG,PFGRUPOARG.CL,12880.0
2026-08-07,PFGRUPOARG,PFGRUPOARG.CL,13800.0
2026-08-14,PFGRUPOARG,PFGRUPOARG.CL,15800.0
2026-08-21,PFGRUPOARG,PFGRUPOARG.CL,16000.0
2026-08-28,PFGRUPOARG,PFGRUPOARG.CL,16860.0
2026-09-04,PFGRUPOARG,PFGRUPOARG.CL,16500.0
2026-09-11,PFGRUPOARG,PFGRUPOARG.CL,16840.0
2026-09-18,PFGRUPOARG,PFGRUPOARG.CL,16200.0
2026-09-25,PFGRUPOARG,PFGRUPOARG.CL,16740.0
2026-09-30,PFGRUPOARG,PFGRUPOARG.CL,16460.0
2011-12-09,PFGRUPSURA,PFGRUPSURA.CL,32220.0
2011-12-16,PFGRUPSURA,PFGRUPSURA.CL,32500.0
2011-12-23,PFGRUPSURA,PFGRUPSURA.CL,33200.0
2011-12-30,PFGRUPSURA,PFGRUPSURA.CL,33000.0
2012-01-06,PFGRUPSURA,PFGRUPSURA.CL,33700.0
2012-01-13,PFGRUPSURA,PFGRUPSURA.CL,32800.0
2012-01-20,PFGRUPSURA,PFGRUPSURA.CL,32400.0
2012-01-27,PFGRUPSURA,PFGRUPSURA.CL,31700.0
2012-02-03,PFGRUPSURA,PFGRUPSURA.CL,32140.0
2012-02-10,PFGRUPSURA,PFGRUPSURA.CL,32560.0
2012-02-17,PFGRUPSURA,PFGRUPSURA.CL,32560.0
2012-02-24,PFGRUPSURA,PFGRUPSURA.CL,34000.0
2012-03-02,PFGRUPSURA,PFGRUPSURA.CL,34000.0
2012-03-09,PFGRUPSURA,PFGRUPSURA.CL,34000.0
2012-03-16,PFGRUPSURA,PFGRUPSURA.CL,34000.0
2012-03-23,PFGRUPSURA,PFGRUPSURA.CL,34000.0
2012-03-30,PFGRUPSURA,PFGRUPSURA.CL,34000.0
2012-04-06,PFGRUPSURA,PFGRUPSURA.CL,34000.0
2012-04-13,PFGRUPSURA,PFGRUPSURA.CL,32800.0
2012-04-20,PFGRUPSURA,PFGRUPSURA.CL,32680.0
2012-04-27,PFGRUPSURA,PFGRUPSURA.CL,32640.0
2012-05-04,PFGRUPSURA,PFGRUPSURA.CL,33600.0
2012-05-11,PFGRUPSURA,PFGRUPSURA.CL,34300.0
2012-05-18,PFGRUPSURA,PFGRUPSURA.CL,33700.0
2012-05-25,PFGRUPSURA,PFGRUPSURA.CL,33740.0
2012-06-01,PFGRUPSURA,PFGRUPSURA.CL,33400.0
2012-06-08,PFGRUPSURA,PFGRUPSURA.CL,33140.0
2012-06-15,PFGRUPSURA,PFGRUPSURA.CL,33500.0
2012-06-22,PFGRUPSURA,PFGRUPSURA.CL,33200.0
2012-06-29,PFGRUPSURA,PFGRUPSURA.CL,32400.0
2012-07-06,PFGRUPSURA,PFGRUPSURA.CL,33200.0
2012-07-13,PFGRUPSURA,PFGRUPSURA.CL,32760.0
2012-07-20,PFGRUPSURA,PFGRUPSURA.CL,32700.0
2012-07-27,PFGRUPSURA,PFGRUPSURA.CL,32680.0
2012-08-03,PFGRUPSURA,PFGRUPSURA.CL,32000.0
2012-08-10,PFGRUPSURA,PFGRUPSURA.CL,31980.0
2012-08-17,PFGRUPSURA,PFGRUPSURA.CL,32000.0
2012-08-24,PFGRUPSURA,PFGRUPSURA.CL,32180.0
2012-08-31,PFGRUPSURA,PFGRUPSURA.CL,32420.0
2012-09-07,PFGRUPSURA,PFGRUPSURA.CL,32620.0
2012-09-14,PFGRUPSURA,PFGRUPSURA.CL,33080.0
2012-09-21,PFGRUPSURA,PFGRUPSURA.CL,33400.0
2012-09-28,PFGRUPSURA,PFGRUPSURA.CL,33300.0
2012-10-05,PFGRUPSURA,PFGRUPSURA.CL,33340.0
2012-10-12,PFGRUPSURA,PFGRUPSURA.CL,33400.0
2012-10-19,PFGRUPSURA,PFGRUPSURA.CL,36000.0
2012-10-26,PFGRUPSURA,PFGRUPSURA.CL,36940.0
2012-11-02,PFGRUPSURA,PFGRUPSURA.CL,36000.0
2012-11-09,PFGRUPSURA,PFGRUPSURA.CL,36000.0
2012-11-16,PFGRUPSURA,PFGRUPSURA.CL,37000.0
2012-11-23,PFGRUPSURA,PFGRUPSURA.CL,36160.0
2012-11-30,PFGRUPSURA,PFGRUPSURA.CL,37000.0
2012-12-07,PFGRUPSURA,PFGRUPSURA.CL,37180.0
2012-12-14,PFGRUPSURA,PFGRUPSURA.CL,37500.0
2012-12-21,PFGRUPSURA,PFGRUPSURA.CL,37640.0
2012-12-28,PFGRUPSURA,PFGRUPSURA.CL,38500.0
2013-01-04,PFGRUPSURA,PFGRUPSURA.CL,38320.0
2013-01-11,PFGRUPSURA,PFGRUPSURA.CL,37980.0
2013-01-18,PFGRUPSURA,PFGRUPSURA.CL,37820.0
2013-01-25,PFGRUPSURA,PFGRUPSURA.CL,38640.0
2013-02-01,PFGRUPSURA,PFGRUPSURA.CL,38480.0
2013-02-08,PFGRUPSURA,PFGRUPSURA.CL,38880.0
2013-02-15,PFGRUPSURA,PFGRUPSURA.CL,39000.0
2013-02-22,PFGRUPSURA,PFGRUPSURA.CL,39400.0
2013-03-01,PFGRUPSURA,PFGRUPSURA.CL,40000.0
2013-03-08,PFGRUPSURA,PFGRUPSURA.CL,38600.0
2013-03-15,PFGRUPSURA,PFGRUPSURA.CL,39600.0
2013-03-22,PFGRUPSURA,PFGRUPSURA.CL,39060.0
2013-03-29,PFGRUPSURA,PFGRUPSURA.CL,39200.0
2013-04-05,PFGRUPSURA,PFGRUPSURA.CL,38700.0
2013-04-12,PFGRUPSURA,PFGRUPSURA.CL,39000.0
2013-04-19,PFGRUPSURA,PFGRUPSURA.CL,38500.0
2013-04-26,PFGRUPSURA,PFGRUPSURA.CL,38740.0
2013-05-03,PFGRUPSURA,PFGRUPSURA.CL,39200.0
2013-05-10,PFGRUPSURA,PFGRUPSURA.CL,38600.0
2013-05-17,PFGRUPSURA,PFGRUPSURA.CL,39680.0
2013-05-24,PFGRUPSURA,PFGRUPSURA.CL,39960.0
2013-05-31,PFGRUPSURA,PFGRUPSURA.CL,39600.0
2013-06-07,PFGRUPSURA,PFGRUPSURA.CL,39500.0
2013-06-14,PFGRUPSURA,PFGRUPSURA.CL,39280.0
2013-06-21,PFGRUPSURA,PFGRUPSURA.CL,38300.0
2013-06-28,PFGRUPSURA,PFGRUPSURA.CL,36400.0
2013-07-05,PFGRUPSURA,PFGRUPSURA.CL,37860.0
2013-07-12,PFGRUPSURA,PFGRUPSURA.CL,35800.0
2013-07-19,PFGRUPSURA,PFGRUPSURA.CL,37900.0
2013-07-26,PFGRUPSURA,PFGRUPSURA.CL,37720.0
2013-08-02,PFGRUPSURA,PFGRUPSURA.CL,38000.0
2013-08-09,PFGRUPSURA,PFGRUPSURA.CL,37980.0
2013-08-16,PFGRUPSURA,PFGRUPSURA.CL,38060.0
2013-08-23,PFGRUPSURA,PFGRUPSURA.CL,37880.0
2013-08-30,PFGRUPSURA,PFGRUPSURA.CL,38980.0
2013-09-06,PFGRUPSURA,PFGRUPSURA.CL,38880.0
2013-09-13,PFGRUPSURA,PFGRUPSURA.CL,39000.0
2013-09-20,PFGRUPSURA,PFGRUPSURA.CL,39000.0
2013-09-27,PFGRUPSURA,PFGRUPSURA.CL,38900.0
2013-10-04,PFGRUPSURA,PFGRUPSURA.CL,38980.0
2013-10-11,PFGRUPSURA,PFGRUPSURA.CL,38800.0
2013-10-18,PFGRUPSURA,PFGRUPSURA.CL,38700.0
2013-10-25,PFGRUPSURA,PFGRUPSURA.CL,38320.0
2013-11-01,PFGRUPSURA,PFGRUPSURA.CL,38360.0
2013-11-08,PFGRUPSURA,PFGRUPSURA.CL,36700.0
2013-11-15,PFGRUPSURA,PFGRUPSURA.CL,37000.0
2013-11-22,PFGRUPSURA,PFGRUPSURA.CL,37000.0
2013-11-29,PFGRUPSURA,PFGRUPSURA.CL,35800.0
2013-12-06,PFGRUPSURA,PFGRUPSURA.CL,34380.0
2013-12-13,PFGRUPSURA,PFGRUPSURA.CL,35980.0
2013-12-20,PFGRUPSURA,PFGRUPSURA.CL,36180.0
2013-12-27,PFGRUPSURA,PFGRUPSURA.CL,34920.0
2014-01-03,PFGRUPSURA,PFGRUPSURA.CL,35000.0
2014-01-10,PFGRUPSURA,PFGRUPSURA.CL,34000.0
2014-01-17,PFGRUPSURA,PFGRUPSURA.CL,33900.0
2014-01-24,PFGRUPSURA,PFGRUPSURA.CL,32120.0
2014-01-31,PFGRUPSURA,PFGRUPSURA.CL,31200.0
2014-02-07,PFGRUPSURA,PFGRUPSURA.CL,31320.0
2014-02-14,PFGRUPSURA,PFGRUPSURA.CL,32520.0
2014-02-21,PFGRUPSURA,PFGRUPSURA.CL,32220.0
2014-02-28,PFGRUPSURA,PFGRUPSURA.CL,32900.0
2014-03-07,PFGRUPSURA,PFGRUPSURA.CL,35280.0
2014-03-14,PFGRUPSURA,PFGRUPSURA.CL,35960.0
2014-03-21,PFGRUPSURA,PFGRUPSURA.CL,35940.0
2014-03-28,PFGRUPSURA,PFGRUPSURA.CL,36800.0
2014-04-04,PFGRUPSURA,PFGRUPSURA.CL,36820.0
2014-04-11,PFGRUPSURA,PFGRUPSURA.CL,36500.0
2014-04-18,PFGRUPSURA,PFGRUPSURA.CL,36020.0
2014-04-25,PFGRUPSURA,PFGRUPSURA.CL,36940.0
2014-05-02,PFGRUPSURA,PFGRUPSURA.CL,38180.0
2014-05-09,PFGRUPSURA,PFGRUPSURA.CL,38500.0
2014-05-16,PFGRUPSURA,PFGRUPSURA.CL,38200.0
2014-05-23,PFGRUPSURA,PFGRUPSURA.CL,37900.0
2014-05-30,PFGRUPSURA,PFGRUPSURA.CL,38680.0
2014-06-06,PFGRUPSURA,PFGRUPSURA.CL,39000.0
2014-06-13,PFGRUPSURA,PFGRUPSURA.CL,39900.0
2014-06-20,PFGRUPSURA,PFGRUPSURA.CL,39700.0
2014-06-27,PFGRUPSURA,PFGRUPSURA.CL,39800.0
2014-07-04,PFGRUPSURA,PFGRUPSURA.CL,39800.0
2014-07-11,PFGRUPSURA,PFGRUPSURA.CL,39240.0
2014-07-18,PFGRUPSURA,PFGRUPSURA.CL,39200.0
2014-07-25,PFGRUPSURA,PFGRUPSURA.CL,39200.0
2014-08-01,PFGRUPSURA,PFGRUPSURA.CL,39680.0
2014-08-08,PFGRUPSURA,PFGRUPSURA.CL,40840.0
2014-08-15,PFGRUPSURA,PFGRUPSURA.CL,41940.0
2014-08-22,PFGRUPSURA,PFGRUPSURA.CL,43000.0
2014-08-29,PFGRUPSURA,PFGRUPSURA.CL,42960.0
2014-09-05,PFGRUPSURA,PFGRUPSURA.CL,43400.0
2014-09-12,PFGRUPSURA,PFGRUPSURA.CL,42500.0
2014-09-19,PFGRUPSURA,PFGRUPSURA.CL,42720.0
2014-09-26,PFGRUPSURA,PFGRUPSURA.CL,40400.0
2014-10-03,PFGRUPSURA,PFGRUPSURA.CL,39140.0
2014-10-10,PFGRUPSURA,PFGRUPSURA.CL,40900.0
2014-10-17,PFGRUPSURA,PFGRUPSURA.CL,39120.0
2014-10-24,PFGRUPSURA,PFGRUPSURA.CL,40200.0
2014-10-31,PFGRUPSURA,PFGRUPSURA.CL,41440.0
2014-11-07,PFGRUPSURA,PFGRUPSURA.CL,42360.0
2014-11-14,PFGRUPSURA,PFGRUPSURA.CL,40220.0
2014-11-21,PFGRUPSURA,PFGRUPSURA.CL,40000.0
2014-11-28,PFGRUPSURA,PFGRUPSURA.CL,39500.0
2014-12-05,PFGRUPSURA,PFGRUPSURA.CL,39020.0
2014-12-12,PFGRUPSURA,PFGRUPSURA.CL,37500.0
2014-12-19,PFGRUPSURA,PFGRUPSURA.CL,36200.0
2014-12-26,PFGRUPSURA,PFGRUPSURA.CL,39000.0
2015-01-02,PFGRUPSURA,PFGRUPSURA.CL,38400.0
2015-01-09,PFGRUPSURA,PFGRUPSURA.CL,36080.0
2015-01-16,PFGRUPSURA,PFGRUPSURA.CL,34000.0
2015-01-23,PFGRUPSURA,PFGRUPSURA.CL,34380.0
2015-01-30,PFGRUPSURA,PFGRUPSURA.CL,34900.0
2015-02-06,PFGRUPSURA,PFGRUPSURA.CL,35240.0
2015-02-13,PFGRUPSURA,PFGRUPSURA.CL,34300.0
2015-02-20,PFGRUPSURA,PFGRUPSURA.CL,35000.0
2015-02-27,PFGRUPSURA,PFGRUPSURA.CL,35040.0
2015-03-06,PFGRUPSURA,PFGRUPSURA.CL,33200.0
2015-03-13,PFGRUPSURA,PFGRUPSURA.CL,32380.0
2015-03-20,PFGRUPSURA,PFGRUPSURA.CL,32880.0
2015-03-27,PFGRUPSURA,PFGRUPSURA.CL,33000.0
2015-04-03,PFGRUPSURA,PFGRUPSURA.CL,34000.0
2015-04-10,PFGRUPSURA,PFGRUPSURA.CL,35300.0
2015-04-17,PFGRUPSURA,PFGRUPSURA.CL,35300.0
2015-04-24,PFGRUPSURA,PFGRUPSURA.CL,34500.0
2015-05-01,PFGRUPSURA,PFGRUPSURA.CL,35500.0
2015-05-08,PFGRUPSURA,PFGRUPSURA.CL,35200.0
2015-05-15,PFGRUPSURA,PFGRUPSURA.CL,35020.0
2015-05-22,PFGRUPSURA,PFGRUPSURA.CL,34920.0
2015-05-29,PFGRUPSURA,PFGRUPSURA.CL,33060.0
2015-06-05,PFGRUPSURA,PFGRUPSURA.CL,34680.0
2015-06-12,PFGRUPSURA,PFGRUPSURA.CL,35800.0
2015-06-19,PFGRUPSURA,PFGRUPSURA.CL,36140.0
2015-06-26,PFGRUPSURA,PFGRUPSURA.CL,35300.0
2015-07-03,PFGRUPSURA,PFGRUPSURA.CL,36800.0
2015-07-10,PFGRUPSURA,PFGRUPSURA.CL,36040.0
2015-07-17,PFGRUPSURA,PFGRUPSURA.CL,36500.0
2015-07-24,PFGRUPSURA,PFGRUPSURA.CL,36000.0
2015-07-31,PFGRUPSURA,PFGRUPSURA.CL,36300.0
2015-08-07,PFGRUPSURA,PFGRUPSURA.CL,35800.0
2015-08-14,PFGRUPSURA,PFGRUPSURA.CL,35780.0
2015-08-21,PFGRUPSURA,PFGRUPSURA.CL,34400.0
2015-08-28,PFGRUPSURA,PFGRUPSURA.CL,32980.0
2015-09-04,PFGRUPSURA,PFGRUPSURA.CL,33220.0
2015-09-11,PFGRUPSURA,PFGRUPSURA.CL,34600.0
2015-09-18,PFGRUPSURA,PFGRUPSURA.CL,35240.0
2015-09-25,PFGRUPSURA,PFGRUPSURA.CL,34680.0
2015-10-02,PFGRUPSURA,PFGRUPSURA.CL,34980.0
2015-10-09,PFGRUPSURA,PFGRUPSURA.CL,36800.0
2015-10-16,PFGRUPSURA,PFGRUPSURA.CL,35500.0
2015-10-23,PFGRUPSURA,PFGRUPSURA.CL,36400.0
2015-10-30,PFGRUPSURA,PFGRUPSURA.CL,36180.0
2015-11-06,PFGRUPSURA,PFGRUPSURA.CL,35820.0
2015-11-13,PFGRUPSURA,PFGRUPSURA.CL,35400.0
2015-11-20,PFGRUPSURA,PFGRUPSURA.CL,32480.0
2015-11-27,PFGRUPSURA,PFGRUPSURA.CL,31340.0
2015-12-04,PFGRUPSURA,PFGRUPSURA.CL,29820.0
2015-12-11,PFGRUPSURA,PFGRUPSURA.CL,30800.0
2015-12-18,PFGRUPSURA,PFGRUPSURA.CL,33480.0
2015-12-25,PFGRUPSURA,PFGRUPSURA.CL,33220.0
2016-01-01,PFGRUPSURA,PFGRUPSURA.CL,34800.0
2016-01-08,PFGRUPSURA,PFGRUPSURA.CL,33180.0
2016-01-15,PFGRUPSURA,PFGRUPSURA.CL,31460.0
2016-01-22,PFGRUPSURA,PFGRUPSURA.CL,32560.0
2016-01-29,PFGRUPSURA,PFGRUPSURA.CL,34800.0
2016-02-05,PFGRUPSURA,PFGRUPSURA.CL,34980.0
2016-02-12,PFGRUPSURA,PFGRUPSURA.CL,35080.0
2016-02-19,PFGRUPSURA,PFGRUPSURA.CL,36400.0
2016-02-26,PFGRUPSURA,PFGRUPSURA.CL,37000.0
2016-03-04,PFGRUPSURA,PFGRUPSURA.CL,37500.0
2016-03-11,PFGRUPSURA,PFGRUPSURA.CL,37660.0
2016-03-18,PFGRUPSURA,PFGRUPSURA.CL,38000.0
2016-03-25,PFGRUPSURA,PFGRUPSURA.CL,39300.0
2016-04-01,PFGRUPSURA,PFGRUPSURA.CL,39200.0
2016-04-08,PFGRUPSURA,PFGRUPSURA.CL,38000.0
2016-04-15,PFGRUPSURA,PFGRUPSURA.CL,39000.0
2016-04-22,PFGRUPSURA,PFGRUPSURA.CL,38980.0
2016-04-29,PFGRUPSURA,PFGRUPSURA.CL,38500.0
2016-05-06,PFGRUPSURA,PFGRUPSURA.CL,36660.0
2016-05-13,PFGRUPSURA,PFGRUPSURA.CL,38840.0
2016-05-20,PFGRUPSURA,PFGRUPSURA.CL,37560.0
2016-05-27,PFGRUPSURA,PFGRUPSURA.CL,36540.0
2016-06-03,PFGRUPSURA,PFGRUPSURA.CL,37180.0
2016-06-10,PFGRUPSURA,PFGRUPSURA.CL,38400.0
2016-06-17,PFGRUPSURA,PFGRUPSURA.CL,37060.0
2016-06-24,PFGRUPSURA,PFGRUPSURA.CL,37500.0
2016-07-01,PFGRUPSURA,PFGRUPSURA.CL,37580.0
2016-07-08,PFGRUPSURA,PFGRUPSURA.CL,37600.0
2016-07-15,PFGRUPSURA,PFGRUPSURA.CL,38500.0
2016-07-22,PFGRUPSURA,PFGRUPSURA.CL,39000.0
2016-07-29,PFGRUPSURA,PFGRUPSURA.CL,38400.0
2016-08-05,PFGRUPSURA,PFGRUPSURA.CL,37500.0
2016-08-12,PFGRUPSURA,PFGRUPSURA.CL,38180.0
2016-08-19,PFGRUPSURA,PFGRUPSURA.CL,37880.0
2016-08-26,PFGRUPSURA,PFGRUPSURA.CL,38300.0
2016-09-02,PFGRUPSURA,PFGRUPSURA.CL,37920.0
2016-09-09,PFGRUPSURA,PFGRUPSURA.CL,38980.0
2016-09-16,PFGRUPSURA,PFGRUPSURA.CL,38160.0
2016-09-23,PFGRUPSURA,PFGRUPSURA.CL,38000.0
2016-09-30,PFGRUPSURA,PFGRUPSURA.CL,37540.0
2016-10-07,PFGRUPSURA,PFGRUPSURA.CL,37820.0
2016-10-14,PFGRUPSURA,PFGRUPSURA.CL,37600.0
2016-10-21,PFGRUPSURA,PFGRUPSURA.CL,37560.0
2016-10-28,PFGRUPSURA,PFGRUPSURA.CL,37440.0
2016-11-04,PFGRUPSURA,PFGRUPSURA.CL,37120.0
2016-11-11,PFGRUPSURA,PFGRUPSURA.CL,36120.0
2016-11-18,PFGRUPSURA,PFGRUPSURA.CL,35500.0
2016-11-25,PFGRUPSURA,PFGRUPSURA.CL,35520.0
2016-12-02,PFGRUPSURA,PFGRUPSURA.CL,35460.0
2016-12-09,PFGRUPSURA,PFGRUPSURA.CL,35900.0
2016-12-16,PFGRUPSURA,PFGRUPSURA.CL,36560.0
2016-12-23,PFGRUPSURA,PFGRUPSURA.CL,35600.0
2016-12-30,PFGRUPSURA,PFGRUPSURA.CL,37000.0
2017-01-06,PFGRUPSURA,PFGRUPSURA.CL,37400.0
2017-01-13,PFGRUPSURA,PFGRUPSURA.CL,37660.0
2017-01-20,PFGRUPSURA,PFGRUPSURA.CL,37580.0
2017-01-27,PFGRUPSURA,PFGRUPSURA.CL,38400.0
2017-02-03,PFGRUPSURA,PFGRUPSURA.CL,38680.0
2017-02-10,PFGRUPSURA,PFGRUPSURA.CL,37580.0
2017-02-17,PFGRUPSURA,PFGRUPSURA.CL,37560.0
2017-02-24,PFGRUPSURA,PFGRUPSURA.CL,36260.0
2017-03-03,PFGRUPSURA,PFGRUPSURA.CL,36540.0
2017-03-10,PFGRUPSURA,PFGRUPSURA.CL,37380.0
2017-03-17,PFGRUPSURA,PFGRUPSURA.CL,37660.0
2017-03-24,PFGRUPSURA,PFGRUPSURA.CL,38280.0
2017-03-31,PFGRUPSURA,PFGRUPSURA.CL,38200.0
2017-04-07,PFGRUPSURA,PFGRUPSURA.CL,38080.0
2017-04-14,PFGRUPSURA,PFGRUPSURA.CL,38380.0
2017-04-21,PFGRUPSURA,PFGRUPSURA.CL,37700.0
2017-04-28,PFGRUPSURA,PFGRUPSURA.CL,37660.0
2017-05-05,PFGRUPSURA,PFGRUPSURA.CL,37900.0
2017-05-12,PFGRUPSURA,PFGRUPSURA.CL,38620.0
2017-05-19,PFGRUPSURA,PFGRUPSURA.CL,37740.0
2017-05-26,PFGRUPSURA,PFGRUPSURA.CL,38200.0
2017-06-02,PFGRUPSURA,PFGRUPSURA.CL,37800.0
2017-06-09,PFGRUPSURA,PFGRUPSURA.CL,38000.0
2017-06-16,PFGRUPSURA,PFGRUPSURA.CL,38400.0
2017-06-23,PFGRUPSURA,PFGRUPSURA.CL,38080.0
2017-06-30,PFGRUPSURA,PFGRUPSURA.CL,38620.0
2017-07-07,PFGRUPSURA,PFGRUPSURA.CL,39660.0
2017-07-14,PFGRUPSURA,PFGRUPSURA.CL,39720.0
2017-07-21,PFGRUPSURA,PFGRUPSURA.CL,39880.0
2017-07-28,PFGRUPSURA,PFGRUPSURA.CL,40960.0
2017-08-04,PFGRUPSURA,PFGRUPSURA.CL,40400.0
2017-08-11,PFGRUPSURA,PFGRUPSURA.CL,39900.0
2017-08-18,PFGRUPSURA,PFGRUPSURA.CL,40240.0
2017-08-25,PFGRUPSURA,PFGRUPSURA.CL,40240.0
2017-09-01,PFGRUPSURA,PFGRUPSURA.CL,40240.0
2017-09-08,PFGRUPSURA,PFGRUPSURA.CL,40380.0
2017-09-15,PFGRUPSURA,PFGRUPSURA.CL,40980.0
2017-09-22,PFGRUPSURA,PFGRUPSURA.CL,40200.0
2017-09-29,PFGRUPSURA,PFGRUPSURA.CL,40180.0
2017-10-06,PFGRUPSURA,PFGRUPSURA.CL,40640.0
2017-10-13,PFGRUPSURA,PFGRUPSURA.CL,40680.0
2017-10-20,PFGRUPSURA,PFGRUPSURA.CL,39960.0
2017-10-27,PFGRUPSURA,PFGRUPSURA.CL,38100.0
2017-11-03,PFGRUPSURA,PFGRUPSURA.CL,36820.0
2017-11-10,PFGRUPSURA,PFGRUPSURA.CL,36700.0
2017-11-17,PFGRUPSURA,PFGRUPSURA.CL,37500.0
2017-11-24,PFGRUPSURA,PFGRUPSURA.CL,38000.0
2017-12-01,PFGRUPSURA,PFGRUPSURA.CL,38240.0
2017-12-08,PFGRUPSURA,PFGRUPSURA.CL,37500.0
2017-12-15,PFGRUPSURA,PFGRUPSURA.CL,37800.0
2017-12-22,PFGRUPSURA,PFGRUPSURA.CL,38780.0
2017-12-29,PFGRUPSURA,PFGRUPSURA.CL,39000.0
2018-01-05,PFGRUPSURA,PFGRUPSURA.CL,39600.0
2018-01-12,PFGRUPSURA,PFGRUPSURA.CL,39000.0
2018-01-19,PFGRUPSURA,PFGRUPSURA.CL,39200.0
2018-01-26,PFGRUPSURA,PFGRUPSURA.CL,39000.0
2018-02-02,PFGRUPSURA,PFGRUPSURA.CL,38300.0
2018-02-09,PFGRUPSURA,PFGRUPSURA.CL,36100.0
2018-02-16,PFGRUPSURA,PFGRUPSURA.CL,37320.0
2018-02-23,PFGRUPSURA,PFGRUPSURA.CL,37460.0
2018-03-02,PFGRUPSURA,PFGRUPSURA.CL,34540.0
2018-03-09,PFGRUPSURA,PFGRUPSURA.CL,35620.0
2018-03-16,PFGRUPSURA,PFGRUPSURA.CL,35460.0
2018-03-23,PFGRUPSURA,PFGRUPSURA.CL,35000.0
2018-03-30,PFGRUPSURA,PFGRUPSURA.CL,35000.0
2018-04-06,PFGRUPSURA,PFGRUPSURA.CL,36360.0
2018-04-13,PFGRUPSURA,PFGRUPSURA.CL,36680.0
2018-04-20,PFGRUPSURA,PFGRUPSURA.CL,36620.0
2018-04-27,PFGRUPSURA,PFGRUPSURA.CL,36860.0
2018-05-04,PFGRUPSURA,PFGRUPSURA.CL,36300.0
2018-05-11,PFGRUPSURA,PFGRUPSURA.CL,35900.0
2018-05-18,PFGRUPSURA,PFGRUPSURA.CL,34400.0
2018-05-25,PFGRUPSURA,PFGRUPSURA.CL,35880.0
2018-06-01,PFGRUPSURA,PFGRUPSURA.CL,35300.0
2018-06-08,PFGRUPSURA,PFGRUPSURA.CL,35620.0
2018-06-15,PFGRUPSURA,PFGRUPSURA.CL,35200.0
2018-06-22,PFGRUPSURA,PFGRUPSURA.CL,34840.0
2018-06-29,PFGRUPSURA,PFGRUPSURA.CL,34780.0
2018-07-06,PFGRUPSURA,PFGRUPSURA.CL,36200.0
2018-07-13,PFGRUPSURA,PFGRUPSURA.CL,35780.0
2018-07-20,PFGRUPSURA,PFGRUPSURA.CL,35800.0
2018-07-27,PFGRUPSURA,PFGRUPSURA.CL,34980.0
2018-08-03,PFGRUPSURA,PFGRUPSURA.CL,35180.0
2018-08-10,PFGRUPSURA,PFGRUPSURA.CL,35300.0
2018-08-17,PFGRUPSURA,PFGRUPSURA.CL,35460.0
2018-08-24,PFGRUPSURA,PFGRUPSURA.CL,35300.0
2018-08-31,PFGRUPSURA,PFGRUPSURA.CL,35000.0
2018-09-07,PFGRUPSURA,PFGRUPSURA.CL,32500.0
2018-09-14,PFGRUPSURA,PFGRUPSURA.CL,34100.0
2018-09-21,PFGRUPSURA,PFGRUPSURA.CL,32200.0
2018-09-28,PFGRUPSURA,PFGRUPSURA.CL,32900.0
2018-10-05,PFGRUPSURA,PFGRUPSURA.CL,34080.0
2018-10-12,PFGRUPSURA,PFGRUPSURA.CL,32020.0
2018-10-19,PFGRUPSURA,PFGRUPSURA.CL,32180.0
2018-10-26,PFGRUPSURA,PFGRUPSURA.CL,30000.0
2018-11-02,PFGRUPSURA,PFGRUPSURA.CL,28800.0
2018-11-09,PFGRUPSURA,PFGRUPSURA.CL,30800.0
2018-11-16,PFGRUPSURA,PFGRUPSURA.CL,31280.0
2018-11-23,PFGRUPSURA,PFGRUPSURA.CL,31180.0
2018-11-30,PFGRUPSURA,PFGRUPSURA.CL,30580.0
2018-12-07,PFGRUPSURA,PFGRUPSURA.CL,30760.0
2018-12-14,PFGRUPSURA,PFGRUPSURA.CL,30740.0
2018-12-21,PFGRUPSURA,PFGRUPSURA.CL,29400.0
2018-12-28,PFGRUPSURA,PFGRUPSURA.CL,31080.0
2019-01-04,PFGRUPSURA,PFGRUPSURA.CL,31060.0
2019-01-11,PFGRUPSURA,PFGRUPSURA.CL,30900.0
2019-01-18,PFGRUPSURA,PFGRUPSURA.CL,31060.0
2019-01-25,PFGRUPSURA,PFGRUPSURA.CL,32040.0
2019-02-01,PFGRUPSURA,PFGRUPSURA.CL,33220.0
2019-02-08,PFGRUPSURA,PFGRUPSURA.CL,33340.0
2019-02-15,PFGRUPSURA,PFGRUPSURA.CL,33300.0
2019-02-22,PFGRUPSURA,PFGRUPSURA.CL,33680.0
2019-03-01,PFGRUPSURA,PFGRUPSURA.CL,33000.0
2019-03-08,PFGRUPSURA,PFGRUPSURA.CL,32140.0
2019-03-15,PFGRUPSURA,PFGRUPSURA.CL,34500.0
2019-03-22,PFGRUPSURA,PFGRUPSURA.CL,35000.0
2019-03-29,PFGRUPSURA,PFGRUPSURA.CL,34400.0
2019-04-05,PFGRUPSURA,PFGRUPSURA.CL,34360.0
2019-04-12,PFGRUPSURA,PFGRUPSURA.CL,34400.0
2019-04-19,PFGRUPSURA,PFGRUPSURA.CL,33360.0
2019-04-26,PFGRUPSURA,PFGRUPSURA.CL,34760.0
2019-05-03,PFGRUPSURA,PFGRUPSURA.CL,34000.0
2019-05-10,PFGRUPSURA,PFGRUPSURA.CL,32580.0
2019-05-17,PFGRUPSURA,PFGRUPSURA.CL,30480.0
2019-05-24,PFGRUPSURA,PFGRUPSURA.CL,29800.0
2019-05-31,PFGRUPSURA,PFGRUPSURA.CL,30400.0
2019-06-07,PFGRUPSURA,PFGRUPSURA.CL,30360.0
2019-06-14,PFGRUPSURA,PFGRUPSURA.CL,30840.0
2019-06-21,PFGRUPSURA,PFGRUPSURA.CL,31780.0
2019-06-28,PFGRUPSURA,PFGRUPSURA.CL,31640.0
2019-07-05,PFGRUPSURA,PFGRUPSURA.CL,31920.0
2019-07-12,PFGRUPSURA,PFGRUPSURA.CL,33000.0
2019-07-19,PFGRUPSURA,PFGRUPSURA.CL,32420.0
2019-07-26,PFGRUPSURA,PFGRUPSURA.CL,32300.0
2019-08-02,PFGRUPSURA,PFGRUPSURA.CL,31200.0
2019-08-09,PFGRUPSURA,PFGRUPSURA.CL,30460.0
2019-08-16,PFGRUPSURA,PFGRUPSURA.CL,29760.0
2019-08-23,PFGRUPSURA,PFGRUPSURA.CL,29800.0
2019-08-30,PFGRUPSURA,PFGRUPSURA.CL,30480.0
2019-09-06,PFGRUPSURA,PFGRUPSURA.CL,31280.0
2019-09-13,PFGRUPSURA,PFGRUPSURA.CL,31400.0
2019-09-20,PFGRUPSURA,PFGRUPSURA.CL,30980.0
2019-09-27,PFGRUPSURA,PFGRUPSURA.CL,30300.0
2019-10-04,PFGRUPSURA,PFGRUPSURA.CL,29680.0
2019-10-11,PFGRUPSURA,PFGRUPSURA.CL,29360.0
2019-10-18,PFGRUPSURA,PFGRUPSURA.CL,28820.0
2019-10-25,PFGRUPSURA,PFGRUPSURA.CL,29780.0
2019-11-01,PFGRUPSURA,PFGRUPSURA.CL,30980.0
2019-11-08,PFGRUPSURA,PFGRUPSURA.CL,28100.0
2019-11-15,PFGRUPSURA,PFGRUPSURA.CL,28520.0
2019-11-22,PFGRUPSURA,PFGRUPSURA.CL,28240.0
2019-11-29,PFGRUPSURA,PFGRUPSURA.CL,27700.0
2019-12-06,PFGRUPSURA,PFGRUPSURA.CL,28000.0
2019-12-13,PFGRUPSURA,PFGRUPSURA.CL,28760.0
2019-12-20,PFGRUPSURA,PFGRUPSURA.CL,28400.0
2019-12-27,PFGRUPSURA,PFGRUPSURA.CL,29000.0
2020-01-03,PFGRUPSURA,PFGRUPSURA.CL,29200.0
2020-01-10,PFGRUPSURA,PFGRUPSURA.CL,28760.0
2020-01-17,PFGRUPSURA,PFGRUPSURA.CL,27900.0
2020-01-24,PFGRUPSURA,PFGRUPSURA.CL,27900.0
2020-01-31,PFGRUPSURA,PFGRUPSURA.CL,27900.0
2020-02-07,PFGRUPSURA,PFGRUPSURA.CL,28360.0
2020-02-14,PFGRUPSURA,PFGRUPSURA.CL,28540.0
2020-02-21,PFGRUPSURA,PFGRUPSURA.CL,27700.0
2020-02-28,PFGRUPSURA,PFGRUPSURA.CL,26400.0
2020-03-06,PFGRUPSURA,PFGRUPSURA.CL,26000.0
2020-03-13,PFGRUPSURA,PFGRUPSURA.CL,19600.0
2020-03-20,PFGRUPSURA,PFGRUPSURA.CL,11920.0
2020-03-27,PFGRUPSURA,PFGRUPSURA.CL,17000.0
2020-04-03,PFGRUPSURA,PFGRUPSURA.CL,16500.0
2020-04-10,PFGRUPSURA,PFGRUPSURA.CL,17460.0
2020-04-17,PFGRUPSURA,PFGRUPSURA.CL,19560.0
2020-04-24,PFGRUPSURA,PFGRUPSURA.CL,18980.0
2020-05-01,PFGRUPSURA,PFGRUPSURA.CL,18880.0
2020-05-08,PFGRUPSURA,PFGRUPSURA.CL,18180.0
2020-05-15,PFGRUPSURA,PFGRUPSURA.CL,16200.0
2020-05-22,PFGRUPSURA,PFGRUPSURA.CL,16300.0
2020-05-29,PFGRUPSURA,PFGRUPSURA.CL,15160.0
2020-06-05,PFGRUPSURA,PFGRUPSURA.CL,17620.0
2020-06-12,PFGRUPSURA,PFGRUPSURA.CL,16500.0
2020-06-19,PFGRUPSURA,PFGRUPSURA.CL,15860.0
2020-06-26,PFGRUPSURA,PFGRUPSURA.CL,15880.0
2020-07-03,PFGRUPSURA,PFGRUPSURA.CL,16200.0
2020-07-10,PFGRUPSURA,PFGRUPSURA.CL,16660.0
2020-07-17,PFGRUPSURA,PFGRUPSURA.CL,16980.0
2020-07-24,PFGRUPSURA,PFGRUPSURA.CL,17440.0
2020-07-31,PFGRUPSURA,PFGRUPSURA.CL,16320.0
2020-08-07,PFGRUPSURA,PFGRUPSURA.CL,17000.0
2020-08-14,PFGRUPSURA,PFGRUPSURA.CL,16760.0
2020-08-21,PFGRUPSURA,PFGRUPSURA.CL,17440.0
2020-08-28,PFGRUPSURA,PFGRUPSURA.CL,18100.0
2020-09-04,PFGRUPSURA,PFGRUPSURA.CL,19080.0
2020-09-11,PFGRUPSURA,PFGRUPSURA.CL,19680.0
2020-09-18,PFGRUPSURA,PFGRUPSURA.CL,19220.0
2020-09-25,PFGRUPSURA,PFGRUPSURA.CL,18060.0
2020-10-02,PFGRUPSURA,PFGRUPSURA.CL,18000.0
2020-10-09,PFGRUPSURA,PFGRUPSURA.CL,18460.0
2020-10-16,PFGRUPSURA,PFGRUPSURA.CL,17630.0
2020-10-23,PFGRUPSURA,PFGRUPSURA.CL,17570.0
2020-10-30,PFGRUPSURA,PFGRUPSURA.CL,16710.0
2020-11-06,PFGRUPSURA,PFGRUPSURA.CL,16650.0
2020-11-13,PFGRUPSURA,PFGRUPSURA.CL,17000.0
2020-11-20,PFGRUPSURA,PFGRUPSURA.CL,17480.0
2020-11-27,PFGRUPSURA,PFGRUPSURA.CL,18000.0
2020-12-04,PFGRUPSURA,PFGRUPSURA.CL,18700.0
2020-12-11,PFGRUPSURA,PFGRUPSURA.CL,19780.0
2020-12-18,PFGRUPSURA,PFGRUPSURA.CL,22160.0
2020-12-25,PFGRUPSURA,PFGRUPSURA.CL,21810.0
2021-01-01,PFGRUPSURA,PFGRUPSURA.CL,22000.0
2021-01-08,PFGRUPSURA,PFGRUPSURA.CL,21810.0
2021-01-15,PFGRUPSURA,PFGRUPSURA.CL,21800.0
2021-01-22,PFGRUPSURA,PFGRUPSURA.CL,21890.0
2021-01-29,PFGRUPSURA,PFGRUPSURA.CL,20500.0
2021-02-05,PFGRUPSURA,PFGRUPSURA.CL,21100.0
2021-02-12,PFGRUPSURA,PFGRUPSURA.CL,20790.0
2021-02-19,PFGRUPSURA,PFGRUPSURA.CL,20650.0
2021-02-26,PFGRUPSURA,PFGRUPSURA.CL,19900.0
2021-03-05,PFGRUPSURA,PFGRUPSURA.CL,19610.0
2021-03-12,PFGRUPSURA,PFGRUPSURA.CL,19800.0
2021-03-19,PFGRUPSURA,PFGRUPSURA.CL,18750.0
2021-03-26,PFGRUPSURA,PFGRUPSURA.CL,18780.0
2021-04-02,PFGRUPSURA,PFGRUPSURA.CL,18940.0
2021-04-09,PFGRUPSURA,PFGRUPSURA.CL,18740.0
2021-04-16,PFGRUPSURA,PFGRUPSURA.CL,18360.0
2021-04-23,PFGRUPSURA,PFGRUPSURA.CL,17980.0
2021-04-30,PFGRUPSURA,PFGRUPSURA.CL,16940.0
2021-05-07,PFGRUPSURA,PFGRUPSURA.CL,17850.0
2021-05-14,PFGRUPSURA,PFGRUPSURA.CL,18000.0
2021-05-21,PFGRUPSURA,PFGRUPSURA.CL,17730.0
2021-05-28,PFGRUPSURA,PFGRUPSURA.CL,17450.0
2021-06-04,PFGRUPSURA,PFGRUPSURA.CL,17490.0
2021-06-11,PFGRUPSURA,PFGRUPSURA.CL,17880.0
2021-06-18,PFGRUPSURA,PFGRUPSURA.CL,18190.0
2021-06-25,PFGRUPSURA,PFGRUPSURA.CL,17740.0
2021-07-02,PFGRUPSURA,PFGRUPSURA.CL,17000.0
2021-07-09,PFGRUPSURA,PFGRUPSURA.CL,17380.0
2021-07-16,PFGRUPSURA,PFGRUPSURA.CL,17180.0
2021-07-23,PFGRUPSURA,PFGRUPSURA.CL,16940.0
2021-07-30,PFGRUPSURA,PFGRUPSURA.CL,16280.0
2021-08-06,PFGRUPSURA,PFGRUPSURA.CL,16390.0
2021-08-13,PFGRUPSURA,PFGRUPSURA.CL,16500.0
2021-08-20,PFGRUPSURA,PFGRUPSURA.CL,18000.0
2021-08-27,PFGRUPSURA,PFGRUPSURA.CL,17800.0
2021-09-03,PFGRUPSURA,PFGRUPSURA.CL,18230.0
2021-09-10,PFGRUPSURA,PFGRUPSURA.CL,18000.0
2021-09-17,PFGRUPSURA,PFGRUPSURA.CL,18210.0
2021-09-24,PFGRUPSURA,PFGRUPSURA.CL,17700.0
2021-10-01,PFGRUPSURA,PFGRUPSURA.CL,18550.0
2021-10-08,PFGRUPSURA,PFGRUPSURA.CL,18950.0
2021-10-15,PFGRUPSURA,PFGRUPSURA.CL,19050.0
2021-10-22,PFGRUPSURA,PFGRUPSURA.CL,18800.0
2021-10-29,PFGRUPSURA,PFGRUPSURA.CL,18890.0
2021-11-05,PFGRUPSURA,PFGRUPSURA.CL,18810.0
2021-11-12,PFGRUPSURA,PFGRUPSURA.CL,18440.0
2021-11-19,PFGRUPSURA,PFGRUPSURA.CL,18300.0
2021-11-26,PFGRUPSURA,PFGRUPSURA.CL,19400.0
2021-12-03,PFGRUPSURA,PFGRUPSURA.CL,23320.0
2021-12-10,PFGRUPSURA,PFGRUPSURA.CL,23490.0
2021-12-17,PFGRUPSURA,PFGRUPSURA.CL,23000.0
2021-12-24,PFGRUPSURA,PFGRUPSURA.CL,22300.0
2021-12-31,PFGRUPSURA,PFGRUPSURA.CL,22250.0
2022-01-07,PFGRUPSURA,PFGRUPSURA.CL,21200.0
2022-01-14,PFGRUPSURA,PFGRUPSURA.CL,22700.0
2022-01-21,PFGRUPSURA,PFGRUPSURA.CL,26800.0
2022-01-28,PFGRUPSURA,PFGRUPSURA.CL,28110.0
2022-02-04,PFGRUPSURA,PFGRUPSURA.CL,25300.0
2022-02-11,PFGRUPSURA,PFGRUPSURA.CL,23520.0
2022-02-18,PFGRUPSURA,PFGRUPSURA.CL,22400.0
2022-02-25,PFGRUPSURA,PFGRUPSURA.CL,22600.0
2022-03-04,PFGRUPSURA,PFGRUPSURA.CL,22600.0
2022-03-11,PFGRUPSURA,PFGRUPSURA.CL,22560.0
2022-03-18,PFGRUPSURA,PFGRUPSURA.CL,21900.0
2022-03-25,PFGRUPSURA,PFGRUPSURA.CL,23090.0
2022-04-01,PFGRUPSURA,PFGRUPSURA.CL,22400.0
2022-04-08,PFGRUPSURA,PFGRUPSURA.CL,21540.0
2022-04-15,PFGRUPSURA,PFGRUPSURA.CL,21740.0
2022-04-22,PFGRUPSURA,PFGRUPSURA.CL,21800.0
2022-04-29,PFGRUPSURA,PFGRUPSURA.CL,21800.0
2022-05-06,PFGRUPSURA,PFGRUPSURA.CL,21700.0
2022-05-13,PFGRUPSURA,PFGRUPSURA.CL,20990.0
2022-05-20,PFGRUPSURA,PFGRUPSURA.CL,21440.0
2022-05-27,PFGRUPSURA,PFGRUPSURA.CL,21660.0
2022-06-03,PFGRUPSURA,PFGRUPSURA.CL,22580.0
2022-06-10,PFGRUPSURA,PFGRUPSURA.CL,21210.0
2022-06-17,PFGRUPSURA,PFGRUPSURA.CL,19700.0
2022-06-24,PFGRUPSURA,PFGRUPSURA.CL,18090.0
2022-07-01,PFGRUPSURA,PFGRUPSURA.CL,15900.0
2022-07-08,PFGRUPSURA,PFGRUPSURA.CL,17650.0
2022-07-15,PFGRUPSURA,PFGRUPSURA.CL,16100.0
2022-07-22,PFGRUPSURA,PFGRUPSURA.CL,16100.0
2022-07-29,PFGRUPSURA,PFGRUPSURA.CL,15400.0
2022-08-05,PFGRUPSURA,PFGRUPSURA.CL,15450.0
2022-08-12,PFGRUPSURA,PFGRUPSURA.CL,15380.0
2022-08-19,PFGRUPSURA,PFGRUPSURA.CL,15200.0
2022-08-26,PFGRUPSURA,PFGRUPSURA.CL,15980.0
2022-09-02,PFGRUPSURA,PFGRUPSURA.CL,15060.0
2022-09-09,PFGRUPSURA,PFGRUPSURA.CL,15260.0
2022-09-16,PFGRUPSURA,PFGRUPSURA.CL,12870.0
2022-09-23,PFGRUPSURA,PFGRUPSURA.CL,13300.0
2022-09-30,PFGRUPSURA,PFGRUPSURA.CL,12800.0
2022-10-07,PFGRUPSURA,PFGRUPSURA.CL,13180.0
2022-10-14,PFGRUPSURA,PFGRUPSURA.CL,12460.0
2022-10-21,PFGRUPSURA,PFGRUPSURA.CL,12100.0
2022-10-28,PFGRUPSURA,PFGRUPSURA.CL,12940.0
2022-11-04,PFGRUPSURA,PFGRUPSURA.CL,14230.0
2022-11-11,PFGRUPSURA,PFGRUPSURA.CL,14000.0
2022-11-18,PFGRUPSURA,PFGRUPSURA.CL,14510.0
2022-11-25,PFGRUPSURA,PFGRUPSURA.CL,13550.0
2022-12-02,PFGRUPSURA,PFGRUPSURA.CL,12990.0
2022-12-09,PFGRUPSURA,PFGRUPSURA.CL,12850.0
2022-12-16,PFGRUPSURA,PFGRUPSURA.CL,12250.0
2022-12-23,PFGRUPSURA,PFGRUPSURA.CL,12620.0
2022-12-30,PFGRUPSURA,PFGRUPSURA.CL,13200.0
2023-01-06,PFGRUPSURA,PFGRUPSURA.CL,12800.0
2023-01-13,PFGRUPSURA,PFGRUPSURA.CL,13000.0
2023-01-20,PFGRUPSURA,PFGRUPSURA.CL,12870.0
2023-01-27,PFGRUPSURA,PFGRUPSURA.CL,12480.0
2023-02-03,PFGRUPSURA,PFGRUPSURA.CL,12010.0
2023-02-10,PFGRUPSURA,PFGRUPSURA.CL,11790.0
2023-02-17,PFGRUPSURA,PFGRUPSURA.CL,10520.0
2023-02-24,PFGRUPSURA,PFGRUPSURA.CL,9835.0
2023-03-03,PFGRUPSURA,PFGRUPSURA.CL,11360.0
2023-03-10,PFGRUPSURA,PFGRUPSURA.CL,11240.0
2023-03-17,PFGRUPSURA,PFGRUPSURA.CL,10100.0
2023-03-24,PFGRUPSURA,PFGRUPSURA.CL,10330.0
2023-03-31,PFGRUPSURA,PFGRUPSURA.CL,11290.0
2023-04-07,PFGRUPSURA,PFGRUPSURA.CL,11400.0
2023-04-14,PFGRUPSURA,PFGRUPSURA.CL,11780.0
2023-04-21,PFGRUPSURA,PFGRUPSURA.CL,11600.0
2023-04-28,PFGRUPSURA,PFGRUPSURA.CL,11600.0
2023-05-05,PFGRUPSURA,PFGRUPSURA.CL,11300.0
2023-05-12,PFGRUPSURA,PFGRUPSURA.CL,11600.0
2023-05-19,PFGRUPSURA,PFGRUPSURA.CL,11450.0
2023-05-26,PFGRUPSURA,PFGRUPSURA.CL,11250.0
2023-06-02,PFGRUPSURA,PFGRUPSURA.CL,11250.0
2023-06-09,PFGRUPSURA,PFGRUPSURA.CL,11250.0
2023-06-16,PFGRUPSURA,PFGRUPSURA.CL,13450.0
2023-06-23,PFGRUPSURA,PFGRUPSURA.CL,13160.0
2023-06-30,PFGRUPSURA,PFGRUPSURA.CL,12950.0
2023-07-07,PFGRUPSURA,PFGRUPSURA.CL,13280.0
2023-07-14,PFGRUPSURA,PFGRUPSURA.CL,13400.0
2023-07-21,PFGRUPSURA,PFGRUPSURA.CL,13790.0
2023-07-28,PFGRUPSURA,PFGRUPSURA.CL,14400.0
2023-08-04,PFGRUPSURA,PFGRUPSURA.CL,13700.0
2023-08-11,PFGRUPSURA,PFGRUPSURA.CL,13700.0
2023-08-18,PFGRUPSURA,PFGRUPSURA.CL,13500.0
2023-08-25,PFGRUPSURA,PFGRUPSURA.CL,12500.0
2023-09-01,PFGRUPSURA,PFGRUPSURA.CL,12000.0
2023-09-08,PFGRUPSURA,PFGRUPSURA.CL,12200.0
2023-09-15,PFGRUPSURA,PFGRUPSURA.CL,10600.0
2023-09-22,PFGRUPSURA,PFGRUPSURA.CL,11050.0
2023-09-29,PFGRUPSURA,PFGRUPSURA.CL,12270.0
2023-10-06,PFGRUPSURA,PFGRUPSURA.CL,12500.0
2023-10-13,PFGRUPSURA,PFGRUPSURA.CL,12390.0
2023-10-20,PFGRUPSURA,PFGRUPSURA.CL,12300.0
2023-10-27,PFGRUPSURA,PFGRUPSURA.CL,12100.0
2023-11-03,PFGRUPSURA,PFGRUPSURA.CL,12000.0
2023-11-10,PFGRUPSURA,PFGRUPSURA.CL,12100.0
2023-11-17,PFGRUPSURA,PFGRUPSURA.CL,12400.0
2023-11-24,PFGRUPSURA,PFGRUPSURA.CL,12200.0
2023-12-01,PFGRUPSURA,PFGRUPSURA.CL,12380.0
2023-12-08,PFGRUPSURA,PFGRUPSURA.CL,12100.0
2023-12-15,PFGRUPSURA,PFGRUPSURA.CL,12920.0
2023-12-22,PFGRUPSURA,PFGRUPSURA.CL,13340.0
2023-12-29,PFGRUPSURA,PFGRUPSURA.CL,13500.0
2024-01-05,PFGRUPSURA,PFGRUPSURA.CL,15000.0
2024-01-12,PFGRUPSURA,PFGRUPSURA.CL,15500.0
2024-01-19,PFGRUPSURA,PFGRUPSURA.CL,16900.0
2024-01-26,PFGRUPSURA,PFGRUPSURA.CL,17600.0
2024-02-02,PFGRUPSURA,PFGRUPSURA.CL,15980.0
2024-02-09,PFGRUPSURA,PFGRUPSURA.CL,16220.0
2024-02-16,PFGRUPSURA,PFGRUPSURA.CL,16460.0
2024-02-23,PFGRUPSURA,PFGRUPSURA.CL,16800.0
2024-03-01,PFGRUPSURA,PFGRUPSURA.CL,18300.0
2024-03-08,PFGRUPSURA,PFGRUPSURA.CL,18900.0
2024-03-15,PFGRUPSURA,PFGRUPSURA.CL,18120.0
2024-03-22,PFGRUPSURA,PFGRUPSURA.CL,19000.0
2024-03-29,PFGRUPSURA,PFGRUPSURA.CL,18540.0
2024-04-05,PFGRUPSURA,PFGRUPSURA.CL,20480.0
2024-04-12,PFGRUPSURA,PFGRUPSURA.CL,21840.0
2024-04-19,PFGRUPSURA,PFGRUPSURA.CL,20280.0
2024-04-26,PFGRUPSURA,PFGRUPSURA.CL,23000.0
2024-05-03,PFGRUPSURA,PFGRUPSURA.CL,19200.0
2024-05-10,PFGRUPSURA,PFGRUPSURA.CL,24000.0
2024-05-17,PFGRUPSURA,PFGRUPSURA.CL,26780.0
2024-05-24,PFGRUPSURA,PFGRUPSURA.CL,25300.0
2024-05-31,PFGRUPSURA,PFGRUPSURA.CL,24000.0
2024-06-07,PFGRUPSURA,PFGRUPSURA.CL,25260.0
2024-06-14,PFGRUPSURA,PFGRUPSURA.CL,24840.0
2024-06-21,PFGRUPSURA,PFGRUPSURA.CL,25180.0
2024-06-28,PFGRUPSURA,PFGRUPSURA.CL,24420.0
2024-07-05,PFGRUPSURA,PFGRUPSURA.CL,24800.0
2024-07-12,PFGRUPSURA,PFGRUPSURA.CL,23900.0
2024-07-19,PFGRUPSURA,PFGRUPSURA.CL,23260.0
2024-07-26,PFGRUPSURA,PFGRUPSURA.CL,22800.0
2024-08-02,PFGRUPSURA,PFGRUPSURA.CL,21600.0
2024-08-09,PFGRUPSURA,PFGRUPSURA.CL,22140.0
2024-08-16,PFGRUPSURA,PFGRUPSURA.CL,23040.0
2024-08-23,PFGRUPSURA,PFGRUPSURA.CL,22400.0
2024-08-30,PFGRUPSURA,PFGRUPSURA.CL,21300.0
2024-09-06,PFGRUPSURA,PFGRUPSURA.CL,21140.0
2024-09-13,PFGRUPSURA,PFGRUPSURA.CL,20560.0
2024-09-20,PFGRUPSURA,PFGRUPSURA.CL,19840.0
2024-09-27,PFGRUPSURA,PFGRUPSURA.CL,21100.0
2024-10-04,PFGRUPSURA,PFGRUPSURA.CL,21020.0
2024-10-11,PFGRUPSURA,PFGRUPSURA.CL,21100.0
2024-10-18,PFGRUPSURA,PFGRUPSURA.CL,22220.0
2024-10-25,PFGRUPSURA,PFGRUPSURA.CL,22300.0
2024-11-01,PFGRUPSURA,PFGRUPSURA.CL,23040.0
2024-11-08,PFGRUPSURA,PFGRUPSURA.CL,23120.0
2024-11-15,PFGRUPSURA,PFGRUPSURA.CL,22840.0
2024-11-22,PFGRUPSURA,PFGRUPSURA.CL,23140.0
2024-11-29,PFGRUPSURA,PFGRUPSURA.CL,23320.0
2024-12-06,PFGRUPSURA,PFGRUPSURA.CL,23320.0
2024-12-13,PFGRUPSURA,PFGRUPSURA.CL,23460.0
2024-12-20,PFGRUPSURA,PFGRUPSURA.CL,25540.0
2024-12-27,PFGRUPSURA,PFGRUPSURA.CL,26340.0
2025-01-03,PFGRUPSURA,PFGRUPSURA.CL,26040.0
2025-01-10,PFGRUPSURA,PFGRUPSURA.CL,26080.0
2025-01-17,PFGRUPSURA,PFGRUPSURA.CL,25700.0
2025-01-24,PFGRUPSURA,PFGRUPSURA.CL,26180.0
2025-01-31,PFGRUPSURA,PFGRUPSURA.CL,28640.0
2025-02-07,PFGRUPSURA,PFGRUPSURA.CL,29920.0
2025-02-14,PFGRUPSURA,PFGRUPSURA.CL,30780.0
2025-02-21,PFGRUPSURA,PFGRUPSURA.CL,35000.0
2025-02-28,PFGRUPSURA,PFGRUPSURA.CL,38500.0
2025-03-07,PFGRUPSURA,PFGRUPSURA.CL,38920.0
2025-03-14,PFGRUPSURA,PFGRUPSURA.CL,37400.0
2025-03-21,PFGRUPSURA,PFGRUPSURA.CL,37420.0
2025-03-28,PFGRUPSURA,PFGRUPSURA.CL,38620.0
2025-04-04,PFGRUPSURA,PFGRUPSURA.CL,39140.0
2025-04-11,PFGRUPSURA,PFGRUPSURA.CL,38560.0
2025-04-18,PFGRUPSURA,PFGRUPSURA.CL,38900.0
2025-04-25,PFGRUPSURA,PFGRUPSURA.CL,37900.0
2025-05-02,PFGRUPSURA,PFGRUPSURA.CL,37700.0
2025-05-09,PFGRUPSURA,PFGRUPSURA.CL,37820.0
2025-05-16,PFGRUPSURA,PFGRUPSURA.CL,38200.0
2025-05-23,PFGRUPSURA,PFGRUPSURA.CL,38400.0
2025-05-30,PFGRUPSURA,PFGRUPSURA.CL,37300.0
2025-06-06,PFGRUPSURA,PFGRUPSURA.CL,37620.0
2025-06-13,PFGRUPSURA,PFGRUPSURA.CL,38060.0
2025-06-20,PFGRUPSURA,PFGRUPSURA.CL,38100.0
2025-06-27,PFGRUPSURA,PFGRUPSURA.CL,37600.0
2025-07-04,PFGRUPSURA,PFGRUPSURA.CL,38740.0
2025-07-11,PFGRUPSURA,PFGRUPSURA.CL,41480.0
2025-07-18,PFGRUPSURA,PFGRUPSURA.CL,42140.0
2025-07-25,PFGRUPSURA,PFGRUPSURA.CL,34439.16
2025-08-01,PFGRUPSURA,PFGRUPSURA.CL,37120.0
2025-08-08,PFGRUPSURA,PFGRUPSURA.CL,36980.0
2025-08-15,PFGRUPSURA,PFGRUPSURA.CL,36480.0
2025-08-22,PFGRUPSURA,PFGRUPSURA.CL,36100.0
2025-08-29,PFGRUPSURA,PFGRUPSURA.CL,35640.0
2025-09-05,PFGRUPSURA,PFGRUPSURA.CL,35540.0
2025-09-12,PFGRUPSURA,PFGRUPSURA.CL,35860.0
2025-09-19,PFGRUPSURA,PFGRUPSURA.CL,37500.0
2025-09-26,PFGRUPSURA,PFGRUPSURA.CL,35620.0
2025-10-03,PFGRUPSURA,PFGRUPSURA.CL,35780.0
2025-10-10,PFGRUPSURA,PFGRUPSURA.CL,35840.0
2025-10-17,PFGRUPSURA,PFGRUPSURA.CL,36400.0
2025-10-24,PFGRUPSURA,PFGRUPSURA.CL,39480.0
2025-10-31,PFGRUPSURA,PFGRUPSURA.CL,40900.0
2025-11-07,PFGRUPSURA,PFGRUPSURA.CL,46000.0
2025-11-14,PFGRUPSURA,PFGRUPSURA.CL,47680.0
2025-11-21,PFGRUPSURA,PFGRUPSURA.CL,44980.0
2025-11-28,PFGRUPSURA,PFGRUPSURA.CL,45080.0
2025-12-05,PFGRUPSURA,PFGRUPSURA.CL,44000.0
2025-12-12,PFGRUPSURA,PFGRUPSURA.CL,46760.0
2025-12-19,PFGRUPSURA,PFGRUPSURA.CL,43700.0
2025-12-26,PFGRUPSURA,PFGRUPSURA.CL,44000.0
2026-01-02,PFGRUPSURA,PFGRUPSURA.CL,42900.0
2026-01-09,PFGRUPSURA,PFGRUPSURA.CL,44400.0
2026-01-16,PFGRUPSURA,PFGRUPSURA.CL,48200.0
2026-01-23,PFGRUPSURA,PFGRUPSURA.CL,51800.0
2026-01-30,PFGRUPSURA,PFGRUPSURA.CL,52100.0
2026-02-06,PFGRUPSURA,PFGRUPSURA.CL,51200.0
2026-02-13,PFGRUPSURA,PFGRUPSURA.CL,51400.0
2026-02-20,PFGRUPSURA,PFGRUPSURA.CL,52740.0
2026-02-27,PFGRUPSURA,PFGRUPSURA.CL,46000.0
2026-03-06,PFGRUPSURA,PFGRUPSURA.CL,41600.0
2026-03-13,PFGRUPSURA,PFGRUPSURA.CL,40000.0
2026-03-20,PFGRUPSURA,PFGRUPSURA.CL,41500.0
2026-03-27,PFGRUPSURA,PFGRUPSURA.CL,42000.0
2026-04-03,PFGRUPSURA,PFGRUPSURA.CL,42500.0
2026-04-10,PFGRUPSURA,PFGRUPSURA.CL,41020.0
2026-04-17,PFGRUPSURA,PFGRUPSURA.CL,45000.0
2026-04-24,PFGRUPSURA,PFGRUPSURA.CL,42380.0
2026-05-01,PFGRUPSURA,PFGRUPSURA.CL,40480.0
2026-05-08,PFGRUPSURA,PFGRUPSURA.CL,40820.0
2026-05-15,PFGRUPSURA,PFGRUPSURA.CL,40760.0
2026-05-22,PFGRUPSURA,PFGRUPSURA.CL,40600.0
2026-05-29,PFGRUPSURA,PFGRUPSURA.CL,42380.0
2026-06-05,PFGRUPSURA,PFGRUPSURA.CL,40760.0
2026-06-12,PFGRUPSURA,PFGRUPSURA.CL,44500.0
2026-06-19,PFGRUPSURA,PFGRUPSURA.CL,45500.0
2026-06-26,PFGRUPSURA,PFGRUPSURA.CL,45640.0
2026-07-03,PFGRUPSURA,PFGRUPSURA.CL,45920.0
2026-07-10,PFGRUPSURA,PFGRUPSURA.CL,45120.0
2026-07-17,PFGRUPSURA,PFGRUPSURA.CL,44400.0
2026-07-24,PFGRUPSURA,PFGRUPSURA.CL,43500.0
2026-07-31,PFGRUPSURA,PFGRUPSURA.CL,44700.0
2026-08-07,PFGRUPSURA,PFGRUPSURA.CL,44240.0
2026-08-14,PFGRUPSURA,PFGRUPSURA.CL,48200.0
2026-08-21,PFGRUPSURA,PFGRUPSURA.CL,48000.0
2026-08-28,PFGRUPSURA,PFGRUPSURA.CL,49000.0
2026-09-04,PFGRUPSURA,PFGRUPSURA.CL,56000.0
2026-09-11,PFGRUPSURA,PFGRUPSURA.CL,57980.0
2026-09-18,PFGRUPSURA,PFGRUPSURA.CL,55500.0
2026-09-25,PFGRUPSURA,PFGRUPSURA.CL,59080.0
2026-09-30,PFGRUPSURA,PFGRUPSURA.CL,58800.0
2010-01-01,PROMIGAS,PROMIGAS.CL,34370.26
2010-01-08,PROMIGAS,PROMIGAS.CL,32918.0
2010-01-15,PROMIGAS,PROMIGAS.CL,32511.36
2010-01-22,PROMIGAS,PROMIGAS.CL,34757.53
2010-01-29,PROMIGAS,PROMIGAS.CL,33866.81
2010-02-05,PROMIGAS,PROMIGAS.CL,32046.64
2010-02-12,PROMIGAS,PROMIGAS.CL,31949.82
2010-02-19,PROMIGAS,PROMIGAS.CL,33402.09
2010-02-26,PROMIGAS,PROMIGAS.CL,33905.54
2010-03-05,PROMIGAS,PROMIGAS.CL,34176.63
2010-03-12,PROMIGAS,PROMIGAS.CL,34176.63
2010-03-19,PROMIGAS,PROMIGAS.CL,31020.37
2010-03-26,PROMIGAS,PROMIGAS.CL,33866.81
2010-04-02,PROMIGAS,PROMIGAS.CL,33866.81
2010-04-09,PROMIGAS,PROMIGAS.CL,33866.81
2010-04-16,PROMIGAS,PROMIGAS.CL,33711.9
2010-04-23,PROMIGAS,PROMIGAS.CL,32918.0
2010-04-30,PROMIGAS,PROMIGAS.CL,33402.09
2010-05-07,PROMIGAS,PROMIGAS.CL,33402.09
2010-05-14,PROMIGAS,PROMIGAS.CL,33886.17
2010-05-21,PROMIGAS,PROMIGAS.CL,33886.17
2010-05-28,PROMIGAS,PROMIGAS.CL,33886.17
2010-06-04,PROMIGAS,PROMIGAS.CL,31969.18
2010-06-11,PROMIGAS,PROMIGAS.CL,32918.0
2010-06-18,PROMIGAS,PROMIGAS.CL,32918.0
2010-06-25,PROMIGAS,PROMIGAS.CL,31949.82
2010-07-02,PROMIGAS,PROMIGAS.CL,31988.55
2010-07-09,PROMIGAS,PROMIGAS.CL,31949.82
2010-07-16,PROMIGAS,PROMIGAS.CL,32143.46
2010-07-23,PROMIGAS,PROMIGAS.CL,32046.64
2010-07-30,PROMIGAS,PROMIGAS.CL,31949.82
2010-08-06,PROMIGAS,PROMIGAS.CL,30981.64
2010-08-13,PROMIGAS,PROMIGAS.CL,31001.01
2010-08-20,PROMIGAS,PROMIGAS.CL,31001.01
2010-08-27,PROMIGAS,PROMIGAS.CL,31949.82
2010-09-03,PROMIGAS,PROMIGAS.CL,33886.17
2010-09-10,PROMIGAS,PROMIGAS.CL,32705.0
2010-09-17,PROMIGAS,PROMIGAS.CL,31949.82
2010-09-24,PROMIGAS,PROMIGAS.CL,32414.54
2010-10-01,PROMIGAS,PROMIGAS.CL,32375.82
2010-10-08,PROMIGAS,PROMIGAS.CL,32433.91
2010-10-15,PROMIGAS,PROMIGAS.CL,32530.73
2010-10-22,PROMIGAS,PROMIGAS.CL,33886.17
2010-10-29,PROMIGAS,PROMIGAS.CL,33789.36
2010-11-05,PROMIGAS,PROMIGAS.CL,32743.72
2010-11-12,PROMIGAS,PROMIGAS.CL,32743.72
2010-11-19,PROMIGAS,PROMIGAS.CL,32433.91
2010-11-26,PROMIGAS,PROMIGAS.CL,31949.82
2010-12-03,PROMIGAS,PROMIGAS.CL,32182.18
2010-12-10,PROMIGAS,PROMIGAS.CL,32143.46
2010-12-17,PROMIGAS,PROMIGAS.CL,33402.09
2010-12-24,PROMIGAS,PROMIGAS.CL,33402.09
2010-12-31,PROMIGAS,PROMIGAS.CL,33402.09
2011-01-07,PROMIGAS,PROMIGAS.CL,32240.27
2011-01-14,PROMIGAS,PROMIGAS.CL,25947.13
2011-01-21,PROMIGAS,PROMIGAS.CL,26237.58
2011-01-28,PROMIGAS,PROMIGAS.CL,28115.84
2011-02-04,PROMIGAS,PROMIGAS.CL,28077.12
2011-02-11,PROMIGAS,PROMIGAS.CL,28077.12
2011-02-18,PROMIGAS,PROMIGAS.CL,28115.84
2011-02-25,PROMIGAS,PROMIGAS.CL,30013.47
2011-03-04,PROMIGAS,PROMIGAS.CL,30013.47
2011-03-11,PROMIGAS,PROMIGAS.CL,29045.29
2011-03-18,PROMIGAS,PROMIGAS.CL,29045.29
2011-03-25,PROMIGAS,PROMIGAS.CL,30013.47
2011-04-01,PROMIGAS,PROMIGAS.CL,30497.56
2011-04-08,PROMIGAS,PROMIGAS.CL,29045.29
2011-04-15,PROMIGAS,PROMIGAS.CL,29045.29
2011-04-22,PROMIGAS,PROMIGAS.CL,29045.29
2011-04-29,PROMIGAS,PROMIGAS.CL,29045.29
2011-05-06,PROMIGAS,PROMIGAS.CL,29045.29
2011-05-13,PROMIGAS,PROMIGAS.CL,29045.29
2011-05-20,PROMIGAS,PROMIGAS.CL,29064.65
2011-05-27,PROMIGAS,PROMIGAS.CL,28561.2
2011-06-03,PROMIGAS,PROMIGAS.CL,28077.12
2011-06-10,PROMIGAS,PROMIGAS.CL,27593.03
2011-06-17,PROMIGAS,PROMIGAS.CL,27612.39
2011-06-24,PROMIGAS,PROMIGAS.CL,27612.39
2011-07-01,PROMIGAS,PROMIGAS.CL,26760.39
2011-07-08,PROMIGAS,PROMIGAS.CL,27108.94
2011-07-15,PROMIGAS,PROMIGAS.CL,26140.76
2011-07-22,PROMIGAS,PROMIGAS.CL,28077.12
2011-07-29,PROMIGAS,PROMIGAS.CL,28096.48
2011-08-05,PROMIGAS,PROMIGAS.CL,28096.48
2011-08-12,PROMIGAS,PROMIGAS.CL,28057.75
2011-08-19,PROMIGAS,PROMIGAS.CL,28077.12
2011-08-26,PROMIGAS,PROMIGAS.CL,28077.12
2011-09-02,PROMIGAS,PROMIGAS.CL,28077.12
2011-09-09,PROMIGAS,PROMIGAS.CL,28077.12
2011-09-16,PROMIGAS,PROMIGAS.CL,26140.76
2011-09-23,PROMIGAS,PROMIGAS.CL,26140.76
2011-09-30,PROMIGAS,PROMIGAS.CL,27573.66
2011-10-07,PROMIGAS,PROMIGAS.CL,26140.76
2011-10-14,PROMIGAS,PROMIGAS.CL,26140.76
2011-10-21,PROMIGAS,PROMIGAS.CL,26237.58
2011-10-28,PROMIGAS,PROMIGAS.CL,26140.76
2011-11-04,PROMIGAS,PROMIGAS.CL,26140.76
2011-11-11,PROMIGAS,PROMIGAS.CL,26237.58
2011-11-18,PROMIGAS,PROMIGAS.CL,26140.76
2011-11-25,PROMIGAS,PROMIGAS.CL,26140.76
2011-12-02,PROMIGAS,PROMIGAS.CL,26140.76
2011-12-09,PROMIGAS,PROMIGAS.CL,25172.59
2011-12-16,PROMIGAS,PROMIGAS.CL,25172.59
2011-12-23,PROMIGAS,PROMIGAS.CL,25656.67
2011-12-30,PROMIGAS,PROMIGAS.CL,25656.67
2012-01-06,PROMIGAS,PROMIGAS.CL,25656.67
2012-01-13,PROMIGAS,PROMIGAS.CL,25366.22
2012-01-20,PROMIGAS,PROMIGAS.CL,24804.68
2012-01-27,PROMIGAS,PROMIGAS.CL,24978.95
2012-02-03,PROMIGAS,PROMIGAS.CL,24978.95
2012-02-10,PROMIGAS,PROMIGAS.CL,24785.32
2012-02-17,PROMIGAS,PROMIGAS.CL,24785.32
2012-02-24,PROMIGAS,PROMIGAS.CL,24785.32
2012-03-02,PROMIGAS,PROMIGAS.CL,25366.22
2012-03-09,PROMIGAS,PROMIGAS.CL,25172.59
2012-03-16,PROMIGAS,PROMIGAS.CL,26140.76
2012-03-23,PROMIGAS,PROMIGAS.CL,26624.85
2012-03-30,PROMIGAS,PROMIGAS.CL,27108.94
2012-04-06,PROMIGAS,PROMIGAS.CL,27108.94
2012-04-13,PROMIGAS,PROMIGAS.CL,27108.94
2012-04-20,PROMIGAS,PROMIGAS.CL,28057.75
2012-04-27,PROMIGAS,PROMIGAS.CL,25753.49
2012-05-04,PROMIGAS,PROMIGAS.CL,28057.75
2012-05-11,PROMIGAS,PROMIGAS.CL,27012.12
2012-05-18,PROMIGAS,PROMIGAS.CL,27108.94
2012-05-25,PROMIGAS,PROMIGAS.CL,25869.67
2012-06-01,PROMIGAS,PROMIGAS.CL,27980.3
2012-06-08,PROMIGAS,PROMIGAS.CL,27980.3
2012-06-15,PROMIGAS,PROMIGAS.CL,27980.3
2012-06-22,PROMIGAS,PROMIGAS.CL,27980.3
2012-06-29,PROMIGAS,PROMIGAS.CL,27980.3
2012-07-06,PROMIGAS,PROMIGAS.CL,27980.3
2012-07-13,PROMIGAS,PROMIGAS.CL,27980.3
2012-07-20,PROMIGAS,PROMIGAS.CL,27980.3
2012-07-27,PROMIGAS,PROMIGAS.CL,27980.3
2012-08-03,PROMIGAS,PROMIGAS.CL,27980.3
2012-08-10,PROMIGAS,PROMIGAS.CL,27980.3
2012-08-17,PROMIGAS,PROMIGAS.CL,24494.86
2012-08-24,PROMIGAS,PROMIGAS.CL,24281.86
2012-08-31,PROMIGAS,PROMIGAS.CL,24204.41
2012-09-07,PROMIGAS,PROMIGAS.CL,24204.41
2012-09-14,PROMIGAS,PROMIGAS.CL,24223.77
2012-09-21,PROMIGAS,PROMIGAS.CL,25191.95
2012-09-28,PROMIGAS,PROMIGAS.CL,25191.95
2012-10-05,PROMIGAS,PROMIGAS.CL,25191.95
2012-10-12,PROMIGAS,PROMIGAS.CL,25191.95
2012-10-19,PROMIGAS,PROMIGAS.CL,25191.95
2012-10-26,PROMIGAS,PROMIGAS.CL,25191.95
2012-11-02,PROMIGAS,PROMIGAS.CL,25172.59
2012-11-09,PROMIGAS,PROMIGAS.CL,25172.59
2012-11-16,PROMIGAS,PROMIGAS.CL,25172.59
2012-11-23,PROMIGAS,PROMIGAS.CL,25172.59
2012-11-30,PROMIGAS,PROMIGAS.CL,25172.59
2012-12-07,PROMIGAS,PROMIGAS.CL,25172.59
2012-12-14,PROMIGAS,PROMIGAS.CL,25172.59
2012-12-21,PROMIGAS,PROMIGAS.CL,24243.14
2012-12-28,PROMIGAS,PROMIGAS.CL,24243.14
2013-01-04,PROMIGAS,PROMIGAS.CL,24243.14
2013-01-11,PROMIGAS,PROMIGAS.CL,24243.14
2013-01-18,PROMIGAS,PROMIGAS.CL,24243.14
2013-01-25,PROMIGAS,PROMIGAS.CL,24243.14
2013-02-01,PROMIGAS,PROMIGAS.CL,25463.04
2013-02-08,PROMIGAS,PROMIGAS.CL,24243.14
2013-02-15,PROMIGAS,PROMIGAS.CL,26043.95
2013-02-22,PROMIGAS,PROMIGAS.CL,27012.12
2013-03-01,PROMIGAS,PROMIGAS.CL,27108.94
2013-03-08,PROMIGAS,PROMIGAS.CL,27302.57
2013-03-15,PROMIGAS,PROMIGAS.CL,24204.41
2013-03-22,PROMIGAS,PROMIGAS.CL,24204.41
2013-03-29,PROMIGAS,PROMIGAS.CL,24204.41
2013-04-05,PROMIGAS,PROMIGAS.CL,24204.41
2013-04-12,PROMIGAS,PROMIGAS.CL,24204.41
2013-04-19,PROMIGAS,PROMIGAS.CL,24204.41
2013-04-26,PROMIGAS,PROMIGAS.CL,3543.53
2013-05-03,PROMIGAS,PROMIGAS.CL,3543.53
2013-05-10,PROMIGAS,PROMIGAS.CL,4356.79
2013-05-17,PROMIGAS,PROMIGAS.CL,4356.79
2013-05-24,PROMIGAS,PROMIGAS.CL,4797.31
2013-05-31,PROMIGAS,PROMIGAS.CL,4889.29
2013-06-07,PROMIGAS,PROMIGAS.CL,4889.29
2013-06-14,PROMIGAS,PROMIGAS.CL,4889.29
2013-06-21,PROMIGAS,PROMIGAS.CL,5518.61
2013-06-28,PROMIGAS,PROMIGAS.CL,5518.61
2013-07-05,PROMIGAS,PROMIGAS.CL,5518.61
2013-07-12,PROMIGAS,PROMIGAS.CL,5518.61
2013-07-19,PROMIGAS,PROMIGAS.CL,5518.61
2013-07-26,PROMIGAS,PROMIGAS.CL,5518.61
2013-08-02,PROMIGAS,PROMIGAS.CL,5518.61
2013-08-09,PROMIGAS,PROMIGAS.CL,5518.61
2013-08-16,PROMIGAS,PROMIGAS.CL,5518.61
2013-08-23,PROMIGAS,PROMIGAS.CL,5518.61
2013-08-30,PROMIGAS,PROMIGAS.CL,5518.61
2013-09-06,PROMIGAS,PROMIGAS.CL,5634.79
2013-09-13,PROMIGAS,PROMIGAS.CL,5663.83
2013-09-20,PROMIGAS,PROMIGAS.CL,5663.83
2013-09-27,PROMIGAS,PROMIGAS.CL,5663.83
2013-10-04,PROMIGAS,PROMIGAS.CL,5663.83
2013-10-11,PROMIGAS,PROMIGAS.CL,5663.83
2013-10-18,PROMIGAS,PROMIGAS.CL,5663.83
2013-10-25,PROMIGAS,PROMIGAS.CL,5702.56
2013-11-01,PROMIGAS,PROMIGAS.CL,5702.56
2013-11-08,PROMIGAS,PROMIGAS.CL,5605.74
2013-11-15,PROMIGAS,PROMIGAS.CL,5508.92
2013-11-22,PROMIGAS,PROMIGAS.CL,5508.92
2013-11-29,PROMIGAS,PROMIGAS.CL,5508.92
2013-12-06,PROMIGAS,PROMIGAS.CL,5508.92
2013-12-13,PROMIGAS,PROMIGAS.CL,4618.2
2013-12-20,PROMIGAS,PROMIGAS.CL,4618.2
2013-12-27,PROMIGAS,PROMIGAS.CL,4618.2
2014-01-03,PROMIGAS,PROMIGAS.CL,4618.2
2014-01-10,PROMIGAS,PROMIGAS.CL,4618.2
2014-01-17,PROMIGAS,PROMIGAS.CL,4618.2
2014-01-24,PROMIGAS,PROMIGAS.CL,4618.2
2014-01-31,PROMIGAS,PROMIGAS.CL,4618.2
2014-02-07,PROMIGAS,PROMIGAS.CL,4618.2
2014-02-14,PROMIGAS,PROMIGAS.CL,4618.2
2014-02-21,PROMIGAS,PROMIGAS.CL,4618.2
2014-02-28,PROMIGAS,PROMIGAS.CL,4618.2
2014-03-07,PROMIGAS,PROMIGAS.CL,4618.2
2014-03-14,PROMIGAS,PROMIGAS.CL,4647.25
2014-03-21,PROMIGAS,PROMIGAS.CL,4647.25
2014-03-28,PROMIGAS,PROMIGAS.CL,4702.04
2014-04-04,PROMIGAS,PROMIGAS.CL,4408.16
2014-04-11,PROMIGAS,PROMIGAS.CL,4408.16
2014-04-18,PROMIGAS,PROMIGAS.CL,4692.25
2014-04-25,PROMIGAS,PROMIGAS.CL,4692.25
2014-05-02,PROMIGAS,PROMIGAS.CL,4692.25
2014-05-09,PROMIGAS,PROMIGAS.CL,4599.19
2014-05-16,PROMIGAS,PROMIGAS.CL,4702.04
2014-05-23,PROMIGAS,PROMIGAS.CL,4702.04
2014-05-30,PROMIGAS,PROMIGAS.CL,4702.04
2014-06-06,PROMIGAS,PROMIGAS.CL,4702.04
2014-06-13,PROMIGAS,PROMIGAS.CL,4702.04
2014-06-20,PROMIGAS,PROMIGAS.CL,4702.04
2014-06-27,PROMIGAS,PROMIGAS.CL,4702.04
2014-07-04,PROMIGAS,PROMIGAS.CL,4702.04
2014-07-11,PROMIGAS,PROMIGAS.CL,4608.98
2014-07-18,PROMIGAS,PROMIGAS.CL,4653.06
2014-07-25,PROMIGAS,PROMIGAS.CL,4653.06
2014-08-01,PROMIGAS,PROMIGAS.CL,4653.06
2014-08-08,PROMIGAS,PROMIGAS.CL,4702.04
2014-08-15,PROMIGAS,PROMIGAS.CL,4839.19
2014-08-22,PROMIGAS,PROMIGAS.CL,4839.19
2014-08-29,PROMIGAS,PROMIGAS.CL,4907.76
2014-09-05,PROMIGAS,PROMIGAS.CL,4995.92
2014-09-12,PROMIGAS,PROMIGAS.CL,4995.92
2014-09-19,PROMIGAS,PROMIGAS.CL,5120.0
2014-09-26,PROMIGAS,PROMIGAS.CL,5120.0
2014-10-03,PROMIGAS,PROMIGAS.CL,5120.0
2014-10-10,PROMIGAS,PROMIGAS.CL,5260.0
2014-10-17,PROMIGAS,PROMIGAS.CL,5200.0
2014-10-24,PROMIGAS,PROMIGAS.CL,5200.0
2014-10-31,PROMIGAS,PROMIGAS.CL,5240.0
2014-11-07,PROMIGAS,PROMIGAS.CL,5340.0
2014-11-14,PROMIGAS,PROMIGAS.CL,5360.0
2014-11-21,PROMIGAS,PROMIGAS.CL,5350.0
2014-11-28,PROMIGAS,PROMIGAS.CL,5300.0
2014-12-05,PROMIGAS,PROMIGAS.CL,5300.0
2014-12-12,PROMIGAS,PROMIGAS.CL,5200.0
2014-12-19,PROMIGAS,PROMIGAS.CL,5420.0
2014-12-26,PROMIGAS,PROMIGAS.CL,5420.0
2015-01-02,PROMIGAS,PROMIGAS.CL,5400.0
2015-01-09,PROMIGAS,PROMIGAS.CL,5400.0
2015-01-16,PROMIGAS,PROMIGAS.CL,5400.0
2015-01-23,PROMIGAS,PROMIGAS.CL,5400.0
2015-01-30,PROMIGAS,PROMIGAS.CL,5400.0
2015-02-06,PROMIGAS,PROMIGAS.CL,5400.0
2015-02-13,PROMIGAS,PROMIGAS.CL,5400.0
2015-02-20,PROMIGAS,PROMIGAS.CL,5400.0
2015-02-27,PROMIGAS,PROMIGAS.CL,5400.0
2015-03-06,PROMIGAS,PROMIGAS.CL,5400.0
2015-03-13,PROMIGAS,PROMIGAS.CL,5400.0
2015-03-20,PROMIGAS,PROMIGAS.CL,5400.0
2015-03-27,PROMIGAS,PROMIGAS.CL,5390.0
2015-04-03,PROMIGAS,PROMIGAS.CL,5390.0
2015-04-10,PROMIGAS,PROMIGAS.CL,5340.0
2015-04-17,PROMIGAS,PROMIGAS.CL,5340.0
2015-04-24,PROMIGAS,PROMIGAS.CL,5340.0
2015-05-01,PROMIGAS,PROMIGAS.CL,5340.0
2015-05-08,PROMIGAS,PROMIGAS.CL,5340.0
2015-05-15,PROMIGAS,PROMIGAS.CL,5320.0
2015-05-22,PROMIGAS,PROMIGAS.CL,5320.0
2015-05-29,PROMIGAS,PROMIGAS.CL,5320.0
2015-06-05,PROMIGAS,PROMIGAS.CL,5340.0
2015-06-12,PROMIGAS,PROMIGAS.CL,5340.0
2015-06-19,PROMIGAS,PROMIGAS.CL,5340.0
2015-06-26,PROMIGAS,PROMIGAS.CL,5340.0
2015-07-03,PROMIGAS,PROMIGAS.CL,5300.0
2015-07-10,PROMIGAS,PROMIGAS.CL,5300.0
2015-07-17,PROMIGAS,PROMIGAS.CL,5300.0
2015-07-24,PROMIGAS,PROMIGAS.CL,5300.0
2015-07-31,PROMIGAS,PROMIGAS.CL,5300.0
2015-08-07,PROMIGAS,PROMIGAS.CL,5300.0
2015-08-14,PROMIGAS,PROMIGAS.CL,5300.0
2015-08-21,PROMIGAS,PROMIGAS.CL,4800.0
2015-08-28,PROMIGAS,PROMIGAS.CL,4800.0
2015-09-04,PROMIGAS,PROMIGAS.CL,4800.0
2015-09-11,PROMIGAS,PROMIGAS.CL,4800.0
2015-09-18,PROMIGAS,PROMIGAS.CL,4800.0
2015-09-25,PROMIGAS,PROMIGAS.CL,5250.0
2015-10-02,PROMIGAS,PROMIGAS.CL,5250.0
2015-10-09,PROMIGAS,PROMIGAS.CL,5250.0
2015-10-16,PROMIGAS,PROMIGAS.CL,5250.0
2015-10-23,PROMIGAS,PROMIGAS.CL,5200.0
2015-10-30,PROMIGAS,PROMIGAS.CL,5200.0
2015-11-06,PROMIGAS,PROMIGAS.CL,5200.0
2015-11-13,PROMIGAS,PROMIGAS.CL,5160.0
2015-11-20,PROMIGAS,PROMIGAS.CL,5160.0
2015-11-27,PROMIGAS,PROMIGAS.CL,5160.0
2015-12-04,PROMIGAS,PROMIGAS.CL,5160.0
2015-12-11,PROMIGAS,PROMIGAS.CL,5150.0
2015-12-18,PROMIGAS,PROMIGAS.CL,5100.0
2015-12-25,PROMIGAS,PROMIGAS.CL,5000.0
2016-01-01,PROMIGAS,PROMIGAS.CL,5000.0
2016-01-08,PROMIGAS,PROMIGAS.CL,5000.0
2016-01-15,PROMIGAS,PROMIGAS.CL,4700.0
2016-01-22,PROMIGAS,PROMIGAS.CL,4800.0
2016-01-29,PROMIGAS,PROMIGAS.CL,4730.0
2016-02-05,PROMIGAS,PROMIGAS.CL,4800.0
2016-02-12,PROMIGAS,PROMIGAS.CL,4650.0
2016-02-19,PROMIGAS,PROMIGAS.CL,4650.0
2016-02-26,PROMIGAS,PROMIGAS.CL,4710.0
2016-03-04,PROMIGAS,PROMIGAS.CL,4710.0
2016-03-11,PROMIGAS,PROMIGAS.CL,4710.0
2016-03-18,PROMIGAS,PROMIGAS.CL,4710.0
2016-03-25,PROMIGAS,PROMIGAS.CL,4780.0
2016-04-01,PROMIGAS,PROMIGAS.CL,4780.0
2016-04-08,PROMIGAS,PROMIGAS.CL,4900.0
2016-04-15,PROMIGAS,PROMIGAS.CL,4900.0
2016-04-22,PROMIGAS,PROMIGAS.CL,5000.0
2016-04-29,PROMIGAS,PROMIGAS.CL,5000.0
2016-05-06,PROMIGAS,PROMIGAS.CL,5000.0
2016-05-13,PROMIGAS,PROMIGAS.CL,5000.0
2016-05-20,PROMIGAS,PROMIGAS.CL,5000.0
2016-05-27,PROMIGAS,PROMIGAS.CL,5000.0
2016-06-03,PROMIGAS,PROMIGAS.CL,5000.0
2016-06-10,PROMIGAS,PROMIGAS.CL,5000.0
2016-06-17,PROMIGAS,PROMIGAS.CL,4950.0
2016-06-24,PROMIGAS,PROMIGAS.CL,4950.0
2016-07-01,PROMIGAS,PROMIGAS.CL,4950.0
2016-07-08,PROMIGAS,PROMIGAS.CL,4950.0
2016-07-15,PROMIGAS,PROMIGAS.CL,4910.0
2016-07-22,PROMIGAS,PROMIGAS.CL,4910.0
2016-07-29,PROMIGAS,PROMIGAS.CL,4500.0
2016-08-05,PROMIGAS,PROMIGAS.CL,4500.0
2016-08-12,PROMIGAS,PROMIGAS.CL,4500.0
2016-08-19,PROMIGAS,PROMIGAS.CL,4500.0
2016-08-26,PROMIGAS,PROMIGAS.CL,5000.0
2016-09-02,PROMIGAS,PROMIGAS.CL,5200.0
2016-09-09,PROMIGAS,PROMIGAS.CL,5700.0
2016-09-16,PROMIGAS,PROMIGAS.CL,5500.0
2016-09-23,PROMIGAS,PROMIGAS.CL,5500.0
2016-09-30,PROMIGAS,PROMIGAS.CL,5500.0
2016-10-07,PROMIGAS,PROMIGAS.CL,5300.0
2016-10-14,PROMIGAS,PROMIGAS.CL,5300.0
2016-10-21,PROMIGAS,PROMIGAS.CL,5300.0
2016-10-28,PROMIGAS,PROMIGAS.CL,5300.0
2016-11-04,PROMIGAS,PROMIGAS.CL,5100.0
2016-11-11,PROMIGAS,PROMIGAS.CL,5000.0
2016-11-18,PROMIGAS,PROMIGAS.CL,5210.0
2016-11-25,PROMIGAS,PROMIGAS.CL,5200.0
2016-12-02,PROMIGAS,PROMIGAS.CL,5200.0
2016-12-09,PROMIGAS,PROMIGAS.CL,5200.0
2016-12-16,PROMIGAS,PROMIGAS.CL,5200.0
2016-12-23,PROMIGAS,PROMIGAS.CL,5200.0
2016-12-30,PROMIGAS,PROMIGAS.CL,5200.0
2017-01-06,PROMIGAS,PROMIGAS.CL,5460.0
2017-01-13,PROMIGAS,PROMIGAS.CL,5110.0
2017-01-20,PROMIGAS,PROMIGAS.CL,5110.0
2017-01-27,PROMIGAS,PROMIGAS.CL,5200.0
2017-02-03,PROMIGAS,PROMIGAS.CL,5100.0
2017-02-10,PROMIGAS,PROMIGAS.CL,5000.0
2017-02-17,PROMIGAS,PROMIGAS.CL,4940.0
2017-02-24,PROMIGAS,PROMIGAS.CL,5000.0
2017-03-03,PROMIGAS,PROMIGAS.CL,5090.0
2017-03-10,PROMIGAS,PROMIGAS.CL,5180.0
2017-03-17,PROMIGAS,PROMIGAS.CL,5200.0
2017-03-24,PROMIGAS,PROMIGAS.CL,5100.0
2017-03-31,PROMIGAS,PROMIGAS.CL,5140.0
2017-04-07,PROMIGAS,PROMIGAS.CL,5140.0
2017-04-14,PROMIGAS,PROMIGAS.CL,5200.0
2017-04-21,PROMIGAS,PROMIGAS.CL,5220.0
2017-04-28,PROMIGAS,PROMIGAS.CL,5200.0
2017-05-05,PROMIGAS,PROMIGAS.CL,5200.0
2017-05-12,PROMIGAS,PROMIGAS.CL,5200.0
2017-05-19,PROMIGAS,PROMIGAS.CL,5200.0
2017-05-26,PROMIGAS,PROMIGAS.CL,5200.0
2017-06-02,PROMIGAS,PROMIGAS.CL,5200.0
2017-06-09,PROMIGAS,PROMIGAS.CL,5200.0
2017-06-16,PROMIGAS,PROMIGAS.CL,5200.0
2017-06-23,PROMIGAS,PROMIGAS.CL,5160.0
2017-06-30,PROMIGAS,PROMIGAS.CL,5300.0
2017-07-07,PROMIGAS,PROMIGAS.CL,5840.0
2017-07-14,PROMIGAS,PROMIGAS.CL,5650.0
2017-07-21,PROMIGAS,PROMIGAS.CL,6030.0
2017-07-28,PROMIGAS,PROMIGAS.CL,6200.0
2017-08-04,PROMIGAS,PROMIGAS.CL,6100.0
2017-08-11,PROMIGAS,PROMIGAS.CL,6200.0
2017-08-18,PROMIGAS,PROMIGAS.CL,6100.0
2017-08-25,PROMIGAS,PROMIGAS.CL,6000.0
2017-09-01,PROMIGAS,PROMIGAS.CL,6100.0
2017-09-08,PROMIGAS,PROMIGAS.CL,6870.0
2017-09-15,PROMIGAS,PROMIGAS.CL,7090.0
2017-09-22,PROMIGAS,PROMIGAS.CL,7240.0
2017-09-29,PROMIGAS,PROMIGAS.CL,7250.0
2017-10-06,PROMIGAS,PROMIGAS.CL,8600.0
2017-10-13,PROMIGAS,PROMIGAS.CL,8450.0
2017-10-20,PROMIGAS,PROMIGAS.CL,8340.0
2017-10-27,PROMIGAS,PROMIGAS.CL,7600.0
2017-11-03,PROMIGAS,PROMIGAS.CL,8000.0
2017-11-10,PROMIGAS,PROMIGAS.CL,7990.0
2017-11-17,PROMIGAS,PROMIGAS.CL,7600.0
2017-11-24,PROMIGAS,PROMIGAS.CL,7950.0
2017-12-01,PROMIGAS,PROMIGAS.CL,7900.0
2017-12-08,PROMIGAS,PROMIGAS.CL,8000.0
2017-12-15,PROMIGAS,PROMIGAS.CL,7960.0
2017-12-22,PROMIGAS,PROMIGAS.CL,7960.0
2017-12-29,PROMIGAS,PROMIGAS.CL,7960.0
2018-01-05,PROMIGAS,PROMIGAS.CL,7960.0
2018-01-12,PROMIGAS,PROMIGAS.CL,7960.0
2018-01-19,PROMIGAS,PROMIGAS.CL,7890.0
2018-01-26,PROMIGAS,PROMIGAS.CL,7520.0
2018-02-02,PROMIGAS,PROMIGAS.CL,7400.0
2018-02-09,PROMIGAS,PROMIGAS.CL,7300.0
2018-02-16,PROMIGAS,PROMIGAS.CL,7310.0
2018-02-23,PROMIGAS,PROMIGAS.CL,7500.0
2018-03-02,PROMIGAS,PROMIGAS.CL,7380.0
2018-03-09,PROMIGAS,PROMIGAS.CL,7550.0
2018-03-16,PROMIGAS,PROMIGAS.CL,7690.0
2018-03-23,PROMIGAS,PROMIGAS.CL,7690.0
2018-03-30,PROMIGAS,PROMIGAS.CL,7420.0
2018-04-06,PROMIGAS,PROMIGAS.CL,7540.0
2018-04-13,PROMIGAS,PROMIGAS.CL,7440.0
2018-04-20,PROMIGAS,PROMIGAS.CL,7600.0
2018-04-27,PROMIGAS,PROMIGAS.CL,7590.0
2018-05-04,PROMIGAS,PROMIGAS.CL,7370.0
2018-05-11,PROMIGAS,PROMIGAS.CL,7400.0
2018-05-18,PROMIGAS,PROMIGAS.CL,7780.0
2018-05-25,PROMIGAS,PROMIGAS.CL,7780.0
2018-06-01,PROMIGAS,PROMIGAS.CL,7780.0
2018-06-08,PROMIGAS,PROMIGAS.CL,7780.0
2018-06-15,PROMIGAS,PROMIGAS.CL,7730.0
2018-06-22,PROMIGAS,PROMIGAS.CL,7720.0
2018-06-29,PROMIGAS,PROMIGAS.CL,7710.0
2018-07-06,PROMIGAS,PROMIGAS.CL,7500.0
2018-07-13,PROMIGAS,PROMIGAS.CL,7430.0
2018-07-20,PROMIGAS,PROMIGAS.CL,7400.0
2018-07-27,PROMIGAS,PROMIGAS.CL,7550.0
2018-08-03,PROMIGAS,PROMIGAS.CL,7760.0
2018-08-10,PROMIGAS,PROMIGAS.CL,7120.0
2018-08-17,PROMIGAS,PROMIGAS.CL,7120.0
2018-08-24,PROMIGAS,PROMIGAS.CL,6800.0
2018-08-31,PROMIGAS,PROMIGAS.CL,7000.0
2018-09-07,PROMIGAS,PROMIGAS.CL,6920.0
2018-09-14,PROMIGAS,PROMIGAS.CL,6890.0
2018-09-21,PROMIGAS,PROMIGAS.CL,6890.0
2018-09-28,PROMIGAS,PROMIGAS.CL,6710.0
2018-10-05,PROMIGAS,PROMIGAS.CL,6710.0
2018-10-12,PROMIGAS,PROMIGAS.CL,6450.0
2018-10-19,PROMIGAS,PROMIGAS.CL,6100.0
2018-10-26,PROMIGAS,PROMIGAS.CL,5230.0
2018-11-02,PROMIGAS,PROMIGAS.CL,5500.0
2018-11-09,PROMIGAS,PROMIGAS.CL,5410.0
2018-11-16,PROMIGAS,PROMIGAS.CL,5400.0
2018-11-23,PROMIGAS,PROMIGAS.CL,5250.0
2018-11-30,PROMIGAS,PROMIGAS.CL,5500.0
2018-12-07,PROMIGAS,PROMIGAS.CL,5000.0
2018-12-14,PROMIGAS,PROMIGAS.CL,5400.0
2018-12-21,PROMIGAS,PROMIGAS.CL,5080.0
2018-12-28,PROMIGAS,PROMIGAS.CL,5380.0
2019-01-04,PROMIGAS,PROMIGAS.CL,5380.0
2019-01-11,PROMIGAS,PROMIGAS.CL,5400.0
2019-01-18,PROMIGAS,PROMIGAS.CL,5400.0
2019-01-25,PROMIGAS,PROMIGAS.CL,5600.0
2019-02-01,PROMIGAS,PROMIGAS.CL,5300.0
2019-02-08,PROMIGAS,PROMIGAS.CL,5360.0
2019-02-15,PROMIGAS,PROMIGAS.CL,5500.0
2019-02-22,PROMIGAS,PROMIGAS.CL,5400.0
2019-03-01,PROMIGAS,PROMIGAS.CL,5200.0
2019-03-08,PROMIGAS,PROMIGAS.CL,5400.0
2019-03-15,PROMIGAS,PROMIGAS.CL,5400.0
2019-03-22,PROMIGAS,PROMIGAS.CL,5350.0
2019-03-29,PROMIGAS,PROMIGAS.CL,5480.0
2019-04-05,PROMIGAS,PROMIGAS.CL,6000.0
2019-04-12,PROMIGAS,PROMIGAS.CL,6000.0
2019-04-19,PROMIGAS,PROMIGAS.CL,6000.0
2019-04-26,PROMIGAS,PROMIGAS.CL,6000.0
2019-05-03,PROMIGAS,PROMIGAS.CL,6000.0
2019-05-10,PROMIGAS,PROMIGAS.CL,5980.0
2019-05-17,PROMIGAS,PROMIGAS.CL,6000.0
2019-05-24,PROMIGAS,PROMIGAS.CL,6000.0
2019-05-31,PROMIGAS,PROMIGAS.CL,6000.0
2019-06-07,PROMIGAS,PROMIGAS.CL,5990.0
2019-06-14,PROMIGAS,PROMIGAS.CL,6000.0
2019-06-21,PROMIGAS,PROMIGAS.CL,6000.0
2019-06-28,PROMIGAS,PROMIGAS.CL,6100.0
2019-07-05,PROMIGAS,PROMIGAS.CL,7100.0
2019-07-12,PROMIGAS,PROMIGAS.CL,7020.0
2019-07-19,PROMIGAS,PROMIGAS.CL,7100.0
2019-07-26,PROMIGAS,PROMIGAS.CL,7100.0
2019-08-02,PROMIGAS,PROMIGAS.CL,7000.0
2019-08-09,PROMIGAS,PROMIGAS.CL,7000.0
2019-08-16,PROMIGAS,PROMIGAS.CL,6910.0
2019-08-23,PROMIGAS,PROMIGAS.CL,7160.0
2019-08-30,PROMIGAS,PROMIGAS.CL,7310.0
2019-09-06,PROMIGAS,PROMIGAS.CL,7460.0
2019-09-13,PROMIGAS,PROMIGAS.CL,7550.0
2019-09-20,PROMIGAS,PROMIGAS.CL,8200.0
2019-09-27,PROMIGAS,PROMIGAS.CL,8000.0
2019-10-04,PROMIGAS,PROMIGAS.CL,8100.0
2019-10-11,PROMIGAS,PROMIGAS.CL,8150.0
2019-10-18,PROMIGAS,PROMIGAS.CL,8100.0
2019-10-25,PROMIGAS,PROMIGAS.CL,7990.0
2019-11-01,PROMIGAS,PROMIGAS.CL,7860.0
2019-11-08,PROMIGAS,PROMIGAS.CL,7750.0
2019-11-15,PROMIGAS,PROMIGAS.CL,7750.0
2019-11-22,PROMIGAS,PROMIGAS.CL,7970.0
2019-11-29,PROMIGAS,PROMIGAS.CL,7710.0
2019-12-06,PROMIGAS,PROMIGAS.CL,7940.0
2019-12-13,PROMIGAS,PROMIGAS.CL,7800.0
2019-12-20,PROMIGAS,PROMIGAS.CL,7980.0
2019-12-27,PROMIGAS,PROMIGAS.CL,8000.0
2020-01-03,PROMIGAS,PROMIGAS.CL,8000.0
2020-01-10,PROMIGAS,PROMIGAS.CL,7000.0
2020-01-17,PROMIGAS,PROMIGAS.CL,7440.0
2020-01-24,PROMIGAS,PROMIGAS.CL,7340.0
2020-01-31,PROMIGAS,PROMIGAS.CL,7790.0
2020-02-07,PROMIGAS,PROMIGAS.CL,7800.0
2020-02-14,PROMIGAS,PROMIGAS.CL,7860.0
2020-02-21,PROMIGAS,PROMIGAS.CL,8180.0
2020-02-28,PROMIGAS,PROMIGAS.CL,8100.0
2020-03-06,PROMIGAS,PROMIGAS.CL,7070.0
2020-03-13,PROMIGAS,PROMIGAS.CL,7000.0
2020-03-20,PROMIGAS,PROMIGAS.CL,6990.0
2020-03-27,PROMIGAS,PROMIGAS.CL,7000.0
2020-04-03,PROMIGAS,PROMIGAS.CL,7000.0
2020-04-10,PROMIGAS,PROMIGAS.CL,7000.0
2020-04-17,PROMIGAS,PROMIGAS.CL,7000.0
2020-04-24,PROMIGAS,PROMIGAS.CL,6990.0
2020-05-01,PROMIGAS,PROMIGAS.CL,7000.0
2020-05-08,PROMIGAS,PROMIGAS.CL,6890.0
2020-05-15,PROMIGAS,PROMIGAS.CL,6880.0
2020-05-22,PROMIGAS,PROMIGAS.CL,6900.0
2020-05-29,PROMIGAS,PROMIGAS.CL,6900.0
2020-06-05,PROMIGAS,PROMIGAS.CL,6800.0
2020-06-12,PROMIGAS,PROMIGAS.CL,6890.0
2020-06-19,PROMIGAS,PROMIGAS.CL,6800.0
2020-06-26,PROMIGAS,PROMIGAS.CL,6700.0
2020-07-03,PROMIGAS,PROMIGAS.CL,6780.0
2020-07-10,PROMIGAS,PROMIGAS.CL,6770.0
2020-07-17,PROMIGAS,PROMIGAS.CL,7000.0
2020-07-24,PROMIGAS,PROMIGAS.CL,7220.0
2020-07-31,PROMIGAS,PROMIGAS.CL,6680.0
2020-08-07,PROMIGAS,PROMIGAS.CL,6770.0
2020-08-14,PROMIGAS,PROMIGAS.CL,6830.0
2020-08-21,PROMIGAS,PROMIGAS.CL,7010.0
2020-08-28,PROMIGAS,PROMIGAS.CL,7290.0
2020-09-04,PROMIGAS,PROMIGAS.CL,7300.0
2020-09-11,PROMIGAS,PROMIGAS.CL,7300.0
2020-09-18,PROMIGAS,PROMIGAS.CL,7300.0
2020-09-25,PROMIGAS,PROMIGAS.CL,7030.0
2020-10-02,PROMIGAS,PROMIGAS.CL,7030.0
2020-10-09,PROMIGAS,PROMIGAS.CL,7340.0
2020-10-16,PROMIGAS,PROMIGAS.CL,7500.0
2020-10-23,PROMIGAS,PROMIGAS.CL,7460.0
2020-10-30,PROMIGAS,PROMIGAS.CL,7000.0
2020-11-06,PROMIGAS,PROMIGAS.CL,7390.0
2020-11-13,PROMIGAS,PROMIGAS.CL,7300.0
2020-11-20,PROMIGAS,PROMIGAS.CL,7545.0
2020-11-27,PROMIGAS,PROMIGAS.CL,7800.0
2020-12-04,PROMIGAS,PROMIGAS.CL,7670.0
2020-12-11,PROMIGAS,PROMIGAS.CL,7700.0
2020-12-18,PROMIGAS,PROMIGAS.CL,7895.0
2020-12-25,PROMIGAS,PROMIGAS.CL,8400.0
2021-01-01,PROMIGAS,PROMIGAS.CL,7990.0
2021-01-08,PROMIGAS,PROMIGAS.CL,8195.0
2021-01-15,PROMIGAS,PROMIGAS.CL,8000.0
2021-01-22,PROMIGAS,PROMIGAS.CL,8000.0
2021-01-29,PROMIGAS,PROMIGAS.CL,7800.0
2021-02-05,PROMIGAS,PROMIGAS.CL,8180.0
2021-02-12,PROMIGAS,PROMIGAS.CL,7710.0
2021-02-19,PROMIGAS,PROMIGAS.CL,7875.0
2021-02-26,PROMIGAS,PROMIGAS.CL,7650.0
2021-03-05,PROMIGAS,PROMIGAS.CL,7800.0
2021-03-12,PROMIGAS,PROMIGAS.CL,7500.0
2021-03-19,PROMIGAS,PROMIGAS.CL,7600.0
2021-03-26,PROMIGAS,PROMIGAS.CL,7500.0
2021-04-02,PROMIGAS,PROMIGAS.CL,7400.0
2021-04-09,PROMIGAS,PROMIGAS.CL,7565.0
2021-04-16,PROMIGAS,PROMIGAS.CL,7420.0
2021-04-23,PROMIGAS,PROMIGAS.CL,7635.0
2021-04-30,PROMIGAS,PROMIGAS.CL,7480.0
2021-05-07,PROMIGAS,PROMIGAS.CL,7500.0
2021-05-14,PROMIGAS,PROMIGAS.CL,7200.0
2021-05-21,PROMIGAS,PROMIGAS.CL,6210.0
2021-05-28,PROMIGAS,PROMIGAS.CL,6830.0
2021-06-04,PROMIGAS,PROMIGAS.CL,6800.0
2021-06-11,PROMIGAS,PROMIGAS.CL,6800.0
2021-06-18,PROMIGAS,PROMIGAS.CL,6750.0
2021-06-25,PROMIGAS,PROMIGAS.CL,6990.0
2021-07-02,PROMIGAS,PROMIGAS.CL,6725.0
2021-07-09,PROMIGAS,PROMIGAS.CL,6730.0
2021-07-16,PROMIGAS,PROMIGAS.CL,6705.0
2021-07-23,PROMIGAS,PROMIGAS.CL,6710.0
2021-07-30,PROMIGAS,PROMIGAS.CL,6550.0
2021-08-06,PROMIGAS,PROMIGAS.CL,6780.0
2021-08-13,PROMIGAS,PROMIGAS.CL,7500.0
2021-08-20,PROMIGAS,PROMIGAS.CL,7045.0
2021-08-27,PROMIGAS,PROMIGAS.CL,7100.0
2021-09-03,PROMIGAS,PROMIGAS.CL,6925.0
2021-09-10,PROMIGAS,PROMIGAS.CL,7270.0
2021-09-17,PROMIGAS,PROMIGAS.CL,7300.0
2021-09-24,PROMIGAS,PROMIGAS.CL,7300.0
2021-10-01,PROMIGAS,PROMIGAS.CL,7450.0
2021-10-08,PROMIGAS,PROMIGAS.CL,7300.0
2021-10-15,PROMIGAS,PROMIGAS.CL,7200.0
2021-10-22,PROMIGAS,PROMIGAS.CL,7370.0
2021-10-29,PROMIGAS,PROMIGAS.CL,7380.0
2021-11-05,PROMIGAS,PROMIGAS.CL,7230.0
2021-11-12,PROMIGAS,PROMIGAS.CL,7400.0
2021-11-19,PROMIGAS,PROMIGAS.CL,7395.0
2021-11-26,PROMIGAS,PROMIGAS.CL,7590.0
2021-12-03,PROMIGAS,PROMIGAS.CL,7560.0
2021-12-10,PROMIGAS,PROMIGAS.CL,7390.0
2021-12-17,PROMIGAS,PROMIGAS.CL,7000.0
2021-12-24,PROMIGAS,PROMIGAS.CL,7100.0
2021-12-31,PROMIGAS,PROMIGAS.CL,7000.0
2022-01-07,PROMIGAS,PROMIGAS.CL,7095.0
2022-01-14,PROMIGAS,PROMIGAS.CL,7700.0
2022-01-21,PROMIGAS,PROMIGAS.CL,7500.0
2022-01-28,PROMIGAS,PROMIGAS.CL,7400.0
2022-02-04,PROMIGAS,PROMIGAS.CL,7090.0
2022-02-11,PROMIGAS,PROMIGAS.CL,7105.0
2022-02-18,PROMIGAS,PROMIGAS.CL,7100.0
2022-02-25,PROMIGAS,PROMIGAS.CL,7090.0
2022-03-04,PROMIGAS,PROMIGAS.CL,7005.0
2022-03-11,PROMIGAS,PROMIGAS.CL,7150.0
2022-03-18,PROMIGAS,PROMIGAS.CL,7355.0
2022-03-25,PROMIGAS,PROMIGAS.CL,7200.0
2022-04-01,PROMIGAS,PROMIGAS.CL,6960.0
2022-04-08,PROMIGAS,PROMIGAS.CL,6990.0
2022-04-15,PROMIGAS,PROMIGAS.CL,6930.0
2022-04-22,PROMIGAS,PROMIGAS.CL,6905.0
2022-04-29,PROMIGAS,PROMIGAS.CL,6860.0
2022-05-06,PROMIGAS,PROMIGAS.CL,6950.0
2022-05-13,PROMIGAS,PROMIGAS.CL,6900.0
2022-05-20,PROMIGAS,PROMIGAS.CL,6775.0
2022-05-27,PROMIGAS,PROMIGAS.CL,7140.0
2022-06-03,PROMIGAS,PROMIGAS.CL,6800.0
2022-06-10,PROMIGAS,PROMIGAS.CL,6645.0
2022-06-17,PROMIGAS,PROMIGAS.CL,6240.0
2022-06-24,PROMIGAS,PROMIGAS.CL,6250.0
2022-07-01,PROMIGAS,PROMIGAS.CL,6200.0
2022-07-08,PROMIGAS,PROMIGAS.CL,5780.0
2022-07-15,PROMIGAS,PROMIGAS.CL,5760.0
2022-07-22,PROMIGAS,PROMIGAS.CL,5850.0
2022-07-29,PROMIGAS,PROMIGAS.CL,5800.0
2022-08-05,PROMIGAS,PROMIGAS.CL,5610.0
2022-08-12,PROMIGAS,PROMIGAS.CL,5200.0
2022-08-19,PROMIGAS,PROMIGAS.CL,4990.0
2022-08-26,PROMIGAS,PROMIGAS.CL,4750.0
2022-09-02,PROMIGAS,PROMIGAS.CL,4800.0
2022-09-09,PROMIGAS,PROMIGAS.CL,4699.0
2022-09-16,PROMIGAS,PROMIGAS.CL,4690.0
2022-09-23,PROMIGAS,PROMIGAS.CL,4255.0
2022-09-30,PROMIGAS,PROMIGAS.CL,4620.0
2022-10-07,PROMIGAS,PROMIGAS.CL,4750.0
2022-10-14,PROMIGAS,PROMIGAS.CL,4500.0
2022-10-21,PROMIGAS,PROMIGAS.CL,4200.0
2022-10-28,PROMIGAS,PROMIGAS.CL,4200.0
2022-11-04,PROMIGAS,PROMIGAS.CL,4150.0
2022-11-11,PROMIGAS,PROMIGAS.CL,4150.0
2022-11-18,PROMIGAS,PROMIGAS.CL,4248.0
2022-11-25,PROMIGAS,PROMIGAS.CL,4700.0
2022-12-02,PROMIGAS,PROMIGAS.CL,4732.18
2022-12-09,PROMIGAS,PROMIGAS.CL,4601.0
2022-12-16,PROMIGAS,PROMIGAS.CL,4480.98
2022-12-23,PROMIGAS,PROMIGAS.CL,4560.0
2022-12-30,PROMIGAS,PROMIGAS.CL,4502.0
2023-01-06,PROMIGAS,PROMIGAS.CL,4700.0
2023-01-13,PROMIGAS,PROMIGAS.CL,4675.98
2023-01-20,PROMIGAS,PROMIGAS.CL,4586.8
2023-01-27,PROMIGAS,PROMIGAS.CL,4401.0
2023-02-03,PROMIGAS,PROMIGAS.CL,4330.56
2023-02-10,PROMIGAS,PROMIGAS.CL,4200.0
2023-02-17,PROMIGAS,PROMIGAS.CL,4155.98
2023-02-24,PROMIGAS,PROMIGAS.CL,4000.0
2023-03-03,PROMIGAS,PROMIGAS.CL,4260.0
2023-03-10,PROMIGAS,PROMIGAS.CL,4137.59
2023-03-17,PROMIGAS,PROMIGAS.CL,4051.6
2023-03-24,PROMIGAS,PROMIGAS.CL,4200.0
2023-03-31,PROMIGAS,PROMIGAS.CL,4239.0
2023-04-07,PROMIGAS,PROMIGAS.CL,4290.0
2023-04-14,PROMIGAS,PROMIGAS.CL,4133.35
2023-04-21,PROMIGAS,PROMIGAS.CL,4160.0
2023-04-28,PROMIGAS,PROMIGAS.CL,4226.73
2023-05-05,PROMIGAS,PROMIGAS.CL,4166.0
2023-05-12,PROMIGAS,PROMIGAS.CL,4215.72
2023-05-19,PROMIGAS,PROMIGAS.CL,4196.29
2023-05-26,PROMIGAS,PROMIGAS.CL,4000.0
2023-06-02,PROMIGAS,PROMIGAS.CL,4360.0
2023-06-09,PROMIGAS,PROMIGAS.CL,4345.0
2023-06-16,PROMIGAS,PROMIGAS.CL,4670.0
2023-06-23,PROMIGAS,PROMIGAS.CL,4400.0
2023-06-30,PROMIGAS,PROMIGAS.CL,4400.0
2023-07-07,PROMIGAS,PROMIGAS.CL,4730.0
2023-07-14,PROMIGAS,PROMIGAS.CL,4699.0
2023-07-21,PROMIGAS,PROMIGAS.CL,4700.0
2023-07-28,PROMIGAS,PROMIGAS.CL,4700.0
2023-08-04,PROMIGAS,PROMIGAS.CL,4601.0
2023-08-11,PROMIGAS,PROMIGAS.CL,4705.0
2023-08-18,PROMIGAS,PROMIGAS.CL,4650.0
2023-08-25,PROMIGAS,PROMIGAS.CL,4410.0
2023-09-01,PROMIGAS,PROMIGAS.CL,4300.0
2023-09-08,PROMIGAS,PROMIGAS.CL,4350.0
2023-09-15,PROMIGAS,PROMIGAS.CL,4090.0
2023-09-22,PROMIGAS,PROMIGAS.CL,4330.0
2023-09-29,PROMIGAS,PROMIGAS.CL,4277.49
2023-10-06,PROMIGAS,PROMIGAS.CL,4300.0
2023-10-13,PROMIGAS,PROMIGAS.CL,4238.0
2023-10-20,PROMIGAS,PROMIGAS.CL,4250.0
2023-10-27,PROMIGAS,PROMIGAS.CL,4100.0
2023-11-03,PROMIGAS,PROMIGAS.CL,4100.0
2023-11-10,PROMIGAS,PROMIGAS.CL,4065.0
2023-11-17,PROMIGAS,PROMIGAS.CL,4100.0
2023-11-24,PROMIGAS,PROMIGAS.CL,4120.0
2023-12-01,PROMIGAS,PROMIGAS.CL,4140.0
2023-12-08,PROMIGAS,PROMIGAS.CL,4320.0
2023-12-15,PROMIGAS,PROMIGAS.CL,4270.0
2023-12-22,PROMIGAS,PROMIGAS.CL,4600.0
2023-12-29,PROMIGAS,PROMIGAS.CL,4755.0
2024-01-05,PROMIGAS,PROMIGAS.CL,5010.0
2024-01-12,PROMIGAS,PROMIGAS.CL,5350.0
2024-01-19,PROMIGAS,PROMIGAS.CL,5270.0
2024-01-26,PROMIGAS,PROMIGAS.CL,5200.0
2024-02-02,PROMIGAS,PROMIGAS.CL,5120.0
2024-02-09,PROMIGAS,PROMIGAS.CL,5050.0
2024-02-16,PROMIGAS,PROMIGAS.CL,5000.0
2024-02-23,PROMIGAS,PROMIGAS.CL,5080.0
2024-03-01,PROMIGAS,PROMIGAS.CL,5120.0
2024-03-08,PROMIGAS,PROMIGAS.CL,5220.0
2024-03-15,PROMIGAS,PROMIGAS.CL,5160.0
2024-03-22,PROMIGAS,PROMIGAS.CL,5130.0
2024-03-29,PROMIGAS,PROMIGAS.CL,5500.0
2024-04-05,PROMIGAS,PROMIGAS.CL,5800.0
2024-04-12,PROMIGAS,PROMIGAS.CL,6000.0
2024-04-19,PROMIGAS,PROMIGAS.CL,6560.0
2024-04-26,PROMIGAS,PROMIGAS.CL,6600.0
2024-05-03,PROMIGAS,PROMIGAS.CL,7000.0
2024-05-10,PROMIGAS,PROMIGAS.CL,6990.0
2024-05-17,PROMIGAS,PROMIGAS.CL,7110.0
2024-05-24,PROMIGAS,PROMIGAS.CL,7180.0
2024-05-31,PROMIGAS,PROMIGAS.CL,7190.0
2024-06-07,PROMIGAS,PROMIGAS.CL,7120.0
2024-06-14,PROMIGAS,PROMIGAS.CL,7140.0
2024-06-21,PROMIGAS,PROMIGAS.CL,7100.0
2024-06-28,PROMIGAS,PROMIGAS.CL,7260.0
2024-07-05,PROMIGAS,PROMIGAS.CL,7200.0
2024-07-12,PROMIGAS,PROMIGAS.CL,7250.0
2024-07-19,PROMIGAS,PROMIGAS.CL,7400.0
2024-07-26,PROMIGAS,PROMIGAS.CL,7490.0
2024-08-02,PROMIGAS,PROMIGAS.CL,7500.0
2024-08-09,PROMIGAS,PROMIGAS.CL,7640.0
2024-08-16,PROMIGAS,PROMIGAS.CL,7500.0
2024-08-23,PROMIGAS,PROMIGAS.CL,7500.0
2024-08-30,PROMIGAS,PROMIGAS.CL,7500.0
2024-09-06,PROMIGAS,PROMIGAS.CL,7690.0
2024-09-13,PROMIGAS,PROMIGAS.CL,7700.0
2024-09-20,PROMIGAS,PROMIGAS.CL,7800.0
2024-09-27,PROMIGAS,PROMIGAS.CL,7700.0
2024-10-04,PROMIGAS,PROMIGAS.CL,7700.0
2024-10-11,PROMIGAS,PROMIGAS.CL,7710.0
2024-10-18,PROMIGAS,PROMIGAS.CL,7700.0
2024-10-25,PROMIGAS,PROMIGAS.CL,7700.0
2024-11-01,PROMIGAS,PROMIGAS.CL,7700.0
2024-11-08,PROMIGAS,PROMIGAS.CL,7700.0
2024-11-15,PROMIGAS,PROMIGAS.CL,7700.0
2024-11-22,PROMIGAS,PROMIGAS.CL,7650.0
2024-11-29,PROMIGAS,PROMIGAS.CL,7700.0
2024-12-06,PROMIGAS,PROMIGAS.CL,7570.0
2024-12-13,PROMIGAS,PROMIGAS.CL,7450.0
2024-12-20,PROMIGAS,PROMIGAS.CL,7450.0
2024-12-27,PROMIGAS,PROMIGAS.CL,7450.0
2025-01-03,PROMIGAS,PROMIGAS.CL,7280.0
2025-01-10,PROMIGAS,PROMIGAS.CL,7250.0
2025-01-17,PROMIGAS,PROMIGAS.CL,7200.0
2025-01-24,PROMIGAS,PROMIGAS.CL,7040.0
2025-01-31,PROMIGAS,PROMIGAS.CL,7000.0
2025-02-07,PROMIGAS,PROMIGAS.CL,6900.0
2025-02-14,PROMIGAS,PROMIGAS.CL,6990.0
2025-02-21,PROMIGAS,PROMIGAS.CL,7000.0
2025-02-28,PROMIGAS,PROMIGAS.CL,7000.0
2025-03-07,PROMIGAS,PROMIGAS.CL,6980.0
2025-03-14,PROMIGAS,PROMIGAS.CL,6780.0
2025-03-21,PROMIGAS,PROMIGAS.CL,6730.0
2025-03-28,PROMIGAS,PROMIGAS.CL,6700.0
2025-04-04,PROMIGAS,PROMIGAS.CL,6700.0
2025-04-11,PROMIGAS,PROMIGAS.CL,6790.0
2025-04-18,PROMIGAS,PROMIGAS.CL,6620.0
2025-04-25,PROMIGAS,PROMIGAS.CL,6700.0
2025-05-02,PROMIGAS,PROMIGAS.CL,6800.0
2025-05-09,PROMIGAS,PROMIGAS.CL,6830.0
2025-05-16,PROMIGAS,PROMIGAS.CL,6800.0
2025-05-23,PROMIGAS,PROMIGAS.CL,6820.0
2025-05-30,PROMIGAS,PROMIGAS.CL,6860.0
2025-06-06,PROMIGAS,PROMIGAS.CL,6800.0
2025-06-13,PROMIGAS,PROMIGAS.CL,6790.0
2025-06-20,PROMIGAS,PROMIGAS.CL,6900.0
2025-06-27,PROMIGAS,PROMIGAS.CL,6900.0
2025-07-04,PROMIGAS,PROMIGAS.CL,6730.0
2025-07-11,PROMIGAS,PROMIGAS.CL,6780.0
2025-07-18,PROMIGAS,PROMIGAS.CL,6700.0
2025-07-25,PROMIGAS,PROMIGAS.CL,6700.0
2025-08-01,PROMIGAS,PROMIGAS.CL,6700.0
2025-08-08,PROMIGAS,PROMIGAS.CL,6800.0
2025-08-15,PROMIGAS,PROMIGAS.CL,6680.0
2025-08-22,PROMIGAS,PROMIGAS.CL,6700.0
2025-08-29,PROMIGAS,PROMIGAS.CL,6680.0
2025-09-05,PROMIGAS,PROMIGAS.CL,6680.0
2025-09-12,PROMIGAS,PROMIGAS.CL,6650.0
2025-09-19,PROMIGAS,PROMIGAS.CL,6660.0
2025-09-26,PROMIGAS,PROMIGAS.CL,6650.0
2025-10-03,PROMIGAS,PROMIGAS.CL,6650.0
2025-10-10,PROMIGAS,PROMIGAS.CL,6800.0
2025-10-17,PROMIGAS,PROMIGAS.CL,6550.0
2025-10-24,PROMIGAS,PROMIGAS.CL,6440.0
2025-10-31,PROMIGAS,PROMIGAS.CL,6520.0
2025-11-07,PROMIGAS,PROMIGAS.CL,6300.0
2025-11-14,PROMIGAS,PROMIGAS.CL,6310.0
2025-11-21,PROMIGAS,PROMIGAS.CL,6300.0
2025-11-28,PROMIGAS,PROMIGAS.CL,6380.0
2025-12-05,PROMIGAS,PROMIGAS.CL,6510.0
2025-12-12,PROMIGAS,PROMIGAS.CL,6340.0
2025-12-19,PROMIGAS,PROMIGAS.CL,6450.0
2025-12-26,PROMIGAS,PROMIGAS.CL,6340.0
2026-01-02,PROMIGAS,PROMIGAS.CL,6420.0
2026-01-09,PROMIGAS,PROMIGAS.CL,6380.0
2026-01-16,PROMIGAS,PROMIGAS.CL,6690.0
2026-01-23,PROMIGAS,PROMIGAS.CL,6830.0
2026-01-30,PROMIGAS,PROMIGAS.CL,6580.0
2026-02-06,PROMIGAS,PROMIGAS.CL,6650.0
2026-02-13,PROMIGAS,PROMIGAS.CL,6600.0
2026-02-20,PROMIGAS,PROMIGAS.CL,6350.0
2026-02-27,PROMIGAS,PROMIGAS.CL,6540.0
2026-03-06,PROMIGAS,PROMIGAS.CL,6650.0
2026-03-13,PROMIGAS,PROMIGAS.CL,6700.0
2026-03-20,PROMIGAS,PROMIGAS.CL,6730.0
2026-03-27,PROMIGAS,PROMIGAS.CL,6510.0
2026-04-03,PROMIGAS,PROMIGAS.CL,6590.0
2026-04-10,PROMIGAS,PROMIGAS.CL,6550.0
2026-04-17,PROMIGAS,PROMIGAS.CL,6660.0
2026-04-24,PROMIGAS,PROMIGAS.CL,6320.0
2026-05-01,PROMIGAS,PROMIGAS.CL,6300.0
2026-05-08,PROMIGAS,PROMIGAS.CL,6300.0
2026-05-15,PROMIGAS,PROMIGAS.CL,6030.0
2026-05-22,PROMIGAS,PROMIGAS.CL,6230.0
2026-05-29,PROMIGAS,PROMIGAS.CL,6550.0
2026-06-05,PROMIGAS,PROMIGAS.CL,6450.0
2026-06-12,PROMIGAS,PROMIGAS.CL,6730.0
2026-06-19,PROMIGAS,PROMIGAS.CL,6590.0
2026-06-26,PROMIGAS,PROMIGAS.CL,6730.0
2026-07-03,PROMIGAS,PROMIGAS.CL,6590.0
2026-07-10,PROMIGAS,PROMIGAS.CL,6680.0
2026-07-17,PROMIGAS,PROMIGAS.CL,6550.0
2026-07-24,PROMIGAS,PROMIGAS.CL,6510.0
2026-07-31,PROMIGAS,PROMIGAS.CL,6610.0
2026-08-07,PROMIGAS,PROMIGAS.CL,6460.0
2026-08-14,PROMIGAS,PROMIGAS.CL,6340.0
2026-08-21,PROMIGAS,PROMIGAS.CL,6310.0
2026-08-28,PROMIGAS,PROMIGAS.CL,6260.0
2026-09-04,PROMIGAS,PROMIGAS.CL,6290.0
2026-09-11,PROMIGAS,PROMIGAS.CL,6000.0
2026-09-18,PROMIGAS,PROMIGAS.CL,6160.0
2026-09-25,PROMIGAS,PROMIGAS.CL,6070.0
2026-09-30,PROMIGAS,PROMIGAS.CL,6070.0
2014-08-22,TERPEL,TERPEL.CL,17900.0
2014-08-29,TERPEL,TERPEL.CL,18060.0
2014-09-05,TERPEL,TERPEL.CL,18000.0
2014-09-12,TERPEL,TERPEL.CL,18000.0
2014-09-19,TERPEL,TERPEL.CL,18780.0
2014-09-26,TERPEL,TERPEL.CL,18060.0
2014-10-03,TERPEL,TERPEL.CL,18500.0
2014-10-10,TERPEL,TERPEL.CL,18300.0
2014-10-17,TERPEL,TERPEL.CL,17860.0
2014-10-24,TERPEL,TERPEL.CL,17800.0
2014-10-31,TERPEL,TERPEL.CL,17940.0
2014-11-07,TERPEL,TERPEL.CL,17900.0
2014-11-14,TERPEL,TERPEL.CL,17520.0
2014-11-21,TERPEL,TERPEL.CL,17500.0
2014-11-28,TERPEL,TERPEL.CL,17680.0
2014-12-05,TERPEL,TERPEL.CL,17320.0
2014-12-12,TERPEL,TERPEL.CL,16520.0
2014-12-19,TERPEL,TERPEL.CL,17000.0
2014-12-26,TERPEL,TERPEL.CL,17500.0
2015-01-02,TERPEL,TERPEL.CL,17600.0
2015-01-09,TERPEL,TERPEL.CL,17400.0
2015-01-16,TERPEL,TERPEL.CL,17100.0
2015-01-23,TERPEL,TERPEL.CL,17380.0
2015-01-30,TERPEL,TERPEL.CL,17200.0
2015-02-06,TERPEL,TERPEL.CL,17000.0
2015-02-13,TERPEL,TERPEL.CL,17000.0
2015-02-20,TERPEL,TERPEL.CL,16980.0
2015-02-27,TERPEL,TERPEL.CL,16600.0
2015-03-06,TERPEL,TERPEL.CL,17000.0
2015-03-13,TERPEL,TERPEL.CL,16800.0
2015-03-20,TERPEL,TERPEL.CL,16740.0
2015-03-27,TERPEL,TERPEL.CL,16740.0
2015-04-03,TERPEL,TERPEL.CL,16740.0
2015-04-10,TERPEL,TERPEL.CL,15460.0
2015-04-17,TERPEL,TERPEL.CL,15400.0
2015-04-24,TERPEL,TERPEL.CL,15400.0
2015-05-01,TERPEL,TERPEL.CL,15460.0
2015-05-08,TERPEL,TERPEL.CL,15480.0
2015-05-15,TERPEL,TERPEL.CL,15400.0
2015-05-22,TERPEL,TERPEL.CL,15500.0
2015-05-29,TERPEL,TERPEL.CL,15020.0
2015-06-05,TERPEL,TERPEL.CL,15460.0
2015-06-12,TERPEL,TERPEL.CL,15500.0
2015-06-19,TERPEL,TERPEL.CL,15460.0
2015-06-26,TERPEL,TERPEL.CL,15000.0
2015-07-03,TERPEL,TERPEL.CL,15200.0
2015-07-10,TERPEL,TERPEL.CL,15400.0
2015-07-17,TERPEL,TERPEL.CL,15420.0
2015-07-24,TERPEL,TERPEL.CL,15400.0
2015-07-31,TERPEL,TERPEL.CL,15400.0
2015-08-07,TERPEL,TERPEL.CL,15300.0
2015-08-14,TERPEL,TERPEL.CL,15060.0
2015-08-21,TERPEL,TERPEL.CL,15060.0
2015-08-28,TERPEL,TERPEL.CL,13400.0
2015-09-04,TERPEL,TERPEL.CL,12800.0
2015-09-11,TERPEL,TERPEL.CL,13900.0
2015-09-18,TERPEL,TERPEL.CL,13700.0
2015-09-25,TERPEL,TERPEL.CL,12340.0
2015-10-02,TERPEL,TERPEL.CL,14000.0
2015-10-09,TERPEL,TERPEL.CL,14000.0
2015-10-16,TERPEL,TERPEL.CL,13900.0
2015-10-23,TERPEL,TERPEL.CL,12000.0
2015-10-30,TERPEL,TERPEL.CL,11340.0
2015-11-06,TERPEL,TERPEL.CL,11440.0
2015-11-13,TERPEL,TERPEL.CL,10800.0
2015-11-20,TERPEL,TERPEL.CL,10540.0
2015-11-27,TERPEL,TERPEL.CL,10520.0
2015-12-04,TERPEL,TERPEL.CL,10480.0
2015-12-11,TERPEL,TERPEL.CL,10100.0
2015-12-18,TERPEL,TERPEL.CL,9500.0
2015-12-25,TERPEL,TERPEL.CL,9300.0
2016-01-01,TERPEL,TERPEL.CL,8460.0
2016-01-08,TERPEL,TERPEL.CL,8400.0
2016-01-15,TERPEL,TERPEL.CL,8410.0
2016-01-22,TERPEL,TERPEL.CL,8410.0
2016-01-29,TERPEL,TERPEL.CL,8410.0
2016-02-05,TERPEL,TERPEL.CL,8000.0
2016-02-12,TERPEL,TERPEL.CL,8100.0
2016-02-19,TERPEL,TERPEL.CL,8100.0
2016-02-26,TERPEL,TERPEL.CL,8820.0
2016-03-04,TERPEL,TERPEL.CL,8800.0
2016-03-11,TERPEL,TERPEL.CL,8900.0
2016-03-18,TERPEL,TERPEL.CL,8500.0
2016-03-25,TERPEL,TERPEL.CL,8500.0
2016-04-01,TERPEL,TERPEL.CL,9930.0
2016-04-08,TERPEL,TERPEL.CL,9930.0
2016-04-15,TERPEL,TERPEL.CL,9950.0
2016-04-22,TERPEL,TERPEL.CL,10000.0
2016-04-29,TERPEL,TERPEL.CL,9900.0
2016-05-06,TERPEL,TERPEL.CL,9900.0
2016-05-13,TERPEL,TERPEL.CL,9900.0
2016-05-20,TERPEL,TERPEL.CL,9900.0
2016-05-27,TERPEL,TERPEL.CL,10740.0
2016-06-03,TERPEL,TERPEL.CL,10740.0
2016-06-10,TERPEL,TERPEL.CL,9670.0
2016-06-17,TERPEL,TERPEL.CL,9670.0
2016-06-24,TERPEL,TERPEL.CL,9670.0
2016-07-01,TERPEL,TERPEL.CL,10000.0
2016-07-08,TERPEL,TERPEL.CL,8400.0
2016-07-15,TERPEL,TERPEL.CL,9650.0
2016-07-22,TERPEL,TERPEL.CL,9750.0
2016-07-29,TERPEL,TERPEL.CL,9740.0
2016-08-05,TERPEL,TERPEL.CL,9780.0
2016-08-12,TERPEL,TERPEL.CL,9780.0
2016-08-19,TERPEL,TERPEL.CL,9300.0
2016-08-26,TERPEL,TERPEL.CL,9000.0
2016-09-02,TERPEL,TERPEL.CL,9500.0
2016-09-09,TERPEL,TERPEL.CL,9500.0
2016-09-16,TERPEL,TERPEL.CL,9400.0
2016-09-23,TERPEL,TERPEL.CL,9400.0
2016-09-30,TERPEL,TERPEL.CL,9030.0
2016-10-07,TERPEL,TERPEL.CL,9200.0
2016-10-14,TERPEL,TERPEL.CL,9150.0
2016-10-21,TERPEL,TERPEL.CL,9400.0
2016-10-28,TERPEL,TERPEL.CL,9690.0
2016-11-04,TERPEL,TERPEL.CL,9680.0
2016-11-11,TERPEL,TERPEL.CL,9200.0
2016-11-18,TERPEL,TERPEL.CL,9000.0
2016-11-25,TERPEL,TERPEL.CL,9690.0
2016-12-02,TERPEL,TERPEL.CL,10000.0
2016-12-09,TERPEL,TERPEL.CL,10000.0
2016-12-16,TERPEL,TERPEL.CL,10680.0
2016-12-23,TERPEL,TERPEL.CL,11300.0
2016-12-30,TERPEL,TERPEL.CL,11300.0
2017-01-06,TERPEL,TERPEL.CL,10860.0
2017-01-13,TERPEL,TERPEL.CL,11300.0
2017-01-20,TERPEL,TERPEL.CL,11300.0
2017-01-27,TERPEL,TERPEL.CL,11300.0
2017-02-03,TERPEL,TERPEL.CL,11280.0
2017-02-10,TERPEL,TERPEL.CL,11480.0
2017-02-17,TERPEL,TERPEL.CL,11500.0
2017-02-24,TERPEL,TERPEL.CL,11460.0
2017-03-03,TERPEL,TERPEL.CL,11480.0
2017-03-10,TERPEL,TERPEL.CL,11600.0
2017-03-17,TERPEL,TERPEL.CL,11800.0
2017-03-24,TERPEL,TERPEL.CL,12000.0
2017-03-31,TERPEL,TERPEL.CL,12300.0
2017-04-07,TERPEL,TERPEL.CL,12300.0
2017-04-14,TERPEL,TERPEL.CL,12180.0
2017-04-21,TERPEL,TERPEL.CL,12100.0
2017-04-28,TERPEL,TERPEL.CL,12100.0
2017-05-05,TERPEL,TERPEL.CL,12600.0
2017-05-12,TERPEL,TERPEL.CL,12500.0
2017-05-19,TERPEL,TERPEL.CL,12580.0
2017-05-26,TERPEL,TERPEL.CL,12560.0
2017-06-02,TERPEL,TERPEL.CL,12540.0
2017-06-09,TERPEL,TERPEL.CL,12000.0
2017-06-16,TERPEL,TERPEL.CL,12400.0
2017-06-23,TERPEL,TERPEL.CL,12400.0
2017-06-30,TERPEL,TERPEL.CL,12000.0
2017-07-07,TERPEL,TERPEL.CL,12300.0
2017-07-14,TERPEL,TERPEL.CL,12300.0
2017-07-21,TERPEL,TERPEL.CL,12300.0
2017-07-28,TERPEL,TERPEL.CL,12300.0
2017-08-04,TERPEL,TERPEL.CL,12300.0
2017-08-11,TERPEL,TERPEL.CL,12000.0
2017-08-18,TERPEL,TERPEL.CL,12300.0
2017-08-25,TERPEL,TERPEL.CL,12300.0
2017-09-01,TERPEL,TERPEL.CL,13000.0
2017-09-08,TERPEL,TERPEL.CL,12800.0
2017-09-15,TERPEL,TERPEL.CL,13000.0
2017-09-22,TERPEL,TERPEL.CL,13400.0
2017-09-29,TERPEL,TERPEL.CL,13600.0
2017-10-06,TERPEL,TERPEL.CL,13600.0
2017-10-13,TERPEL,TERPEL.CL,13500.0
2017-10-20,TERPEL,TERPEL.CL,13500.0
2017-10-27,TERPEL,TERPEL.CL,13480.0
2017-11-03,TERPEL,TERPEL.CL,13800.0
2017-11-10,TERPEL,TERPEL.CL,13600.0
2017-11-17,TERPEL,TERPEL.CL,13600.0
2017-11-24,TERPEL,TERPEL.CL,13380.0
2017-12-01,TERPEL,TERPEL.CL,13800.0
2017-12-08,TERPEL,TERPEL.CL,13800.0
2017-12-15,TERPEL,TERPEL.CL,14000.0
2017-12-22,TERPEL,TERPEL.CL,14200.0
2017-12-29,TERPEL,TERPEL.CL,14200.0
2018-01-05,TERPEL,TERPEL.CL,14200.0
2018-01-12,TERPEL,TERPEL.CL,14200.0
2018-01-19,TERPEL,TERPEL.CL,13900.0
2018-01-26,TERPEL,TERPEL.CL,14100.0
2018-02-02,TERPEL,TERPEL.CL,13780.0
2018-02-09,TERPEL,TERPEL.CL,13160.0
2018-02-16,TERPEL,TERPEL.CL,13800.0
2018-02-23,TERPEL,TERPEL.CL,13700.0
2018-03-02,TERPEL,TERPEL.CL,13260.0
2018-03-09,TERPEL,TERPEL.CL,12680.0
2018-03-16,TERPEL,TERPEL.CL,12680.0
2018-03-23,TERPEL,TERPEL.CL,12900.0
2018-03-30,TERPEL,TERPEL.CL,12900.0
2018-04-06,TERPEL,TERPEL.CL,12900.0
2018-04-13,TERPEL,TERPEL.CL,12700.0
2018-04-20,TERPEL,TERPEL.CL,12700.0
2018-04-27,TERPEL,TERPEL.CL,12400.0
2018-05-04,TERPEL,TERPEL.CL,12480.0
2018-05-11,TERPEL,TERPEL.CL,12480.0
2018-05-18,TERPEL,TERPEL.CL,12400.0
2018-05-25,TERPEL,TERPEL.CL,12000.0
2018-06-01,TERPEL,TERPEL.CL,12480.0
2018-06-08,TERPEL,TERPEL.CL,12500.0
2018-06-15,TERPEL,TERPEL.CL,12500.0
2018-06-22,TERPEL,TERPEL.CL,12500.0
2018-06-29,TERPEL,TERPEL.CL,12000.0
2018-07-06,TERPEL,TERPEL.CL,11960.0
2018-07-13,TERPEL,TERPEL.CL,11040.0
2018-07-20,TERPEL,TERPEL.CL,11000.0
2018-07-27,TERPEL,TERPEL.CL,10040.0
2018-08-03,TERPEL,TERPEL.CL,9900.0
2018-08-10,TERPEL,TERPEL.CL,9000.0
2018-08-17,TERPEL,TERPEL.CL,10000.0
2018-08-24,TERPEL,TERPEL.CL,9800.0
2018-08-31,TERPEL,TERPEL.CL,9800.0
2018-09-07,TERPEL,TERPEL.CL,9500.0
2018-09-14,TERPEL,TERPEL.CL,9500.0
2018-09-21,TERPEL,TERPEL.CL,9130.0
2018-09-28,TERPEL,TERPEL.CL,9400.0
2018-10-05,TERPEL,TERPEL.CL,9500.0
2018-10-12,TERPEL,TERPEL.CL,9500.0
2018-10-19,TERPEL,TERPEL.CL,9890.0
2018-10-26,TERPEL,TERPEL.CL,9890.0
2018-11-02,TERPEL,TERPEL.CL,9800.0
2018-11-09,TERPEL,TERPEL.CL,10000.0
2018-11-16,TERPEL,TERPEL.CL,9450.0
2018-11-23,TERPEL,TERPEL.CL,9200.0
2018-11-30,TERPEL,TERPEL.CL,9340.0
2018-12-07,TERPEL,TERPEL.CL,9500.0
2018-12-14,TERPEL,TERPEL.CL,9500.0
2018-12-21,TERPEL,TERPEL.CL,9500.0
2018-12-28,TERPEL,TERPEL.CL,9600.0
2019-01-04,TERPEL,TERPEL.CL,9600.0
2019-01-11,TERPEL,TERPEL.CL,9600.0
2019-01-18,TERPEL,TERPEL.CL,9400.0
2019-01-25,TERPEL,TERPEL.CL,9390.0
2019-02-01,TERPEL,TERPEL.CL,9500.0
2019-02-08,TERPEL,TERPEL.CL,9500.0
2019-02-15,TERPEL,TERPEL.CL,9560.0
2019-02-22,TERPEL,TERPEL.CL,9650.0
2019-03-01,TERPEL,TERPEL.CL,9560.0
2019-03-08,TERPEL,TERPEL.CL,9400.0
2019-03-15,TERPEL,TERPEL.CL,9700.0
2019-03-22,TERPEL,TERPEL.CL,10500.0
2019-03-29,TERPEL,TERPEL.CL,10400.0
2019-04-05,TERPEL,TERPEL.CL,10040.0
2019-04-12,TERPEL,TERPEL.CL,10040.0
2019-04-19,TERPEL,TERPEL.CL,10400.0
2019-04-26,TERPEL,TERPEL.CL,10140.0
2019-05-03,TERPEL,TERPEL.CL,10680.0
2019-05-10,TERPEL,TERPEL.CL,10700.0
2019-05-17,TERPEL,TERPEL.CL,10700.0
2019-05-24,TERPEL,TERPEL.CL,10800.0
2019-05-31,TERPEL,TERPEL.CL,10700.0
2019-06-07,TERPEL,TERPEL.CL,10700.0
2019-06-14,TERPEL,TERPEL.CL,10700.0
2019-06-21,TERPEL,TERPEL.CL,10800.0
2019-06-28,TERPEL,TERPEL.CL,10900.0
2019-07-05,TERPEL,TERPEL.CL,10900.0
2019-07-12,TERPEL,TERPEL.CL,10760.0
2019-07-19,TERPEL,TERPEL.CL,10760.0
2019-07-26,TERPEL,TERPEL.CL,10600.0
2019-08-02,TERPEL,TERPEL.CL,11000.0
2019-08-09,TERPEL,TERPEL.CL,11000.0
2019-08-16,TERPEL,TERPEL.CL,11100.0
2019-08-23,TERPEL,TERPEL.CL,11100.0
2019-08-30,TERPEL,TERPEL.CL,11000.0
2019-09-06,TERPEL,TERPEL.CL,10900.0
2019-09-13,TERPEL,TERPEL.CL,10700.0
2019-09-20,TERPEL,TERPEL.CL,10700.0
2019-09-27,TERPEL,TERPEL.CL,10700.0
2019-10-04,TERPEL,TERPEL.CL,10700.0
2019-10-11,TERPEL,TERPEL.CL,10300.0
2019-10-18,TERPEL,TERPEL.CL,10700.0
2019-10-25,TERPEL,TERPEL.CL,10700.0
2019-11-01,TERPEL,TERPEL.CL,10700.0
2019-11-08,TERPEL,TERPEL.CL,10320.0
2019-11-15,TERPEL,TERPEL.CL,10340.0
2019-11-22,TERPEL,TERPEL.CL,10400.0
2019-11-29,TERPEL,TERPEL.CL,10300.0
2019-12-06,TERPEL,TERPEL.CL,10300.0
2019-12-13,TERPEL,TERPEL.CL,9940.0
2019-12-20,TERPEL,TERPEL.CL,10000.0
2019-12-27,TERPEL,TERPEL.CL,10000.0
2020-01-03,TERPEL,TERPEL.CL,10000.0
2020-01-10,TERPEL,TERPEL.CL,10300.0
2020-01-17,TERPEL,TERPEL.CL,10300.0
2020-01-24,TERPEL,TERPEL.CL,10300.0
2020-01-31,TERPEL,TERPEL.CL,10300.0
2020-02-07,TERPEL,TERPEL.CL,10000.0
2020-02-14,TERPEL,TERPEL.CL,9720.0
2020-02-21,TERPEL,TERPEL.CL,10500.0
2020-02-28,TERPEL,TERPEL.CL,10500.0
2020-03-06,TERPEL,TERPEL.CL,10500.0
2020-03-13,TERPEL,TERPEL.CL,9000.0
2020-03-20,TERPEL,TERPEL.CL,8000.0
2020-03-27,TERPEL,TERPEL.CL,8000.0
2020-04-03,TERPEL,TERPEL.CL,8000.0
2020-04-10,TERPEL,TERPEL.CL,8250.0
2020-04-17,TERPEL,TERPEL.CL,8100.0
2020-04-24,TERPEL,TERPEL.CL,7500.0
2020-05-01,TERPEL,TERPEL.CL,7400.0
2020-05-08,TERPEL,TERPEL.CL,7500.0
2020-05-15,TERPEL,TERPEL.CL,7300.0
2020-05-22,TERPEL,TERPEL.CL,6800.0
2020-05-29,TERPEL,TERPEL.CL,6700.0
2020-06-05,TERPEL,TERPEL.CL,6980.0
2020-06-12,TERPEL,TERPEL.CL,6500.0
2020-06-19,TERPEL,TERPEL.CL,6300.0
2020-06-26,TERPEL,TERPEL.CL,6550.0
2020-07-03,TERPEL,TERPEL.CL,6520.0
2020-07-10,TERPEL,TERPEL.CL,6750.0
2020-07-17,TERPEL,TERPEL.CL,7020.0
2020-07-24,TERPEL,TERPEL.CL,7050.0
2020-07-31,TERPEL,TERPEL.CL,6990.0
2020-08-07,TERPEL,TERPEL.CL,7000.0
2020-08-14,TERPEL,TERPEL.CL,7000.0
2020-08-21,TERPEL,TERPEL.CL,6950.0
2020-08-28,TERPEL,TERPEL.CL,7620.0
2020-09-04,TERPEL,TERPEL.CL,8000.0
2020-09-11,TERPEL,TERPEL.CL,8540.0
2020-09-18,TERPEL,TERPEL.CL,8350.0
2020-09-25,TERPEL,TERPEL.CL,8180.0
2020-10-02,TERPEL,TERPEL.CL,8280.0
2020-10-09,TERPEL,TERPEL.CL,8290.0
2020-10-16,TERPEL,TERPEL.CL,8380.0
2020-10-23,TERPEL,TERPEL.CL,8500.0
2020-10-30,TERPEL,TERPEL.CL,7995.0
2020-11-06,TERPEL,TERPEL.CL,7715.0
2020-11-13,TERPEL,TERPEL.CL,7980.0
2020-11-20,TERPEL,TERPEL.CL,8025.0
2020-11-27,TERPEL,TERPEL.CL,8050.0
2020-12-04,TERPEL,TERPEL.CL,8340.0
2020-12-11,TERPEL,TERPEL.CL,8255.0
2020-12-18,TERPEL,TERPEL.CL,8470.0
2020-12-25,TERPEL,TERPEL.CL,8380.0
2021-01-01,TERPEL,TERPEL.CL,8600.0
2021-01-08,TERPEL,TERPEL.CL,8280.0
2021-01-15,TERPEL,TERPEL.CL,8480.0
2021-01-22,TERPEL,TERPEL.CL,8465.0
2021-01-29,TERPEL,TERPEL.CL,7800.0
2021-02-05,TERPEL,TERPEL.CL,7950.0
2021-02-12,TERPEL,TERPEL.CL,8000.0
2021-02-19,TERPEL,TERPEL.CL,7930.0
2021-02-26,TERPEL,TERPEL.CL,7820.0
2021-03-05,TERPEL,TERPEL.CL,7940.0
2021-03-12,TERPEL,TERPEL.CL,8100.0
2021-03-19,TERPEL,TERPEL.CL,7800.0
2021-03-26,TERPEL,TERPEL.CL,7750.0
2021-04-02,TERPEL,TERPEL.CL,7750.0
2021-04-09,TERPEL,TERPEL.CL,7895.0
2021-04-16,TERPEL,TERPEL.CL,7915.0
2021-04-23,TERPEL,TERPEL.CL,7685.0
2021-04-30,TERPEL,TERPEL.CL,7565.0
2021-05-07,TERPEL,TERPEL.CL,7400.0
2021-05-14,TERPEL,TERPEL.CL,7900.0
2021-05-21,TERPEL,TERPEL.CL,7900.0
2021-05-28,TERPEL,TERPEL.CL,7340.0
2021-06-04,TERPEL,TERPEL.CL,7450.0
2021-06-11,TERPEL,TERPEL.CL,7500.0
2021-06-18,TERPEL,TERPEL.CL,7400.0
2021-06-25,TERPEL,TERPEL.CL,7200.0
2021-07-02,TERPEL,TERPEL.CL,7300.0
2021-07-09,TERPEL,TERPEL.CL,7210.0
2021-07-16,TERPEL,TERPEL.CL,7100.0
2021-07-23,TERPEL,TERPEL.CL,7095.0
2021-07-30,TERPEL,TERPEL.CL,6940.0
2021-08-06,TERPEL,TERPEL.CL,6895.0
2021-08-13,TERPEL,TERPEL.CL,6890.0
2021-08-20,TERPEL,TERPEL.CL,7700.0
2021-08-27,TERPEL,TERPEL.CL,7660.0
2021-09-03,TERPEL,TERPEL.CL,7650.0
2021-09-10,TERPEL,TERPEL.CL,7700.0
2021-09-17,TERPEL,TERPEL.CL,7925.0
2021-09-24,TERPEL,TERPEL.CL,7895.0
2021-10-01,TERPEL,TERPEL.CL,8100.0
2021-10-08,TERPEL,TERPEL.CL,8345.0
2021-10-15,TERPEL,TERPEL.CL,8600.0
2021-10-22,TERPEL,TERPEL.CL,8450.0
2021-10-29,TERPEL,TERPEL.CL,8790.0
2021-11-05,TERPEL,TERPEL.CL,8515.0
2021-11-12,TERPEL,TERPEL.CL,8650.0
2021-11-19,TERPEL,TERPEL.CL,8455.0
2021-11-26,TERPEL,TERPEL.CL,8400.0
2021-12-03,TERPEL,TERPEL.CL,8780.0
2021-12-10,TERPEL,TERPEL.CL,9000.0
2021-12-17,TERPEL,TERPEL.CL,8900.0
2021-12-24,TERPEL,TERPEL.CL,9600.0
2021-12-31,TERPEL,TERPEL.CL,10340.0
2022-01-07,TERPEL,TERPEL.CL,10400.0
2022-01-14,TERPEL,TERPEL.CL,10100.0
2022-01-21,TERPEL,TERPEL.CL,11120.0
2022-01-28,TERPEL,TERPEL.CL,11170.0
2022-02-04,TERPEL,TERPEL.CL,11060.0
2022-02-11,TERPEL,TERPEL.CL,10830.0
2022-02-18,TERPEL,TERPEL.CL,11400.0
2022-02-25,TERPEL,TERPEL.CL,11390.0
2022-03-04,TERPEL,TERPEL.CL,11260.0
2022-03-11,TERPEL,TERPEL.CL,11340.0
2022-03-18,TERPEL,TERPEL.CL,11020.0
2022-03-25,TERPEL,TERPEL.CL,10670.0
2022-04-01,TERPEL,TERPEL.CL,10400.0
2022-04-08,TERPEL,TERPEL.CL,9960.0
2022-04-15,TERPEL,TERPEL.CL,9650.0
2022-04-22,TERPEL,TERPEL.CL,9715.0
2022-04-29,TERPEL,TERPEL.CL,9350.0
2022-05-06,TERPEL,TERPEL.CL,8850.0
2022-05-13,TERPEL,TERPEL.CL,8850.0
2022-05-20,TERPEL,TERPEL.CL,8840.0
2022-05-27,TERPEL,TERPEL.CL,8750.0
2022-06-03,TERPEL,TERPEL.CL,9000.0
2022-06-10,TERPEL,TERPEL.CL,8850.0
2022-06-17,TERPEL,TERPEL.CL,8690.0
2022-06-24,TERPEL,TERPEL.CL,7890.0
2022-07-01,TERPEL,TERPEL.CL,7900.0
2022-07-08,TERPEL,TERPEL.CL,8600.0
2022-07-15,TERPEL,TERPEL.CL,8185.0
2022-07-22,TERPEL,TERPEL.CL,7810.0
2022-07-29,TERPEL,TERPEL.CL,7900.0
2022-08-05,TERPEL,TERPEL.CL,7800.0
2022-08-12,TERPEL,TERPEL.CL,7800.0
2022-08-19,TERPEL,TERPEL.CL,7675.0
2022-08-26,TERPEL,TERPEL.CL,7880.0
2022-09-02,TERPEL,TERPEL.CL,8290.0
2022-09-09,TERPEL,TERPEL.CL,8245.0
2022-09-16,TERPEL,TERPEL.CL,7950.0
2022-09-23,TERPEL,TERPEL.CL,7900.0
2022-09-30,TERPEL,TERPEL.CL,8095.0
2022-10-07,TERPEL,TERPEL.CL,8100.0
2022-10-14,TERPEL,TERPEL.CL,7780.0
2022-10-21,TERPEL,TERPEL.CL,8180.0
2022-10-28,TERPEL,TERPEL.CL,8010.0
2022-11-04,TERPEL,TERPEL.CL,8160.0
2022-11-11,TERPEL,TERPEL.CL,8185.0
2022-11-18,TERPEL,TERPEL.CL,7960.0
2022-11-25,TERPEL,TERPEL.CL,7964.82
2022-12-02,TERPEL,TERPEL.CL,8113.31
2022-12-09,TERPEL,TERPEL.CL,7750.0
2022-12-16,TERPEL,TERPEL.CL,7700.0
2022-12-23,TERPEL,TERPEL.CL,8038.87
2022-12-30,TERPEL,TERPEL.CL,8030.0
2023-01-06,TERPEL,TERPEL.CL,8100.0
2023-01-13,TERPEL,TERPEL.CL,8175.0
2023-01-20,TERPEL,TERPEL.CL,8213.68
2023-01-27,TERPEL,TERPEL.CL,8200.0
2023-02-03,TERPEL,TERPEL.CL,8100.0
2023-02-10,TERPEL,TERPEL.CL,8010.0
2023-02-17,TERPEL,TERPEL.CL,7920.0
2023-02-24,TERPEL,TERPEL.CL,7805.0
2023-03-03,TERPEL,TERPEL.CL,8085.0
2023-03-10,TERPEL,TERPEL.CL,8399.59
2023-03-17,TERPEL,TERPEL.CL,8300.0
2023-03-24,TERPEL,TERPEL.CL,8465.0
2023-03-31,TERPEL,TERPEL.CL,7650.0
2023-04-07,TERPEL,TERPEL.CL,7700.0
2023-04-14,TERPEL,TERPEL.CL,7505.0
2023-04-21,TERPEL,TERPEL.CL,7600.0
2023-04-28,TERPEL,TERPEL.CL,7610.0
2023-05-05,TERPEL,TERPEL.CL,7310.0
2023-05-12,TERPEL,TERPEL.CL,7291.58
2023-05-19,TERPEL,TERPEL.CL,7153.8
2023-05-26,TERPEL,TERPEL.CL,7153.3
2023-06-02,TERPEL,TERPEL.CL,7202.91
2023-06-09,TERPEL,TERPEL.CL,7360.0
2023-06-16,TERPEL,TERPEL.CL,7125.0
2023-06-23,TERPEL,TERPEL.CL,7274.22
2023-06-30,TERPEL,TERPEL.CL,7287.02
2023-07-07,TERPEL,TERPEL.CL,7265.0
2023-07-14,TERPEL,TERPEL.CL,7211.31
2023-07-21,TERPEL,TERPEL.CL,7300.0
2023-07-28,TERPEL,TERPEL.CL,7315.0
2023-08-04,TERPEL,TERPEL.CL,7210.0
2023-08-11,TERPEL,TERPEL.CL,7225.0
2023-08-18,TERPEL,TERPEL.CL,7097.48
2023-08-25,TERPEL,TERPEL.CL,7100.0
2023-09-01,TERPEL,TERPEL.CL,6900.0
2023-09-08,TERPEL,TERPEL.CL,7000.0
2023-09-15,TERPEL,TERPEL.CL,6370.0
2023-09-22,TERPEL,TERPEL.CL,6642.63
2023-09-29,TERPEL,TERPEL.CL,6820.0
2023-10-06,TERPEL,TERPEL.CL,6710.0
2023-10-13,TERPEL,TERPEL.CL,6700.0
2023-10-20,TERPEL,TERPEL.CL,6700.0
2023-10-27,TERPEL,TERPEL.CL,6600.0
2023-11-03,TERPEL,TERPEL.CL,6620.0
2023-11-10,TERPEL,TERPEL.CL,6570.0
2023-11-17,TERPEL,TERPEL.CL,6870.0
2023-11-24,TERPEL,TERPEL.CL,7000.0
2023-12-01,TERPEL,TERPEL.CL,7140.0
2023-12-08,TERPEL,TERPEL.CL,6920.0
2023-12-15,TERPEL,TERPEL.CL,7010.0
2023-12-22,TERPEL,TERPEL.CL,7500.0
2023-12-29,TERPEL,TERPEL.CL,7750.0
2024-01-05,TERPEL,TERPEL.CL,8010.0
2024-01-12,TERPEL,TERPEL.CL,8380.0
2024-01-19,TERPEL,TERPEL.CL,8200.0
2024-01-26,TERPEL,TERPEL.CL,8000.0
2024-02-02,TERPEL,TERPEL.CL,7890.0
2024-02-09,TERPEL,TERPEL.CL,7800.0
2024-02-16,TERPEL,TERPEL.CL,7850.0
2024-02-23,TERPEL,TERPEL.CL,8000.0
2024-03-01,TERPEL,TERPEL.CL,8120.0
2024-03-08,TERPEL,TERPEL.CL,8200.0
2024-03-15,TERPEL,TERPEL.CL,8230.0
2024-03-22,TERPEL,TERPEL.CL,8000.0
2024-03-29,TERPEL,TERPEL.CL,7900.0
2024-04-05,TERPEL,TERPEL.CL,8000.0
2024-04-12,TERPEL,TERPEL.CL,8100.0
2024-04-19,TERPEL,TERPEL.CL,8180.0
2024-04-26,TERPEL,TERPEL.CL,8100.0
2024-05-03,TERPEL,TERPEL.CL,8190.0
2024-05-10,TERPEL,TERPEL.CL,8350.0
2024-05-17,TERPEL,TERPEL.CL,10180.0
2024-05-24,TERPEL,TERPEL.CL,9600.0
2024-05-31,TERPEL,TERPEL.CL,9300.0
2024-06-07,TERPEL,TERPEL.CL,9380.0
2024-06-14,TERPEL,TERPEL.CL,9000.0
2024-06-21,TERPEL,TERPEL.CL,9040.0
2024-06-28,TERPEL,TERPEL.CL,9000.0
2024-07-05,TERPEL,TERPEL.CL,9300.0
2024-07-12,TERPEL,TERPEL.CL,9020.0
2024-07-19,TERPEL,TERPEL.CL,8820.0
2024-07-26,TERPEL,TERPEL.CL,8850.0
2024-08-02,TERPEL,TERPEL.CL,8600.0
2024-08-09,TERPEL,TERPEL.CL,8650.0
2024-08-16,TERPEL,TERPEL.CL,9500.0
2024-08-23,TERPEL,TERPEL.CL,9130.0
2024-08-30,TERPEL,TERPEL.CL,9490.0
2024-09-06,TERPEL,TERPEL.CL,9400.0
2024-09-13,TERPEL,TERPEL.CL,9850.0
2024-09-20,TERPEL,TERPEL.CL,10060.0
2024-09-27,TERPEL,TERPEL.CL,10000.0
2024-10-04,TERPEL,TERPEL.CL,9960.0
2024-10-11,TERPEL,TERPEL.CL,10120.0
2024-10-18,TERPEL,TERPEL.CL,10200.0
2024-10-25,TERPEL,TERPEL.CL,10400.0
2024-11-01,TERPEL,TERPEL.CL,10300.0
2024-11-08,TERPEL,TERPEL.CL,10280.0
2024-11-15,TERPEL,TERPEL.CL,10600.0
2024-11-22,TERPEL,TERPEL.CL,11100.0
2024-11-29,TERPEL,TERPEL.CL,11200.0
2024-12-06,TERPEL,TERPEL.CL,11040.0
2024-12-13,TERPEL,TERPEL.CL,10920.0
2024-12-20,TERPEL,TERPEL.CL,11040.0
2024-12-27,TERPEL,TERPEL.CL,11500.0
2025-01-03,TERPEL,TERPEL.CL,11720.0
2025-01-10,TERPEL,TERPEL.CL,11780.0
2025-01-17,TERPEL,TERPEL.CL,12200.0
2025-01-24,TERPEL,TERPEL.CL,12000.0
2025-01-31,TERPEL,TERPEL.CL,12000.0
2025-02-07,TERPEL,TERPEL.CL,12080.0
2025-02-14,TERPEL,TERPEL.CL,12300.0
2025-02-21,TERPEL,TERPEL.CL,12600.0
2025-02-28,TERPEL,TERPEL.CL,12100.0
2025-03-07,TERPEL,TERPEL.CL,12620.0
2025-03-14,TERPEL,TERPEL.CL,12640.0
2025-03-21,TERPEL,TERPEL.CL,12500.0
2025-03-28,TERPEL,TERPEL.CL,11100.0
2025-04-04,TERPEL,TERPEL.CL,11260.0
2025-04-11,TERPEL,TERPEL.CL,11000.0
2025-04-18,TERPEL,TERPEL.CL,11100.0
2025-04-25,TERPEL,TERPEL.CL,11080.0
2025-05-02,TERPEL,TERPEL.CL,11300.0
2025-05-09,TERPEL,TERPEL.CL,11100.0
2025-05-16,TERPEL,TERPEL.CL,12000.0
2025-05-23,TERPEL,TERPEL.CL,12380.0
2025-05-30,TERPEL,TERPEL.CL,12280.0
2025-06-06,TERPEL,TERPEL.CL,12300.0
2025-06-13,TERPEL,TERPEL.CL,12360.0
2025-06-20,TERPEL,TERPEL.CL,12400.0
2025-06-27,TERPEL,TERPEL.CL,12300.0
2025-07-04,TERPEL,TERPEL.CL,12380.0
2025-07-11,TERPEL,TERPEL.CL,12360.0
2025-07-18,TERPEL,TERPEL.CL,12320.0
2025-07-25,TERPEL,TERPEL.CL,12340.0
2025-08-01,TERPEL,TERPEL.CL,13080.0
2025-08-08,TERPEL,TERPEL.CL,13840.0
2025-08-15,TERPEL,TERPEL.CL,14300.0
2025-08-22,TERPEL,TERPEL.CL,14500.0
2025-08-29,TERPEL,TERPEL.CL,14480.0
2025-09-05,TERPEL,TERPEL.CL,14720.0
2025-09-12,TERPEL,TERPEL.CL,15300.0
2025-09-19,TERPEL,TERPEL.CL,16800.0
2025-09-26,TERPEL,TERPEL.CL,15740.0
2025-10-03,TERPEL,TERPEL.CL,15960.0
2025-10-10,TERPEL,TERPEL.CL,15500.0
2025-10-17,TERPEL,TERPEL.CL,15460.0
2025-10-24,TERPEL,TERPEL.CL,15600.0
2025-10-31,TERPEL,TERPEL.CL,16460.0
2025-11-07,TERPEL,TERPEL.CL,16180.0
2025-11-14,TERPEL,TERPEL.CL,16800.0
2025-11-21,TERPEL,TERPEL.CL,16740.0
2025-11-28,TERPEL,TERPEL.CL,16840.0
2025-12-05,TERPEL,TERPEL.CL,18100.0
2025-12-12,TERPEL,TERPEL.CL,19140.0
2025-12-19,TERPEL,TERPEL.CL,19700.0
2025-12-26,TERPEL,TERPEL.CL,19420.0
2026-01-02,TERPEL,TERPEL.CL,18420.0
2026-01-09,TERPEL,TERPEL.CL,19720.0
2026-01-16,TERPEL,TERPEL.CL,19880.0
2026-01-23,TERPEL,TERPEL.CL,20000.0
2026-01-30,TERPEL,TERPEL.CL,19840.0
2026-02-06,TERPEL,TERPEL.CL,19200.0
2026-02-13,TERPEL,TERPEL.CL,19100.0
2026-02-20,TERPEL,TERPEL.CL,19580.0
2026-02-27,TERPEL,TERPEL.CL,19860.0
2026-03-06,TERPEL,TERPEL.CL,18960.0
2026-03-13,TERPEL,TERPEL.CL,18960.0
2026-03-20,TERPEL,TERPEL.CL,18000.0
2026-03-27,TERPEL,TERPEL.CL,17600.0
2026-04-03,TERPEL,TERPEL.CL,17700.0
2026-04-10,TERPEL,TERPEL.CL,17960.0
2026-04-17,TERPEL,TERPEL.CL,18600.0
2026-04-24,TERPEL,TERPEL.CL,18300.0
2026-05-01,TERPEL,TERPEL.CL,17680.0
2026-05-08,TERPEL,TERPEL.CL,17680.0
2026-05-15,TERPEL,TERPEL.CL,17320.0
2026-05-22,TERPEL,TERPEL.CL,16400.0
2026-05-29,TERPEL,TERPEL.CL,17400.0
2026-06-05,TERPEL,TERPEL.CL,17480.0
2026-06-12,TERPEL,TERPEL.CL,18460.0
2026-06-19,TERPEL,TERPEL.CL,18960.0
2026-06-26,TERPEL,TERPEL.CL,17900.0
2026-07-03,TERPEL,TERPEL.CL,18360.0
2026-07-10,TERPEL,TERPEL.CL,18480.0
2026-07-17,TERPEL,TERPEL.CL,18200.0
2026-07-24,TERPEL,TERPEL.CL,17880.0
2026-07-31,TERPEL,TERPEL.CL,17760.0
2026-08-07,TERPEL,TERPEL.CL,17960.0
2026-08-14,TERPEL,TERPEL.CL,17960.0
2026-08-21,TERPEL,TERPEL.CL,17820.0
2026-08-28,TERPEL,TERPEL.CL,17900.0
2026-09-04,TERPEL,TERPEL.CL,18060.0
2026-09-11,TERPEL,TERPEL.CL,18700.0
2026-09-18,TERPEL,TERPEL.CL,19500.0
2026-09-25,TERPEL,TERPEL.CL,19620.0
2026-09-30,TERPEL,TERPEL.CL,19100.0
