fecha,serie,valor,frecuencia,unidad,id_banrep
2000-01-01,bienes,582.5700,trimestral,millones USD,15706
2000-04-01,bienes,584.6800,trimestral,millones USD,15706
2000-07-01,bienes,827.4300,trimestral,millones USD,15706
2000-10-01,bienes,707.5200,trimestral,millones USD,15706
2001-01-01,bienes,69.0800,trimestral,millones USD,15706
2001-04-01,bienes,56.0700,trimestral,millones USD,15706
2001-07-01,bienes,372.0400,trimestral,millones USD,15706
2001-10-01,bienes,133.5500,trimestral,millones USD,15706
2002-01-01,bienes,256.2700,trimestral,millones USD,15706
2002-04-01,bienes,75.2700,trimestral,millones USD,15706
2002-07-01,bienes,23.0600,trimestral,millones USD,15706
2002-10-01,bienes,-12.0100,trimestral,millones USD,15706
2003-01-01,bienes,-128.1500,trimestral,millones USD,15706
2003-04-01,bienes,266.8300,trimestral,millones USD,15706
2003-07-01,bienes,410.4900,trimestral,millones USD,15706
2003-10-01,bienes,53.6500,trimestral,millones USD,15706
2004-01-01,bienes,109.6100,trimestral,millones USD,15706
2004-04-01,bienes,291.0500,trimestral,millones USD,15706
2004-07-01,bienes,634.7400,trimestral,millones USD,15706
2004-10-01,bienes,321.0500,trimestral,millones USD,15706
2005-01-01,bienes,436.1700,trimestral,millones USD,15706
2005-04-01,bienes,560.8700,trimestral,millones USD,15706
2005-07-01,bienes,269.7300,trimestral,millones USD,15706
2005-10-01,bienes,347.5200,trimestral,millones USD,15706
2006-01-01,bienes,212.4700,trimestral,millones USD,15706
2006-04-01,bienes,190.3300,trimestral,millones USD,15706
2006-07-01,bienes,46.6600,trimestral,millones USD,15706
2006-10-01,bienes,-93.2300,trimestral,millones USD,15706
2007-01-01,bienes,-753.8800,trimestral,millones USD,15706
2007-04-01,bienes,-63.1800,trimestral,millones USD,15706
2007-07-01,bienes,-148.9400,trimestral,millones USD,15706
2007-10-01,bienes,405.4800,trimestral,millones USD,15706
2008-01-01,bienes,454.3100,trimestral,millones USD,15706
2008-04-01,bienes,1117.8000,trimestral,millones USD,15706
2008-07-01,bienes,304.9100,trimestral,millones USD,15706
2008-10-01,bienes,-912.4300,trimestral,millones USD,15706
2009-01-01,bienes,297.8500,trimestral,millones USD,15706
2009-04-01,bienes,851.3200,trimestral,millones USD,15706
2009-07-01,bienes,510.2700,trimestral,millones USD,15706
2009-10-01,bienes,889.8300,trimestral,millones USD,15706
2010-01-01,bienes,1108.4200,trimestral,millones USD,15706
2010-04-01,bienes,1287.7700,trimestral,millones USD,15706
2010-07-01,bienes,-257.0200,trimestral,millones USD,15706
2010-10-01,bienes,216.9100,trimestral,millones USD,15706
2011-01-01,bienes,1269.2700,trimestral,millones USD,15706
2011-04-01,bienes,2041.1400,trimestral,millones USD,15706
2011-07-01,bienes,1050.1900,trimestral,millones USD,15706
2011-10-01,bienes,1776.0400,trimestral,millones USD,15706
2012-01-01,bienes,2265.1700,trimestral,millones USD,15706
2012-04-01,bienes,901.8100,trimestral,millones USD,15706
2012-07-01,bienes,403.5100,trimestral,millones USD,15706
2012-10-01,bienes,1385.0800,trimestral,millones USD,15706
2013-01-01,bienes,750.7200,trimestral,millones USD,15706
2013-04-01,bienes,1450.3800,trimestral,millones USD,15706
2013-07-01,bienes,254.8400,trimestral,millones USD,15706
2013-10-01,bienes,723.2900,trimestral,millones USD,15706
2014-01-01,bienes,-282.2400,trimestral,millones USD,15706
2014-04-01,bienes,-239.7900,trimestral,millones USD,15706
2014-07-01,bienes,-701.3800,trimestral,millones USD,15706
2014-10-01,bienes,-3417.1900,trimestral,millones USD,15706
2015-01-01,bienes,-3423.1200,trimestral,millones USD,15706
2015-04-01,bienes,-2211.2800,trimestral,millones USD,15706
2015-07-01,bienes,-3972.7200,trimestral,millones USD,15706
2015-10-01,bienes,-3871.5100,trimestral,millones USD,15706
2016-01-01,bienes,-2974.9500,trimestral,millones USD,15706
2016-04-01,bienes,-1769.2200,trimestral,millones USD,15706
2016-07-01,bienes,-2339.8800,trimestral,millones USD,15706
2016-10-01,bienes,-2091.6600,trimestral,millones USD,15706
2017-01-01,bienes,-1727.2900,trimestral,millones USD,15706
2017-04-01,bienes,-1462.7500,trimestral,millones USD,15706
2017-07-01,bienes,-998.7500,trimestral,millones USD,15706
2017-10-01,bienes,-95.7600,trimestral,millones USD,15706
2018-01-01,bienes,-1121.6800,trimestral,millones USD,15706
2018-04-01,bienes,-1350.3300,trimestral,millones USD,15706
2018-07-01,bienes,-1410.7800,trimestral,millones USD,15706
2018-10-01,bienes,-2511.1600,trimestral,millones USD,15706
2019-01-01,bienes,-2310.4100,trimestral,millones USD,15706
2019-04-01,bienes,-1755.3300,trimestral,millones USD,15706
2019-07-01,bienes,-3039.1200,trimestral,millones USD,15706
2019-10-01,bienes,-2757.9100,trimestral,millones USD,15706
2020-01-01,bienes,-2244.4100,trimestral,millones USD,15706
2020-04-01,bienes,-1549.5300,trimestral,millones USD,15706
2020-07-01,bienes,-2204.1800,trimestral,millones USD,15706
2020-10-01,bienes,-2871.6600,trimestral,millones USD,15706
2021-01-01,bienes,-2587.5200,trimestral,millones USD,15706
2021-04-01,bienes,-3548.1400,trimestral,millones USD,15706
2021-07-01,bienes,-3692.5200,trimestral,millones USD,15706
2021-10-01,bienes,-4155.4600,trimestral,millones USD,15706
2022-01-01,bienes,-3733.9700,trimestral,millones USD,15706
2022-04-01,bienes,-1974.6200,trimestral,millones USD,15706
2022-07-01,bienes,-3684.4700,trimestral,millones USD,15706
2022-10-01,bienes,-2785.1900,trimestral,millones USD,15706
2023-01-01,bienes,-1917.4500,trimestral,millones USD,15706
2023-04-01,bienes,-1699.2600,trimestral,millones USD,15706
2023-07-01,bienes,-1352.9800,trimestral,millones USD,15706
2023-10-01,bienes,-1837.8700,trimestral,millones USD,15706
2024-01-01,bienes,-2105.2200,trimestral,millones USD,15706
2024-04-01,bienes,-1967.2000,trimestral,millones USD,15706
2024-07-01,bienes,-2318.0700,trimestral,millones USD,15706
2024-10-01,bienes,-2765.2800,trimestral,millones USD,15706
2025-01-01,bienes,-3064.9000,trimestral,millones USD,15706
2025-04-01,bienes,-3639.7700,trimestral,millones USD,15706
2025-07-01,bienes,-4012.2500,trimestral,millones USD,15706
2025-10-01,bienes,-4123.0500,trimestral,millones USD,15706
2026-01-01,bienes,-2895.8500,trimestral,millones USD,15706
2026-04-01,bienes,-4915.2900,trimestral,millones USD,15706
2000-01-01,bienes_servicios,260.1700,trimestral,millones USD,15135
2000-04-01,bienes_servicios,268.1700,trimestral,millones USD,15135
2000-07-01,bienes_servicios,484.1000,trimestral,millones USD,15135
2000-10-01,bienes_servicios,316.2300,trimestral,millones USD,15135
2001-01-01,bienes_servicios,-288.2000,trimestral,millones USD,15135
2001-04-01,bienes_servicios,-329.3900,trimestral,millones USD,15135
2001-07-01,bienes_servicios,-37.0900,trimestral,millones USD,15135
2001-10-01,bienes_servicios,-315.8500,trimestral,millones USD,15135
2002-01-01,bienes_servicios,-116.4900,trimestral,millones USD,15135
2002-04-01,bienes_servicios,-303.6900,trimestral,millones USD,15135
2002-07-01,bienes_servicios,-412.1700,trimestral,millones USD,15135
2002-10-01,bienes_servicios,-481.2800,trimestral,millones USD,15135
2003-01-01,bienes_servicios,-470.3400,trimestral,millones USD,15135
2003-04-01,bienes_servicios,-108.0500,trimestral,millones USD,15135
2003-07-01,bienes_servicios,-17.4800,trimestral,millones USD,15135
2003-10-01,bienes_servicios,-436.8500,trimestral,millones USD,15135
2004-01-01,bienes_servicios,-283.5900,trimestral,millones USD,15135
2004-04-01,bienes_servicios,-174.1700,trimestral,millones USD,15135
2004-07-01,bienes_servicios,176.3000,trimestral,millones USD,15135
2004-10-01,bienes_servicios,-201.6700,trimestral,millones USD,15135
2005-01-01,bienes_servicios,-138.0500,trimestral,millones USD,15135
2005-04-01,bienes_servicios,-11.3200,trimestral,millones USD,15135
2005-07-01,bienes_servicios,-412.3600,trimestral,millones USD,15135
2005-10-01,bienes_servicios,-128.8800,trimestral,millones USD,15135
2006-01-01,bienes_servicios,-201.5100,trimestral,millones USD,15135
2006-04-01,bienes_servicios,-436.7900,trimestral,millones USD,15135
2006-07-01,bienes_servicios,-653.1100,trimestral,millones USD,15135
2006-10-01,bienes_servicios,-660.1300,trimestral,millones USD,15135
2007-01-01,bienes_servicios,-1355.6100,trimestral,millones USD,15135
2007-04-01,bienes_servicios,-713.8300,trimestral,millones USD,15135
2007-07-01,bienes_servicios,-948.4600,trimestral,millones USD,15135
2007-10-01,bienes_servicios,-423.5700,trimestral,millones USD,15135
2008-01-01,bienes_servicios,-177.1700,trimestral,millones USD,15135
2008-04-01,bienes_servicios,296.6600,trimestral,millones USD,15135
2008-07-01,bienes_servicios,-649.3400,trimestral,millones USD,15135
2008-10-01,bienes_servicios,-1772.5500,trimestral,millones USD,15135
2009-01-01,bienes_servicios,-350.1900,trimestral,millones USD,15135
2009-04-01,bienes_servicios,128.3800,trimestral,millones USD,15135
2009-07-01,bienes_servicios,-293.8200,trimestral,millones USD,15135
2009-10-01,bienes_servicios,-290.1000,trimestral,millones USD,15135
2010-01-01,bienes_servicios,257.9700,trimestral,millones USD,15135
2010-04-01,bienes_servicios,224.9700,trimestral,millones USD,15135
2010-07-01,bienes_servicios,-1525.1000,trimestral,millones USD,15135
2010-10-01,bienes_servicios,-1203.9900,trimestral,millones USD,15135
2011-01-01,bienes_servicios,6.5900,trimestral,millones USD,15135
2011-04-01,bienes_servicios,619.5500,trimestral,millones USD,15135
2011-07-01,bienes_servicios,-350.8000,trimestral,millones USD,15135
2011-10-01,bienes_servicios,252.2400,trimestral,millones USD,15135
2012-01-01,bienes_servicios,905.0700,trimestral,millones USD,15135
2012-04-01,bienes_servicios,-820.2500,trimestral,millones USD,15135
2012-07-01,bienes_servicios,-1341.2600,trimestral,millones USD,15135
2012-10-01,bienes_servicios,-208.5600,trimestral,millones USD,15135
2013-01-01,bienes_servicios,-827.6900,trimestral,millones USD,15135
2013-04-01,bienes_servicios,-81.8800,trimestral,millones USD,15135
2013-07-01,bienes_servicios,-1464.4900,trimestral,millones USD,15135
2013-10-01,bienes_servicios,-876.4400,trimestral,millones USD,15135
2014-01-01,bienes_servicios,-1965.2000,trimestral,millones USD,15135
2014-04-01,bienes_servicios,-2062.7300,trimestral,millones USD,15135
2014-07-01,bienes_servicios,-2728.6900,trimestral,millones USD,15135
2014-10-01,bienes_servicios,-5575.6600,trimestral,millones USD,15135
2015-01-01,bienes_servicios,-4869.0500,trimestral,millones USD,15135
2015-04-01,bienes_servicios,-3785.0900,trimestral,millones USD,15135
2015-07-01,bienes_servicios,-5391.7500,trimestral,millones USD,15135
2015-10-01,bienes_servicios,-4958.4900,trimestral,millones USD,15135
2016-01-01,bienes_servicios,-3970.8700,trimestral,millones USD,15135
2016-04-01,bienes_servicios,-2935.2200,trimestral,millones USD,15135
2016-07-01,bienes_servicios,-3559.9900,trimestral,millones USD,15135
2016-10-01,bienes_servicios,-2985.0500,trimestral,millones USD,15135
2017-01-01,bienes_servicios,-2729.6600,trimestral,millones USD,15135
2017-04-01,bienes_servicios,-2551.3900,trimestral,millones USD,15135
2017-07-01,bienes_servicios,-2326.0000,trimestral,millones USD,15135
2017-10-01,bienes_servicios,-1154.4500,trimestral,millones USD,15135
2018-01-01,bienes_servicios,-1839.6100,trimestral,millones USD,15135
2018-04-01,bienes_servicios,-2557.2800,trimestral,millones USD,15135
2018-07-01,bienes_servicios,-2671.9300,trimestral,millones USD,15135
2018-10-01,bienes_servicios,-3487.3700,trimestral,millones USD,15135
2019-01-01,bienes_servicios,-3137.5100,trimestral,millones USD,15135
2019-04-01,bienes_servicios,-2997.8000,trimestral,millones USD,15135
2019-07-01,bienes_servicios,-4406.0400,trimestral,millones USD,15135
2019-10-01,bienes_servicios,-3606.8200,trimestral,millones USD,15135
2020-01-01,bienes_servicios,-3098.3500,trimestral,millones USD,15135
2020-04-01,bienes_servicios,-2651.0100,trimestral,millones USD,15135
2020-07-01,bienes_servicios,-3263.0400,trimestral,millones USD,15135
2020-10-01,bienes_servicios,-4092.3500,trimestral,millones USD,15135
2021-01-01,bienes_servicios,-3688.0700,trimestral,millones USD,15135
2021-04-01,bienes_servicios,-5021.7100,trimestral,millones USD,15135
2021-07-01,bienes_servicios,-5258.6600,trimestral,millones USD,15135
2021-10-01,bienes_servicios,-6032.2400,trimestral,millones USD,15135
2022-01-01,bienes_servicios,-4956.7700,trimestral,millones USD,15135
2022-04-01,bienes_servicios,-3048.6800,trimestral,millones USD,15135
2022-07-01,bienes_servicios,-4415.5000,trimestral,millones USD,15135
2022-10-01,bienes_servicios,-3671.8100,trimestral,millones USD,15135
2023-01-01,bienes_servicios,-2175.8300,trimestral,millones USD,15135
2023-04-01,bienes_servicios,-2058.8500,trimestral,millones USD,15135
2023-07-01,bienes_servicios,-1402.4900,trimestral,millones USD,15135
2023-10-01,bienes_servicios,-2164.2600,trimestral,millones USD,15135
2024-01-01,bienes_servicios,-1769.1600,trimestral,millones USD,15135
2024-04-01,bienes_servicios,-2358.4100,trimestral,millones USD,15135
2024-07-01,bienes_servicios,-2376.7000,trimestral,millones USD,15135
2024-10-01,bienes_servicios,-3261.9700,trimestral,millones USD,15135
2025-01-01,bienes_servicios,-2528.2700,trimestral,millones USD,15135
2025-04-01,bienes_servicios,-3827.3500,trimestral,millones USD,15135
2025-07-01,bienes_servicios,-4098.7900,trimestral,millones USD,15135
2025-10-01,bienes_servicios,-4486.4000,trimestral,millones USD,15135
2026-01-01,bienes_servicios,-2522.9200,trimestral,millones USD,15135
2026-04-01,bienes_servicios,-5546.4000,trimestral,millones USD,15135
2000-01-01,cc,91.1600,trimestral,millones USD,15136
2000-04-01,cc,77.4900,trimestral,millones USD,15136
2000-07-01,cc,363.3900,trimestral,millones USD,15136
2000-10-01,cc,313.3600,trimestral,millones USD,15136
2001-01-01,cc,-477.5400,trimestral,millones USD,15136
2001-04-01,cc,-290.9200,trimestral,millones USD,15136
2001-07-01,cc,-22.7800,trimestral,millones USD,15136
2001-10-01,cc,-249.0900,trimestral,millones USD,15136
2002-01-01,cc,-235.6000,trimestral,millones USD,15136
2002-04-01,cc,-348.8200,trimestral,millones USD,15136
2002-07-01,cc,-305.3500,trimestral,millones USD,15136
2002-10-01,cc,-399.4400,trimestral,millones USD,15136
2003-01-01,cc,-605.4200,trimestral,millones USD,15136
2003-04-01,cc,-70.2600,trimestral,millones USD,15136
2003-07-01,cc,59.3600,trimestral,millones USD,15136
2003-10-01,cc,-295.6800,trimestral,millones USD,15136
2004-01-01,cc,-591.1500,trimestral,millones USD,15136
2004-04-01,cc,-210.2200,trimestral,millones USD,15136
2004-07-01,cc,119.2900,trimestral,millones USD,15136
2004-10-01,cc,-92.4800,trimestral,millones USD,15136
2005-01-01,cc,-551.5100,trimestral,millones USD,15136
2005-04-01,cc,-285.2700,trimestral,millones USD,15136
2005-07-01,cc,-877.3400,trimestral,millones USD,15136
2005-10-01,cc,-233.6400,trimestral,millones USD,15136
2006-01-01,cc,-669.3500,trimestral,millones USD,15136
2006-04-01,cc,-707.3900,trimestral,millones USD,15136
2006-07-01,cc,-775.0200,trimestral,millones USD,15136
2006-10-01,cc,-839.2800,trimestral,millones USD,15136
2007-01-01,cc,-2091.3400,trimestral,millones USD,15136
2007-04-01,cc,-1453.6400,trimestral,millones USD,15136
2007-07-01,cc,-1462.8600,trimestral,millones USD,15136
2007-10-01,cc,-1141.8000,trimestral,millones USD,15136
2008-01-01,cc,-1312.2900,trimestral,millones USD,15136
2008-04-01,cc,-1157.3500,trimestral,millones USD,15136
2008-07-01,cc,-1661.0800,trimestral,millones USD,15136
2008-10-01,cc,-2366.5600,trimestral,millones USD,15136
2009-01-01,cc,-932.1800,trimestral,millones USD,15136
2009-04-01,cc,-760.9200,trimestral,millones USD,15136
2009-07-01,cc,-1296.2700,trimestral,millones USD,15136
2009-10-01,cc,-1443.6400,trimestral,millones USD,15136
2010-01-01,cc,-1260.8200,trimestral,millones USD,15136
2010-04-01,cc,-1405.7600,trimestral,millones USD,15136
2010-07-01,cc,-3210.3500,trimestral,millones USD,15136
2010-10-01,cc,-2706.0900,trimestral,millones USD,15136
2011-01-01,cc,-2002.9700,trimestral,millones USD,15136
2011-04-01,cc,-1726.1100,trimestral,millones USD,15136
2011-07-01,cc,-3030.8500,trimestral,millones USD,15136
2011-10-01,cc,-2974.5800,trimestral,millones USD,15136
2012-01-01,cc,-1838.2600,trimestral,millones USD,15136
2012-04-01,cc,-3235.4600,trimestral,millones USD,15136
2012-07-01,cc,-3596.2400,trimestral,millones USD,15136
2012-10-01,cc,-2970.0400,trimestral,millones USD,15136
2013-01-01,cc,-3439.1600,trimestral,millones USD,15136
2013-04-01,cc,-2205.9400,trimestral,millones USD,15136
2013-07-01,cc,-3596.2200,trimestral,millones USD,15136
2013-10-01,cc,-3123.8100,trimestral,millones USD,15136
2014-01-01,cc,-4124.7100,trimestral,millones USD,15136
2014-04-01,cc,-4189.2800,trimestral,millones USD,15136
2014-07-01,cc,-5033.4100,trimestral,millones USD,15136
2014-10-01,cc,-6471.1400,trimestral,millones USD,15136
2015-01-01,cc,-5291.9300,trimestral,millones USD,15136
2015-04-01,cc,-4426.3700,trimestral,millones USD,15136
2015-07-01,cc,-5055.7700,trimestral,millones USD,15136
2015-10-01,cc,-3928.1500,trimestral,millones USD,15136
2016-01-01,cc,-3524.7900,trimestral,millones USD,15136
2016-04-01,cc,-2794.4200,trimestral,millones USD,15136
2016-07-01,cc,-3601.1400,trimestral,millones USD,15136
2016-10-01,cc,-2666.2100,trimestral,millones USD,15136
2017-01-01,cc,-3489.5200,trimestral,millones USD,15136
2017-04-01,cc,-2425.5600,trimestral,millones USD,15136
2017-07-01,cc,-2560.6500,trimestral,millones USD,15136
2017-10-01,cc,-1448.6400,trimestral,millones USD,15136
2018-01-01,cc,-3022.5500,trimestral,millones USD,15136
2018-04-01,cc,-3470.9300,trimestral,millones USD,15136
2018-07-01,cc,-3406.0200,trimestral,millones USD,15136
2018-10-01,cc,-4141.4600,trimestral,millones USD,15136
2019-01-01,cc,-3820.3600,trimestral,millones USD,15136
2019-04-01,cc,-3218.9200,trimestral,millones USD,15136
2019-07-01,cc,-4302.6500,trimestral,millones USD,15136
2019-10-01,cc,-3466.7400,trimestral,millones USD,15136
2020-01-01,cc,-2295.2000,trimestral,millones USD,15136
2020-04-01,cc,-1962.0700,trimestral,millones USD,15136
2020-07-01,cc,-2012.5500,trimestral,millones USD,15136
2020-10-01,cc,-2997.0000,trimestral,millones USD,15136
2021-01-01,cc,-3105.0900,trimestral,millones USD,15136
2021-04-01,cc,-4047.2300,trimestral,millones USD,15136
2021-07-01,cc,-4834.8300,trimestral,millones USD,15136
2021-10-01,cc,-5962.2400,trimestral,millones USD,15136
2022-01-01,cc,-5397.1200,trimestral,millones USD,15136
2022-04-01,cc,-4750.5200,trimestral,millones USD,15136
2022-07-01,cc,-6106.5800,trimestral,millones USD,15136
2022-10-01,cc,-4623.4000,trimestral,millones USD,15136
2023-01-01,cc,-2808.5100,trimestral,millones USD,15136
2023-04-01,cc,-2085.7600,trimestral,millones USD,15136
2023-07-01,cc,-1545.4200,trimestral,millones USD,15136
2023-10-01,cc,-1878.4800,trimestral,millones USD,15136
2024-01-01,cc,-1584.4500,trimestral,millones USD,15136
2024-04-01,cc,-1417.6000,trimestral,millones USD,15136
2024-07-01,cc,-1633.8500,trimestral,millones USD,15136
2024-10-01,cc,-2416.3100,trimestral,millones USD,15136
2025-01-01,cc,-1648.7200,trimestral,millones USD,15136
2025-04-01,cc,-2477.7400,trimestral,millones USD,15136
2025-07-01,cc,-3013.2500,trimestral,millones USD,15136
2025-10-01,cc,-3916.7400,trimestral,millones USD,15136
2026-01-01,cc,-1278.4000,trimestral,millones USD,15136
2026-04-01,cc,-4702.2800,trimestral,millones USD,15136
2000-01-01,cf,304.8100,trimestral,millones USD,16142
2000-04-01,cf,173.6700,trimestral,millones USD,16142
2000-07-01,cf,359.8300,trimestral,millones USD,16142
2000-10-01,cf,11.3500,trimestral,millones USD,16142
2001-01-01,cf,-430.2200,trimestral,millones USD,16142
2001-04-01,cf,-409.2600,trimestral,millones USD,16142
2001-07-01,cf,-197.8200,trimestral,millones USD,16142
2001-10-01,cf,-191.4100,trimestral,millones USD,16142
2002-01-01,cf,-92.8700,trimestral,millones USD,16142
2002-04-01,cf,-261.2800,trimestral,millones USD,16142
2002-07-01,cf,-386.4200,trimestral,millones USD,16142
2002-10-01,cf,-425.1200,trimestral,millones USD,16142
2003-01-01,cf,-690.0400,trimestral,millones USD,16142
2003-04-01,cf,-81.4800,trimestral,millones USD,16142
2003-07-01,cf,40.4300,trimestral,millones USD,16142
2003-10-01,cf,-109.4800,trimestral,millones USD,16142
2004-01-01,cf,-445.5800,trimestral,millones USD,16142
2004-04-01,cf,-1.6700,trimestral,millones USD,16142
2004-07-01,cf,77.5100,trimestral,millones USD,16142
2004-10-01,cf,-345.3900,trimestral,millones USD,16142
2005-01-01,cf,-335.1300,trimestral,millones USD,16142
2005-04-01,cf,-198.9200,trimestral,millones USD,16142
2005-07-01,cf,-693.9700,trimestral,millones USD,16142
2005-10-01,cf,-279.2400,trimestral,millones USD,16142
2006-01-01,cf,-643.7700,trimestral,millones USD,16142
2006-04-01,cf,-614.6400,trimestral,millones USD,16142
2006-07-01,cf,-528.7800,trimestral,millones USD,16142
2006-10-01,cf,-1076.4300,trimestral,millones USD,16142
2007-01-01,cf,-1819.0600,trimestral,millones USD,16142
2007-04-01,cf,-1310.7000,trimestral,millones USD,16142
2007-07-01,cf,-1555.2700,trimestral,millones USD,16142
2007-10-01,cf,-969.5500,trimestral,millones USD,16142
2008-01-01,cf,-1555.9500,trimestral,millones USD,16142
2008-04-01,cf,-1269.5200,trimestral,millones USD,16142
2008-07-01,cf,-1525.7100,trimestral,millones USD,16142
2008-10-01,cf,-2570.5700,trimestral,millones USD,16142
2009-01-01,cf,-750.2900,trimestral,millones USD,16142
2009-04-01,cf,-1176.9700,trimestral,millones USD,16142
2009-07-01,cf,-1545.3800,trimestral,millones USD,16142
2009-10-01,cf,-1505.3700,trimestral,millones USD,16142
2010-01-01,cf,-1019.3200,trimestral,millones USD,16142
2010-04-01,cf,-1425.6800,trimestral,millones USD,16142
2010-07-01,cf,-3587.7500,trimestral,millones USD,16142
2010-10-01,cf,-3299.0600,trimestral,millones USD,16142
2011-01-01,cf,-1411.1400,trimestral,millones USD,16142
2011-04-01,cf,-1575.6300,trimestral,millones USD,16142
2011-07-01,cf,-2552.0300,trimestral,millones USD,16142
2011-10-01,cf,-3168.5200,trimestral,millones USD,16142
2012-01-01,cf,-1549.3200,trimestral,millones USD,16142
2012-04-01,cf,-3193.2400,trimestral,millones USD,16142
2012-07-01,cf,-3520.5700,trimestral,millones USD,16142
2012-10-01,cf,-3289.7500,trimestral,millones USD,16142
2013-01-01,cf,-3094.6500,trimestral,millones USD,16142
2013-04-01,cf,-1892.8800,trimestral,millones USD,16142
2013-07-01,cf,-3429.5900,trimestral,millones USD,16142
2013-10-01,cf,-3322.4900,trimestral,millones USD,16142
2014-01-01,cf,-4158.1500,trimestral,millones USD,16142
2014-04-01,cf,-3944.2000,trimestral,millones USD,16142
2014-07-01,cf,-4996.0600,trimestral,millones USD,16142
2014-10-01,cf,-6193.6400,trimestral,millones USD,16142
2015-01-01,cf,-5131.9300,trimestral,millones USD,16142
2015-04-01,cf,-4339.8900,trimestral,millones USD,16142
2015-07-01,cf,-4880.4200,trimestral,millones USD,16142
2015-10-01,cf,-3707.4900,trimestral,millones USD,16142
2016-01-01,cf,-3619.9000,trimestral,millones USD,16142
2016-04-01,cf,-3243.6400,trimestral,millones USD,16142
2016-07-01,cf,-3525.4200,trimestral,millones USD,16142
2016-10-01,cf,-1950.4200,trimestral,millones USD,16142
2017-01-01,cf,-2986.4200,trimestral,millones USD,16142
2017-04-01,cf,-2624.6000,trimestral,millones USD,16142
2017-07-01,cf,-2379.3800,trimestral,millones USD,16142
2017-10-01,cf,-1634.5100,trimestral,millones USD,16142
2018-01-01,cf,-2876.3400,trimestral,millones USD,16142
2018-04-01,cf,-2718.5000,trimestral,millones USD,16142
2018-07-01,cf,-3487.1200,trimestral,millones USD,16142
2018-10-01,cf,-3871.8900,trimestral,millones USD,16142
2019-01-01,cf,-3519.7500,trimestral,millones USD,16142
2019-04-01,cf,-3333.1000,trimestral,millones USD,16142
2019-07-01,cf,-3739.6600,trimestral,millones USD,16142
2019-10-01,cf,-2705.8200,trimestral,millones USD,16142
2020-01-01,cf,-1735.2600,trimestral,millones USD,16142
2020-04-01,cf,-1937.5100,trimestral,millones USD,16142
2020-07-01,cf,-1857.0500,trimestral,millones USD,16142
2020-10-01,cf,-2583.6400,trimestral,millones USD,16142
2021-01-01,cf,-2789.0100,trimestral,millones USD,16142
2021-04-01,cf,-3760.5700,trimestral,millones USD,16142
2021-07-01,cf,-4503.8000,trimestral,millones USD,16142
2021-10-01,cf,-5639.7400,trimestral,millones USD,16142
2022-01-01,cf,-5036.7200,trimestral,millones USD,16142
2022-04-01,cf,-4951.7700,trimestral,millones USD,16142
2022-07-01,cf,-5735.7600,trimestral,millones USD,16142
2022-10-01,cf,-4741.4100,trimestral,millones USD,16142
2023-01-01,cf,-2590.7100,trimestral,millones USD,16142
2023-04-01,cf,-2699.1500,trimestral,millones USD,16142
2023-07-01,cf,-1376.2300,trimestral,millones USD,16142
2023-10-01,cf,-1182.4200,trimestral,millones USD,16142
2024-01-01,cf,-1485.6600,trimestral,millones USD,16142
2024-04-01,cf,-1079.5700,trimestral,millones USD,16142
2024-07-01,cf,-1024.3700,trimestral,millones USD,16142
2024-10-01,cf,-1987.7100,trimestral,millones USD,16142
2025-01-01,cf,-1325.8000,trimestral,millones USD,16142
2025-04-01,cf,-1892.5400,trimestral,millones USD,16142
2025-07-01,cf,-2445.2100,trimestral,millones USD,16142
2025-10-01,cf,-3210.5000,trimestral,millones USD,16142
2026-01-01,cf,-546.0200,trimestral,millones USD,16142
2026-04-01,cf,-3719.3400,trimestral,millones USD,16142
2000-01-01,cf_cartera,-361.8000,trimestral,millones USD,16196
2000-04-01,cf_cartera,351.0700,trimestral,millones USD,16196
2000-07-01,cf_cartera,390.2400,trimestral,millones USD,16196
2000-10-01,cf_cartera,-554.2000,trimestral,millones USD,16196
2001-01-01,cf_cartera,-204.5200,trimestral,millones USD,16196
2001-04-01,cf_cartera,-1058.7300,trimestral,millones USD,16196
2001-07-01,cf_cartera,275.0800,trimestral,millones USD,16196
2001-10-01,cf_cartera,-139.2000,trimestral,millones USD,16196
2002-01-01,cf_cartera,1255.0000,trimestral,millones USD,16196
2002-04-01,cf_cartera,487.7100,trimestral,millones USD,16196
2002-07-01,cf_cartera,-648.4800,trimestral,millones USD,16196
2002-10-01,cf_cartera,-768.4000,trimestral,millones USD,16196
2003-01-01,cf_cartera,120.9800,trimestral,millones USD,16196
2003-04-01,cf_cartera,925.6600,trimestral,millones USD,16196
2003-07-01,cf_cartera,447.9000,trimestral,millones USD,16196
2003-10-01,cf_cartera,-139.3400,trimestral,millones USD,16196
2004-01-01,cf_cartera,165.9900,trimestral,millones USD,16196
2004-04-01,cf_cartera,631.7300,trimestral,millones USD,16196
2004-07-01,cf_cartera,129.7400,trimestral,millones USD,16196
2004-10-01,cf_cartera,-1157.0000,trimestral,millones USD,16196
2005-01-01,cf_cartera,-143.5200,trimestral,millones USD,16196
2005-04-01,cf_cartera,817.2400,trimestral,millones USD,16196
2005-07-01,cf_cartera,-159.1400,trimestral,millones USD,16196
2005-10-01,cf_cartera,969.0600,trimestral,millones USD,16196
2006-01-01,cf_cartera,685.9700,trimestral,millones USD,16196
2006-04-01,cf_cartera,2167.6800,trimestral,millones USD,16196
2006-07-01,cf_cartera,-864.2300,trimestral,millones USD,16196
2006-10-01,cf_cartera,172.0500,trimestral,millones USD,16196
2007-01-01,cf_cartera,-131.4800,trimestral,millones USD,16196
2007-04-01,cf_cartera,-382.3100,trimestral,millones USD,16196
2007-07-01,cf_cartera,26.0100,trimestral,millones USD,16196
2007-10-01,cf_cartera,673.2900,trimestral,millones USD,16196
2008-01-01,cf_cartera,661.1500,trimestral,millones USD,16196
2008-04-01,cf_cartera,79.2700,trimestral,millones USD,16196
2008-07-01,cf_cartera,-90.7400,trimestral,millones USD,16196
2008-10-01,cf_cartera,361.8800,trimestral,millones USD,16196
2009-01-01,cf_cartera,-2041.8100,trimestral,millones USD,16196
2009-04-01,cf_cartera,-1045.7300,trimestral,millones USD,16196
2009-07-01,cf_cartera,1415.3800,trimestral,millones USD,16196
2009-10-01,cf_cartera,-1924.2700,trimestral,millones USD,16196
2010-01-01,cf_cartera,2160.0800,trimestral,millones USD,16196
2010-04-01,cf_cartera,-741.6300,trimestral,millones USD,16196
2010-07-01,cf_cartera,-789.4100,trimestral,millones USD,16196
2010-10-01,cf_cartera,-541.0700,trimestral,millones USD,16196
2011-01-01,cf_cartera,332.9000,trimestral,millones USD,16196
2011-04-01,cf_cartera,-456.7400,trimestral,millones USD,16196
2011-07-01,cf_cartera,-2571.1700,trimestral,millones USD,16196
2011-10-01,cf_cartera,-3475.7600,trimestral,millones USD,16196
2012-01-01,cf_cartera,1884.5400,trimestral,millones USD,16196
2012-04-01,cf_cartera,-2663.1000,trimestral,millones USD,16196
2012-07-01,cf_cartera,-3301.4000,trimestral,millones USD,16196
2012-10-01,cf_cartera,-689.3900,trimestral,millones USD,16196
2013-01-01,cf_cartera,-2271.4000,trimestral,millones USD,16196
2013-04-01,cf_cartera,-1099.7400,trimestral,millones USD,16196
2013-07-01,cf_cartera,-2172.4100,trimestral,millones USD,16196
2013-10-01,cf_cartera,-1894.4500,trimestral,millones USD,16196
2014-01-01,cf_cartera,-2872.5900,trimestral,millones USD,16196
2014-04-01,cf_cartera,-2054.8000,trimestral,millones USD,16196
2014-07-01,cf_cartera,-4760.0500,trimestral,millones USD,16196
2014-10-01,cf_cartera,-1877.3900,trimestral,millones USD,16196
2015-01-01,cf_cartera,-2439.6600,trimestral,millones USD,16196
2015-04-01,cf_cartera,-1433.9300,trimestral,millones USD,16196
2015-07-01,cf_cartera,-5077.3300,trimestral,millones USD,16196
2015-10-01,cf_cartera,-139.9700,trimestral,millones USD,16196
2016-01-01,cf_cartera,-894.9600,trimestral,millones USD,16196
2016-04-01,cf_cartera,-1685.0900,trimestral,millones USD,16196
2016-07-01,cf_cartera,-1092.6200,trimestral,millones USD,16196
2016-10-01,cf_cartera,-1272.5800,trimestral,millones USD,16196
2017-01-01,cf_cartera,181.8400,trimestral,millones USD,16196
2017-04-01,cf_cartera,-2178.4300,trimestral,millones USD,16196
2017-07-01,cf_cartera,-423.8300,trimestral,millones USD,16196
2017-10-01,cf_cartera,620.4900,trimestral,millones USD,16196
2018-01-01,cf_cartera,1714.6000,trimestral,millones USD,16196
2018-04-01,cf_cartera,349.9600,trimestral,millones USD,16196
2018-07-01,cf_cartera,482.0300,trimestral,millones USD,16196
2018-10-01,cf_cartera,-1684.2600,trimestral,millones USD,16196
2019-01-01,cf_cartera,-1381.9700,trimestral,millones USD,16196
2019-04-01,cf_cartera,-282.2100,trimestral,millones USD,16196
2019-07-01,cf_cartera,137.1700,trimestral,millones USD,16196
2019-10-01,cf_cartera,1551.0800,trimestral,millones USD,16196
2020-01-01,cf_cartera,-167.5700,trimestral,millones USD,16196
2020-04-01,cf_cartera,-3429.2100,trimestral,millones USD,16196
2020-07-01,cf_cartera,322.7300,trimestral,millones USD,16196
2020-10-01,cf_cartera,1505.9300,trimestral,millones USD,16196
2021-01-01,cf_cartera,1318.8300,trimestral,millones USD,16196
2021-04-01,cf_cartera,-6089.3800,trimestral,millones USD,16196
2021-07-01,cf_cartera,850.5700,trimestral,millones USD,16196
2021-10-01,cf_cartera,-675.3800,trimestral,millones USD,16196
2022-01-01,cf_cartera,1865.9200,trimestral,millones USD,16196
2022-04-01,cf_cartera,-759.0300,trimestral,millones USD,16196
2022-07-01,cf_cartera,-233.0400,trimestral,millones USD,16196
2022-10-01,cf_cartera,-446.8500,trimestral,millones USD,16196
2023-01-01,cf_cartera,1111.2800,trimestral,millones USD,16196
2023-04-01,cf_cartera,1519.8100,trimestral,millones USD,16196
2023-07-01,cf_cartera,4527.3300,trimestral,millones USD,16196
2023-10-01,cf_cartera,1504.3100,trimestral,millones USD,16196
2024-01-01,cf_cartera,1415.8400,trimestral,millones USD,16196
2024-04-01,cf_cartera,-451.2500,trimestral,millones USD,16196
2024-07-01,cf_cartera,3489.4300,trimestral,millones USD,16196
2024-10-01,cf_cartera,-2182.4400,trimestral,millones USD,16196
2025-01-01,cf_cartera,1156.0500,trimestral,millones USD,16196
2025-04-01,cf_cartera,-3533.9000,trimestral,millones USD,16196
2025-07-01,cf_cartera,-4078.6400,trimestral,millones USD,16196
2025-10-01,cf_cartera,-1681.9600,trimestral,millones USD,16196
2026-01-01,cf_cartera,-1031.6200,trimestral,millones USD,16196
2026-04-01,cf_cartera,6653.0500,trimestral,millones USD,16196
2000-01-01,cf_derivados,24.9200,trimestral,millones USD,16271
2000-04-01,cf_derivados,31.3800,trimestral,millones USD,16271
2000-07-01,cf_derivados,32.6700,trimestral,millones USD,16271
2000-10-01,cf_derivados,32.9900,trimestral,millones USD,16271
2001-01-01,cf_derivados,32.3300,trimestral,millones USD,16271
2001-04-01,cf_derivados,33.4400,trimestral,millones USD,16271
2001-07-01,cf_derivados,32.9300,trimestral,millones USD,16271
2001-10-01,cf_derivados,33.8800,trimestral,millones USD,16271
2002-01-01,cf_derivados,37.3300,trimestral,millones USD,16271
2002-04-01,cf_derivados,35.2500,trimestral,millones USD,16271
2002-07-01,cf_derivados,21.6600,trimestral,millones USD,16271
2002-10-01,cf_derivados,16.9100,trimestral,millones USD,16271
2003-01-01,cf_derivados,30.4800,trimestral,millones USD,16271
2003-04-01,cf_derivados,18.4700,trimestral,millones USD,16271
2003-07-01,cf_derivados,22.5100,trimestral,millones USD,16271
2003-10-01,cf_derivados,29.5000,trimestral,millones USD,16271
2004-01-01,cf_derivados,30.5800,trimestral,millones USD,16271
2004-04-01,cf_derivados,15.8500,trimestral,millones USD,16271
2004-07-01,cf_derivados,46.9400,trimestral,millones USD,16271
2004-10-01,cf_derivados,95.6600,trimestral,millones USD,16271
2005-01-01,cf_derivados,23.1200,trimestral,millones USD,16271
2005-04-01,cf_derivados,28.8000,trimestral,millones USD,16271
2005-07-01,cf_derivados,5.8500,trimestral,millones USD,16271
2005-10-01,cf_derivados,3.6900,trimestral,millones USD,16271
2006-01-01,cf_derivados,0.8100,trimestral,millones USD,16271
2006-04-01,cf_derivados,0.7900,trimestral,millones USD,16271
2006-07-01,cf_derivados,3.0000,trimestral,millones USD,16271
2006-10-01,cf_derivados,4.0000,trimestral,millones USD,16271
2007-01-01,cf_derivados,0.0000,trimestral,millones USD,16271
2007-04-01,cf_derivados,0.0000,trimestral,millones USD,16271
2007-07-01,cf_derivados,0.0000,trimestral,millones USD,16271
2007-10-01,cf_derivados,0.0000,trimestral,millones USD,16271
2008-01-01,cf_derivados,-315.0700,trimestral,millones USD,16271
2008-04-01,cf_derivados,-307.3700,trimestral,millones USD,16271
2008-07-01,cf_derivados,362.0400,trimestral,millones USD,16271
2008-10-01,cf_derivados,217.4000,trimestral,millones USD,16271
2009-01-01,cf_derivados,183.1600,trimestral,millones USD,16271
2009-04-01,cf_derivados,-261.8400,trimestral,millones USD,16271
2009-07-01,cf_derivados,-269.3000,trimestral,millones USD,16271
2009-10-01,cf_derivados,-121.5800,trimestral,millones USD,16271
2010-01-01,cf_derivados,-156.3300,trimestral,millones USD,16271
2010-04-01,cf_derivados,-22.7800,trimestral,millones USD,16271
2010-07-01,cf_derivados,-122.1600,trimestral,millones USD,16271
2010-10-01,cf_derivados,24.6900,trimestral,millones USD,16271
2011-01-01,cf_derivados,-52.4900,trimestral,millones USD,16271
2011-04-01,cf_derivados,-57.7900,trimestral,millones USD,16271
2011-07-01,cf_derivados,8.7300,trimestral,millones USD,16271
2011-10-01,cf_derivados,137.5900,trimestral,millones USD,16271
2012-01-01,cf_derivados,-273.7900,trimestral,millones USD,16271
2012-04-01,cf_derivados,-125.3600,trimestral,millones USD,16271
2012-07-01,cf_derivados,-56.2700,trimestral,millones USD,16271
2012-10-01,cf_derivados,-58.4100,trimestral,millones USD,16271
2013-01-01,cf_derivados,-21.7200,trimestral,millones USD,16271
2013-04-01,cf_derivados,140.0300,trimestral,millones USD,16271
2013-07-01,cf_derivados,-18.8000,trimestral,millones USD,16271
2013-10-01,cf_derivados,18.4800,trimestral,millones USD,16271
2014-01-01,cf_derivados,196.0600,trimestral,millones USD,16271
2014-04-01,cf_derivados,-249.9500,trimestral,millones USD,16271
2014-07-01,cf_derivados,25.6600,trimestral,millones USD,16271
2014-10-01,cf_derivados,636.3900,trimestral,millones USD,16271
2015-01-01,cf_derivados,601.2000,trimestral,millones USD,16271
2015-04-01,cf_derivados,31.3800,trimestral,millones USD,16271
2015-07-01,cf_derivados,1238.0300,trimestral,millones USD,16271
2015-10-01,cf_derivados,85.1400,trimestral,millones USD,16271
2016-01-01,cf_derivados,-28.0900,trimestral,millones USD,16271
2016-04-01,cf_derivados,-169.2900,trimestral,millones USD,16271
2016-07-01,cf_derivados,-97.4000,trimestral,millones USD,16271
2016-10-01,cf_derivados,-326.5500,trimestral,millones USD,16271
2017-01-01,cf_derivados,114.4600,trimestral,millones USD,16271
2017-04-01,cf_derivados,238.4500,trimestral,millones USD,16271
2017-07-01,cf_derivados,-29.4800,trimestral,millones USD,16271
2017-10-01,cf_derivados,41.9000,trimestral,millones USD,16271
2018-01-01,cf_derivados,-370.8300,trimestral,millones USD,16271
2018-04-01,cf_derivados,140.9900,trimestral,millones USD,16271
2018-07-01,cf_derivados,151.7500,trimestral,millones USD,16271
2018-10-01,cf_derivados,99.3500,trimestral,millones USD,16271
2019-01-01,cf_derivados,-91.3500,trimestral,millones USD,16271
2019-04-01,cf_derivados,201.9800,trimestral,millones USD,16271
2019-07-01,cf_derivados,189.5700,trimestral,millones USD,16271
2019-10-01,cf_derivados,-216.2100,trimestral,millones USD,16271
2020-01-01,cf_derivados,149.0000,trimestral,millones USD,16271
2020-04-01,cf_derivados,-130.0300,trimestral,millones USD,16271
2020-07-01,cf_derivados,28.7400,trimestral,millones USD,16271
2020-10-01,cf_derivados,-560.9300,trimestral,millones USD,16271
2021-01-01,cf_derivados,-320.8600,trimestral,millones USD,16271
2021-04-01,cf_derivados,181.6500,trimestral,millones USD,16271
2021-07-01,cf_derivados,356.0600,trimestral,millones USD,16271
2021-10-01,cf_derivados,148.3100,trimestral,millones USD,16271
2022-01-01,cf_derivados,-377.1400,trimestral,millones USD,16271
2022-04-01,cf_derivados,36.1700,trimestral,millones USD,16271
2022-07-01,cf_derivados,487.3400,trimestral,millones USD,16271
2022-10-01,cf_derivados,676.9700,trimestral,millones USD,16271
2023-01-01,cf_derivados,-248.3700,trimestral,millones USD,16271
2023-04-01,cf_derivados,-756.2900,trimestral,millones USD,16271
2023-07-01,cf_derivados,-690.5200,trimestral,millones USD,16271
2023-10-01,cf_derivados,-879.4100,trimestral,millones USD,16271
2024-01-01,cf_derivados,-575.1700,trimestral,millones USD,16271
2024-04-01,cf_derivados,80.1700,trimestral,millones USD,16271
2024-07-01,cf_derivados,281.6700,trimestral,millones USD,16271
2024-10-01,cf_derivados,156.6700,trimestral,millones USD,16271
2025-01-01,cf_derivados,-422.2800,trimestral,millones USD,16271
2025-04-01,cf_derivados,-448.3200,trimestral,millones USD,16271
2025-07-01,cf_derivados,-398.3000,trimestral,millones USD,16271
2025-10-01,cf_derivados,-438.5300,trimestral,millones USD,16271
2026-01-01,cf_derivados,-411.1300,trimestral,millones USD,16271
2026-04-01,cf_derivados,-804.4100,trimestral,millones USD,16271
2000-01-01,cf_directa,-339.9500,trimestral,millones USD,16143
2000-04-01,cf_directa,-455.4200,trimestral,millones USD,16143
2000-07-01,cf_directa,-766.8100,trimestral,millones USD,16143
2000-10-01,cf_directa,-548.9400,trimestral,millones USD,16143
2001-01-01,cf_directa,-517.9200,trimestral,millones USD,16143
2001-04-01,cf_directa,-978.7900,trimestral,millones USD,16143
2001-07-01,cf_directa,-461.4200,trimestral,millones USD,16143
2001-10-01,cf_directa,-567.6900,trimestral,millones USD,16143
2002-01-01,cf_directa,-839.1200,trimestral,millones USD,16143
2002-04-01,cf_directa,-559.6400,trimestral,millones USD,16143
2002-07-01,cf_directa,414.3300,trimestral,millones USD,16143
2002-10-01,cf_directa,-292.4400,trimestral,millones USD,16143
2003-01-01,cf_directa,-270.1200,trimestral,millones USD,16143
2003-04-01,cf_directa,-484.9600,trimestral,millones USD,16143
2003-07-01,cf_directa,-532.1100,trimestral,millones USD,16143
2003-10-01,cf_directa,504.3900,trimestral,millones USD,16143
2004-01-01,cf_directa,-632.9800,trimestral,millones USD,16143
2004-04-01,cf_directa,-725.4300,trimestral,millones USD,16143
2004-07-01,cf_directa,-858.2200,trimestral,millones USD,16143
2004-10-01,cf_directa,-706.5600,trimestral,millones USD,16143
2005-01-01,cf_directa,-853.9700,trimestral,millones USD,16143
2005-04-01,cf_directa,-1593.0400,trimestral,millones USD,16143
2005-07-01,cf_directa,-911.5900,trimestral,millones USD,16143
2005-10-01,cf_directa,-2081.3000,trimestral,millones USD,16143
2006-01-01,cf_directa,-952.0700,trimestral,millones USD,16143
2006-04-01,cf_directa,-1509.2800,trimestral,millones USD,16143
2006-07-01,cf_directa,-963.6300,trimestral,millones USD,16143
2006-10-01,cf_directa,-2057.8900,trimestral,millones USD,16143
2007-01-01,cf_directa,-2323.0400,trimestral,millones USD,16143
2007-04-01,cf_directa,-2061.3000,trimestral,millones USD,16143
2007-07-01,cf_directa,-1977.2600,trimestral,millones USD,16143
2007-10-01,cf_directa,-1245.3700,trimestral,millones USD,16143
2008-01-01,cf_directa,-2122.3800,trimestral,millones USD,16143
2008-04-01,cf_directa,-1571.3400,trimestral,millones USD,16143
2008-07-01,cf_directa,-1564.9200,trimestral,millones USD,16143
2008-10-01,cf_directa,-2220.3900,trimestral,millones USD,16143
2009-01-01,cf_directa,-827.9700,trimestral,millones USD,16143
2009-04-01,cf_directa,-1914.1800,trimestral,millones USD,16143
2009-07-01,cf_directa,-1988.1600,trimestral,millones USD,16143
2009-10-01,cf_directa,200.2200,trimestral,millones USD,16143
2010-01-01,cf_directa,-859.1300,trimestral,millones USD,16143
2010-04-01,cf_directa,-1277.1900,trimestral,millones USD,16143
2010-07-01,cf_directa,2320.5400,trimestral,millones USD,16143
2010-10-01,cf_directa,-1131.5400,trimestral,millones USD,16143
2011-01-01,cf_directa,-1600.9400,trimestral,millones USD,16143
2011-04-01,cf_directa,-2691.5900,trimestral,millones USD,16143
2011-07-01,cf_directa,-1091.6400,trimestral,millones USD,16143
2011-10-01,cf_directa,-843.0600,trimestral,millones USD,16143
2012-01-01,cf_directa,-3574.3000,trimestral,millones USD,16143
2012-04-01,cf_directa,-3815.8900,trimestral,millones USD,16143
2012-07-01,cf_directa,-3142.6300,trimestral,millones USD,16143
2012-10-01,cf_directa,-5113.3600,trimestral,millones USD,16143
2013-01-01,cf_directa,-3281.6800,trimestral,millones USD,16143
2013-04-01,cf_directa,-2962.5400,trimestral,millones USD,16143
2013-07-01,cf_directa,-2758.6600,trimestral,millones USD,16143
2013-10-01,cf_directa,444.5400,trimestral,millones USD,16143
2014-01-01,cf_directa,-2895.0300,trimestral,millones USD,16143
2014-04-01,cf_directa,-3469.5300,trimestral,millones USD,16143
2014-07-01,cf_directa,-3675.0700,trimestral,millones USD,16143
2014-10-01,cf_directa,-2230.1300,trimestral,millones USD,16143
2015-01-01,cf_directa,-3013.5100,trimestral,millones USD,16143
2015-04-01,cf_directa,-2922.3500,trimestral,millones USD,16143
2015-07-01,cf_directa,-200.1000,trimestral,millones USD,16143
2015-10-01,cf_directa,-1266.8400,trimestral,millones USD,16143
2016-01-01,cf_directa,-3669.5200,trimestral,millones USD,16143
2016-04-01,cf_directa,-2744.2800,trimestral,millones USD,16143
2016-07-01,cf_directa,-1567.0200,trimestral,millones USD,16143
2016-10-01,cf_directa,-1359.7700,trimestral,millones USD,16143
2017-01-01,cf_directa,-1742.6600,trimestral,millones USD,16143
2017-04-01,cf_directa,-1217.4000,trimestral,millones USD,16143
2017-07-01,cf_directa,-4112.1300,trimestral,millones USD,16143
2017-10-01,cf_directa,-2939.1300,trimestral,millones USD,16143
2018-01-01,cf_directa,-910.3500,trimestral,millones USD,16143
2018-04-01,cf_directa,-2272.5900,trimestral,millones USD,16143
2018-07-01,cf_directa,-2374.7100,trimestral,millones USD,16143
2018-10-01,cf_directa,-614.7300,trimestral,millones USD,16143
2019-01-01,cf_directa,-2652.3100,trimestral,millones USD,16143
2019-04-01,cf_directa,-3625.6000,trimestral,millones USD,16143
2019-07-01,cf_directa,-1677.6900,trimestral,millones USD,16143
2019-10-01,cf_directa,-2880.0600,trimestral,millones USD,16143
2020-01-01,cf_directa,-1924.1000,trimestral,millones USD,16143
2020-04-01,cf_directa,-1724.8300,trimestral,millones USD,16143
2020-07-01,cf_directa,-258.4200,trimestral,millones USD,16143
2020-10-01,cf_directa,-1817.8300,trimestral,millones USD,16143
2021-01-01,cf_directa,-1438.1400,trimestral,millones USD,16143
2021-04-01,cf_directa,-1012.6200,trimestral,millones USD,16143
2021-07-01,cf_directa,-2527.8900,trimestral,millones USD,16143
2021-10-01,cf_directa,-1401.8700,trimestral,millones USD,16143
2022-01-01,cf_directa,-3650.5700,trimestral,millones USD,16143
2022-04-01,cf_directa,-3660.5900,trimestral,millones USD,16143
2022-07-01,cf_directa,-2958.9100,trimestral,millones USD,16143
2022-10-01,cf_directa,-3528.6500,trimestral,millones USD,16143
2023-01-01,cf_directa,-3600.4100,trimestral,millones USD,16143
2023-04-01,cf_directa,-5441.7400,trimestral,millones USD,16143
2023-07-01,cf_directa,-3334.7100,trimestral,millones USD,16143
2023-10-01,cf_directa,-3148.0400,trimestral,millones USD,16143
2024-01-01,cf_directa,-2407.8700,trimestral,millones USD,16143
2024-04-01,cf_directa,-1646.3800,trimestral,millones USD,16143
2024-07-01,cf_directa,-2455.6300,trimestral,millones USD,16143
2024-10-01,cf_directa,-2662.2100,trimestral,millones USD,16143
2025-01-01,cf_directa,-179.2100,trimestral,millones USD,16143
2025-04-01,cf_directa,-1805.4000,trimestral,millones USD,16143
2025-07-01,cf_directa,-1933.1500,trimestral,millones USD,16143
2025-10-01,cf_directa,-1227.2800,trimestral,millones USD,16143
2026-01-01,cf_directa,-3559.8800,trimestral,millones USD,16143
2026-04-01,cf_directa,-3188.1000,trimestral,millones USD,16143
2000-01-01,cf_otra,769.1900,trimestral,millones USD,16303
2000-04-01,cf_otra,145.4600,trimestral,millones USD,16303
2000-07-01,cf_otra,386.6600,trimestral,millones USD,16303
2000-10-01,cf_otra,850.1600,trimestral,millones USD,16303
2001-01-01,cf_otra,-63.1000,trimestral,millones USD,16303
2001-04-01,cf_otra,1527.5800,trimestral,millones USD,16303
2001-07-01,cf_otra,-243.4200,trimestral,millones USD,16303
2001-10-01,cf_otra,-155.0700,trimestral,millones USD,16303
2002-01-01,cf_otra,-648.8000,trimestral,millones USD,16303
2002-04-01,cf_otra,-486.8600,trimestral,millones USD,16303
2002-07-01,cf_otra,70.7300,trimestral,millones USD,16303
2002-10-01,cf_otra,600.4300,trimestral,millones USD,16303
2003-01-01,cf_otra,-301.2100,trimestral,millones USD,16303
2003-04-01,cf_otra,-342.6300,trimestral,millones USD,16303
2003-07-01,cf_otra,-227.2000,trimestral,millones USD,16303
2003-10-01,cf_otra,-454.7100,trimestral,millones USD,16303
2004-01-01,cf_otra,-426.2200,trimestral,millones USD,16303
2004-04-01,cf_otra,-310.3500,trimestral,millones USD,16303
2004-07-01,cf_otra,276.0000,trimestral,millones USD,16303
2004-10-01,cf_otra,239.0600,trimestral,millones USD,16303
2005-01-01,cf_otra,1168.2200,trimestral,millones USD,16303
2005-04-01,cf_otra,-443.5100,trimestral,millones USD,16303
2005-07-01,cf_otra,-888.6800,trimestral,millones USD,16303
2005-10-01,cf_otra,825.3500,trimestral,millones USD,16303
2006-01-01,cf_otra,-594.1600,trimestral,millones USD,16303
2006-04-01,cf_otra,-404.2200,trimestral,millones USD,16303
2006-07-01,cf_otra,868.6700,trimestral,millones USD,16303
2006-10-01,cf_otra,546.2000,trimestral,millones USD,16303
2007-01-01,cf_otra,-2793.5300,trimestral,millones USD,16303
2007-04-01,cf_otra,107.7300,trimestral,millones USD,16303
2007-07-01,cf_otra,298.9400,trimestral,millones USD,16303
2007-10-01,cf_otra,-534.9000,trimestral,millones USD,16303
2008-01-01,cf_otra,-451.1100,trimestral,millones USD,16303
2008-04-01,cf_otra,-419.2300,trimestral,millones USD,16303
2008-07-01,cf_otra,-1673.7000,trimestral,millones USD,16303
2008-10-01,cf_otra,-442.8000,trimestral,millones USD,16303
2009-01-01,cf_otra,1852.2200,trimestral,millones USD,16303
2009-04-01,cf_otra,2250.3900,trimestral,millones USD,16303
2009-07-01,cf_otra,-1958.5500,trimestral,millones USD,16303
2009-10-01,cf_otra,22.8900,trimestral,millones USD,16303
2010-01-01,cf_otra,-2531.5700,trimestral,millones USD,16303
2010-04-01,cf_otra,-525.2700,trimestral,millones USD,16303
2010-07-01,cf_otra,-5436.9500,trimestral,millones USD,16303
2010-10-01,cf_otra,-2844.5500,trimestral,millones USD,16303
2011-01-01,cf_otra,-1296.7100,trimestral,millones USD,16303
2011-04-01,cf_otra,400.8600,trimestral,millones USD,16303
2011-07-01,cf_otra,-220.5300,trimestral,millones USD,16303
2011-10-01,cf_otra,1028.8800,trimestral,millones USD,16303
2012-01-01,cf_otra,-416.7300,trimestral,millones USD,16303
2012-04-01,cf_otra,2041.3800,trimestral,millones USD,16303
2012-07-01,cf_otra,1541.8100,trimestral,millones USD,16303
2012-10-01,cf_otra,804.3600,trimestral,millones USD,16303
2013-01-01,cf_otra,410.6500,trimestral,millones USD,16303
2013-04-01,cf_otra,-20.3400,trimestral,millones USD,16303
2013-07-01,cf_otra,-517.2200,trimestral,millones USD,16303
2013-10-01,cf_otra,-2680.5900,trimestral,millones USD,16303
2014-01-01,cf_otra,736.4900,trimestral,millones USD,16303
2014-04-01,cf_otra,715.6400,trimestral,millones USD,16303
2014-07-01,cf_otra,1313.6700,trimestral,millones USD,16303
2014-10-01,cf_otra,-3268.0200,trimestral,millones USD,16303
2015-01-01,cf_otra,-348.6800,trimestral,millones USD,16303
2015-04-01,cf_otra,-110.9400,trimestral,millones USD,16303
2015-07-01,cf_otra,-965.0000,trimestral,millones USD,16303
2015-10-01,cf_otra,-2512.5300,trimestral,millones USD,16303
2016-01-01,cf_otra,874.4300,trimestral,millones USD,16303
2016-04-01,cf_otra,1509.9600,trimestral,millones USD,16303
2016-07-01,cf_otra,-853.8700,trimestral,millones USD,16303
2016-10-01,cf_otra,872.1300,trimestral,millones USD,16303
2017-01-01,cf_otra,-1632.8800,trimestral,millones USD,16303
2017-04-01,cf_otra,378.5300,trimestral,millones USD,16303
2017-07-01,cf_otra,2060.5100,trimestral,millones USD,16303
2017-10-01,cf_otra,469.7200,trimestral,millones USD,16303
2018-01-01,cf_otra,-3446.5800,trimestral,millones USD,16303
2018-04-01,cf_otra,-1086.4500,trimestral,millones USD,16303
2018-07-01,cf_otra,-1915.0400,trimestral,millones USD,16303
2018-10-01,cf_otra,-2403.8600,trimestral,millones USD,16303
2019-01-01,cf_otra,-1745.0300,trimestral,millones USD,16303
2019-04-01,cf_otra,-153.7500,trimestral,millones USD,16303
2019-07-01,cf_otra,-2642.3400,trimestral,millones USD,16303
2019-10-01,cf_otra,-1362.7800,trimestral,millones USD,16303
2020-01-01,cf_otra,378.5800,trimestral,millones USD,16303
2020-04-01,cf_otra,756.7600,trimestral,millones USD,16303
2020-07-01,cf_otra,-2155.2400,trimestral,millones USD,16303
2020-10-01,cf_otra,-3415.5500,trimestral,millones USD,16303
2021-01-01,cf_otra,-2538.9600,trimestral,millones USD,16303
2021-04-01,cf_otra,2985.7900,trimestral,millones USD,16303
2021-07-01,cf_otra,-3337.0000,trimestral,millones USD,16303
2021-10-01,cf_otra,-3845.7700,trimestral,millones USD,16303
2022-01-01,cf_otra,-3001.8800,trimestral,millones USD,16303
2022-04-01,cf_otra,-642.4000,trimestral,millones USD,16303
2022-07-01,cf_otra,-3190.5300,trimestral,millones USD,16303
2022-10-01,cf_otra,-1653.3600,trimestral,millones USD,16303
2023-01-01,cf_otra,-218.9300,trimestral,millones USD,16303
2023-04-01,cf_otra,1579.9900,trimestral,millones USD,16303
2023-07-01,cf_otra,-2335.8000,trimestral,millones USD,16303
2023-10-01,cf_otra,844.6100,trimestral,millones USD,16303
2024-01-01,cf_otra,-869.8300,trimestral,millones USD,16303
2024-04-01,cf_otra,23.4400,trimestral,millones USD,16303
2024-07-01,cf_otra,-3385.3700,trimestral,millones USD,16303
2024-10-01,cf_otra,2018.3100,trimestral,millones USD,16303
2025-01-01,cf_otra,-2443.9400,trimestral,millones USD,16303
2025-04-01,cf_otra,3370.4900,trimestral,millones USD,16303
2025-07-01,cf_otra,3430.7200,trimestral,millones USD,16303
2025-10-01,cf_otra,-405.6500,trimestral,millones USD,16303
2026-01-01,cf_otra,3913.7200,trimestral,millones USD,16303
2026-04-01,cf_otra,-6930.2200,trimestral,millones USD,16303
2000-01-01,cf_reservas,212.4500,trimestral,millones USD,16527
2000-04-01,cf_reservas,101.1800,trimestral,millones USD,16527
2000-07-01,cf_reservas,317.0600,trimestral,millones USD,16527
2000-10-01,cf_reservas,231.3300,trimestral,millones USD,16527
2001-01-01,cf_reservas,322.9800,trimestral,millones USD,16527
2001-04-01,cf_reservas,67.2300,trimestral,millones USD,16527
2001-07-01,cf_reservas,199.0100,trimestral,millones USD,16527
2001-10-01,cf_reservas,636.6700,trimestral,millones USD,16527
2002-01-01,cf_reservas,102.7300,trimestral,millones USD,16527
2002-04-01,cf_reservas,262.2500,trimestral,millones USD,16527
2002-07-01,cf_reservas,-244.6500,trimestral,millones USD,16527
2002-10-01,cf_reservas,18.4000,trimestral,millones USD,16527
2003-01-01,cf_reservas,-270.1700,trimestral,millones USD,16527
2003-04-01,cf_reservas,-198.0100,trimestral,millones USD,16527
2003-07-01,cf_reservas,329.3200,trimestral,millones USD,16527
2003-10-01,cf_reservas,-49.3100,trimestral,millones USD,16527
2004-01-01,cf_reservas,417.0500,trimestral,millones USD,16527
2004-04-01,cf_reservas,386.5300,trimestral,millones USD,16527
2004-07-01,cf_reservas,483.0600,trimestral,millones USD,16527
2004-10-01,cf_reservas,1183.4600,trimestral,millones USD,16527
2005-01-01,cf_reservas,-528.9900,trimestral,millones USD,16527
2005-04-01,cf_reservas,991.5900,trimestral,millones USD,16527
2005-07-01,cf_reservas,1259.5900,trimestral,millones USD,16527
2005-10-01,cf_reservas,3.9600,trimestral,millones USD,16527
2006-01-01,cf_reservas,215.6800,trimestral,millones USD,16527
2006-04-01,cf_reservas,-869.6000,trimestral,millones USD,16527
2006-07-01,cf_reservas,427.4100,trimestral,millones USD,16527
2006-10-01,cf_reservas,259.2100,trimestral,millones USD,16527
2007-01-01,cf_reservas,3429.0000,trimestral,millones USD,16527
2007-04-01,cf_reservas,1025.1800,trimestral,millones USD,16527
2007-07-01,cf_reservas,97.0400,trimestral,millones USD,16527
2007-10-01,cf_reservas,137.4300,trimestral,millones USD,16527
2008-01-01,cf_reservas,671.4500,trimestral,millones USD,16527
2008-04-01,cf_reservas,949.1500,trimestral,millones USD,16527
2008-07-01,cf_reservas,1441.6100,trimestral,millones USD,16527
2008-10-01,cf_reservas,-486.6500,trimestral,millones USD,16527
2009-01-01,cf_reservas,84.1100,trimestral,millones USD,16527
2009-04-01,cf_reservas,-205.6100,trimestral,millones USD,16527
2009-07-01,cf_reservas,1255.2500,trimestral,millones USD,16527
2009-10-01,cf_reservas,317.3700,trimestral,millones USD,16527
2010-01-01,cf_reservas,367.6400,trimestral,millones USD,16527
2010-04-01,cf_reservas,1141.2000,trimestral,millones USD,16527
2010-07-01,cf_reservas,440.2400,trimestral,millones USD,16527
2010-10-01,cf_reservas,1193.4000,trimestral,millones USD,16527
2011-01-01,cf_reservas,1206.1000,trimestral,millones USD,16527
2011-04-01,cf_reservas,1229.6300,trimestral,millones USD,16527
2011-07-01,cf_reservas,1322.5900,trimestral,millones USD,16527
2011-10-01,cf_reservas,-16.1600,trimestral,millones USD,16527
2012-01-01,cf_reservas,830.9600,trimestral,millones USD,16527
2012-04-01,cf_reservas,1369.7300,trimestral,millones USD,16527
2012-07-01,cf_reservas,1437.9000,trimestral,millones USD,16527
2012-10-01,cf_reservas,1767.0600,trimestral,millones USD,16527
2013-01-01,cf_reservas,2069.5000,trimestral,millones USD,16527
2013-04-01,cf_reservas,2049.7100,trimestral,millones USD,16527
2013-07-01,cf_reservas,2037.4900,trimestral,millones USD,16527
2013-10-01,cf_reservas,789.5300,trimestral,millones USD,16527
2014-01-01,cf_reservas,676.9100,trimestral,millones USD,16527
2014-04-01,cf_reservas,1114.4400,trimestral,millones USD,16527
2014-07-01,cf_reservas,2099.7200,trimestral,millones USD,16527
2014-10-01,cf_reservas,545.5200,trimestral,millones USD,16527
2015-01-01,cf_reservas,68.7100,trimestral,millones USD,16527
2015-04-01,cf_reservas,95.9400,trimestral,millones USD,16527
2015-07-01,cf_reservas,123.9800,trimestral,millones USD,16527
2015-10-01,cf_reservas,126.7200,trimestral,millones USD,16527
2016-01-01,cf_reservas,98.2300,trimestral,millones USD,16527
2016-04-01,cf_reservas,-154.9400,trimestral,millones USD,16527
2016-07-01,cf_reservas,85.4900,trimestral,millones USD,16527
2016-10-01,cf_reservas,136.3400,trimestral,millones USD,16527
2017-01-01,cf_reservas,92.8200,trimestral,millones USD,16527
2017-04-01,cf_reservas,154.2400,trimestral,millones USD,16527
2017-07-01,cf_reservas,125.5500,trimestral,millones USD,16527
2017-10-01,cf_reservas,172.5000,trimestral,millones USD,16527
2018-01-01,cf_reservas,136.8100,trimestral,millones USD,16527
2018-04-01,cf_reservas,149.5800,trimestral,millones USD,16527
2018-07-01,cf_reservas,168.8400,trimestral,millones USD,16527
2018-10-01,cf_reservas,731.6200,trimestral,millones USD,16527
2019-01-01,cf_reservas,2350.9200,trimestral,millones USD,16527
2019-04-01,cf_reservas,526.4600,trimestral,millones USD,16527
2019-07-01,cf_reservas,253.6400,trimestral,millones USD,16527
2019-10-01,cf_reservas,202.1400,trimestral,millones USD,16527
2020-01-01,cf_reservas,-171.1800,trimestral,millones USD,16527
2020-04-01,cf_reservas,2589.8000,trimestral,millones USD,16527
2020-07-01,cf_reservas,205.1400,trimestral,millones USD,16527
2020-10-01,cf_reservas,1704.7300,trimestral,millones USD,16527
2021-01-01,cf_reservas,190.1300,trimestral,millones USD,16527
2021-04-01,cf_reservas,173.9900,trimestral,millones USD,16527
2021-07-01,cf_reservas,154.4600,trimestral,millones USD,16527
2021-10-01,cf_reservas,134.9700,trimestral,millones USD,16527
2022-01-01,cf_reservas,126.9500,trimestral,millones USD,16527
2022-04-01,cf_reservas,74.0800,trimestral,millones USD,16527
2022-07-01,cf_reservas,159.3800,trimestral,millones USD,16527
2022-10-01,cf_reservas,210.4800,trimestral,millones USD,16527
2023-01-01,cf_reservas,365.7200,trimestral,millones USD,16527
2023-04-01,cf_reservas,399.0900,trimestral,millones USD,16527
2023-07-01,cf_reservas,457.4700,trimestral,millones USD,16527
2023-10-01,cf_reservas,496.1100,trimestral,millones USD,16527
2024-01-01,cf_reservas,951.3700,trimestral,millones USD,16527
2024-04-01,cf_reservas,914.4500,trimestral,millones USD,16527
2024-07-01,cf_reservas,1045.5200,trimestral,millones USD,16527
2024-10-01,cf_reservas,681.9600,trimestral,millones USD,16527
2025-01-01,cf_reservas,563.5800,trimestral,millones USD,16527
2025-04-01,cf_reservas,524.5800,trimestral,millones USD,16527
2025-07-01,cf_reservas,534.1600,trimestral,millones USD,16527
2025-10-01,cf_reservas,542.9100,trimestral,millones USD,16527
2026-01-01,cf_reservas,542.8900,trimestral,millones USD,16527
2026-04-01,cf_reservas,550.3400,trimestral,millones USD,16527
2001-01-01,deuda_externa,36431.0400,mensual,millones USD,15330
2001-02-01,deuda_externa,36467.4400,mensual,millones USD,15330
2001-03-01,deuda_externa,36436.4600,mensual,millones USD,15330
2001-04-01,deuda_externa,37180.4500,mensual,millones USD,15330
2001-05-01,deuda_externa,37753.4800,mensual,millones USD,15330
2001-06-01,deuda_externa,37559.3800,mensual,millones USD,15330
2001-07-01,deuda_externa,37514.7000,mensual,millones USD,15330
2001-08-01,deuda_externa,37844.4800,mensual,millones USD,15330
2001-09-01,deuda_externa,38220.4400,mensual,millones USD,15330
2001-10-01,deuda_externa,38056.0200,mensual,millones USD,15330
2001-11-01,deuda_externa,38503.9800,mensual,millones USD,15330
2001-12-01,deuda_externa,39163.4700,mensual,millones USD,15330
2002-01-01,deuda_externa,38988.2400,mensual,millones USD,15330
2002-02-01,deuda_externa,38731.7800,mensual,millones USD,15330
2002-03-01,deuda_externa,38208.1600,mensual,millones USD,15330
2002-04-01,deuda_externa,38275.0500,mensual,millones USD,15330
2002-05-01,deuda_externa,37701.5700,mensual,millones USD,15330
2002-06-01,deuda_externa,37613.8600,mensual,millones USD,15330
2002-07-01,deuda_externa,37974.4200,mensual,millones USD,15330
2002-08-01,deuda_externa,38012.7400,mensual,millones USD,15330
2002-09-01,deuda_externa,37974.5500,mensual,millones USD,15330
2002-10-01,deuda_externa,37547.6400,mensual,millones USD,15330
2002-11-01,deuda_externa,37514.7000,mensual,millones USD,15330
2002-12-01,deuda_externa,37381.7600,mensual,millones USD,15330
2003-01-01,deuda_externa,38265.5800,mensual,millones USD,15330
2003-02-01,deuda_externa,38345.7500,mensual,millones USD,15330
2003-03-01,deuda_externa,37961.7700,mensual,millones USD,15330
2003-04-01,deuda_externa,38968.3800,mensual,millones USD,15330
2003-05-01,deuda_externa,38800.5400,mensual,millones USD,15330
2003-06-01,deuda_externa,37990.8800,mensual,millones USD,15330
2003-07-01,deuda_externa,37567.6900,mensual,millones USD,15330
2003-08-01,deuda_externa,37513.0200,mensual,millones USD,15330
2003-09-01,deuda_externa,37771.1600,mensual,millones USD,15330
2003-10-01,deuda_externa,38044.8600,mensual,millones USD,15330
2003-11-01,deuda_externa,37970.5400,mensual,millones USD,15330
2003-12-01,deuda_externa,38064.6500,mensual,millones USD,15330
2004-01-01,deuda_externa,38518.1900,mensual,millones USD,15330
2004-02-01,deuda_externa,38204.8200,mensual,millones USD,15330
2004-03-01,deuda_externa,37754.3800,mensual,millones USD,15330
2004-04-01,deuda_externa,37582.9700,mensual,millones USD,15330
2004-05-01,deuda_externa,37487.0800,mensual,millones USD,15330
2004-06-01,deuda_externa,37634.9300,mensual,millones USD,15330
2004-07-01,deuda_externa,37438.2300,mensual,millones USD,15330
2004-08-01,deuda_externa,37748.1500,mensual,millones USD,15330
2004-09-01,deuda_externa,38351.6000,mensual,millones USD,15330
2004-10-01,deuda_externa,38357.4500,mensual,millones USD,15330
2004-11-01,deuda_externa,39041.5300,mensual,millones USD,15330
2004-12-01,deuda_externa,39497.4700,mensual,millones USD,15330
2005-01-01,deuda_externa,39340.2200,mensual,millones USD,15330
2005-02-01,deuda_externa,39606.7200,mensual,millones USD,15330
2005-03-01,deuda_externa,39138.5300,mensual,millones USD,15330
2005-04-01,deuda_externa,37721.9500,mensual,millones USD,15330
2005-05-01,deuda_externa,37677.5900,mensual,millones USD,15330
2005-06-01,deuda_externa,37061.4200,mensual,millones USD,15330
2005-07-01,deuda_externa,37786.5000,mensual,millones USD,15330
2005-08-01,deuda_externa,37943.5800,mensual,millones USD,15330
2005-09-01,deuda_externa,37440.1200,mensual,millones USD,15330
2005-10-01,deuda_externa,37211.7000,mensual,millones USD,15330
2005-11-01,deuda_externa,37605.4800,mensual,millones USD,15330
2005-12-01,deuda_externa,38506.5100,mensual,millones USD,15330
2006-01-01,deuda_externa,38680.0900,mensual,millones USD,15330
2006-02-01,deuda_externa,38678.9800,mensual,millones USD,15330
2006-03-01,deuda_externa,37590.5300,mensual,millones USD,15330
2006-04-01,deuda_externa,37442.6500,mensual,millones USD,15330
2006-05-01,deuda_externa,37562.6900,mensual,millones USD,15330
2006-06-01,deuda_externa,36906.6700,mensual,millones USD,15330
2006-07-01,deuda_externa,38132.1400,mensual,millones USD,15330
2006-08-01,deuda_externa,38266.6100,mensual,millones USD,15330
2006-09-01,deuda_externa,39043.3700,mensual,millones USD,15330
2006-10-01,deuda_externa,39000.1800,mensual,millones USD,15330
2006-11-01,deuda_externa,39773.1500,mensual,millones USD,15330
2006-12-01,deuda_externa,40102.7200,mensual,millones USD,15330
2007-01-01,deuda_externa,41582.5900,mensual,millones USD,15330
2007-02-01,deuda_externa,42073.1300,mensual,millones USD,15330
2007-03-01,deuda_externa,42216.6400,mensual,millones USD,15330
2007-04-01,deuda_externa,43082.7600,mensual,millones USD,15330
2007-05-01,deuda_externa,43041.3400,mensual,millones USD,15330
2007-06-01,deuda_externa,43119.0200,mensual,millones USD,15330
2007-07-01,deuda_externa,43188.3300,mensual,millones USD,15330
2007-08-01,deuda_externa,43180.0100,mensual,millones USD,15330
2007-09-01,deuda_externa,43389.1000,mensual,millones USD,15330
2007-10-01,deuda_externa,43755.5400,mensual,millones USD,15330
2007-11-01,deuda_externa,43866.3500,mensual,millones USD,15330
2007-12-01,deuda_externa,44553.0600,mensual,millones USD,15330
2008-01-01,deuda_externa,44884.3900,mensual,millones USD,15330
2008-02-01,deuda_externa,44905.5300,mensual,millones USD,15330
2008-03-01,deuda_externa,45178.1900,mensual,millones USD,15330
2008-04-01,deuda_externa,45409.1200,mensual,millones USD,15330
2008-05-01,deuda_externa,45666.7500,mensual,millones USD,15330
2008-06-01,deuda_externa,45380.7700,mensual,millones USD,15330
2008-07-01,deuda_externa,45884.8000,mensual,millones USD,15330
2008-08-01,deuda_externa,45728.7700,mensual,millones USD,15330
2008-09-01,deuda_externa,45511.5100,mensual,millones USD,15330
2008-10-01,deuda_externa,45808.6900,mensual,millones USD,15330
2008-11-01,deuda_externa,45988.1900,mensual,millones USD,15330
2008-12-01,deuda_externa,46439.8600,mensual,millones USD,15330
2009-01-01,deuda_externa,47028.5600,mensual,millones USD,15330
2009-02-01,deuda_externa,46425.6800,mensual,millones USD,15330
2009-03-01,deuda_externa,46747.9000,mensual,millones USD,15330
2009-04-01,deuda_externa,46925.2200,mensual,millones USD,15330
2009-05-01,deuda_externa,46842.0200,mensual,millones USD,15330
2009-06-01,deuda_externa,46339.3100,mensual,millones USD,15330
2009-07-01,deuda_externa,48587.3700,mensual,millones USD,15330
2009-08-01,deuda_externa,50010.5500,mensual,millones USD,15330
2009-09-01,deuda_externa,51378.1100,mensual,millones USD,15330
2009-10-01,deuda_externa,52870.5700,mensual,millones USD,15330
2009-11-01,deuda_externa,53501.6600,mensual,millones USD,15330
2009-12-01,deuda_externa,53779.2500,mensual,millones USD,15330
2010-01-01,deuda_externa,53714.5400,mensual,millones USD,15330
2010-02-01,deuda_externa,53478.9900,mensual,millones USD,15330
2010-03-01,deuda_externa,53959.2800,mensual,millones USD,15330
2010-04-01,deuda_externa,55323.7600,mensual,millones USD,15330
2010-05-01,deuda_externa,55059.7600,mensual,millones USD,15330
2010-06-01,deuda_externa,55824.9500,mensual,millones USD,15330
2010-07-01,deuda_externa,60916.6400,mensual,millones USD,15330
2010-08-01,deuda_externa,61331.8000,mensual,millones USD,15330
2010-09-01,deuda_externa,61946.0600,mensual,millones USD,15330
2010-10-01,deuda_externa,62336.4600,mensual,millones USD,15330
2010-11-01,deuda_externa,62117.7600,mensual,millones USD,15330
2010-12-01,deuda_externa,64791.9100,mensual,millones USD,15330
2011-01-01,deuda_externa,66573.8800,mensual,millones USD,15330
2011-02-01,deuda_externa,66959.0800,mensual,millones USD,15330
2011-03-01,deuda_externa,67886.4000,mensual,millones USD,15330
2011-04-01,deuda_externa,68184.7400,mensual,millones USD,15330
2011-05-01,deuda_externa,67752.6600,mensual,millones USD,15330
2011-06-01,deuda_externa,68929.8500,mensual,millones USD,15330
2011-07-01,deuda_externa,71882.2800,mensual,millones USD,15330
2011-08-01,deuda_externa,71854.5100,mensual,millones USD,15330
2011-09-01,deuda_externa,72033.8200,mensual,millones USD,15330
2011-10-01,deuda_externa,73001.4800,mensual,millones USD,15330
2011-11-01,deuda_externa,73279.5600,mensual,millones USD,15330
2011-12-01,deuda_externa,75621.8000,mensual,millones USD,15330
2012-01-01,deuda_externa,76259.8700,mensual,millones USD,15330
2012-02-01,deuda_externa,76704.3800,mensual,millones USD,15330
2012-03-01,deuda_externa,76770.2000,mensual,millones USD,15330
2012-04-01,deuda_externa,76542.3700,mensual,millones USD,15330
2012-05-01,deuda_externa,76024.5700,mensual,millones USD,15330
2012-06-01,deuda_externa,76168.2600,mensual,millones USD,15330
2012-07-01,deuda_externa,76270.5000,mensual,millones USD,15330
2012-08-01,deuda_externa,77391.8200,mensual,millones USD,15330
2012-09-01,deuda_externa,79800.1500,mensual,millones USD,15330
2012-10-01,deuda_externa,80172.8700,mensual,millones USD,15330
2012-11-01,deuda_externa,80741.3500,mensual,millones USD,15330
2012-12-01,deuda_externa,78784.1100,mensual,millones USD,15330
2013-01-01,deuda_externa,80764.6700,mensual,millones USD,15330
2013-02-01,deuda_externa,81222.2300,mensual,millones USD,15330
2013-03-01,deuda_externa,81688.3800,mensual,millones USD,15330
2013-04-01,deuda_externa,83387.5100,mensual,millones USD,15330
2013-05-01,deuda_externa,83190.3600,mensual,millones USD,15330
2013-06-01,deuda_externa,83735.9800,mensual,millones USD,15330
2013-07-01,deuda_externa,84655.4200,mensual,millones USD,15330
2013-08-01,deuda_externa,85155.5200,mensual,millones USD,15330
2013-09-01,deuda_externa,90244.1500,mensual,millones USD,15330
2013-10-01,deuda_externa,90567.9000,mensual,millones USD,15330
2013-11-01,deuda_externa,90924.7900,mensual,millones USD,15330
2013-12-01,deuda_externa,92072.6800,mensual,millones USD,15330
2014-01-01,deuda_externa,93547.6500,mensual,millones USD,15330
2014-02-01,deuda_externa,94038.9800,mensual,millones USD,15330
2014-03-01,deuda_externa,94911.9500,mensual,millones USD,15330
2014-04-01,deuda_externa,94657.1600,mensual,millones USD,15330
2014-05-01,deuda_externa,96845.5900,mensual,millones USD,15330
2014-06-01,deuda_externa,96986.4000,mensual,millones USD,15330
2014-07-01,deuda_externa,97279.1900,mensual,millones USD,15330
2014-08-01,deuda_externa,97862.2700,mensual,millones USD,15330
2014-09-01,deuda_externa,98780.0400,mensual,millones USD,15330
2014-10-01,deuda_externa,100553.0100,mensual,millones USD,15330
2014-11-01,deuda_externa,100255.0400,mensual,millones USD,15330
2014-12-01,deuda_externa,101909.0900,mensual,millones USD,15330
2015-01-01,deuda_externa,104260.2200,mensual,millones USD,15330
2015-02-01,deuda_externa,106410.6200,mensual,millones USD,15330
2015-03-01,deuda_externa,106846.4300,mensual,millones USD,15330
2015-04-01,deuda_externa,107576.2400,mensual,millones USD,15330
2015-05-01,deuda_externa,107016.0200,mensual,millones USD,15330
2015-06-01,deuda_externa,108529.4500,mensual,millones USD,15330
2015-07-01,deuda_externa,108494.9100,mensual,millones USD,15330
2015-08-01,deuda_externa,109967.2300,mensual,millones USD,15330
2015-09-01,deuda_externa,110801.6000,mensual,millones USD,15330
2015-10-01,deuda_externa,111010.3300,mensual,millones USD,15330
2015-11-01,deuda_externa,110387.7500,mensual,millones USD,15330
2015-12-01,deuda_externa,111918.2600,mensual,millones USD,15330
2016-01-01,deuda_externa,112459.5300,mensual,millones USD,15330
2016-02-01,deuda_externa,112860.0100,mensual,millones USD,15330
2016-03-01,deuda_externa,115603.1500,mensual,millones USD,15330
2016-04-01,deuda_externa,116105.3200,mensual,millones USD,15330
2016-05-01,deuda_externa,116741.8400,mensual,millones USD,15330
2016-06-01,deuda_externa,116985.2800,mensual,millones USD,15330
2016-07-01,deuda_externa,116960.0800,mensual,millones USD,15330
2016-08-01,deuda_externa,116859.0800,mensual,millones USD,15330
2016-09-01,deuda_externa,116757.3800,mensual,millones USD,15330
2016-10-01,deuda_externa,116749.2500,mensual,millones USD,15330
2016-11-01,deuda_externa,116950.3700,mensual,millones USD,15330
2016-12-01,deuda_externa,120397.1300,mensual,millones USD,15330
2017-01-01,deuda_externa,121645.4800,mensual,millones USD,15330
2017-02-01,deuda_externa,121565.2900,mensual,millones USD,15330
2017-03-01,deuda_externa,121031.5500,mensual,millones USD,15330
2017-04-01,deuda_externa,122307.2400,mensual,millones USD,15330
2017-05-01,deuda_externa,123490.9100,mensual,millones USD,15330
2017-06-01,deuda_externa,120926.5000,mensual,millones USD,15330
2017-07-01,deuda_externa,121534.5100,mensual,millones USD,15330
2017-08-01,deuda_externa,124911.1700,mensual,millones USD,15330
2017-09-01,deuda_externa,124516.7100,mensual,millones USD,15330
2017-10-01,deuda_externa,124057.5000,mensual,millones USD,15330
2017-11-01,deuda_externa,124690.9600,mensual,millones USD,15330
2017-12-01,deuda_externa,124795.5200,mensual,millones USD,15330
2018-01-01,deuda_externa,125411.4200,mensual,millones USD,15330
2018-02-01,deuda_externa,126268.1500,mensual,millones USD,15330
2018-03-01,deuda_externa,127244.8100,mensual,millones USD,15330
2018-04-01,deuda_externa,127836.8900,mensual,millones USD,15330
2018-05-01,deuda_externa,127014.9200,mensual,millones USD,15330
2018-06-01,deuda_externa,126883.0600,mensual,millones USD,15330
2018-07-01,deuda_externa,127440.4000,mensual,millones USD,15330
2018-08-01,deuda_externa,127195.1900,mensual,millones USD,15330
2018-09-01,deuda_externa,127915.8300,mensual,millones USD,15330
2018-10-01,deuda_externa,129101.9600,mensual,millones USD,15330
2018-11-01,deuda_externa,131944.5000,mensual,millones USD,15330
2018-12-01,deuda_externa,132222.8400,mensual,millones USD,15330
2019-01-01,deuda_externa,135130.3400,mensual,millones USD,15330
2019-02-01,deuda_externa,135893.6400,mensual,millones USD,15330
2019-03-01,deuda_externa,133712.7900,mensual,millones USD,15330
2019-04-01,deuda_externa,133723.1700,mensual,millones USD,15330
2019-05-01,deuda_externa,134894.2500,mensual,millones USD,15330
2019-06-01,deuda_externa,135351.1800,mensual,millones USD,15330
2019-07-01,deuda_externa,136121.0300,mensual,millones USD,15330
2019-08-01,deuda_externa,136240.7900,mensual,millones USD,15330
2019-09-01,deuda_externa,136636.7000,mensual,millones USD,15330
2019-10-01,deuda_externa,138463.8600,mensual,millones USD,15330
2019-11-01,deuda_externa,138545.5000,mensual,millones USD,15330
2019-12-01,deuda_externa,138683.1800,mensual,millones USD,15330
2020-01-01,deuda_externa,140493.7000,mensual,millones USD,15330
2020-02-01,deuda_externa,139457.2000,mensual,millones USD,15330
2020-03-01,deuda_externa,140542.2400,mensual,millones USD,15330
2020-04-01,deuda_externa,144216.9500,mensual,millones USD,15330
2020-05-01,deuda_externa,145433.0600,mensual,millones USD,15330
2020-06-01,deuda_externa,146832.1400,mensual,millones USD,15330
2020-07-01,deuda_externa,150659.5100,mensual,millones USD,15330
2020-08-01,deuda_externa,150866.3200,mensual,millones USD,15330
2020-09-01,deuda_externa,147718.7900,mensual,millones USD,15330
2020-10-01,deuda_externa,147585.4900,mensual,millones USD,15330
2020-11-01,deuda_externa,148187.8700,mensual,millones USD,15330
2020-12-01,deuda_externa,154507.3400,mensual,millones USD,15330
2021-01-01,deuda_externa,155367.0700,mensual,millones USD,15330
2021-02-01,deuda_externa,155448.9100,mensual,millones USD,15330
2021-03-01,deuda_externa,153576.9900,mensual,millones USD,15330
2021-04-01,deuda_externa,157705.5100,mensual,millones USD,15330
2021-05-01,deuda_externa,157989.4500,mensual,millones USD,15330
2021-06-01,deuda_externa,157996.3200,mensual,millones USD,15330
2021-07-01,deuda_externa,158744.7200,mensual,millones USD,15330
2021-08-01,deuda_externa,165781.3600,mensual,millones USD,15330
2021-09-01,deuda_externa,165859.9800,mensual,millones USD,15330
2021-10-01,deuda_externa,167627.3700,mensual,millones USD,15330
2021-11-01,deuda_externa,168352.4400,mensual,millones USD,15330
2021-12-01,deuda_externa,171303.2600,mensual,millones USD,15330
2022-01-01,deuda_externa,171837.5400,mensual,millones USD,15330
2022-02-01,deuda_externa,172790.7600,mensual,millones USD,15330
2022-03-01,deuda_externa,175108.7500,mensual,millones USD,15330
2022-04-01,deuda_externa,174278.3100,mensual,millones USD,15330
2022-05-01,deuda_externa,175846.5100,mensual,millones USD,15330
2022-06-01,deuda_externa,175986.1700,mensual,millones USD,15330
2022-07-01,deuda_externa,176679.5400,mensual,millones USD,15330
2022-08-01,deuda_externa,177860.5400,mensual,millones USD,15330
2022-09-01,deuda_externa,177124.9600,mensual,millones USD,15330
2022-10-01,deuda_externa,178014.7000,mensual,millones USD,15330
2022-11-01,deuda_externa,180528.1800,mensual,millones USD,15330
2022-12-01,deuda_externa,183818.3000,mensual,millones USD,15330
2023-01-01,deuda_externa,186854.5300,mensual,millones USD,15330
2023-02-01,deuda_externa,187392.8600,mensual,millones USD,15330
2023-03-01,deuda_externa,187058.7200,mensual,millones USD,15330
2023-04-01,deuda_externa,186992.2700,mensual,millones USD,15330
2023-05-01,deuda_externa,186520.2500,mensual,millones USD,15330
2023-06-01,deuda_externa,187448.1500,mensual,millones USD,15330
2023-07-01,deuda_externa,190850.0400,mensual,millones USD,15330
2023-08-01,deuda_externa,189721.2300,mensual,millones USD,15330
2023-09-01,deuda_externa,190522.6500,mensual,millones USD,15330
2023-10-01,deuda_externa,189970.4400,mensual,millones USD,15330
2023-11-01,deuda_externa,193612.1600,mensual,millones USD,15330
2023-12-01,deuda_externa,196219.0200,mensual,millones USD,15330
2024-01-01,deuda_externa,197477.7100,mensual,millones USD,15330
2024-02-01,deuda_externa,196043.7800,mensual,millones USD,15330
2024-03-01,deuda_externa,196365.3500,mensual,millones USD,15330
2024-04-01,deuda_externa,197794.2000,mensual,millones USD,15330
2024-05-01,deuda_externa,196920.3500,mensual,millones USD,15330
2024-06-01,deuda_externa,196248.8900,mensual,millones USD,15330
2024-07-01,deuda_externa,197732.7100,mensual,millones USD,15330
2024-08-01,deuda_externa,197168.9000,mensual,millones USD,15330
2024-09-01,deuda_externa,198250.3200,mensual,millones USD,15330
2024-10-01,deuda_externa,198784.6500,mensual,millones USD,15330
2024-11-01,deuda_externa,201762.3600,mensual,millones USD,15330
2024-12-01,deuda_externa,201705.4000,mensual,millones USD,15330
2025-01-01,deuda_externa,202207.7900,mensual,millones USD,15330
2025-02-01,deuda_externa,201259.8900,mensual,millones USD,15330
2025-03-01,deuda_externa,203284.9800,mensual,millones USD,15330
2025-04-01,deuda_externa,207636.3600,mensual,millones USD,15330
2025-05-01,deuda_externa,207725.8000,mensual,millones USD,15330
2025-06-01,deuda_externa,207263.6400,mensual,millones USD,15330
2025-07-01,deuda_externa,208147.6500,mensual,millones USD,15330
2025-08-01,deuda_externa,206600.0300,mensual,millones USD,15330
2025-09-01,deuda_externa,211584.3300,mensual,millones USD,15330
2001-01-01,deuda_externa_pib,37.3500,mensual,% PIB,15329
2001-02-01,deuda_externa_pib,37.3800,mensual,% PIB,15329
2001-03-01,deuda_externa_pib,37.3500,mensual,% PIB,15329
2001-04-01,deuda_externa_pib,38.1100,mensual,% PIB,15329
2001-05-01,deuda_externa_pib,38.7000,mensual,% PIB,15329
2001-06-01,deuda_externa_pib,38.8500,mensual,% PIB,15329
2001-07-01,deuda_externa_pib,38.8000,mensual,% PIB,15329
2001-08-01,deuda_externa_pib,39.1500,mensual,% PIB,15329
2001-09-01,deuda_externa_pib,39.3600,mensual,% PIB,15329
2001-10-01,deuda_externa_pib,39.1900,mensual,% PIB,15329
2001-11-01,deuda_externa_pib,39.6600,mensual,% PIB,15329
2001-12-01,deuda_externa_pib,40.2800,mensual,% PIB,15329
2002-01-01,deuda_externa_pib,40.1000,mensual,% PIB,15329
2002-02-01,deuda_externa_pib,39.8400,mensual,% PIB,15329
2002-03-01,deuda_externa_pib,38.9400,mensual,% PIB,15329
2002-04-01,deuda_externa_pib,39.0100,mensual,% PIB,15329
2002-05-01,deuda_externa_pib,38.4200,mensual,% PIB,15329
2002-06-01,deuda_externa_pib,37.5000,mensual,% PIB,15329
2002-07-01,deuda_externa_pib,37.8600,mensual,% PIB,15329
2002-08-01,deuda_externa_pib,37.8900,mensual,% PIB,15329
2002-09-01,deuda_externa_pib,38.1800,mensual,% PIB,15329
2002-10-01,deuda_externa_pib,37.7600,mensual,% PIB,15329
2002-11-01,deuda_externa_pib,37.7200,mensual,% PIB,15329
2002-12-01,deuda_externa_pib,38.4000,mensual,% PIB,15329
2003-01-01,deuda_externa_pib,39.3000,mensual,% PIB,15329
2003-02-01,deuda_externa_pib,39.3900,mensual,% PIB,15329
2003-03-01,deuda_externa_pib,40.2000,mensual,% PIB,15329
2003-04-01,deuda_externa_pib,41.2600,mensual,% PIB,15329
2003-05-01,deuda_externa_pib,41.0800,mensual,% PIB,15329
2003-06-01,deuda_externa_pib,41.5400,mensual,% PIB,15329
2003-07-01,deuda_externa_pib,41.0700,mensual,% PIB,15329
2003-08-01,deuda_externa_pib,41.0100,mensual,% PIB,15329
2003-09-01,deuda_externa_pib,41.1500,mensual,% PIB,15329
2003-10-01,deuda_externa_pib,41.4500,mensual,% PIB,15329
2003-11-01,deuda_externa_pib,41.3700,mensual,% PIB,15329
2003-12-01,deuda_externa_pib,40.6200,mensual,% PIB,15329
2004-01-01,deuda_externa_pib,41.1000,mensual,% PIB,15329
2004-02-01,deuda_externa_pib,40.7700,mensual,% PIB,15329
2004-03-01,deuda_externa_pib,38.3300,mensual,% PIB,15329
2004-04-01,deuda_externa_pib,38.1600,mensual,% PIB,15329
2004-05-01,deuda_externa_pib,38.0600,mensual,% PIB,15329
2004-06-01,deuda_externa_pib,36.5200,mensual,% PIB,15329
2004-07-01,deuda_externa_pib,36.3300,mensual,% PIB,15329
2004-08-01,deuda_externa_pib,36.6300,mensual,% PIB,15329
2004-09-01,deuda_externa_pib,35.2700,mensual,% PIB,15329
2004-10-01,deuda_externa_pib,35.2700,mensual,% PIB,15329
2004-11-01,deuda_externa_pib,35.9000,mensual,% PIB,15329
2004-12-01,deuda_externa_pib,34.0000,mensual,% PIB,15329
2005-01-01,deuda_externa_pib,33.8700,mensual,% PIB,15329
2005-02-01,deuda_externa_pib,34.1000,mensual,% PIB,15329
2005-03-01,deuda_externa_pib,31.8100,mensual,% PIB,15329
2005-04-01,deuda_externa_pib,30.6600,mensual,% PIB,15329
2005-05-01,deuda_externa_pib,30.6300,mensual,% PIB,15329
2005-06-01,deuda_externa_pib,28.4700,mensual,% PIB,15329
2005-07-01,deuda_externa_pib,29.0200,mensual,% PIB,15329
2005-08-01,deuda_externa_pib,29.1500,mensual,% PIB,15329
2005-09-01,deuda_externa_pib,27.0900,mensual,% PIB,15329
2005-10-01,deuda_externa_pib,26.9300,mensual,% PIB,15329
2005-11-01,deuda_externa_pib,27.2100,mensual,% PIB,15329
2005-12-01,deuda_externa_pib,26.4300,mensual,% PIB,15329
2006-01-01,deuda_externa_pib,26.5500,mensual,% PIB,15329
2006-02-01,deuda_externa_pib,26.5400,mensual,% PIB,15329
2006-03-01,deuda_externa_pib,24.9300,mensual,% PIB,15329
2006-04-01,deuda_externa_pib,24.8400,mensual,% PIB,15329
2006-05-01,deuda_externa_pib,24.9200,mensual,% PIB,15329
2006-06-01,deuda_externa_pib,24.1100,mensual,% PIB,15329
2006-07-01,deuda_externa_pib,24.9100,mensual,% PIB,15329
2006-08-01,deuda_externa_pib,24.9900,mensual,% PIB,15329
2006-09-01,deuda_externa_pib,24.9400,mensual,% PIB,15329
2006-10-01,deuda_externa_pib,24.9200,mensual,% PIB,15329
2006-11-01,deuda_externa_pib,25.4100,mensual,% PIB,15329
2006-12-01,deuda_externa_pib,24.7700,mensual,% PIB,15329
2007-01-01,deuda_externa_pib,25.6800,mensual,% PIB,15329
2007-02-01,deuda_externa_pib,25.9800,mensual,% PIB,15329
2007-03-01,deuda_externa_pib,25.0400,mensual,% PIB,15329
2007-04-01,deuda_externa_pib,25.5500,mensual,% PIB,15329
2007-05-01,deuda_externa_pib,25.5300,mensual,% PIB,15329
2007-06-01,deuda_externa_pib,23.7600,mensual,% PIB,15329
2007-07-01,deuda_externa_pib,23.8000,mensual,% PIB,15329
2007-08-01,deuda_externa_pib,23.7900,mensual,% PIB,15329
2007-09-01,deuda_externa_pib,22.3000,mensual,% PIB,15329
2007-10-01,deuda_externa_pib,22.4900,mensual,% PIB,15329
2007-11-01,deuda_externa_pib,22.5500,mensual,% PIB,15329
2007-12-01,deuda_externa_pib,21.5400,mensual,% PIB,15329
2008-01-01,deuda_externa_pib,21.7000,mensual,% PIB,15329
2008-02-01,deuda_externa_pib,21.7100,mensual,% PIB,15329
2008-03-01,deuda_externa_pib,20.5200,mensual,% PIB,15329
2008-04-01,deuda_externa_pib,20.6200,mensual,% PIB,15329
2008-05-01,deuda_externa_pib,20.7400,mensual,% PIB,15329
2008-06-01,deuda_externa_pib,19.3400,mensual,% PIB,15329
2008-07-01,deuda_externa_pib,19.5500,mensual,% PIB,15329
2008-08-01,deuda_externa_pib,19.4900,mensual,% PIB,15329
2008-09-01,deuda_externa_pib,18.5000,mensual,% PIB,15329
2008-10-01,deuda_externa_pib,18.6200,mensual,% PIB,15329
2008-11-01,deuda_externa_pib,18.6900,mensual,% PIB,15329
2008-12-01,deuda_externa_pib,19.0500,mensual,% PIB,15329
2009-01-01,deuda_externa_pib,19.2900,mensual,% PIB,15329
2009-02-01,deuda_externa_pib,19.0400,mensual,% PIB,15329
2009-03-01,deuda_externa_pib,19.9800,mensual,% PIB,15329
2009-04-01,deuda_externa_pib,20.0600,mensual,% PIB,15329
2009-05-01,deuda_externa_pib,20.0200,mensual,% PIB,15329
2009-06-01,deuda_externa_pib,20.7300,mensual,% PIB,15329
2009-07-01,deuda_externa_pib,21.7300,mensual,% PIB,15329
2009-08-01,deuda_externa_pib,22.3700,mensual,% PIB,15329
2009-09-01,deuda_externa_pib,23.1300,mensual,% PIB,15329
2009-10-01,deuda_externa_pib,23.8100,mensual,% PIB,15329
2009-11-01,deuda_externa_pib,24.0900,mensual,% PIB,15329
2009-12-01,deuda_externa_pib,22.9000,mensual,% PIB,15329
2010-01-01,deuda_externa_pib,22.8700,mensual,% PIB,15329
2010-02-01,deuda_externa_pib,22.7700,mensual,% PIB,15329
2010-03-01,deuda_externa_pib,21.4100,mensual,% PIB,15329
2010-04-01,deuda_externa_pib,21.9500,mensual,% PIB,15329
2010-05-01,deuda_externa_pib,21.8400,mensual,% PIB,15329
2010-06-01,deuda_externa_pib,21.0300,mensual,% PIB,15329
2010-07-01,deuda_externa_pib,22.9500,mensual,% PIB,15329
2010-08-01,deuda_externa_pib,23.1100,mensual,% PIB,15329
2010-09-01,deuda_externa_pib,22.3700,mensual,% PIB,15329
2010-10-01,deuda_externa_pib,22.5100,mensual,% PIB,15329
2010-11-01,deuda_externa_pib,22.4300,mensual,% PIB,15329
2010-12-01,deuda_externa_pib,22.5800,mensual,% PIB,15329
2011-01-01,deuda_externa_pib,23.2000,mensual,% PIB,15329
2011-02-01,deuda_externa_pib,23.3300,mensual,% PIB,15329
2011-03-01,deuda_externa_pib,22.7900,mensual,% PIB,15329
2011-04-01,deuda_externa_pib,22.8900,mensual,% PIB,15329
2011-05-01,deuda_externa_pib,22.7400,mensual,% PIB,15329
2011-06-01,deuda_externa_pib,21.9900,mensual,% PIB,15329
2011-07-01,deuda_externa_pib,22.9300,mensual,% PIB,15329
2011-08-01,deuda_externa_pib,22.9200,mensual,% PIB,15329
2011-09-01,deuda_externa_pib,22.0900,mensual,% PIB,15329
2011-10-01,deuda_externa_pib,22.3800,mensual,% PIB,15329
2011-11-01,deuda_externa_pib,22.4700,mensual,% PIB,15329
2011-12-01,deuda_externa_pib,22.5700,mensual,% PIB,15329
2012-01-01,deuda_externa_pib,22.7600,mensual,% PIB,15329
2012-02-01,deuda_externa_pib,22.9000,mensual,% PIB,15329
2012-03-01,deuda_externa_pib,22.0900,mensual,% PIB,15329
2012-04-01,deuda_externa_pib,22.0200,mensual,% PIB,15329
2012-05-01,deuda_externa_pib,21.8700,mensual,% PIB,15329
2012-06-01,deuda_externa_pib,21.4200,mensual,% PIB,15329
2012-07-01,deuda_externa_pib,21.4500,mensual,% PIB,15329
2012-08-01,deuda_externa_pib,21.7700,mensual,% PIB,15329
2012-09-01,deuda_externa_pib,22.1300,mensual,% PIB,15329
2012-10-01,deuda_externa_pib,22.2300,mensual,% PIB,15329
2012-11-01,deuda_externa_pib,22.3900,mensual,% PIB,15329
2012-12-01,deuda_externa_pib,21.2500,mensual,% PIB,15329
2013-01-01,deuda_externa_pib,21.7800,mensual,% PIB,15329
2013-02-01,deuda_externa_pib,21.9000,mensual,% PIB,15329
2013-03-01,deuda_externa_pib,21.7800,mensual,% PIB,15329
2013-04-01,deuda_externa_pib,22.2300,mensual,% PIB,15329
2013-05-01,deuda_externa_pib,22.1800,mensual,% PIB,15329
2013-06-01,deuda_externa_pib,22.1600,mensual,% PIB,15329
2013-07-01,deuda_externa_pib,22.4100,mensual,% PIB,15329
2013-08-01,deuda_externa_pib,22.5400,mensual,% PIB,15329
2013-09-01,deuda_externa_pib,23.7000,mensual,% PIB,15329
2013-10-01,deuda_externa_pib,23.7800,mensual,% PIB,15329
2013-11-01,deuda_externa_pib,23.8800,mensual,% PIB,15329
2013-12-01,deuda_externa_pib,24.0900,mensual,% PIB,15329
2014-01-01,deuda_externa_pib,24.4700,mensual,% PIB,15329
2014-02-01,deuda_externa_pib,24.6000,mensual,% PIB,15329
2014-03-01,deuda_externa_pib,24.9700,mensual,% PIB,15329
2014-04-01,deuda_externa_pib,24.9100,mensual,% PIB,15329
2014-05-01,deuda_externa_pib,25.4800,mensual,% PIB,15329
2014-06-01,deuda_externa_pib,25.3700,mensual,% PIB,15329
2014-07-01,deuda_externa_pib,25.4400,mensual,% PIB,15329
2014-08-01,deuda_externa_pib,25.6000,mensual,% PIB,15329
2014-09-01,deuda_externa_pib,25.4500,mensual,% PIB,15329
2014-10-01,deuda_externa_pib,25.9100,mensual,% PIB,15329
2014-11-01,deuda_externa_pib,25.8300,mensual,% PIB,15329
2014-12-01,deuda_externa_pib,26.6800,mensual,% PIB,15329
2015-01-01,deuda_externa_pib,27.3000,mensual,% PIB,15329
2015-02-01,deuda_externa_pib,27.8600,mensual,% PIB,15329
2015-03-01,deuda_externa_pib,29.0600,mensual,% PIB,15329
2015-04-01,deuda_externa_pib,29.2600,mensual,% PIB,15329
2015-05-01,deuda_externa_pib,29.1000,mensual,% PIB,15329
2015-06-01,deuda_externa_pib,31.1400,mensual,% PIB,15329
2015-07-01,deuda_externa_pib,31.1300,mensual,% PIB,15329
2015-08-01,deuda_externa_pib,31.5500,mensual,% PIB,15329
2015-09-01,deuda_externa_pib,34.9000,mensual,% PIB,15329
2015-10-01,deuda_externa_pib,34.9700,mensual,% PIB,15329
2015-11-01,deuda_externa_pib,34.7700,mensual,% PIB,15329
2015-12-01,deuda_externa_pib,37.9600,mensual,% PIB,15329
2016-01-01,deuda_externa_pib,38.1400,mensual,% PIB,15329
2016-02-01,deuda_externa_pib,38.2800,mensual,% PIB,15329
2016-03-01,deuda_externa_pib,41.2000,mensual,% PIB,15329
2016-04-01,deuda_externa_pib,41.3800,mensual,% PIB,15329
2016-05-01,deuda_externa_pib,41.6100,mensual,% PIB,15329
2016-06-01,deuda_externa_pib,42.8100,mensual,% PIB,15329
2016-07-01,deuda_externa_pib,42.8000,mensual,% PIB,15329
2016-08-01,deuda_externa_pib,42.7700,mensual,% PIB,15329
2016-09-01,deuda_externa_pib,42.1300,mensual,% PIB,15329
2016-10-01,deuda_externa_pib,42.1200,mensual,% PIB,15329
2016-11-01,deuda_externa_pib,42.2000,mensual,% PIB,15329
2016-12-01,deuda_externa_pib,42.4700,mensual,% PIB,15329
2017-01-01,deuda_externa_pib,42.9100,mensual,% PIB,15329
2017-02-01,deuda_externa_pib,42.8800,mensual,% PIB,15329
2017-03-01,deuda_externa_pib,40.9300,mensual,% PIB,15329
2017-04-01,deuda_externa_pib,41.3600,mensual,% PIB,15329
2017-05-01,deuda_externa_pib,41.7600,mensual,% PIB,15329
2017-06-01,deuda_externa_pib,40.0600,mensual,% PIB,15329
2017-07-01,deuda_externa_pib,40.2600,mensual,% PIB,15329
2017-08-01,deuda_externa_pib,41.3800,mensual,% PIB,15329
2017-09-01,deuda_externa_pib,40.6400,mensual,% PIB,15329
2017-10-01,deuda_externa_pib,40.4900,mensual,% PIB,15329
2017-11-01,deuda_externa_pib,40.7000,mensual,% PIB,15329
2017-12-01,deuda_externa_pib,40.0200,mensual,% PIB,15329
2018-01-01,deuda_externa_pib,40.2200,mensual,% PIB,15329
2018-02-01,deuda_externa_pib,40.4900,mensual,% PIB,15329
2018-03-01,deuda_externa_pib,39.9300,mensual,% PIB,15329
2018-04-01,deuda_externa_pib,40.1200,mensual,% PIB,15329
2018-05-01,deuda_externa_pib,39.8600,mensual,% PIB,15329
2018-06-01,deuda_externa_pib,38.8300,mensual,% PIB,15329
2018-07-01,deuda_externa_pib,39.0000,mensual,% PIB,15329
2018-08-01,deuda_externa_pib,38.9300,mensual,% PIB,15329
2018-09-01,deuda_externa_pib,38.3800,mensual,% PIB,15329
2018-10-01,deuda_externa_pib,38.7300,mensual,% PIB,15329
2018-11-01,deuda_externa_pib,39.5900,mensual,% PIB,15329
2018-12-01,deuda_externa_pib,39.5500,mensual,% PIB,15329
2019-01-01,deuda_externa_pib,40.4200,mensual,% PIB,15329
2019-02-01,deuda_externa_pib,40.6500,mensual,% PIB,15329
2019-03-01,deuda_externa_pib,40.2600,mensual,% PIB,15329
2019-04-01,deuda_externa_pib,40.2600,mensual,% PIB,15329
2019-05-01,deuda_externa_pib,40.6200,mensual,% PIB,15329
2019-06-01,deuda_externa_pib,41.3500,mensual,% PIB,15329
2019-07-01,deuda_externa_pib,41.5900,mensual,% PIB,15329
2019-08-01,deuda_externa_pib,41.6300,mensual,% PIB,15329
2019-09-01,deuda_externa_pib,42.2900,mensual,% PIB,15329
2019-10-01,deuda_externa_pib,42.8600,mensual,% PIB,15329
2019-11-01,deuda_externa_pib,42.8800,mensual,% PIB,15329
2019-12-01,deuda_externa_pib,42.9400,mensual,% PIB,15329
2020-01-01,deuda_externa_pib,43.5000,mensual,% PIB,15329
2020-02-01,deuda_externa_pib,43.1800,mensual,% PIB,15329
2020-03-01,deuda_externa_pib,44.3900,mensual,% PIB,15329
2020-04-01,deuda_externa_pib,45.5500,mensual,% PIB,15329
2020-05-01,deuda_externa_pib,45.9400,mensual,% PIB,15329
2020-06-01,deuda_externa_pib,50.1200,mensual,% PIB,15329
2020-07-01,deuda_externa_pib,51.4200,mensual,% PIB,15329
2020-08-01,deuda_externa_pib,51.4900,mensual,% PIB,15329
2020-09-01,deuda_externa_pib,53.1200,mensual,% PIB,15329
2020-10-01,deuda_externa_pib,53.0700,mensual,% PIB,15329
2020-11-01,deuda_externa_pib,53.2900,mensual,% PIB,15329
2020-12-01,deuda_externa_pib,57.0200,mensual,% PIB,15329
2021-01-01,deuda_externa_pib,57.3400,mensual,% PIB,15329
2021-02-01,deuda_externa_pib,57.3700,mensual,% PIB,15329
2021-03-01,deuda_externa_pib,56.0700,mensual,% PIB,15329
2021-04-01,deuda_externa_pib,57.5700,mensual,% PIB,15329
2021-05-01,deuda_externa_pib,57.6800,mensual,% PIB,15329
2021-06-01,deuda_externa_pib,54.0300,mensual,% PIB,15329
2021-07-01,deuda_externa_pib,54.2800,mensual,% PIB,15329
2021-08-01,deuda_externa_pib,56.6900,mensual,% PIB,15329
2021-09-01,deuda_externa_pib,54.2000,mensual,% PIB,15329
2021-10-01,deuda_externa_pib,54.7700,mensual,% PIB,15329
2021-11-01,deuda_externa_pib,55.0100,mensual,% PIB,15329
2021-12-01,deuda_externa_pib,53.8900,mensual,% PIB,15329
2022-01-01,deuda_externa_pib,54.0600,mensual,% PIB,15329
2022-02-01,deuda_externa_pib,54.3600,mensual,% PIB,15329
2022-03-01,deuda_externa_pib,53.5000,mensual,% PIB,15329
2022-04-01,deuda_externa_pib,53.2400,mensual,% PIB,15329
2022-05-01,deuda_externa_pib,53.7200,mensual,% PIB,15329
2022-06-01,deuda_externa_pib,51.1900,mensual,% PIB,15329
2022-07-01,deuda_externa_pib,51.3900,mensual,% PIB,15329
2022-08-01,deuda_externa_pib,51.7400,mensual,% PIB,15329
2022-09-01,deuda_externa_pib,50.4000,mensual,% PIB,15329
2022-10-01,deuda_externa_pib,50.6600,mensual,% PIB,15329
2022-11-01,deuda_externa_pib,51.3700,mensual,% PIB,15329
2022-12-01,deuda_externa_pib,53.0600,mensual,% PIB,15329
2023-01-01,deuda_externa_pib,53.9300,mensual,% PIB,15329
2023-02-01,deuda_externa_pib,54.0900,mensual,% PIB,15329
2023-03-01,deuda_externa_pib,54.8000,mensual,% PIB,15329
2023-04-01,deuda_externa_pib,54.7800,mensual,% PIB,15329
2023-05-01,deuda_externa_pib,54.6400,mensual,% PIB,15329
2023-06-01,deuda_externa_pib,55.5400,mensual,% PIB,15329
2023-07-01,deuda_externa_pib,56.5500,mensual,% PIB,15329
2023-08-01,deuda_externa_pib,56.2200,mensual,% PIB,15329
2023-09-01,deuda_externa_pib,54.6300,mensual,% PIB,15329
2023-10-01,deuda_externa_pib,54.4800,mensual,% PIB,15329
2023-11-01,deuda_externa_pib,55.5200,mensual,% PIB,15329
2023-12-01,deuda_externa_pib,53.2300,mensual,% PIB,15329
2024-01-01,deuda_externa_pib,53.5700,mensual,% PIB,15329
2024-02-01,deuda_externa_pib,53.1800,mensual,% PIB,15329
2024-03-01,deuda_externa_pib,50.3900,mensual,% PIB,15329
2024-04-01,deuda_externa_pib,50.7600,mensual,% PIB,15329
2024-05-01,deuda_externa_pib,50.5400,mensual,% PIB,15329
2024-06-01,deuda_externa_pib,48.1500,mensual,% PIB,15329
2024-07-01,deuda_externa_pib,48.5200,mensual,% PIB,15329
2024-08-01,deuda_externa_pib,48.3800,mensual,% PIB,15329
2024-09-01,deuda_externa_pib,47.8200,mensual,% PIB,15329
2024-10-01,deuda_externa_pib,47.9500,mensual,% PIB,15329
2024-11-01,deuda_externa_pib,48.6700,mensual,% PIB,15329
2024-12-01,deuda_externa_pib,48.1400,mensual,% PIB,15329
2025-01-01,deuda_externa_pib,48.2600,mensual,% PIB,15329
2025-02-01,deuda_externa_pib,48.0300,mensual,% PIB,15329
2025-03-01,deuda_externa_pib,48.1200,mensual,% PIB,15329
2025-04-01,deuda_externa_pib,49.1500,mensual,% PIB,15329
2025-05-01,deuda_externa_pib,49.1700,mensual,% PIB,15329
2025-06-01,deuda_externa_pib,49.0000,mensual,% PIB,15329
2025-07-01,deuda_externa_pib,49.2100,mensual,% PIB,15329
2025-08-01,deuda_externa_pib,48.8400,mensual,% PIB,15329
2025-09-01,deuda_externa_pib,48.5800,mensual,% PIB,15329
2001-01-01,deuda_externa_privada,15524.1600,mensual,millones USD,15332
2001-02-01,deuda_externa_privada,15450.6000,mensual,millones USD,15332
2001-03-01,deuda_externa_privada,15457.3600,mensual,millones USD,15332
2001-04-01,deuda_externa_privada,15516.8300,mensual,millones USD,15332
2001-05-01,deuda_externa_privada,15545.9200,mensual,millones USD,15332
2001-06-01,deuda_externa_privada,15307.5800,mensual,millones USD,15332
2001-07-01,deuda_externa_privada,15359.3700,mensual,millones USD,15332
2001-08-01,deuda_externa_privada,15241.0000,mensual,millones USD,15332
2001-09-01,deuda_externa_privada,15537.1100,mensual,millones USD,15332
2001-10-01,deuda_externa_privada,15512.3700,mensual,millones USD,15332
2001-11-01,deuda_externa_privada,15658.7600,mensual,millones USD,15332
2001-12-01,deuda_externa_privada,15628.9100,mensual,millones USD,15332
2002-01-01,deuda_externa_privada,15744.5900,mensual,millones USD,15332
2002-02-01,deuda_externa_privada,15558.4200,mensual,millones USD,15332
2002-03-01,deuda_externa_privada,15370.8000,mensual,millones USD,15332
2002-04-01,deuda_externa_privada,15354.3500,mensual,millones USD,15332
2002-05-01,deuda_externa_privada,15183.8000,mensual,millones USD,15332
2002-06-01,deuda_externa_privada,15229.5800,mensual,millones USD,15332
2002-07-01,deuda_externa_privada,15287.8700,mensual,millones USD,15332
2002-08-01,deuda_externa_privada,15318.5500,mensual,millones USD,15332
2002-09-01,deuda_externa_privada,15153.3000,mensual,millones USD,15332
2002-10-01,deuda_externa_privada,14991.4100,mensual,millones USD,15332
2002-11-01,deuda_externa_privada,14854.4200,mensual,millones USD,15332
2002-12-01,deuda_externa_privada,14543.3200,mensual,millones USD,15332
2003-01-01,deuda_externa_privada,14599.5100,mensual,millones USD,15332
2003-02-01,deuda_externa_privada,14828.7700,mensual,millones USD,15332
2003-03-01,deuda_externa_privada,14664.1100,mensual,millones USD,15332
2003-04-01,deuda_externa_privada,14714.1300,mensual,millones USD,15332
2003-05-01,deuda_externa_privada,14585.9800,mensual,millones USD,15332
2003-06-01,deuda_externa_privada,14630.7800,mensual,millones USD,15332
2003-07-01,deuda_externa_privada,14391.6400,mensual,millones USD,15332
2003-08-01,deuda_externa_privada,14070.5000,mensual,millones USD,15332
2003-09-01,deuda_externa_privada,13866.6200,mensual,millones USD,15332
2003-10-01,deuda_externa_privada,14029.8100,mensual,millones USD,15332
2003-11-01,deuda_externa_privada,13711.4400,mensual,millones USD,15332
2003-12-01,deuda_externa_privada,13480.4600,mensual,millones USD,15332
2004-01-01,deuda_externa_privada,13667.3600,mensual,millones USD,15332
2004-02-01,deuda_externa_privada,13504.2900,mensual,millones USD,15332
2004-03-01,deuda_externa_privada,13515.1900,mensual,millones USD,15332
2004-04-01,deuda_externa_privada,13447.7000,mensual,millones USD,15332
2004-05-01,deuda_externa_privada,13321.2100,mensual,millones USD,15332
2004-06-01,deuda_externa_privada,13290.5500,mensual,millones USD,15332
2004-07-01,deuda_externa_privada,13261.5900,mensual,millones USD,15332
2004-08-01,deuda_externa_privada,13322.2800,mensual,millones USD,15332
2004-09-01,deuda_externa_privada,13502.8200,mensual,millones USD,15332
2004-10-01,deuda_externa_privada,13485.3100,mensual,millones USD,15332
2004-11-01,deuda_externa_privada,13483.1000,mensual,millones USD,15332
2004-12-01,deuda_externa_privada,13662.4400,mensual,millones USD,15332
2005-01-01,deuda_externa_privada,13646.7400,mensual,millones USD,15332
2005-02-01,deuda_externa_privada,13688.3400,mensual,millones USD,15332
2005-03-01,deuda_externa_privada,13539.6700,mensual,millones USD,15332
2005-04-01,deuda_externa_privada,13530.6200,mensual,millones USD,15332
2005-05-01,deuda_externa_privada,13501.5900,mensual,millones USD,15332
2005-06-01,deuda_externa_privada,13601.9100,mensual,millones USD,15332
2005-07-01,deuda_externa_privada,13735.4600,mensual,millones USD,15332
2005-08-01,deuda_externa_privada,13697.8300,mensual,millones USD,15332
2005-09-01,deuda_externa_privada,13937.7900,mensual,millones USD,15332
2005-10-01,deuda_externa_privada,13987.0800,mensual,millones USD,15332
2005-11-01,deuda_externa_privada,14434.5100,mensual,millones USD,15332
2005-12-01,deuda_externa_privada,14317.1700,mensual,millones USD,15332
2006-01-01,deuda_externa_privada,14463.7600,mensual,millones USD,15332
2006-02-01,deuda_externa_privada,14455.0500,mensual,millones USD,15332
2006-03-01,deuda_externa_privada,14201.2400,mensual,millones USD,15332
2006-04-01,deuda_externa_privada,14038.4100,mensual,millones USD,15332
2006-05-01,deuda_externa_privada,14169.1400,mensual,millones USD,15332
2006-06-01,deuda_externa_privada,14356.5300,mensual,millones USD,15332
2006-07-01,deuda_externa_privada,14011.7100,mensual,millones USD,15332
2006-08-01,deuda_externa_privada,13781.5800,mensual,millones USD,15332
2006-09-01,deuda_externa_privada,13854.0200,mensual,millones USD,15332
2006-10-01,deuda_externa_privada,13590.3800,mensual,millones USD,15332
2006-11-01,deuda_externa_privada,13701.7700,mensual,millones USD,15332
2006-12-01,deuda_externa_privada,13803.4900,mensual,millones USD,15332
2007-01-01,deuda_externa_privada,14356.5100,mensual,millones USD,15332
2007-02-01,deuda_externa_privada,14851.7700,mensual,millones USD,15332
2007-03-01,deuda_externa_privada,14943.3700,mensual,millones USD,15332
2007-04-01,deuda_externa_privada,15608.1800,mensual,millones USD,15332
2007-05-01,deuda_externa_privada,15457.9900,mensual,millones USD,15332
2007-06-01,deuda_externa_privada,15280.8400,mensual,millones USD,15332
2007-07-01,deuda_externa_privada,15082.9300,mensual,millones USD,15332
2007-08-01,deuda_externa_privada,15357.5100,mensual,millones USD,15332
2007-09-01,deuda_externa_privada,15250.8000,mensual,millones USD,15332
2007-10-01,deuda_externa_privada,15441.5300,mensual,millones USD,15332
2007-11-01,deuda_externa_privada,15560.9300,mensual,millones USD,15332
2007-12-01,deuda_externa_privada,15734.2400,mensual,millones USD,15332
2008-01-01,deuda_externa_privada,15702.0200,mensual,millones USD,15332
2008-02-01,deuda_externa_privada,15714.3900,mensual,millones USD,15332
2008-03-01,deuda_externa_privada,15825.2600,mensual,millones USD,15332
2008-04-01,deuda_externa_privada,15872.6100,mensual,millones USD,15332
2008-05-01,deuda_externa_privada,16069.7300,mensual,millones USD,15332
2008-06-01,deuda_externa_privada,16111.6000,mensual,millones USD,15332
2008-07-01,deuda_externa_privada,16445.5400,mensual,millones USD,15332
2008-08-01,deuda_externa_privada,16728.5800,mensual,millones USD,15332
2008-09-01,deuda_externa_privada,16881.4200,mensual,millones USD,15332
2008-10-01,deuda_externa_privada,16972.7900,mensual,millones USD,15332
2008-11-01,deuda_externa_privada,17055.3700,mensual,millones USD,15332
2008-12-01,deuda_externa_privada,16925.4100,mensual,millones USD,15332
2009-01-01,deuda_externa_privada,16742.5400,mensual,millones USD,15332
2009-02-01,deuda_externa_privada,16416.2500,mensual,millones USD,15332
2009-03-01,deuda_externa_privada,16189.1900,mensual,millones USD,15332
2009-04-01,deuda_externa_privada,15899.9900,mensual,millones USD,15332
2009-05-01,deuda_externa_privada,15653.1000,mensual,millones USD,15332
2009-06-01,deuda_externa_privada,15209.8400,mensual,millones USD,15332
2009-07-01,deuda_externa_privada,15162.6200,mensual,millones USD,15332
2009-08-01,deuda_externa_privada,15197.7600,mensual,millones USD,15332
2009-09-01,deuda_externa_privada,16132.7800,mensual,millones USD,15332
2009-10-01,deuda_externa_privada,16472.7400,mensual,millones USD,15332
2009-11-01,deuda_externa_privada,16491.8500,mensual,millones USD,15332
2009-12-01,deuda_externa_privada,16589.7200,mensual,millones USD,15332
2010-01-01,deuda_externa_privada,16523.2100,mensual,millones USD,15332
2010-02-01,deuda_externa_privada,16870.5900,mensual,millones USD,15332
2010-03-01,deuda_externa_privada,17406.9700,mensual,millones USD,15332
2010-04-01,deuda_externa_privada,17451.5200,mensual,millones USD,15332
2010-05-01,deuda_externa_privada,17516.9800,mensual,millones USD,15332
2010-06-01,deuda_externa_privada,18032.9400,mensual,millones USD,15332
2010-07-01,deuda_externa_privada,22616.1200,mensual,millones USD,15332
2010-08-01,deuda_externa_privada,23022.1800,mensual,millones USD,15332
2010-09-01,deuda_externa_privada,23307.2800,mensual,millones USD,15332
2010-10-01,deuda_externa_privada,23150.6900,mensual,millones USD,15332
2010-11-01,deuda_externa_privada,23115.1900,mensual,millones USD,15332
2010-12-01,deuda_externa_privada,25192.1300,mensual,millones USD,15332
2011-01-01,deuda_externa_privada,26984.8300,mensual,millones USD,15332
2011-02-01,deuda_externa_privada,27135.9800,mensual,millones USD,15332
2011-03-01,deuda_externa_privada,28053.9800,mensual,millones USD,15332
2011-04-01,deuda_externa_privada,28043.9800,mensual,millones USD,15332
2011-05-01,deuda_externa_privada,28357.8900,mensual,millones USD,15332
2011-06-01,deuda_externa_privada,29250.3500,mensual,millones USD,15332
2011-07-01,deuda_externa_privada,29966.9700,mensual,millones USD,15332
2011-08-01,deuda_externa_privada,29896.6300,mensual,millones USD,15332
2011-09-01,deuda_externa_privada,30569.5800,mensual,millones USD,15332
2011-10-01,deuda_externa_privada,31198.4000,mensual,millones USD,15332
2011-11-01,deuda_externa_privada,31456.6200,mensual,millones USD,15332
2011-12-01,deuda_externa_privada,33134.6700,mensual,millones USD,15332
2012-01-01,deuda_externa_privada,33496.8500,mensual,millones USD,15332
2012-02-01,deuda_externa_privada,32996.1600,mensual,millones USD,15332
2012-03-01,deuda_externa_privada,32835.2700,mensual,millones USD,15332
2012-04-01,deuda_externa_privada,32437.3500,mensual,millones USD,15332
2012-05-01,deuda_externa_privada,32258.5300,mensual,millones USD,15332
2012-06-01,deuda_externa_privada,32355.3200,mensual,millones USD,15332
2012-07-01,deuda_externa_privada,32365.8200,mensual,millones USD,15332
2012-08-01,deuda_externa_privada,33283.7800,mensual,millones USD,15332
2012-09-01,deuda_externa_privada,34793.6300,mensual,millones USD,15332
2012-10-01,deuda_externa_privada,34945.0700,mensual,millones USD,15332
2012-11-01,deuda_externa_privada,35470.0600,mensual,millones USD,15332
2012-12-01,deuda_externa_privada,32668.5000,mensual,millones USD,15332
2013-01-01,deuda_externa_privada,33861.6100,mensual,millones USD,15332
2013-02-01,deuda_externa_privada,34552.9300,mensual,millones USD,15332
2013-03-01,deuda_externa_privada,35136.0000,mensual,millones USD,15332
2013-04-01,deuda_externa_privada,36842.5100,mensual,millones USD,15332
2013-05-01,deuda_externa_privada,37031.8700,mensual,millones USD,15332
2013-06-01,deuda_externa_privada,37474.9200,mensual,millones USD,15332
2013-07-01,deuda_externa_privada,38321.0200,mensual,millones USD,15332
2013-08-01,deuda_externa_privada,38705.4100,mensual,millones USD,15332
2013-09-01,deuda_externa_privada,38970.8800,mensual,millones USD,15332
2013-10-01,deuda_externa_privada,39110.6800,mensual,millones USD,15332
2013-11-01,deuda_externa_privada,39523.5500,mensual,millones USD,15332
2013-12-01,deuda_externa_privada,39856.4400,mensual,millones USD,15332
2014-01-01,deuda_externa_privada,39696.9600,mensual,millones USD,15332
2014-02-01,deuda_externa_privada,40263.9400,mensual,millones USD,15332
2014-03-01,deuda_externa_privada,40785.1800,mensual,millones USD,15332
2014-04-01,deuda_externa_privada,40313.2300,mensual,millones USD,15332
2014-05-01,deuda_externa_privada,40204.2300,mensual,millones USD,15332
2014-06-01,deuda_externa_privada,40227.3700,mensual,millones USD,15332
2014-07-01,deuda_externa_privada,40552.5800,mensual,millones USD,15332
2014-08-01,deuda_externa_privada,40857.7000,mensual,millones USD,15332
2014-09-01,deuda_externa_privada,40400.9600,mensual,millones USD,15332
2014-10-01,deuda_externa_privada,40814.3300,mensual,millones USD,15332
2014-11-01,deuda_externa_privada,41060.7400,mensual,millones USD,15332
2014-12-01,deuda_externa_privada,42142.4500,mensual,millones USD,15332
2015-01-01,deuda_externa_privada,43236.4000,mensual,millones USD,15332
2015-02-01,deuda_externa_privada,43430.2400,mensual,millones USD,15332
2015-03-01,deuda_externa_privada,43387.7600,mensual,millones USD,15332
2015-04-01,deuda_externa_privada,43693.1000,mensual,millones USD,15332
2015-05-01,deuda_externa_privada,43721.6600,mensual,millones USD,15332
2015-06-01,deuda_externa_privada,43848.8700,mensual,millones USD,15332
2015-07-01,deuda_externa_privada,44284.2400,mensual,millones USD,15332
2015-08-01,deuda_externa_privada,46153.5300,mensual,millones USD,15332
2015-09-01,deuda_externa_privada,45682.5500,mensual,millones USD,15332
2015-10-01,deuda_externa_privada,45755.6100,mensual,millones USD,15332
2015-11-01,deuda_externa_privada,45537.3400,mensual,millones USD,15332
2015-12-01,deuda_externa_privada,45760.2400,mensual,millones USD,15332
2016-01-01,deuda_externa_privada,46195.1200,mensual,millones USD,15332
2016-02-01,deuda_externa_privada,46500.3500,mensual,millones USD,15332
2016-03-01,deuda_externa_privada,47330.5900,mensual,millones USD,15332
2016-04-01,deuda_externa_privada,47552.6000,mensual,millones USD,15332
2016-05-01,deuda_externa_privada,47417.4100,mensual,millones USD,15332
2016-06-01,deuda_externa_privada,46998.9300,mensual,millones USD,15332
2016-07-01,deuda_externa_privada,47184.6900,mensual,millones USD,15332
2016-08-01,deuda_externa_privada,46999.3100,mensual,millones USD,15332
2016-09-01,deuda_externa_privada,46976.7100,mensual,millones USD,15332
2016-10-01,deuda_externa_privada,47279.8300,mensual,millones USD,15332
2016-11-01,deuda_externa_privada,47267.4200,mensual,millones USD,15332
2016-12-01,deuda_externa_privada,49319.2500,mensual,millones USD,15332
2017-01-01,deuda_externa_privada,49454.0100,mensual,millones USD,15332
2017-02-01,deuda_externa_privada,49403.3900,mensual,millones USD,15332
2017-03-01,deuda_externa_privada,48859.5700,mensual,millones USD,15332
2017-04-01,deuda_externa_privada,49724.0800,mensual,millones USD,15332
2017-05-01,deuda_externa_privada,50785.5700,mensual,millones USD,15332
2017-06-01,deuda_externa_privada,50345.0000,mensual,millones USD,15332
2017-07-01,deuda_externa_privada,50865.4400,mensual,millones USD,15332
2017-08-01,deuda_externa_privada,52320.7300,mensual,millones USD,15332
2017-09-01,deuda_externa_privada,52184.8400,mensual,millones USD,15332
2017-10-01,deuda_externa_privada,52103.0200,mensual,millones USD,15332
2017-11-01,deuda_externa_privada,52491.4900,mensual,millones USD,15332
2017-12-01,deuda_externa_privada,52925.8000,mensual,millones USD,15332
2018-01-01,deuda_externa_privada,52645.4600,mensual,millones USD,15332
2018-02-01,deuda_externa_privada,53675.2200,mensual,millones USD,15332
2018-03-01,deuda_externa_privada,53872.6100,mensual,millones USD,15332
2018-04-01,deuda_externa_privada,54722.4800,mensual,millones USD,15332
2018-05-01,deuda_externa_privada,54291.7700,mensual,millones USD,15332
2018-06-01,deuda_externa_privada,54446.8800,mensual,millones USD,15332
2018-07-01,deuda_externa_privada,55035.0100,mensual,millones USD,15332
2018-08-01,deuda_externa_privada,55099.0700,mensual,millones USD,15332
2018-09-01,deuda_externa_privada,55385.2700,mensual,millones USD,15332
2018-10-01,deuda_externa_privada,55884.9800,mensual,millones USD,15332
2018-11-01,deuda_externa_privada,57884.3400,mensual,millones USD,15332
2018-12-01,deuda_externa_privada,59223.4200,mensual,millones USD,15332
2019-01-01,deuda_externa_privada,59967.5700,mensual,millones USD,15332
2019-02-01,deuda_externa_privada,60260.9900,mensual,millones USD,15332
2019-03-01,deuda_externa_privada,60015.9300,mensual,millones USD,15332
2019-04-01,deuda_externa_privada,60278.7000,mensual,millones USD,15332
2019-05-01,deuda_externa_privada,61853.9700,mensual,millones USD,15332
2019-06-01,deuda_externa_privada,62139.9800,mensual,millones USD,15332
2019-07-01,deuda_externa_privada,62680.1900,mensual,millones USD,15332
2019-08-01,deuda_externa_privada,63666.4500,mensual,millones USD,15332
2019-09-01,deuda_externa_privada,63763.2700,mensual,millones USD,15332
2019-10-01,deuda_externa_privada,64655.4300,mensual,millones USD,15332
2019-11-01,deuda_externa_privada,65680.1200,mensual,millones USD,15332
2019-12-01,deuda_externa_privada,64847.9000,mensual,millones USD,15332
2020-01-01,deuda_externa_privada,65133.4800,mensual,millones USD,15332
2020-02-01,deuda_externa_privada,65272.2500,mensual,millones USD,15332
2020-03-01,deuda_externa_privada,66618.6000,mensual,millones USD,15332
2020-04-01,deuda_externa_privada,67077.3400,mensual,millones USD,15332
2020-05-01,deuda_externa_privada,67348.6500,mensual,millones USD,15332
2020-06-01,deuda_externa_privada,66281.0500,mensual,millones USD,15332
2020-07-01,deuda_externa_privada,66940.7600,mensual,millones USD,15332
2020-08-01,deuda_externa_privada,66619.4900,mensual,millones USD,15332
2020-09-01,deuda_externa_privada,64365.3200,mensual,millones USD,15332
2020-10-01,deuda_externa_privada,64345.1100,mensual,millones USD,15332
2020-11-01,deuda_externa_privada,64539.4600,mensual,millones USD,15332
2020-12-01,deuda_externa_privada,64548.4600,mensual,millones USD,15332
2021-01-01,deuda_externa_privada,64177.4500,mensual,millones USD,15332
2021-02-01,deuda_externa_privada,64431.5900,mensual,millones USD,15332
2021-03-01,deuda_externa_privada,63903.7600,mensual,millones USD,15332
2021-04-01,deuda_externa_privada,65513.6800,mensual,millones USD,15332
2021-05-01,deuda_externa_privada,65757.4000,mensual,millones USD,15332
2021-06-01,deuda_externa_privada,65766.5900,mensual,millones USD,15332
2021-07-01,deuda_externa_privada,66539.1700,mensual,millones USD,15332
2021-08-01,deuda_externa_privada,67242.8100,mensual,millones USD,15332
2021-09-01,deuda_externa_privada,67297.3700,mensual,millones USD,15332
2021-10-01,deuda_externa_privada,67604.1500,mensual,millones USD,15332
2021-11-01,deuda_externa_privada,67774.0500,mensual,millones USD,15332
2021-12-01,deuda_externa_privada,68908.6700,mensual,millones USD,15332
2022-01-01,deuda_externa_privada,70353.2100,mensual,millones USD,15332
2022-02-01,deuda_externa_privada,71133.0400,mensual,millones USD,15332
2022-03-01,deuda_externa_privada,73551.8100,mensual,millones USD,15332
2022-04-01,deuda_externa_privada,73696.8700,mensual,millones USD,15332
2022-05-01,deuda_externa_privada,74428.8600,mensual,millones USD,15332
2022-06-01,deuda_externa_privada,75058.7800,mensual,millones USD,15332
2022-07-01,deuda_externa_privada,75854.0100,mensual,millones USD,15332
2022-08-01,deuda_externa_privada,76988.1200,mensual,millones USD,15332
2022-09-01,deuda_externa_privada,76402.3000,mensual,millones USD,15332
2022-10-01,deuda_externa_privada,77644.2000,mensual,millones USD,15332
2022-11-01,deuda_externa_privada,78847.5900,mensual,millones USD,15332
2022-12-01,deuda_externa_privada,79175.6000,mensual,millones USD,15332
2023-01-01,deuda_externa_privada,80355.5300,mensual,millones USD,15332
2023-02-01,deuda_externa_privada,80410.9600,mensual,millones USD,15332
2023-03-01,deuda_externa_privada,80591.2700,mensual,millones USD,15332
2023-04-01,deuda_externa_privada,80605.6700,mensual,millones USD,15332
2023-05-01,deuda_externa_privada,80415.4300,mensual,millones USD,15332
2023-06-01,deuda_externa_privada,80970.4900,mensual,millones USD,15332
2023-07-01,deuda_externa_privada,82452.1300,mensual,millones USD,15332
2023-08-01,deuda_externa_privada,82356.3100,mensual,millones USD,15332
2023-09-01,deuda_externa_privada,82355.0400,mensual,millones USD,15332
2023-10-01,deuda_externa_privada,82654.1500,mensual,millones USD,15332
2023-11-01,deuda_externa_privada,82696.4500,mensual,millones USD,15332
2023-12-01,deuda_externa_privada,83248.8600,mensual,millones USD,15332
2024-01-01,deuda_externa_privada,83340.3900,mensual,millones USD,15332
2024-02-01,deuda_externa_privada,82751.2400,mensual,millones USD,15332
2024-03-01,deuda_externa_privada,83027.5400,mensual,millones USD,15332
2024-04-01,deuda_externa_privada,83423.0500,mensual,millones USD,15332
2024-05-01,deuda_externa_privada,83503.5000,mensual,millones USD,15332
2024-06-01,deuda_externa_privada,84104.1800,mensual,millones USD,15332
2024-07-01,deuda_externa_privada,84540.9200,mensual,millones USD,15332
2024-08-01,deuda_externa_privada,84810.0400,mensual,millones USD,15332
2024-09-01,deuda_externa_privada,86042.2200,mensual,millones USD,15332
2024-10-01,deuda_externa_privada,87271.4100,mensual,millones USD,15332
2024-11-01,deuda_externa_privada,88015.8000,mensual,millones USD,15332
2024-12-01,deuda_externa_privada,88510.7100,mensual,millones USD,15332
2025-01-01,deuda_externa_privada,88605.7900,mensual,millones USD,15332
2025-02-01,deuda_externa_privada,88264.3700,mensual,millones USD,15332
2025-03-01,deuda_externa_privada,90296.1400,mensual,millones USD,15332
2025-04-01,deuda_externa_privada,90724.8900,mensual,millones USD,15332
2025-05-01,deuda_externa_privada,90951.2300,mensual,millones USD,15332
2025-06-01,deuda_externa_privada,90561.6800,mensual,millones USD,15332
2025-07-01,deuda_externa_privada,91941.1700,mensual,millones USD,15332
2025-08-01,deuda_externa_privada,93538.1300,mensual,millones USD,15332
2025-09-01,deuda_externa_privada,93449.5900,mensual,millones USD,15332
2001-01-01,deuda_externa_publica,20906.8800,mensual,millones USD,15331
2001-02-01,deuda_externa_publica,21016.8400,mensual,millones USD,15331
2001-03-01,deuda_externa_publica,20979.0900,mensual,millones USD,15331
2001-04-01,deuda_externa_publica,21663.6200,mensual,millones USD,15331
2001-05-01,deuda_externa_publica,22207.5600,mensual,millones USD,15331
2001-06-01,deuda_externa_publica,22251.8100,mensual,millones USD,15331
2001-07-01,deuda_externa_publica,22155.3300,mensual,millones USD,15331
2001-08-01,deuda_externa_publica,22603.4900,mensual,millones USD,15331
2001-09-01,deuda_externa_publica,22683.3300,mensual,millones USD,15331
2001-10-01,deuda_externa_publica,22543.6500,mensual,millones USD,15331
2001-11-01,deuda_externa_publica,22845.2300,mensual,millones USD,15331
2001-12-01,deuda_externa_publica,23534.5600,mensual,millones USD,15331
2002-01-01,deuda_externa_publica,23243.6500,mensual,millones USD,15331
2002-02-01,deuda_externa_publica,23173.3500,mensual,millones USD,15331
2002-03-01,deuda_externa_publica,22837.3600,mensual,millones USD,15331
2002-04-01,deuda_externa_publica,22920.7000,mensual,millones USD,15331
2002-05-01,deuda_externa_publica,22517.7700,mensual,millones USD,15331
2002-06-01,deuda_externa_publica,22384.2800,mensual,millones USD,15331
2002-07-01,deuda_externa_publica,22686.5500,mensual,millones USD,15331
2002-08-01,deuda_externa_publica,22694.1900,mensual,millones USD,15331
2002-09-01,deuda_externa_publica,22821.2500,mensual,millones USD,15331
2002-10-01,deuda_externa_publica,22556.2400,mensual,millones USD,15331
2002-11-01,deuda_externa_publica,22660.2800,mensual,millones USD,15331
2002-12-01,deuda_externa_publica,22838.4400,mensual,millones USD,15331
2003-01-01,deuda_externa_publica,23666.0700,mensual,millones USD,15331
2003-02-01,deuda_externa_publica,23516.9800,mensual,millones USD,15331
2003-03-01,deuda_externa_publica,23297.6600,mensual,millones USD,15331
2003-04-01,deuda_externa_publica,24254.2600,mensual,millones USD,15331
2003-05-01,deuda_externa_publica,24214.5600,mensual,millones USD,15331
2003-06-01,deuda_externa_publica,23360.1100,mensual,millones USD,15331
2003-07-01,deuda_externa_publica,23176.0500,mensual,millones USD,15331
2003-08-01,deuda_externa_publica,23442.5200,mensual,millones USD,15331
2003-09-01,deuda_externa_publica,23904.5300,mensual,millones USD,15331
2003-10-01,deuda_externa_publica,24015.0500,mensual,millones USD,15331
2003-11-01,deuda_externa_publica,24259.0900,mensual,millones USD,15331
2003-12-01,deuda_externa_publica,24584.1900,mensual,millones USD,15331
2004-01-01,deuda_externa_publica,24850.8300,mensual,millones USD,15331
2004-02-01,deuda_externa_publica,24700.5200,mensual,millones USD,15331
2004-03-01,deuda_externa_publica,24239.1900,mensual,millones USD,15331
2004-04-01,deuda_externa_publica,24135.2700,mensual,millones USD,15331
2004-05-01,deuda_externa_publica,24165.8700,mensual,millones USD,15331
2004-06-01,deuda_externa_publica,24344.3800,mensual,millones USD,15331
2004-07-01,deuda_externa_publica,24176.6400,mensual,millones USD,15331
2004-08-01,deuda_externa_publica,24425.8700,mensual,millones USD,15331
2004-09-01,deuda_externa_publica,24848.7700,mensual,millones USD,15331
2004-10-01,deuda_externa_publica,24872.1400,mensual,millones USD,15331
2004-11-01,deuda_externa_publica,25558.4300,mensual,millones USD,15331
2004-12-01,deuda_externa_publica,25835.0300,mensual,millones USD,15331
2005-01-01,deuda_externa_publica,25693.4800,mensual,millones USD,15331
2005-02-01,deuda_externa_publica,25918.3800,mensual,millones USD,15331
2005-03-01,deuda_externa_publica,25598.8700,mensual,millones USD,15331
2005-04-01,deuda_externa_publica,24191.3400,mensual,millones USD,15331
2005-05-01,deuda_externa_publica,24176.0000,mensual,millones USD,15331
2005-06-01,deuda_externa_publica,23459.5100,mensual,millones USD,15331
2005-07-01,deuda_externa_publica,24051.0300,mensual,millones USD,15331
2005-08-01,deuda_externa_publica,24245.7500,mensual,millones USD,15331
2005-09-01,deuda_externa_publica,23502.3400,mensual,millones USD,15331
2005-10-01,deuda_externa_publica,23224.6300,mensual,millones USD,15331
2005-11-01,deuda_externa_publica,23170.9800,mensual,millones USD,15331
2005-12-01,deuda_externa_publica,24189.3400,mensual,millones USD,15331
2006-01-01,deuda_externa_publica,24216.3200,mensual,millones USD,15331
2006-02-01,deuda_externa_publica,24223.9300,mensual,millones USD,15331
2006-03-01,deuda_externa_publica,23389.2800,mensual,millones USD,15331
2006-04-01,deuda_externa_publica,23404.2400,mensual,millones USD,15331
2006-05-01,deuda_externa_publica,23393.5500,mensual,millones USD,15331
2006-06-01,deuda_externa_publica,22550.1400,mensual,millones USD,15331
2006-07-01,deuda_externa_publica,24120.4300,mensual,millones USD,15331
2006-08-01,deuda_externa_publica,24485.0300,mensual,millones USD,15331
2006-09-01,deuda_externa_publica,25189.3500,mensual,millones USD,15331
2006-10-01,deuda_externa_publica,25409.7900,mensual,millones USD,15331
2006-11-01,deuda_externa_publica,26071.3800,mensual,millones USD,15331
2006-12-01,deuda_externa_publica,26299.2400,mensual,millones USD,15331
2007-01-01,deuda_externa_publica,27226.0700,mensual,millones USD,15331
2007-02-01,deuda_externa_publica,27221.3600,mensual,millones USD,15331
2007-03-01,deuda_externa_publica,27273.2700,mensual,millones USD,15331
2007-04-01,deuda_externa_publica,27474.5800,mensual,millones USD,15331
2007-05-01,deuda_externa_publica,27583.3500,mensual,millones USD,15331
2007-06-01,deuda_externa_publica,27838.1800,mensual,millones USD,15331
2007-07-01,deuda_externa_publica,28105.4000,mensual,millones USD,15331
2007-08-01,deuda_externa_publica,27822.5000,mensual,millones USD,15331
2007-09-01,deuda_externa_publica,28138.3000,mensual,millones USD,15331
2007-10-01,deuda_externa_publica,28314.0100,mensual,millones USD,15331
2007-11-01,deuda_externa_publica,28305.4100,mensual,millones USD,15331
2007-12-01,deuda_externa_publica,28818.8200,mensual,millones USD,15331
2008-01-01,deuda_externa_publica,29182.3700,mensual,millones USD,15331
2008-02-01,deuda_externa_publica,29191.1400,mensual,millones USD,15331
2008-03-01,deuda_externa_publica,29352.9200,mensual,millones USD,15331
2008-04-01,deuda_externa_publica,29536.5100,mensual,millones USD,15331
2008-05-01,deuda_externa_publica,29597.0200,mensual,millones USD,15331
2008-06-01,deuda_externa_publica,29269.1600,mensual,millones USD,15331
2008-07-01,deuda_externa_publica,29439.2600,mensual,millones USD,15331
2008-08-01,deuda_externa_publica,29000.1900,mensual,millones USD,15331
2008-09-01,deuda_externa_publica,28630.0900,mensual,millones USD,15331
2008-10-01,deuda_externa_publica,28835.9000,mensual,millones USD,15331
2008-11-01,deuda_externa_publica,28932.8200,mensual,millones USD,15331
2008-12-01,deuda_externa_publica,29514.4500,mensual,millones USD,15331
2009-01-01,deuda_externa_publica,30286.0200,mensual,millones USD,15331
2009-02-01,deuda_externa_publica,30009.4300,mensual,millones USD,15331
2009-03-01,deuda_externa_publica,30558.7100,mensual,millones USD,15331
2009-04-01,deuda_externa_publica,31025.2400,mensual,millones USD,15331
2009-05-01,deuda_externa_publica,31188.9200,mensual,millones USD,15331
2009-06-01,deuda_externa_publica,31129.4700,mensual,millones USD,15331
2009-07-01,deuda_externa_publica,33424.7400,mensual,millones USD,15331
2009-08-01,deuda_externa_publica,34812.7900,mensual,millones USD,15331
2009-09-01,deuda_externa_publica,35245.3300,mensual,millones USD,15331
2009-10-01,deuda_externa_publica,36397.8400,mensual,millones USD,15331
2009-11-01,deuda_externa_publica,37009.8100,mensual,millones USD,15331
2009-12-01,deuda_externa_publica,37189.5300,mensual,millones USD,15331
2010-01-01,deuda_externa_publica,37191.3300,mensual,millones USD,15331
2010-02-01,deuda_externa_publica,36608.4000,mensual,millones USD,15331
2010-03-01,deuda_externa_publica,36552.3100,mensual,millones USD,15331
2010-04-01,deuda_externa_publica,37872.2400,mensual,millones USD,15331
2010-05-01,deuda_externa_publica,37542.7800,mensual,millones USD,15331
2010-06-01,deuda_externa_publica,37792.0100,mensual,millones USD,15331
2010-07-01,deuda_externa_publica,38300.5200,mensual,millones USD,15331
2010-08-01,deuda_externa_publica,38309.6200,mensual,millones USD,15331
2010-09-01,deuda_externa_publica,38638.7800,mensual,millones USD,15331
2010-10-01,deuda_externa_publica,39185.7700,mensual,millones USD,15331
2010-11-01,deuda_externa_publica,39002.5700,mensual,millones USD,15331
2010-12-01,deuda_externa_publica,39599.7800,mensual,millones USD,15331
2011-01-01,deuda_externa_publica,39589.0500,mensual,millones USD,15331
2011-02-01,deuda_externa_publica,39823.1000,mensual,millones USD,15331
2011-03-01,deuda_externa_publica,39832.4200,mensual,millones USD,15331
2011-04-01,deuda_externa_publica,40140.7600,mensual,millones USD,15331
2011-05-01,deuda_externa_publica,39394.7700,mensual,millones USD,15331
2011-06-01,deuda_externa_publica,39679.5000,mensual,millones USD,15331
2011-07-01,deuda_externa_publica,41915.3100,mensual,millones USD,15331
2011-08-01,deuda_externa_publica,41957.8700,mensual,millones USD,15331
2011-09-01,deuda_externa_publica,41464.2500,mensual,millones USD,15331
2011-10-01,deuda_externa_publica,41803.0700,mensual,millones USD,15331
2011-11-01,deuda_externa_publica,41822.9500,mensual,millones USD,15331
2011-12-01,deuda_externa_publica,42487.1300,mensual,millones USD,15331
2012-01-01,deuda_externa_publica,42763.0200,mensual,millones USD,15331
2012-02-01,deuda_externa_publica,43708.2100,mensual,millones USD,15331
2012-03-01,deuda_externa_publica,43934.9300,mensual,millones USD,15331
2012-04-01,deuda_externa_publica,44105.0200,mensual,millones USD,15331
2012-05-01,deuda_externa_publica,43766.0300,mensual,millones USD,15331
2012-06-01,deuda_externa_publica,43812.9400,mensual,millones USD,15331
2012-07-01,deuda_externa_publica,43904.6800,mensual,millones USD,15331
2012-08-01,deuda_externa_publica,44108.0400,mensual,millones USD,15331
2012-09-01,deuda_externa_publica,45006.5200,mensual,millones USD,15331
2012-10-01,deuda_externa_publica,45227.8000,mensual,millones USD,15331
2012-11-01,deuda_externa_publica,45271.2900,mensual,millones USD,15331
2012-12-01,deuda_externa_publica,46115.6100,mensual,millones USD,15331
2013-01-01,deuda_externa_publica,46903.0600,mensual,millones USD,15331
2013-02-01,deuda_externa_publica,46669.3100,mensual,millones USD,15331
2013-03-01,deuda_externa_publica,46552.3800,mensual,millones USD,15331
2013-04-01,deuda_externa_publica,46545.0000,mensual,millones USD,15331
2013-05-01,deuda_externa_publica,46158.4900,mensual,millones USD,15331
2013-06-01,deuda_externa_publica,46261.0600,mensual,millones USD,15331
2013-07-01,deuda_externa_publica,46334.4000,mensual,millones USD,15331
2013-08-01,deuda_externa_publica,46450.1100,mensual,millones USD,15331
2013-09-01,deuda_externa_publica,51273.2700,mensual,millones USD,15331
2013-10-01,deuda_externa_publica,51457.2200,mensual,millones USD,15331
2013-11-01,deuda_externa_publica,51401.2400,mensual,millones USD,15331
2013-12-01,deuda_externa_publica,52216.2400,mensual,millones USD,15331
2014-01-01,deuda_externa_publica,53850.6900,mensual,millones USD,15331
2014-02-01,deuda_externa_publica,53775.0300,mensual,millones USD,15331
2014-03-01,deuda_externa_publica,54126.7700,mensual,millones USD,15331
2014-04-01,deuda_externa_publica,54343.9200,mensual,millones USD,15331
2014-05-01,deuda_externa_publica,56641.3600,mensual,millones USD,15331
2014-06-01,deuda_externa_publica,56759.0200,mensual,millones USD,15331
2014-07-01,deuda_externa_publica,56726.6100,mensual,millones USD,15331
2014-08-01,deuda_externa_publica,57004.5700,mensual,millones USD,15331
2014-09-01,deuda_externa_publica,58379.0900,mensual,millones USD,15331
2014-10-01,deuda_externa_publica,59738.6800,mensual,millones USD,15331
2014-11-01,deuda_externa_publica,59194.3000,mensual,millones USD,15331
2014-12-01,deuda_externa_publica,59766.6400,mensual,millones USD,15331
2015-01-01,deuda_externa_publica,61023.8200,mensual,millones USD,15331
2015-02-01,deuda_externa_publica,62980.3900,mensual,millones USD,15331
2015-03-01,deuda_externa_publica,63458.6700,mensual,millones USD,15331
2015-04-01,deuda_externa_publica,63883.1400,mensual,millones USD,15331
2015-05-01,deuda_externa_publica,63294.3500,mensual,millones USD,15331
2015-06-01,deuda_externa_publica,64680.5800,mensual,millones USD,15331
2015-07-01,deuda_externa_publica,64210.6700,mensual,millones USD,15331
2015-08-01,deuda_externa_publica,63813.7000,mensual,millones USD,15331
2015-09-01,deuda_externa_publica,65119.0500,mensual,millones USD,15331
2015-10-01,deuda_externa_publica,65254.7200,mensual,millones USD,15331
2015-11-01,deuda_externa_publica,64850.4200,mensual,millones USD,15331
2015-12-01,deuda_externa_publica,66158.0200,mensual,millones USD,15331
2016-01-01,deuda_externa_publica,66264.4000,mensual,millones USD,15331
2016-02-01,deuda_externa_publica,66359.6700,mensual,millones USD,15331
2016-03-01,deuda_externa_publica,68272.5700,mensual,millones USD,15331
2016-04-01,deuda_externa_publica,68552.7300,mensual,millones USD,15331
2016-05-01,deuda_externa_publica,69324.4300,mensual,millones USD,15331
2016-06-01,deuda_externa_publica,69986.3500,mensual,millones USD,15331
2016-07-01,deuda_externa_publica,69775.3900,mensual,millones USD,15331
2016-08-01,deuda_externa_publica,69859.7700,mensual,millones USD,15331
2016-09-01,deuda_externa_publica,69780.6600,mensual,millones USD,15331
2016-10-01,deuda_externa_publica,69469.4200,mensual,millones USD,15331
2016-11-01,deuda_externa_publica,69682.9500,mensual,millones USD,15331
2016-12-01,deuda_externa_publica,71077.8900,mensual,millones USD,15331
2017-01-01,deuda_externa_publica,72191.4700,mensual,millones USD,15331
2017-02-01,deuda_externa_publica,72161.9000,mensual,millones USD,15331
2017-03-01,deuda_externa_publica,72171.9800,mensual,millones USD,15331
2017-04-01,deuda_externa_publica,72583.1600,mensual,millones USD,15331
2017-05-01,deuda_externa_publica,72705.3500,mensual,millones USD,15331
2017-06-01,deuda_externa_publica,70581.5100,mensual,millones USD,15331
2017-07-01,deuda_externa_publica,70669.0800,mensual,millones USD,15331
2017-08-01,deuda_externa_publica,72590.4400,mensual,millones USD,15331
2017-09-01,deuda_externa_publica,72331.8800,mensual,millones USD,15331
2017-10-01,deuda_externa_publica,71954.4800,mensual,millones USD,15331
2017-11-01,deuda_externa_publica,72199.4700,mensual,millones USD,15331
2017-12-01,deuda_externa_publica,71869.7200,mensual,millones USD,15331
2018-01-01,deuda_externa_publica,72765.9600,mensual,millones USD,15331
2018-02-01,deuda_externa_publica,72592.9300,mensual,millones USD,15331
2018-03-01,deuda_externa_publica,73372.2000,mensual,millones USD,15331
2018-04-01,deuda_externa_publica,73114.4200,mensual,millones USD,15331
2018-05-01,deuda_externa_publica,72723.1400,mensual,millones USD,15331
2018-06-01,deuda_externa_publica,72436.1800,mensual,millones USD,15331
2018-07-01,deuda_externa_publica,72405.3800,mensual,millones USD,15331
2018-08-01,deuda_externa_publica,72096.1200,mensual,millones USD,15331
2018-09-01,deuda_externa_publica,72530.5600,mensual,millones USD,15331
2018-10-01,deuda_externa_publica,73216.9800,mensual,millones USD,15331
2018-11-01,deuda_externa_publica,74060.1500,mensual,millones USD,15331
2018-12-01,deuda_externa_publica,72999.4100,mensual,millones USD,15331
2019-01-01,deuda_externa_publica,75162.7700,mensual,millones USD,15331
2019-02-01,deuda_externa_publica,75632.6500,mensual,millones USD,15331
2019-03-01,deuda_externa_publica,73696.8700,mensual,millones USD,15331
2019-04-01,deuda_externa_publica,73444.4700,mensual,millones USD,15331
2019-05-01,deuda_externa_publica,73040.2900,mensual,millones USD,15331
2019-06-01,deuda_externa_publica,73211.2000,mensual,millones USD,15331
2019-07-01,deuda_externa_publica,73440.8500,mensual,millones USD,15331
2019-08-01,deuda_externa_publica,72574.3400,mensual,millones USD,15331
2019-09-01,deuda_externa_publica,72873.4400,mensual,millones USD,15331
2019-10-01,deuda_externa_publica,73808.4200,mensual,millones USD,15331
2019-11-01,deuda_externa_publica,72865.3800,mensual,millones USD,15331
2019-12-01,deuda_externa_publica,73835.2900,mensual,millones USD,15331
2020-01-01,deuda_externa_publica,75360.2200,mensual,millones USD,15331
2020-02-01,deuda_externa_publica,74184.9600,mensual,millones USD,15331
2020-03-01,deuda_externa_publica,73923.6400,mensual,millones USD,15331
2020-04-01,deuda_externa_publica,77139.6100,mensual,millones USD,15331
2020-05-01,deuda_externa_publica,78084.4100,mensual,millones USD,15331
2020-06-01,deuda_externa_publica,80551.0900,mensual,millones USD,15331
2020-07-01,deuda_externa_publica,83718.7500,mensual,millones USD,15331
2020-08-01,deuda_externa_publica,84246.8300,mensual,millones USD,15331
2020-09-01,deuda_externa_publica,83353.4700,mensual,millones USD,15331
2020-10-01,deuda_externa_publica,83240.3800,mensual,millones USD,15331
2020-11-01,deuda_externa_publica,83648.4100,mensual,millones USD,15331
2020-12-01,deuda_externa_publica,89958.8800,mensual,millones USD,15331
2021-01-01,deuda_externa_publica,91189.6100,mensual,millones USD,15331
2021-02-01,deuda_externa_publica,91017.3200,mensual,millones USD,15331
2021-03-01,deuda_externa_publica,89673.2300,mensual,millones USD,15331
2021-04-01,deuda_externa_publica,92191.8300,mensual,millones USD,15331
2021-05-01,deuda_externa_publica,92232.0400,mensual,millones USD,15331
2021-06-01,deuda_externa_publica,92229.7300,mensual,millones USD,15331
2021-07-01,deuda_externa_publica,92205.5500,mensual,millones USD,15331
2021-08-01,deuda_externa_publica,98538.5600,mensual,millones USD,15331
2021-09-01,deuda_externa_publica,98562.6100,mensual,millones USD,15331
2021-10-01,deuda_externa_publica,100023.2200,mensual,millones USD,15331
2021-11-01,deuda_externa_publica,100578.3900,mensual,millones USD,15331
2021-12-01,deuda_externa_publica,102394.5900,mensual,millones USD,15331
2022-01-01,deuda_externa_publica,101484.3300,mensual,millones USD,15331
2022-02-01,deuda_externa_publica,101657.7200,mensual,millones USD,15331
2022-03-01,deuda_externa_publica,101556.9400,mensual,millones USD,15331
2022-04-01,deuda_externa_publica,100581.4400,mensual,millones USD,15331
2022-05-01,deuda_externa_publica,101417.6500,mensual,millones USD,15331
2022-06-01,deuda_externa_publica,100927.3900,mensual,millones USD,15331
2022-07-01,deuda_externa_publica,100825.5300,mensual,millones USD,15331
2022-08-01,deuda_externa_publica,100872.4200,mensual,millones USD,15331
2022-09-01,deuda_externa_publica,100722.6700,mensual,millones USD,15331
2022-10-01,deuda_externa_publica,100370.4900,mensual,millones USD,15331
2022-11-01,deuda_externa_publica,101680.5900,mensual,millones USD,15331
2022-12-01,deuda_externa_publica,104642.7000,mensual,millones USD,15331
2023-01-01,deuda_externa_publica,106499.0000,mensual,millones USD,15331
2023-02-01,deuda_externa_publica,106981.9000,mensual,millones USD,15331
2023-03-01,deuda_externa_publica,106467.4500,mensual,millones USD,15331
2023-04-01,deuda_externa_publica,106386.6000,mensual,millones USD,15331
2023-05-01,deuda_externa_publica,106104.8100,mensual,millones USD,15331
2023-06-01,deuda_externa_publica,106477.6600,mensual,millones USD,15331
2023-07-01,deuda_externa_publica,108397.9100,mensual,millones USD,15331
2023-08-01,deuda_externa_publica,107364.9200,mensual,millones USD,15331
2023-09-01,deuda_externa_publica,108167.6100,mensual,millones USD,15331
2023-10-01,deuda_externa_publica,107316.2900,mensual,millones USD,15331
2023-11-01,deuda_externa_publica,110915.7100,mensual,millones USD,15331
2023-12-01,deuda_externa_publica,112970.1600,mensual,millones USD,15331
2024-01-01,deuda_externa_publica,114137.3200,mensual,millones USD,15331
2024-02-01,deuda_externa_publica,113292.5400,mensual,millones USD,15331
2024-03-01,deuda_externa_publica,113337.8000,mensual,millones USD,15331
2024-04-01,deuda_externa_publica,114371.1500,mensual,millones USD,15331
2024-05-01,deuda_externa_publica,113416.8500,mensual,millones USD,15331
2024-06-01,deuda_externa_publica,112144.7100,mensual,millones USD,15331
2024-07-01,deuda_externa_publica,113191.7900,mensual,millones USD,15331
2024-08-01,deuda_externa_publica,112358.8600,mensual,millones USD,15331
2024-09-01,deuda_externa_publica,112208.0900,mensual,millones USD,15331
2024-10-01,deuda_externa_publica,111513.2400,mensual,millones USD,15331
2024-11-01,deuda_externa_publica,113746.5600,mensual,millones USD,15331
2024-12-01,deuda_externa_publica,113194.6900,mensual,millones USD,15331
2025-01-01,deuda_externa_publica,113602.0000,mensual,millones USD,15331
2025-02-01,deuda_externa_publica,112995.5100,mensual,millones USD,15331
2025-03-01,deuda_externa_publica,112988.8400,mensual,millones USD,15331
2025-04-01,deuda_externa_publica,116911.4700,mensual,millones USD,15331
2025-05-01,deuda_externa_publica,116774.5700,mensual,millones USD,15331
2025-06-01,deuda_externa_publica,116701.9600,mensual,millones USD,15331
2025-07-01,deuda_externa_publica,116206.4800,mensual,millones USD,15331
2025-08-01,deuda_externa_publica,113061.9100,mensual,millones USD,15331
2025-09-01,deuda_externa_publica,118134.7400,mensual,millones USD,15331
1995-01-01,deuda_gnc_pib,11.9900,anual,% PIB,15328
1996-01-01,deuda_gnc_pib,12.3900,anual,% PIB,15328
1997-01-01,deuda_gnc_pib,15.5800,anual,% PIB,15328
1998-01-01,deuda_gnc_pib,19.5500,anual,% PIB,15328
1999-01-01,deuda_gnc_pib,24.9800,anual,% PIB,15328
2000-01-01,deuda_gnc_pib,35.9900,anual,% PIB,15328
2001-01-01,deuda_gnc_pib,41.5200,anual,% PIB,15328
2002-01-01,deuda_gnc_pib,47.4700,anual,% PIB,15328
2003-01-01,deuda_gnc_pib,46.8500,anual,% PIB,15328
2004-01-01,deuda_gnc_pib,42.9400,anual,% PIB,15328
2005-01-01,deuda_gnc_pib,42.1500,anual,% PIB,15328
2006-01-01,deuda_gnc_pib,39.2600,anual,% PIB,15328
2007-01-01,deuda_gnc_pib,35.8800,anual,% PIB,15328
2008-01-01,deuda_gnc_pib,35.5100,anual,% PIB,15328
2009-01-01,deuda_gnc_pib,36.9900,anual,% PIB,15328
2010-01-01,deuda_gnc_pib,37.4600,anual,% PIB,15328
2011-01-01,deuda_gnc_pib,34.8200,anual,% PIB,15328
2012-01-01,deuda_gnc_pib,32.7100,anual,% PIB,15328
2013-01-01,deuda_gnc_pib,35.2600,anual,% PIB,15328
2014-01-01,deuda_gnc_pib,38.1500,anual,% PIB,15328
2015-01-01,deuda_gnc_pib,42.9300,anual,% PIB,15328
2016-01-01,deuda_gnc_pib,43.8400,anual,% PIB,15328
2017-01-01,deuda_gnc_pib,44.8900,anual,% PIB,15328
2018-01-01,deuda_gnc_pib,48.1500,anual,% PIB,15328
2019-01-01,deuda_gnc_pib,47.3100,anual,% PIB,15328
2020-01-01,deuda_gnc_pib,60.7200,anual,% PIB,15328
2021-01-01,deuda_gnc_pib,60.1300,anual,% PIB,15328
2022-01-01,deuda_gnc_pib,58.2900,anual,% PIB,15328
2023-01-01,deuda_gnc_pib,54.2000,anual,% PIB,15328
2024-01-01,deuda_gnc_pib,57.8800,anual,% PIB,15328
2025-01-01,deuda_gnc_pib,62.9100,anual,% PIB,15328
2000-01-01,errores,213.6500,trimestral,millones USD,16544
2000-04-01,errores,96.1800,trimestral,millones USD,16544
2000-07-01,errores,-3.5700,trimestral,millones USD,16544
2000-10-01,errores,-302.0100,trimestral,millones USD,16544
2001-01-01,errores,47.3100,trimestral,millones USD,16544
2001-04-01,errores,-118.3400,trimestral,millones USD,16544
2001-07-01,errores,-175.0400,trimestral,millones USD,16544
2001-10-01,errores,57.6800,trimestral,millones USD,16544
2002-01-01,errores,142.7300,trimestral,millones USD,16544
2002-04-01,errores,87.5400,trimestral,millones USD,16544
2002-07-01,errores,-81.0600,trimestral,millones USD,16544
2002-10-01,errores,-25.6800,trimestral,millones USD,16544
2003-01-01,errores,-84.6200,trimestral,millones USD,16544
2003-04-01,errores,-11.2300,trimestral,millones USD,16544
2003-07-01,errores,-18.9300,trimestral,millones USD,16544
2003-10-01,errores,186.2100,trimestral,millones USD,16544
2004-01-01,errores,145.5700,trimestral,millones USD,16544
2004-04-01,errores,208.5500,trimestral,millones USD,16544
2004-07-01,errores,-41.7900,trimestral,millones USD,16544
2004-10-01,errores,-252.9100,trimestral,millones USD,16544
2005-01-01,errores,216.3800,trimestral,millones USD,16544
2005-04-01,errores,86.3500,trimestral,millones USD,16544
2005-07-01,errores,183.3800,trimestral,millones USD,16544
2005-10-01,errores,-45.6000,trimestral,millones USD,16544
2006-01-01,errores,25.5800,trimestral,millones USD,16544
2006-04-01,errores,92.7500,trimestral,millones USD,16544
2006-07-01,errores,246.2400,trimestral,millones USD,16544
2006-10-01,errores,-237.1500,trimestral,millones USD,16544
2007-01-01,errores,272.2700,trimestral,millones USD,16544
2007-04-01,errores,142.9400,trimestral,millones USD,16544
2007-07-01,errores,-92.4100,trimestral,millones USD,16544
2007-10-01,errores,172.2500,trimestral,millones USD,16544
2008-01-01,errores,-243.6600,trimestral,millones USD,16544
2008-04-01,errores,-112.1700,trimestral,millones USD,16544
2008-07-01,errores,135.3700,trimestral,millones USD,16544
2008-10-01,errores,-204.0100,trimestral,millones USD,16544
2009-01-01,errores,181.8900,trimestral,millones USD,16544
2009-04-01,errores,-416.0500,trimestral,millones USD,16544
2009-07-01,errores,-249.1100,trimestral,millones USD,16544
2009-10-01,errores,-61.7300,trimestral,millones USD,16544
2010-01-01,errores,241.5000,trimestral,millones USD,16544
2010-04-01,errores,-19.9200,trimestral,millones USD,16544
2010-07-01,errores,-377.4000,trimestral,millones USD,16544
2010-10-01,errores,-592.9700,trimestral,millones USD,16544
2011-01-01,errores,591.8300,trimestral,millones USD,16544
2011-04-01,errores,150.4800,trimestral,millones USD,16544
2011-07-01,errores,478.8200,trimestral,millones USD,16544
2011-10-01,errores,-193.9400,trimestral,millones USD,16544
2012-01-01,errores,288.9400,trimestral,millones USD,16544
2012-04-01,errores,42.2100,trimestral,millones USD,16544
2012-07-01,errores,75.6700,trimestral,millones USD,16544
2012-10-01,errores,-319.7100,trimestral,millones USD,16544
2013-01-01,errores,344.5100,trimestral,millones USD,16544
2013-04-01,errores,313.0600,trimestral,millones USD,16544
2013-07-01,errores,166.6300,trimestral,millones USD,16544
2013-10-01,errores,-198.6800,trimestral,millones USD,16544
2014-01-01,errores,-33.4400,trimestral,millones USD,16544
2014-04-01,errores,245.0800,trimestral,millones USD,16544
2014-07-01,errores,37.3400,trimestral,millones USD,16544
2014-10-01,errores,277.5100,trimestral,millones USD,16544
2015-01-01,errores,160.0000,trimestral,millones USD,16544
2015-04-01,errores,86.4800,trimestral,millones USD,16544
2015-07-01,errores,175.3500,trimestral,millones USD,16544
2015-10-01,errores,220.6700,trimestral,millones USD,16544
2016-01-01,errores,-95.1100,trimestral,millones USD,16544
2016-04-01,errores,-449.2200,trimestral,millones USD,16544
2016-07-01,errores,75.7200,trimestral,millones USD,16544
2016-10-01,errores,715.7900,trimestral,millones USD,16544
2017-01-01,errores,503.1000,trimestral,millones USD,16544
2017-04-01,errores,-199.0500,trimestral,millones USD,16544
2017-07-01,errores,181.2700,trimestral,millones USD,16544
2017-10-01,errores,-185.8700,trimestral,millones USD,16544
2018-01-01,errores,146.2100,trimestral,millones USD,16544
2018-04-01,errores,752.4300,trimestral,millones USD,16544
2018-07-01,errores,-81.1000,trimestral,millones USD,16544
2018-10-01,errores,269.5700,trimestral,millones USD,16544
2019-01-01,errores,300.6100,trimestral,millones USD,16544
2019-04-01,errores,-114.1800,trimestral,millones USD,16544
2019-07-01,errores,562.9900,trimestral,millones USD,16544
2019-10-01,errores,760.9200,trimestral,millones USD,16544
2020-01-01,errores,559.9400,trimestral,millones USD,16544
2020-04-01,errores,24.5600,trimestral,millones USD,16544
2020-07-01,errores,155.5000,trimestral,millones USD,16544
2020-10-01,errores,413.3500,trimestral,millones USD,16544
2021-01-01,errores,316.0800,trimestral,millones USD,16544
2021-04-01,errores,286.6700,trimestral,millones USD,16544
2021-07-01,errores,331.0300,trimestral,millones USD,16544
2021-10-01,errores,322.5000,trimestral,millones USD,16544
2022-01-01,errores,360.4000,trimestral,millones USD,16544
2022-04-01,errores,-201.2500,trimestral,millones USD,16544
2022-07-01,errores,370.8200,trimestral,millones USD,16544
2022-10-01,errores,-118.0100,trimestral,millones USD,16544
2023-01-01,errores,217.8100,trimestral,millones USD,16544
2023-04-01,errores,-613.3900,trimestral,millones USD,16544
2023-07-01,errores,169.1800,trimestral,millones USD,16544
2023-10-01,errores,696.0600,trimestral,millones USD,16544
2024-01-01,errores,98.7900,trimestral,millones USD,16544
2024-04-01,errores,338.0400,trimestral,millones USD,16544
2024-07-01,errores,609.4800,trimestral,millones USD,16544
2024-10-01,errores,428.6100,trimestral,millones USD,16544
2025-01-01,errores,322.9200,trimestral,millones USD,16544
2025-04-01,errores,585.2000,trimestral,millones USD,16544
2025-07-01,errores,568.0400,trimestral,millones USD,16544
2025-10-01,errores,706.2400,trimestral,millones USD,16544
2026-01-01,errores,732.3700,trimestral,millones USD,16544
2026-04-01,errores,982.9400,trimestral,millones USD,16544
2000-01-01,exportaciones_bienes,3267.3500,trimestral,millones USD,15707
2000-04-01,exportaciones_bienes,3344.9800,trimestral,millones USD,15707
2000-07-01,exportaciones_bienes,3587.6400,trimestral,millones USD,15707
2000-10-01,exportaciones_bienes,3544.7200,trimestral,millones USD,15707
2001-01-01,exportaciones_bienes,3113.0400,trimestral,millones USD,15707
2001-04-01,exportaciones_bienes,3264.2700,trimestral,millones USD,15707
2001-07-01,exportaciones_bienes,3401.0700,trimestral,millones USD,15707
2001-10-01,exportaciones_bienes,3082.0500,trimestral,millones USD,15707
2002-01-01,exportaciones_bienes,2842.7700,trimestral,millones USD,15707
2002-04-01,exportaciones_bienes,3238.6600,trimestral,millones USD,15707
2002-07-01,exportaciones_bienes,3111.0200,trimestral,millones USD,15707
2002-10-01,exportaciones_bienes,3174.5900,trimestral,millones USD,15707
2003-01-01,exportaciones_bienes,3062.6200,trimestral,millones USD,15707
2003-04-01,exportaciones_bienes,3400.1100,trimestral,millones USD,15707
2003-07-01,exportaciones_bienes,3831.5400,trimestral,millones USD,15707
2003-10-01,exportaciones_bienes,3503.9700,trimestral,millones USD,15707
2004-01-01,exportaciones_bienes,3525.1600,trimestral,millones USD,15707
2004-04-01,exportaciones_bienes,4142.1800,trimestral,millones USD,15707
2004-07-01,exportaciones_bienes,4662.9000,trimestral,millones USD,15707
2004-10-01,exportaciones_bienes,4864.6700,trimestral,millones USD,15707
2005-01-01,exportaciones_bienes,4753.9400,trimestral,millones USD,15707
2005-04-01,exportaciones_bienes,5700.4200,trimestral,millones USD,15707
2005-07-01,exportaciones_bienes,5566.8900,trimestral,millones USD,15707
2005-10-01,exportaciones_bienes,5687.4100,trimestral,millones USD,15707
2006-01-01,exportaciones_bienes,5581.5400,trimestral,millones USD,15707
2006-04-01,exportaciones_bienes,6249.0300,trimestral,millones USD,15707
2006-07-01,exportaciones_bienes,6560.1100,trimestral,millones USD,15707
2006-10-01,exportaciones_bienes,6775.5700,trimestral,millones USD,15707
2007-01-01,exportaciones_bienes,6253.2100,trimestral,millones USD,15707
2007-04-01,exportaciones_bienes,7424.0200,trimestral,millones USD,15707
2007-07-01,exportaciones_bienes,7838.3800,trimestral,millones USD,15707
2007-10-01,exportaciones_bienes,9040.1600,trimestral,millones USD,15707
2008-01-01,exportaciones_bienes,8816.2700,trimestral,millones USD,15707
2008-04-01,exportaciones_bienes,10635.8000,trimestral,millones USD,15707
2008-07-01,exportaciones_bienes,10411.9700,trimestral,millones USD,15707
2008-10-01,exportaciones_bienes,8611.9800,trimestral,millones USD,15707
2009-01-01,exportaciones_bienes,7897.6600,trimestral,millones USD,15707
2009-04-01,exportaciones_bienes,8108.5600,trimestral,millones USD,15707
2009-07-01,exportaciones_bienes,8633.8800,trimestral,millones USD,15707
2009-10-01,exportaciones_bienes,9337.2500,trimestral,millones USD,15707
2010-01-01,exportaciones_bienes,9443.3500,trimestral,millones USD,15707
2010-04-01,exportaciones_bienes,10229.3700,trimestral,millones USD,15707
2010-07-01,exportaciones_bienes,10051.7400,trimestral,millones USD,15707
2010-10-01,exportaciones_bienes,11037.4600,trimestral,millones USD,15707
2011-01-01,exportaciones_bienes,12822.5600,trimestral,millones USD,15707
2011-04-01,exportaciones_bienes,15009.2900,trimestral,millones USD,15707
2011-07-01,exportaciones_bienes,14794.5900,trimestral,millones USD,15707
2011-10-01,exportaciones_bienes,15635.7500,trimestral,millones USD,15707
2012-01-01,exportaciones_bienes,15730.8600,trimestral,millones USD,15707
2012-04-01,exportaciones_bienes,15331.6800,trimestral,millones USD,15707
2012-07-01,exportaciones_bienes,14910.2100,trimestral,millones USD,15707
2012-10-01,exportaciones_bienes,15631.1100,trimestral,millones USD,15707
2013-01-01,exportaciones_bienes,14444.9100,trimestral,millones USD,15707
2013-04-01,exportaciones_bienes,15549.4600,trimestral,millones USD,15707
2013-07-01,exportaciones_bienes,14849.5900,trimestral,millones USD,15707
2013-10-01,exportaciones_bienes,15438.3400,trimestral,millones USD,15707
2014-01-01,exportaciones_bienes,13941.7900,trimestral,millones USD,15707
2014-04-01,exportaciones_bienes,14933.5700,trimestral,millones USD,15707
2014-07-01,exportaciones_bienes,15463.0200,trimestral,millones USD,15707
2014-10-01,exportaciones_bienes,12560.3700,trimestral,millones USD,15707
2015-01-01,exportaciones_bienes,10053.2200,trimestral,millones USD,15707
2015-04-01,exportaciones_bienes,10372.0400,trimestral,millones USD,15707
2015-07-01,exportaciones_bienes,9513.2200,trimestral,millones USD,15707
2015-10-01,exportaciones_bienes,8633.6300,trimestral,millones USD,15707
2016-01-01,exportaciones_bienes,7192.4500,trimestral,millones USD,15707
2016-04-01,exportaciones_bienes,8776.9600,trimestral,millones USD,15707
2016-07-01,exportaciones_bienes,8765.7000,trimestral,millones USD,15707
2016-10-01,exportaciones_bienes,9328.1200,trimestral,millones USD,15707
2017-01-01,exportaciones_bienes,9187.2200,trimestral,millones USD,15707
2017-04-01,exportaciones_bienes,9472.8300,trimestral,millones USD,15707
2017-07-01,exportaciones_bienes,10177.6400,trimestral,millones USD,15707
2017-10-01,exportaciones_bienes,10947.9300,trimestral,millones USD,15707
2018-01-01,exportaciones_bienes,9968.0700,trimestral,millones USD,15707
2018-04-01,exportaciones_bienes,11149.5300,trimestral,millones USD,15707
2018-07-01,exportaciones_bienes,11061.4700,trimestral,millones USD,15707
2018-10-01,exportaciones_bienes,10813.9800,trimestral,millones USD,15707
2019-01-01,exportaciones_bienes,9933.3500,trimestral,millones USD,15707
2019-04-01,exportaciones_bienes,11017.8600,trimestral,millones USD,15707
2019-07-01,exportaciones_bienes,9897.1900,trimestral,millones USD,15707
2019-10-01,exportaciones_bienes,9807.2000,trimestral,millones USD,15707
2020-01-01,exportaciones_bienes,9065.8700,trimestral,millones USD,15707
2020-04-01,exportaciones_bienes,6849.7800,trimestral,millones USD,15707
2020-07-01,exportaciones_bienes,7912.9300,trimestral,millones USD,15707
2020-10-01,exportaciones_bienes,8480.3900,trimestral,millones USD,15707
2021-01-01,exportaciones_bienes,9278.5700,trimestral,millones USD,15707
2021-04-01,exportaciones_bienes,9542.7400,trimestral,millones USD,15707
2021-07-01,exportaciones_bienes,11075.9000,trimestral,millones USD,15707
2021-10-01,exportaciones_bienes,12838.3600,trimestral,millones USD,15707
2022-01-01,exportaciones_bienes,13584.9900,trimestral,millones USD,15707
2022-04-01,exportaciones_bienes,16337.9300,trimestral,millones USD,15707
2022-07-01,exportaciones_bienes,15661.4600,trimestral,millones USD,15707
2022-10-01,exportaciones_bienes,13889.0700,trimestral,millones USD,15707
2023-01-01,exportaciones_bienes,13490.2300,trimestral,millones USD,15707
2023-04-01,exportaciones_bienes,12824.5800,trimestral,millones USD,15707
2023-07-01,exportaciones_bienes,13191.6300,trimestral,millones USD,15707
2023-10-01,exportaciones_bienes,13135.5000,trimestral,millones USD,15707
2024-01-01,exportaciones_bienes,11763.5600,trimestral,millones USD,15707
2024-04-01,exportaciones_bienes,13152.6000,trimestral,millones USD,15707
2024-07-01,exportaciones_bienes,13008.5400,trimestral,millones USD,15707
2024-10-01,exportaciones_bienes,13165.9900,trimestral,millones USD,15707
2025-01-01,exportaciones_bienes,12236.2000,trimestral,millones USD,15707
2025-04-01,exportaciones_bienes,12722.0300,trimestral,millones USD,15707
2025-07-01,exportaciones_bienes,13339.4200,trimestral,millones USD,15707
2025-10-01,exportaciones_bienes,13191.1600,trimestral,millones USD,15707
2026-01-01,exportaciones_bienes,13982.0400,trimestral,millones USD,15707
2026-04-01,exportaciones_bienes,14362.2800,trimestral,millones USD,15707
2004-01-01,gnc_balance,-921.6700,mensual,miles de millones COP,16725
2004-02-01,gnc_balance,-1120.8700,mensual,miles de millones COP,16725
2004-03-01,gnc_balance,-761.6700,mensual,miles de millones COP,16725
2004-04-01,gnc_balance,146.2800,mensual,miles de millones COP,16725
2004-05-01,gnc_balance,-298.7100,mensual,miles de millones COP,16725
2004-06-01,gnc_balance,-364.2900,mensual,miles de millones COP,16725
2004-07-01,gnc_balance,-1611.3300,mensual,miles de millones COP,16725
2004-08-01,gnc_balance,-379.7400,mensual,miles de millones COP,16725
2004-09-01,gnc_balance,203.8700,mensual,miles de millones COP,16725
2004-10-01,gnc_balance,-81.0800,mensual,miles de millones COP,16725
2004-11-01,gnc_balance,-1702.0400,mensual,miles de millones COP,16725
2004-12-01,gnc_balance,-4105.3800,mensual,miles de millones COP,16725
2005-01-01,gnc_balance,-849.3200,mensual,miles de millones COP,16725
2005-02-01,gnc_balance,-1294.6000,mensual,miles de millones COP,16725
2005-03-01,gnc_balance,-884.8400,mensual,miles de millones COP,16725
2005-04-01,gnc_balance,-934.7200,mensual,miles de millones COP,16725
2005-05-01,gnc_balance,88.4700,mensual,miles de millones COP,16725
2005-06-01,gnc_balance,-153.6000,mensual,miles de millones COP,16725
2005-07-01,gnc_balance,-1930.6400,mensual,miles de millones COP,16725
2005-08-01,gnc_balance,284.4900,mensual,miles de millones COP,16725
2005-09-01,gnc_balance,-903.5400,mensual,miles de millones COP,16725
2005-10-01,gnc_balance,-614.9000,mensual,miles de millones COP,16725
2005-11-01,gnc_balance,-2130.3800,mensual,miles de millones COP,16725
2005-12-01,gnc_balance,-4102.2000,mensual,miles de millones COP,16725
2006-01-01,gnc_balance,399.4300,mensual,miles de millones COP,16725
2006-02-01,gnc_balance,-1728.1300,mensual,miles de millones COP,16725
2006-03-01,gnc_balance,-1149.1000,mensual,miles de millones COP,16725
2006-04-01,gnc_balance,-2754.8700,mensual,miles de millones COP,16725
2006-05-01,gnc_balance,2649.4400,mensual,miles de millones COP,16725
2006-06-01,gnc_balance,-607.7100,mensual,miles de millones COP,16725
2006-07-01,gnc_balance,-588.5400,mensual,miles de millones COP,16725
2006-08-01,gnc_balance,621.9000,mensual,miles de millones COP,16725
2006-09-01,gnc_balance,-808.6100,mensual,miles de millones COP,16725
2006-10-01,gnc_balance,-1184.4300,mensual,miles de millones COP,16725
2006-11-01,gnc_balance,-2289.0300,mensual,miles de millones COP,16725
2006-12-01,gnc_balance,-3857.1400,mensual,miles de millones COP,16725
2007-01-01,gnc_balance,1394.1300,mensual,miles de millones COP,16725
2007-02-01,gnc_balance,-2229.5300,mensual,miles de millones COP,16725
2007-03-01,gnc_balance,-1083.4700,mensual,miles de millones COP,16725
2007-04-01,gnc_balance,-1863.9400,mensual,miles de millones COP,16725
2007-05-01,gnc_balance,4971.3900,mensual,miles de millones COP,16725
2007-06-01,gnc_balance,-904.5500,mensual,miles de millones COP,16725
2007-07-01,gnc_balance,-2338.1500,mensual,miles de millones COP,16725
2007-08-01,gnc_balance,801.0200,mensual,miles de millones COP,16725
2007-09-01,gnc_balance,-1408.6600,mensual,miles de millones COP,16725
2007-10-01,gnc_balance,-1606.0300,mensual,miles de millones COP,16725
2007-11-01,gnc_balance,-2673.1400,mensual,miles de millones COP,16725
2007-12-01,gnc_balance,-5135.7300,mensual,miles de millones COP,16725
2008-01-01,gnc_balance,5315.5000,mensual,miles de millones COP,16725
2008-02-01,gnc_balance,-4088.3000,mensual,miles de millones COP,16725
2008-03-01,gnc_balance,-1113.3000,mensual,miles de millones COP,16725
2008-04-01,gnc_balance,1630.0800,mensual,miles de millones COP,16725
2008-05-01,gnc_balance,-43.0800,mensual,miles de millones COP,16725
2008-06-01,gnc_balance,-1013.9100,mensual,miles de millones COP,16725
2008-07-01,gnc_balance,-974.9400,mensual,miles de millones COP,16725
2008-08-01,gnc_balance,-1226.5000,mensual,miles de millones COP,16725
2008-09-01,gnc_balance,-111.7300,mensual,miles de millones COP,16725
2008-10-01,gnc_balance,-1375.6900,mensual,miles de millones COP,16725
2008-11-01,gnc_balance,-2166.1200,mensual,miles de millones COP,16725
2008-12-01,gnc_balance,-3495.0600,mensual,miles de millones COP,16725
2009-01-01,gnc_balance,2080.3600,mensual,miles de millones COP,16725
2009-02-01,gnc_balance,-4971.5000,mensual,miles de millones COP,16725
2009-03-01,gnc_balance,-1271.9800,mensual,miles de millones COP,16725
2009-04-01,gnc_balance,3052.0900,mensual,miles de millones COP,16725
2009-05-01,gnc_balance,-1796.8000,mensual,miles de millones COP,16725
2009-06-01,gnc_balance,-2030.9000,mensual,miles de millones COP,16725
2009-07-01,gnc_balance,-2835.2500,mensual,miles de millones COP,16725
2009-08-01,gnc_balance,271.1100,mensual,miles de millones COP,16725
2009-09-01,gnc_balance,-1039.4700,mensual,miles de millones COP,16725
2009-10-01,gnc_balance,-3639.6800,mensual,miles de millones COP,16725
2009-11-01,gnc_balance,-3770.9600,mensual,miles de millones COP,16725
2009-12-01,gnc_balance,-2749.5400,mensual,miles de millones COP,16725
2010-01-01,gnc_balance,1305.4800,mensual,miles de millones COP,16725
2010-02-01,gnc_balance,-2120.3700,mensual,miles de millones COP,16725
2010-03-01,gnc_balance,-1197.0200,mensual,miles de millones COP,16725
2010-04-01,gnc_balance,398.9900,mensual,miles de millones COP,16725
2010-05-01,gnc_balance,-1555.8700,mensual,miles de millones COP,16725
2010-06-01,gnc_balance,-3397.2300,mensual,miles de millones COP,16725
2010-07-01,gnc_balance,-1902.4700,mensual,miles de millones COP,16725
2010-08-01,gnc_balance,-187.8100,mensual,miles de millones COP,16725
2010-09-01,gnc_balance,230.3300,mensual,miles de millones COP,16725
2010-10-01,gnc_balance,-2884.4300,mensual,miles de millones COP,16725
2010-11-01,gnc_balance,-2868.8800,mensual,miles de millones COP,16725
2010-12-01,gnc_balance,-4588.7500,mensual,miles de millones COP,16725
2011-01-01,gnc_balance,3752.0600,mensual,miles de millones COP,16725
2011-02-01,gnc_balance,-1990.9900,mensual,miles de millones COP,16725
2011-03-01,gnc_balance,-705.1000,mensual,miles de millones COP,16725
2011-04-01,gnc_balance,4195.3900,mensual,miles de millones COP,16725
2011-05-01,gnc_balance,-710.9200,mensual,miles de millones COP,16725
2011-06-01,gnc_balance,-318.2000,mensual,miles de millones COP,16725
2011-07-01,gnc_balance,-956.5000,mensual,miles de millones COP,16725
2011-08-01,gnc_balance,-2835.8700,mensual,miles de millones COP,16725
2011-09-01,gnc_balance,1716.8500,mensual,miles de millones COP,16725
2011-10-01,gnc_balance,-2802.6000,mensual,miles de millones COP,16725
2011-11-01,gnc_balance,-3143.0800,mensual,miles de millones COP,16725
2011-12-01,gnc_balance,-8521.4900,mensual,miles de millones COP,16725
2012-01-01,gnc_balance,1595.5700,mensual,miles de millones COP,16725
2012-02-01,gnc_balance,-2105.5300,mensual,miles de millones COP,16725
2012-03-01,gnc_balance,-1684.0800,mensual,miles de millones COP,16725
2012-04-01,gnc_balance,9215.2500,mensual,miles de millones COP,16725
2012-05-01,gnc_balance,581.9700,mensual,miles de millones COP,16725
2012-06-01,gnc_balance,2866.2900,mensual,miles de millones COP,16725
2012-07-01,gnc_balance,-607.6600,mensual,miles de millones COP,16725
2012-08-01,gnc_balance,-3521.9100,mensual,miles de millones COP,16725
2012-09-01,gnc_balance,669.0300,mensual,miles de millones COP,16725
2012-10-01,gnc_balance,-6010.2300,mensual,miles de millones COP,16725
2012-11-01,gnc_balance,-2904.8900,mensual,miles de millones COP,16725
2012-12-01,gnc_balance,-10388.6600,mensual,miles de millones COP,16725
2013-01-01,gnc_balance,5963.7800,mensual,miles de millones COP,16725
2013-02-01,gnc_balance,-2886.0200,mensual,miles de millones COP,16725
2013-03-01,gnc_balance,-2194.9700,mensual,miles de millones COP,16725
2013-04-01,gnc_balance,3135.8800,mensual,miles de millones COP,16725
2013-05-01,gnc_balance,-197.0600,mensual,miles de millones COP,16725
2013-06-01,gnc_balance,2209.9500,mensual,miles de millones COP,16725
2013-07-01,gnc_balance,-3494.1700,mensual,miles de millones COP,16725
2013-08-01,gnc_balance,-3643.7300,mensual,miles de millones COP,16725
2013-09-01,gnc_balance,1877.4800,mensual,miles de millones COP,16725
2013-10-01,gnc_balance,-6953.9900,mensual,miles de millones COP,16725
2013-11-01,gnc_balance,-1942.9300,mensual,miles de millones COP,16725
2013-12-01,gnc_balance,-7095.2500,mensual,miles de millones COP,16725
2014-01-01,gnc_balance,3788.4700,mensual,miles de millones COP,16725
2014-02-01,gnc_balance,-3660.4500,mensual,miles de millones COP,16725
2014-03-01,gnc_balance,-2822.1700,mensual,miles de millones COP,16725
2014-04-01,gnc_balance,1369.2100,mensual,miles de millones COP,16725
2014-05-01,gnc_balance,254.6900,mensual,miles de millones COP,16725
2014-06-01,gnc_balance,-3422.9800,mensual,miles de millones COP,16725
2014-07-01,gnc_balance,-2721.1500,mensual,miles de millones COP,16725
2014-08-01,gnc_balance,-3684.2100,mensual,miles de millones COP,16725
2014-09-01,gnc_balance,2723.3700,mensual,miles de millones COP,16725
2014-10-01,gnc_balance,-4479.1400,mensual,miles de millones COP,16725
2014-11-01,gnc_balance,-2033.0700,mensual,miles de millones COP,16725
2014-12-01,gnc_balance,-4541.5000,mensual,miles de millones COP,16725
2015-01-01,gnc_balance,3126.0100,mensual,miles de millones COP,16725
2015-02-01,gnc_balance,-5000.8200,mensual,miles de millones COP,16725
2015-03-01,gnc_balance,-3357.9000,mensual,miles de millones COP,16725
2015-04-01,gnc_balance,2346.4400,mensual,miles de millones COP,16725
2015-05-01,gnc_balance,2020.2200,mensual,miles de millones COP,16725
2015-06-01,gnc_balance,-2391.6700,mensual,miles de millones COP,16725
2015-07-01,gnc_balance,-3068.7800,mensual,miles de millones COP,16725
2015-08-01,gnc_balance,-4515.4000,mensual,miles de millones COP,16725
2015-09-01,gnc_balance,1344.1900,mensual,miles de millones COP,16725
2015-10-01,gnc_balance,-3500.5100,mensual,miles de millones COP,16725
2015-11-01,gnc_balance,-2482.4200,mensual,miles de millones COP,16725
2015-12-01,gnc_balance,-7982.3700,mensual,miles de millones COP,16725
2016-01-01,gnc_balance,2930.2100,mensual,miles de millones COP,16725
2016-02-01,gnc_balance,-7355.2500,mensual,miles de millones COP,16725
2016-03-01,gnc_balance,-1811.3000,mensual,miles de millones COP,16725
2016-04-01,gnc_balance,25.1100,mensual,miles de millones COP,16725
2016-05-01,gnc_balance,888.2100,mensual,miles de millones COP,16725
2016-06-01,gnc_balance,-1311.8700,mensual,miles de millones COP,16725
2016-07-01,gnc_balance,-6503.9200,mensual,miles de millones COP,16725
2016-08-01,gnc_balance,-5763.2200,mensual,miles de millones COP,16725
2016-09-01,gnc_balance,142.7800,mensual,miles de millones COP,16725
2016-10-01,gnc_balance,-4630.0000,mensual,miles de millones COP,16725
2016-11-01,gnc_balance,-4742.8400,mensual,miles de millones COP,16725
2016-12-01,gnc_balance,-4902.2600,mensual,miles de millones COP,16725
2017-01-01,gnc_balance,-1652.8100,mensual,miles de millones COP,16725
2017-02-01,gnc_balance,-5961.4300,mensual,miles de millones COP,16725
2017-03-01,gnc_balance,-2802.0200,mensual,miles de millones COP,16725
2017-04-01,gnc_balance,1604.8000,mensual,miles de millones COP,16725
2017-05-01,gnc_balance,1075.0000,mensual,miles de millones COP,16725
2017-06-01,gnc_balance,-2999.3000,mensual,miles de millones COP,16725
2017-07-01,gnc_balance,-5654.7400,mensual,miles de millones COP,16725
2017-08-01,gnc_balance,-1569.0000,mensual,miles de millones COP,16725
2017-09-01,gnc_balance,3429.5600,mensual,miles de millones COP,16725
2017-10-01,gnc_balance,-3900.7000,mensual,miles de millones COP,16725
2017-11-01,gnc_balance,-4327.2600,mensual,miles de millones COP,16725
2017-12-01,gnc_balance,-7319.5900,mensual,miles de millones COP,16725
2018-01-01,gnc_balance,2414.6100,mensual,miles de millones COP,16725
2018-02-01,gnc_balance,-6334.4200,mensual,miles de millones COP,16725
2018-03-01,gnc_balance,-3174.6600,mensual,miles de millones COP,16725
2018-04-01,gnc_balance,-33.4800,mensual,miles de millones COP,16725
2018-05-01,gnc_balance,-2137.3900,mensual,miles de millones COP,16725
2018-06-01,gnc_balance,-2823.1000,mensual,miles de millones COP,16725
2018-07-01,gnc_balance,-8039.3800,mensual,miles de millones COP,16725
2018-08-01,gnc_balance,-5875.0900,mensual,miles de millones COP,16725
2018-09-01,gnc_balance,1496.1700,mensual,miles de millones COP,16725
2018-10-01,gnc_balance,-3322.2100,mensual,miles de millones COP,16725
2018-11-01,gnc_balance,-2104.9600,mensual,miles de millones COP,16725
2018-12-01,gnc_balance,-889.5600,mensual,miles de millones COP,16725
2019-01-01,gnc_balance,5309.2300,mensual,miles de millones COP,16725
2019-02-01,gnc_balance,-6286.4100,mensual,miles de millones COP,16725
2019-03-01,gnc_balance,-2099.4700,mensual,miles de millones COP,16725
2019-04-01,gnc_balance,1603.5800,mensual,miles de millones COP,16725
2019-05-01,gnc_balance,230.5100,mensual,miles de millones COP,16725
2019-06-01,gnc_balance,1436.0100,mensual,miles de millones COP,16725
2019-07-01,gnc_balance,-5091.9500,mensual,miles de millones COP,16725
2019-08-01,gnc_balance,-5434.9800,mensual,miles de millones COP,16725
2019-09-01,gnc_balance,4380.6800,mensual,miles de millones COP,16725
2019-10-01,gnc_balance,-4616.5700,mensual,miles de millones COP,16725
2019-11-01,gnc_balance,-4889.6500,mensual,miles de millones COP,16725
2019-12-01,gnc_balance,-8077.2700,mensual,miles de millones COP,16725
2020-01-01,gnc_balance,6156.8300,mensual,miles de millones COP,16725
2020-02-01,gnc_balance,-4493.3900,mensual,miles de millones COP,16725
2020-03-01,gnc_balance,318.6200,mensual,miles de millones COP,16725
2020-04-01,gnc_balance,-7149.8500,mensual,miles de millones COP,16725
2020-05-01,gnc_balance,-6027.2100,mensual,miles de millones COP,16725
2020-06-01,gnc_balance,-11102.9400,mensual,miles de millones COP,16725
2020-07-01,gnc_balance,-9624.0700,mensual,miles de millones COP,16725
2020-08-01,gnc_balance,-9608.7000,mensual,miles de millones COP,16725
2020-09-01,gnc_balance,-3511.6500,mensual,miles de millones COP,16725
2020-10-01,gnc_balance,-7517.9600,mensual,miles de millones COP,16725
2020-11-01,gnc_balance,-9110.9100,mensual,miles de millones COP,16725
2020-12-01,gnc_balance,-19244.8500,mensual,miles de millones COP,16725
2021-01-01,gnc_balance,3044.0800,mensual,miles de millones COP,16725
2021-02-01,gnc_balance,-10768.1200,mensual,miles de millones COP,16725
2021-03-01,gnc_balance,262.8000,mensual,miles de millones COP,16725
2021-04-01,gnc_balance,-4601.1500,mensual,miles de millones COP,16725
2021-05-01,gnc_balance,-3904.6800,mensual,miles de millones COP,16725
2021-06-01,gnc_balance,-8997.9600,mensual,miles de millones COP,16725
2021-07-01,gnc_balance,-7847.7000,mensual,miles de millones COP,16725
2021-08-01,gnc_balance,4489.6500,mensual,miles de millones COP,16725
2021-09-01,gnc_balance,-937.7400,mensual,miles de millones COP,16725
2021-10-01,gnc_balance,-13913.5200,mensual,miles de millones COP,16725
2021-11-01,gnc_balance,-13555.0500,mensual,miles de millones COP,16725
2021-12-01,gnc_balance,-25316.9300,mensual,miles de millones COP,16725
2022-01-01,gnc_balance,8476.9900,mensual,miles de millones COP,16725
2022-02-01,gnc_balance,-9189.2800,mensual,miles de millones COP,16725
2022-03-01,gnc_balance,-6736.1300,mensual,miles de millones COP,16725
2022-04-01,gnc_balance,1733.5300,mensual,miles de millones COP,16725
2022-05-01,gnc_balance,-1165.2700,mensual,miles de millones COP,16725
2022-06-01,gnc_balance,-10759.8100,mensual,miles de millones COP,16725
2022-07-01,gnc_balance,-7880.8900,mensual,miles de millones COP,16725
2022-08-01,gnc_balance,-8469.0200,mensual,miles de millones COP,16725
2022-09-01,gnc_balance,1926.8400,mensual,miles de millones COP,16725
2022-10-01,gnc_balance,-5699.7600,mensual,miles de millones COP,16725
2022-11-01,gnc_balance,-3658.3500,mensual,miles de millones COP,16725
2022-12-01,gnc_balance,-19540.6600,mensual,miles de millones COP,16725
2023-01-01,gnc_balance,8228.1800,mensual,miles de millones COP,16725
2023-02-01,gnc_balance,-8219.7000,mensual,miles de millones COP,16725
2023-03-01,gnc_balance,-3213.5500,mensual,miles de millones COP,16725
2023-04-01,gnc_balance,6844.8300,mensual,miles de millones COP,16725
2023-05-01,gnc_balance,2162.1200,mensual,miles de millones COP,16725
2023-06-01,gnc_balance,-3722.0800,mensual,miles de millones COP,16725
2023-07-01,gnc_balance,-834.0500,mensual,miles de millones COP,16725
2023-08-01,gnc_balance,-3090.9800,mensual,miles de millones COP,16725
2023-09-01,gnc_balance,-4348.2600,mensual,miles de millones COP,16725
2023-10-01,gnc_balance,-11979.2700,mensual,miles de millones COP,16725
2023-11-01,gnc_balance,-10545.2400,mensual,miles de millones COP,16725
2023-12-01,gnc_balance,-22678.1300,mensual,miles de millones COP,16725
2024-01-01,gnc_balance,4323.9000,mensual,miles de millones COP,16725
2024-02-01,gnc_balance,-13723.7400,mensual,miles de millones COP,16725
2024-03-01,gnc_balance,938.9400,mensual,miles de millones COP,16725
2024-04-01,gnc_balance,-15991.9600,mensual,miles de millones COP,16725
2024-05-01,gnc_balance,-3960.4600,mensual,miles de millones COP,16725
2024-06-01,gnc_balance,-14432.4300,mensual,miles de millones COP,16725
2024-07-01,gnc_balance,-2741.9600,mensual,miles de millones COP,16725
2024-08-01,gnc_balance,-11127.1500,mensual,miles de millones COP,16725
2024-09-01,gnc_balance,-1561.4000,mensual,miles de millones COP,16725
2024-10-01,gnc_balance,-13734.4200,mensual,miles de millones COP,16725
2024-11-01,gnc_balance,-18291.6000,mensual,miles de millones COP,16725
2024-12-01,gnc_balance,-14881.9400,mensual,miles de millones COP,16725
2025-01-01,gnc_balance,2391.9500,mensual,miles de millones COP,16725
2025-02-01,gnc_balance,-19502.5300,mensual,miles de millones COP,16725
2025-03-01,gnc_balance,-10198.0300,mensual,miles de millones COP,16725
2025-04-01,gnc_balance,-12289.6300,mensual,miles de millones COP,16725
2025-05-01,gnc_balance,-6733.8800,mensual,miles de millones COP,16725
2025-06-01,gnc_balance,-10909.0800,mensual,miles de millones COP,16725
2025-07-01,gnc_balance,-2092.1500,mensual,miles de millones COP,16725
2025-08-01,gnc_balance,-5102.3300,mensual,miles de millones COP,16725
2025-09-01,gnc_balance,342.5300,mensual,miles de millones COP,16725
2025-10-01,gnc_balance,-9163.2300,mensual,miles de millones COP,16725
2025-11-01,gnc_balance,-23891.3700,mensual,miles de millones COP,16725
2025-12-01,gnc_balance,-10454.2800,mensual,miles de millones COP,16725
2026-01-01,gnc_balance,4135.3200,mensual,miles de millones COP,16725
2026-02-01,gnc_balance,-27909.4800,mensual,miles de millones COP,16725
2026-03-01,gnc_balance,-2023.1500,mensual,miles de millones COP,16725
2026-04-01,gnc_balance,-7507.1800,mensual,miles de millones COP,16725
2026-05-01,gnc_balance,-2111.7200,mensual,miles de millones COP,16725
2026-06-01,gnc_balance,-15995.0700,mensual,miles de millones COP,16725
2004-01-01,gnc_fin_externo,1034.9500,mensual,miles de millones COP,16727
2004-02-01,gnc_fin_externo,-204.4200,mensual,miles de millones COP,16727
2004-03-01,gnc_fin_externo,-990.9500,mensual,miles de millones COP,16727
2004-04-01,gnc_fin_externo,222.9000,mensual,miles de millones COP,16727
2004-05-01,gnc_fin_externo,-4.8900,mensual,miles de millones COP,16727
2004-06-01,gnc_fin_externo,520.5000,mensual,miles de millones COP,16727
2004-07-01,gnc_fin_externo,-193.0800,mensual,miles de millones COP,16727
2004-08-01,gnc_fin_externo,165.5700,mensual,miles de millones COP,16727
2004-09-01,gnc_fin_externo,1024.8700,mensual,miles de millones COP,16727
2004-10-01,gnc_fin_externo,25.7700,mensual,miles de millones COP,16727
2004-11-01,gnc_fin_externo,1452.5400,mensual,miles de millones COP,16727
2004-12-01,gnc_fin_externo,392.4400,mensual,miles de millones COP,16727
2005-01-01,gnc_fin_externo,98.3100,mensual,miles de millones COP,16727
2005-02-01,gnc_fin_externo,720.0300,mensual,miles de millones COP,16727
2005-03-01,gnc_fin_externo,-222.0900,mensual,miles de millones COP,16727
2005-04-01,gnc_fin_externo,-3130.9700,mensual,miles de millones COP,16727
2005-05-01,gnc_fin_externo,376.4000,mensual,miles de millones COP,16727
2005-06-01,gnc_fin_externo,-74.4300,mensual,miles de millones COP,16727
2005-07-01,gnc_fin_externo,1392.8100,mensual,miles de millones COP,16727
2005-08-01,gnc_fin_externo,231.7400,mensual,miles de millones COP,16727
2005-09-01,gnc_fin_externo,-1583.3000,mensual,miles de millones COP,16727
2005-10-01,gnc_fin_externo,-626.2000,mensual,miles de millones COP,16727
2005-11-01,gnc_fin_externo,184.0700,mensual,miles de millones COP,16727
2005-12-01,gnc_fin_externo,1554.3700,mensual,miles de millones COP,16727
2006-01-01,gnc_fin_externo,-148.9200,mensual,miles de millones COP,16727
2006-02-01,gnc_fin_externo,66.0300,mensual,miles de millones COP,16727
2006-03-01,gnc_fin_externo,-1668.2000,mensual,miles de millones COP,16727
2006-04-01,gnc_fin_externo,-47.4600,mensual,miles de millones COP,16727
2006-05-01,gnc_fin_externo,2.9300,mensual,miles de millones COP,16727
2006-06-01,gnc_fin_externo,-993.2000,mensual,miles de millones COP,16727
2006-07-01,gnc_fin_externo,2396.1000,mensual,miles de millones COP,16727
2006-08-01,gnc_fin_externo,1201.0500,mensual,miles de millones COP,16727
2006-09-01,gnc_fin_externo,1443.4900,mensual,miles de millones COP,16727
2006-10-01,gnc_fin_externo,506.6500,mensual,miles de millones COP,16727
2006-11-01,gnc_fin_externo,1284.0300,mensual,miles de millones COP,16727
2006-12-01,gnc_fin_externo,1358.2900,mensual,miles de millones COP,16727
2007-01-01,gnc_fin_externo,-131.8200,mensual,miles de millones COP,16727
2007-02-01,gnc_fin_externo,-998.3500,mensual,miles de millones COP,16727
2007-03-01,gnc_fin_externo,-132.8600,mensual,miles de millones COP,16727
2007-04-01,gnc_fin_externo,-78.9000,mensual,miles de millones COP,16727
2007-05-01,gnc_fin_externo,-10.0700,mensual,miles de millones COP,16727
2007-06-01,gnc_fin_externo,453.2800,mensual,miles de millones COP,16727
2007-07-01,gnc_fin_externo,-535.1400,mensual,miles de millones COP,16727
2007-08-01,gnc_fin_externo,-45.5200,mensual,miles de millones COP,16727
2007-09-01,gnc_fin_externo,153.8000,mensual,miles de millones COP,16727
2007-10-01,gnc_fin_externo,-239.8000,mensual,miles de millones COP,16727
2007-11-01,gnc_fin_externo,34.5800,mensual,miles de millones COP,16727
2007-12-01,gnc_fin_externo,655.5900,mensual,miles de millones COP,16727
2008-01-01,gnc_fin_externo,643.6300,mensual,miles de millones COP,16727
2008-02-01,gnc_fin_externo,-433.2100,mensual,miles de millones COP,16727
2008-03-01,gnc_fin_externo,81.0500,mensual,miles de millones COP,16727
2008-04-01,gnc_fin_externo,13.0200,mensual,miles de millones COP,16727
2008-05-01,gnc_fin_externo,37.3500,mensual,miles de millones COP,16727
2008-06-01,gnc_fin_externo,-40.7400,mensual,miles de millones COP,16727
2008-07-01,gnc_fin_externo,265.2400,mensual,miles de millones COP,16727
2008-08-01,gnc_fin_externo,-48.6000,mensual,miles de millones COP,16727
2008-09-01,gnc_fin_externo,118.9200,mensual,miles de millones COP,16727
2008-10-01,gnc_fin_externo,1247.4900,mensual,miles de millones COP,16727
2008-11-01,gnc_fin_externo,-4.4000,mensual,miles de millones COP,16727
2008-12-01,gnc_fin_externo,622.2800,mensual,miles de millones COP,16727
2009-01-01,gnc_fin_externo,2169.6800,mensual,miles de millones COP,16727
2009-02-01,gnc_fin_externo,9.4800,mensual,miles de millones COP,16727
2009-03-01,gnc_fin_externo,1299.8200,mensual,miles de millones COP,16727
2009-04-01,gnc_fin_externo,932.0100,mensual,miles de millones COP,16727
2009-05-01,gnc_fin_externo,-257.8900,mensual,miles de millones COP,16727
2009-06-01,gnc_fin_externo,-19.5200,mensual,miles de millones COP,16727
2009-07-01,gnc_fin_externo,161.5100,mensual,miles de millones COP,16727
2009-08-01,gnc_fin_externo,441.3100,mensual,miles de millones COP,16727
2009-09-01,gnc_fin_externo,-1.1700,mensual,miles de millones COP,16727
2009-10-01,gnc_fin_externo,2557.9500,mensual,miles de millones COP,16727
2009-11-01,gnc_fin_externo,255.8300,mensual,miles de millones COP,16727
2009-12-01,gnc_fin_externo,1692.5600,mensual,miles de millones COP,16727
2010-01-01,gnc_fin_externo,-75.1100,mensual,miles de millones COP,16727
2010-02-01,gnc_fin_externo,-909.2500,mensual,miles de millones COP,16727
2010-03-01,gnc_fin_externo,57.5100,mensual,miles de millones COP,16727
2010-04-01,gnc_fin_externo,2655.3300,mensual,miles de millones COP,16727
2010-05-01,gnc_fin_externo,-422.0800,mensual,miles de millones COP,16727
2010-06-01,gnc_fin_externo,50.7500,mensual,miles de millones COP,16727
2010-07-01,gnc_fin_externo,567.8300,mensual,miles de millones COP,16727
2010-08-01,gnc_fin_externo,13.3500,mensual,miles de millones COP,16727
2010-09-01,gnc_fin_externo,-14.4500,mensual,miles de millones COP,16727
2010-10-01,gnc_fin_externo,830.6500,mensual,miles de millones COP,16727
2010-11-01,gnc_fin_externo,-18.9500,mensual,miles de millones COP,16727
2010-12-01,gnc_fin_externo,238.3600,mensual,miles de millones COP,16727
2011-01-01,gnc_fin_externo,32.9900,mensual,miles de millones COP,16727
2011-02-01,gnc_fin_externo,-49.7000,mensual,miles de millones COP,16727
2011-03-01,gnc_fin_externo,-56.7300,mensual,miles de millones COP,16727
2011-04-01,gnc_fin_externo,-20.0800,mensual,miles de millones COP,16727
2011-05-01,gnc_fin_externo,-960.3400,mensual,miles de millones COP,16727
2011-06-01,gnc_fin_externo,-108.6600,mensual,miles de millones COP,16727
2011-07-01,gnc_fin_externo,3449.8700,mensual,miles de millones COP,16727
2011-08-01,gnc_fin_externo,-34.3900,mensual,miles de millones COP,16727
2011-09-01,gnc_fin_externo,-49.7100,mensual,miles de millones COP,16727
2011-10-01,gnc_fin_externo,204.3300,mensual,miles de millones COP,16727
2011-11-01,gnc_fin_externo,230.8200,mensual,miles de millones COP,16727
2011-12-01,gnc_fin_externo,774.4000,mensual,miles de millones COP,16727
2012-01-01,gnc_fin_externo,336.3100,mensual,miles de millones COP,16727
2012-02-01,gnc_fin_externo,-33.4000,mensual,miles de millones COP,16727
2012-03-01,gnc_fin_externo,-53.6700,mensual,miles de millones COP,16727
2012-04-01,gnc_fin_externo,-12.4100,mensual,miles de millones COP,16727
2012-05-01,gnc_fin_externo,-357.4200,mensual,miles de millones COP,16727
2012-06-01,gnc_fin_externo,-120.7100,mensual,miles de millones COP,16727
2012-07-01,gnc_fin_externo,-76.3900,mensual,miles de millones COP,16727
2012-08-01,gnc_fin_externo,-48.6300,mensual,miles de millones COP,16727
2012-09-01,gnc_fin_externo,936.5000,mensual,miles de millones COP,16727
2012-10-01,gnc_fin_externo,-2.7000,mensual,miles de millones COP,16727
2012-11-01,gnc_fin_externo,-343.1300,mensual,miles de millones COP,16727
2012-12-01,gnc_fin_externo,667.2800,mensual,miles de millones COP,16727
2013-01-01,gnc_fin_externo,749.1700,mensual,miles de millones COP,16727
2013-02-01,gnc_fin_externo,-120.1800,mensual,miles de millones COP,16727
2013-03-01,gnc_fin_externo,-92.0700,mensual,miles de millones COP,16727
2013-04-01,gnc_fin_externo,-26.1700,mensual,miles de millones COP,16727
2013-05-01,gnc_fin_externo,-365.1900,mensual,miles de millones COP,16727
2013-06-01,gnc_fin_externo,-147.6500,mensual,miles de millones COP,16727
2013-07-01,gnc_fin_externo,-86.9100,mensual,miles de millones COP,16727
2013-08-01,gnc_fin_externo,338.8600,mensual,miles de millones COP,16727
2013-09-01,gnc_fin_externo,4018.4500,mensual,miles de millones COP,16727
2013-10-01,gnc_fin_externo,-8.7400,mensual,miles de millones COP,16727
2013-11-01,gnc_fin_externo,-384.1900,mensual,miles de millones COP,16727
2013-12-01,gnc_fin_externo,790.4700,mensual,miles de millones COP,16727
2014-01-01,gnc_fin_externo,3847.5200,mensual,miles de millones COP,16727
2014-02-01,gnc_fin_externo,-50.7400,mensual,miles de millones COP,16727
2014-03-01,gnc_fin_externo,-118.6800,mensual,miles de millones COP,16727
2014-04-01,gnc_fin_externo,-29.6400,mensual,miles de millones COP,16727
2014-05-01,gnc_fin_externo,-805.3900,mensual,miles de millones COP,16727
2014-06-01,gnc_fin_externo,-198.8600,mensual,miles de millones COP,16727
2014-07-01,gnc_fin_externo,-52.3700,mensual,miles de millones COP,16727
2014-08-01,gnc_fin_externo,-54.7600,mensual,miles de millones COP,16727
2014-09-01,gnc_fin_externo,-189.4700,mensual,miles de millones COP,16727
2014-10-01,gnc_fin_externo,2780.4600,mensual,miles de millones COP,16727
2014-11-01,gnc_fin_externo,-517.0400,mensual,miles de millones COP,16727
2014-12-01,gnc_fin_externo,1311.2900,mensual,miles de millones COP,16727
2015-01-01,gnc_fin_externo,3482.2300,mensual,miles de millones COP,16727
2015-02-01,gnc_fin_externo,420.3200,mensual,miles de millones COP,16727
2015-03-01,gnc_fin_externo,2264.7000,mensual,miles de millones COP,16727
2015-04-01,gnc_fin_externo,-20.6900,mensual,miles de millones COP,16727
2015-05-01,gnc_fin_externo,-590.8500,mensual,miles de millones COP,16727
2015-06-01,gnc_fin_externo,-264.9500,mensual,miles de millones COP,16727
2015-07-01,gnc_fin_externo,-19.1100,mensual,miles de millones COP,16727
2015-08-01,gnc_fin_externo,-96.7300,mensual,miles de millones COP,16727
2015-09-01,gnc_fin_externo,4202.4600,mensual,miles de millones COP,16727
2015-10-01,gnc_fin_externo,-162.3900,mensual,miles de millones COP,16727
2015-11-01,gnc_fin_externo,-1120.4100,mensual,miles de millones COP,16727
2015-12-01,gnc_fin_externo,4604.5700,mensual,miles de millones COP,16727
2016-01-01,gnc_fin_externo,727.2100,mensual,miles de millones COP,16727
2016-02-01,gnc_fin_externo,-494.3100,mensual,miles de millones COP,16727
2016-03-01,gnc_fin_externo,4380.6900,mensual,miles de millones COP,16727
2016-04-01,gnc_fin_externo,-102.0300,mensual,miles de millones COP,16727
2016-05-01,gnc_fin_externo,1572.1000,mensual,miles de millones COP,16727
2016-06-01,gnc_fin_externo,-256.1300,mensual,miles de millones COP,16727
2016-07-01,gnc_fin_externo,-62.3800,mensual,miles de millones COP,16727
2016-08-01,gnc_fin_externo,-260.5000,mensual,miles de millones COP,16727
2016-09-01,gnc_fin_externo,-314.0300,mensual,miles de millones COP,16727
2016-10-01,gnc_fin_externo,-102.9500,mensual,miles de millones COP,16727
2016-11-01,gnc_fin_externo,1769.6800,mensual,miles de millones COP,16727
2016-12-01,gnc_fin_externo,4008.2300,mensual,miles de millones COP,16727
2017-01-01,gnc_fin_externo,2990.6700,mensual,miles de millones COP,16727
2017-02-01,gnc_fin_externo,-189.4800,mensual,miles de millones COP,16727
2017-03-01,gnc_fin_externo,-270.8700,mensual,miles de millones COP,16727
2017-04-01,gnc_fin_externo,-71.5300,mensual,miles de millones COP,16727
2017-05-01,gnc_fin_externo,-338.2600,mensual,miles de millones COP,16727
2017-06-01,gnc_fin_externo,-13.9400,mensual,miles de millones COP,16727
2017-07-01,gnc_fin_externo,-85.5200,mensual,miles de millones COP,16727
2017-08-01,gnc_fin_externo,5391.3800,mensual,miles de millones COP,16727
2017-09-01,gnc_fin_externo,-250.8500,mensual,miles de millones COP,16727
2017-10-01,gnc_fin_externo,-37.2700,mensual,miles de millones COP,16727
2017-11-01,gnc_fin_externo,-341.4700,mensual,miles de millones COP,16727
2017-12-01,gnc_fin_externo,664.0600,mensual,miles de millones COP,16727
2018-01-01,gnc_fin_externo,1087.7500,mensual,miles de millones COP,16727
2018-02-01,gnc_fin_externo,-253.4300,mensual,miles de millones COP,16727
2018-03-01,gnc_fin_externo,2121.8500,mensual,miles de millones COP,16727
2018-04-01,gnc_fin_externo,544.8900,mensual,miles de millones COP,16727
2018-05-01,gnc_fin_externo,-305.4200,mensual,miles de millones COP,16727
2018-06-01,gnc_fin_externo,-242.3800,mensual,miles de millones COP,16727
2018-07-01,gnc_fin_externo,-58.9200,mensual,miles de millones COP,16727
2018-08-01,gnc_fin_externo,-254.4100,mensual,miles de millones COP,16727
2018-09-01,gnc_fin_externo,752.9400,mensual,miles de millones COP,16727
2018-10-01,gnc_fin_externo,3436.0400,mensual,miles de millones COP,16727
2018-11-01,gnc_fin_externo,371.4000,mensual,miles de millones COP,16727
2018-12-01,gnc_fin_externo,2215.9900,mensual,miles de millones COP,16727
2019-01-01,gnc_fin_externo,6229.7500,mensual,miles de millones COP,16727
2019-02-01,gnc_fin_externo,-309.2100,mensual,miles de millones COP,16727
2019-03-01,gnc_fin_externo,-3381.9800,mensual,miles de millones COP,16727
2019-04-01,gnc_fin_externo,-243.2600,mensual,miles de millones COP,16727
2019-05-01,gnc_fin_externo,-430.8900,mensual,miles de millones COP,16727
2019-06-01,gnc_fin_externo,-253.8900,mensual,miles de millones COP,16727
2019-07-01,gnc_fin_externo,-55.3300,mensual,miles de millones COP,16727
2019-08-01,gnc_fin_externo,-365.3700,mensual,miles de millones COP,16727
2019-09-01,gnc_fin_externo,1056.3700,mensual,miles de millones COP,16727
2019-10-01,gnc_fin_externo,2237.2700,mensual,miles de millones COP,16727
2019-11-01,gnc_fin_externo,-1943.6600,mensual,miles de millones COP,16727
2019-12-01,gnc_fin_externo,1811.0900,mensual,miles de millones COP,16727
2020-01-01,gnc_fin_externo,5916.4500,mensual,miles de millones COP,16727
2020-02-01,gnc_fin_externo,-2997.6800,mensual,miles de millones COP,16727
2020-03-01,gnc_fin_externo,805.9900,mensual,miles de millones COP,16727
2020-04-01,gnc_fin_externo,921.9500,mensual,miles de millones COP,16727
2020-05-01,gnc_fin_externo,884.3900,mensual,miles de millones COP,16727
2020-06-01,gnc_fin_externo,8912.7500,mensual,miles de millones COP,16727
2020-07-01,gnc_fin_externo,5604.9500,mensual,miles de millones COP,16727
2020-08-01,gnc_fin_externo,1827.0300,mensual,miles de millones COP,16727
2020-09-01,gnc_fin_externo,-146.1500,mensual,miles de millones COP,16727
2020-10-01,gnc_fin_externo,-302.4100,mensual,miles de millones COP,16727
2020-11-01,gnc_fin_externo,-539.4300,mensual,miles de millones COP,16727
2020-12-01,gnc_fin_externo,11391.5200,mensual,miles de millones COP,16727
2021-01-01,gnc_fin_externo,5149.7700,mensual,miles de millones COP,16727
2021-02-01,gnc_fin_externo,-361.6900,mensual,miles de millones COP,16727
2021-03-01,gnc_fin_externo,-2961.8300,mensual,miles de millones COP,16727
2021-04-01,gnc_fin_externo,8202.7500,mensual,miles de millones COP,16727
2021-05-01,gnc_fin_externo,-636.8700,mensual,miles de millones COP,16727
2021-06-01,gnc_fin_externo,2474.6400,mensual,miles de millones COP,16727
2021-07-01,gnc_fin_externo,-79.6100,mensual,miles de millones COP,16727
2021-08-01,gnc_fin_externo,-286.5100,mensual,miles de millones COP,16727
2021-09-01,gnc_fin_externo,1067.3300,mensual,miles de millones COP,16727
2021-10-01,gnc_fin_externo,5390.4700,mensual,miles de millones COP,16727
2021-11-01,gnc_fin_externo,1503.6500,mensual,miles de millones COP,16727
2021-12-01,gnc_fin_externo,2539.0300,mensual,miles de millones COP,16727
2022-01-01,gnc_fin_externo,-79.5600,mensual,miles de millones COP,16727
2022-02-01,gnc_fin_externo,438.1500,mensual,miles de millones COP,16727
2022-03-01,gnc_fin_externo,-234.7400,mensual,miles de millones COP,16727
2022-04-01,gnc_fin_externo,-288.6400,mensual,miles de millones COP,16727
2022-05-01,gnc_fin_externo,2386.6400,mensual,miles de millones COP,16727
2022-06-01,gnc_fin_externo,929.6900,mensual,miles de millones COP,16727
2022-07-01,gnc_fin_externo,1570.3900,mensual,miles de millones COP,16727
2022-08-01,gnc_fin_externo,1858.4100,mensual,miles de millones COP,16727
2022-09-01,gnc_fin_externo,648.9400,mensual,miles de millones COP,16727
2022-10-01,gnc_fin_externo,-373.6200,mensual,miles de millones COP,16727
2022-11-01,gnc_fin_externo,795.0000,mensual,miles de millones COP,16727
2022-12-01,gnc_fin_externo,9056.6400,mensual,miles de millones COP,16727
2023-01-01,gnc_fin_externo,-6.6800,mensual,miles de millones COP,16727
2023-02-01,gnc_fin_externo,8841.4000,mensual,miles de millones COP,16727
2023-03-01,gnc_fin_externo,-4884.0500,mensual,miles de millones COP,16727
2023-04-01,gnc_fin_externo,-770.4400,mensual,miles de millones COP,16727
2023-05-01,gnc_fin_externo,-922.4600,mensual,miles de millones COP,16727
2023-06-01,gnc_fin_externo,-328.8800,mensual,miles de millones COP,16727
2023-07-01,gnc_fin_externo,-24.3400,mensual,miles de millones COP,16727
2023-08-01,gnc_fin_externo,-448.1300,mensual,miles de millones COP,16727
2023-09-01,gnc_fin_externo,2783.0500,mensual,miles de millones COP,16727
2023-10-01,gnc_fin_externo,-3353.4200,mensual,miles de millones COP,16727
2023-11-01,gnc_fin_externo,11488.1100,mensual,miles de millones COP,16727
2023-12-01,gnc_fin_externo,2776.2800,mensual,miles de millones COP,16727
2024-01-01,gnc_fin_externo,377.0700,mensual,miles de millones COP,16727
2024-02-01,gnc_fin_externo,-751.2400,mensual,miles de millones COP,16727
2024-03-01,gnc_fin_externo,-2183.5300,mensual,miles de millones COP,16727
2024-04-01,gnc_fin_externo,4880.2400,mensual,miles de millones COP,16727
2024-05-01,gnc_fin_externo,-4512.7000,mensual,miles de millones COP,16727
2024-06-01,gnc_fin_externo,-150.6300,mensual,miles de millones COP,16727
2024-07-01,gnc_fin_externo,2830.6000,mensual,miles de millones COP,16727
2024-08-01,gnc_fin_externo,-2957.2600,mensual,miles de millones COP,16727
2024-09-01,gnc_fin_externo,-109.3500,mensual,miles de millones COP,16727
2024-10-01,gnc_fin_externo,-220.6200,mensual,miles de millones COP,16727
2024-11-01,gnc_fin_externo,12397.5100,mensual,miles de millones COP,16727
2024-12-01,gnc_fin_externo,-1358.7300,mensual,miles de millones COP,16727
2025-01-01,gnc_fin_externo,-262.3900,mensual,miles de millones COP,16727
2025-02-01,gnc_fin_externo,-3160.1800,mensual,miles de millones COP,16727
2025-03-01,gnc_fin_externo,-348.6800,mensual,miles de millones COP,16727
2025-04-01,gnc_fin_externo,14285.4700,mensual,miles de millones COP,16727
2025-05-01,gnc_fin_externo,-3356.1300,mensual,miles de millones COP,16727
2025-06-01,gnc_fin_externo,-270.0700,mensual,miles de millones COP,16727
2025-07-01,gnc_fin_externo,-11.5000,mensual,miles de millones COP,16727
2025-08-01,gnc_fin_externo,-15388.6800,mensual,miles de millones COP,16727
2025-09-01,gnc_fin_externo,54642.3900,mensual,miles de millones COP,16727
2025-10-01,gnc_fin_externo,950.5800,mensual,miles de millones COP,16727
2025-11-01,gnc_fin_externo,-9104.3000,mensual,miles de millones COP,16727
2025-12-01,gnc_fin_externo,404.5100,mensual,miles de millones COP,16727
2026-01-01,gnc_fin_externo,15968.0200,mensual,miles de millones COP,16727
2026-02-01,gnc_fin_externo,-1004.7200,mensual,miles de millones COP,16727
2026-03-01,gnc_fin_externo,-11300.7600,mensual,miles de millones COP,16727
2026-04-01,gnc_fin_externo,-33427.5000,mensual,miles de millones COP,16727
2026-05-01,gnc_fin_externo,-37025.5000,mensual,miles de millones COP,16727
2026-06-01,gnc_fin_externo,-200.3100,mensual,miles de millones COP,16727
2004-01-01,gnc_fin_interno,-113.2800,mensual,miles de millones COP,16726
2004-02-01,gnc_fin_interno,1325.2900,mensual,miles de millones COP,16726
2004-03-01,gnc_fin_interno,1752.6200,mensual,miles de millones COP,16726
2004-04-01,gnc_fin_interno,-369.1900,mensual,miles de millones COP,16726
2004-05-01,gnc_fin_interno,303.6000,mensual,miles de millones COP,16726
2004-06-01,gnc_fin_interno,-156.2100,mensual,miles de millones COP,16726
2004-07-01,gnc_fin_interno,1804.4100,mensual,miles de millones COP,16726
2004-08-01,gnc_fin_interno,214.1700,mensual,miles de millones COP,16726
2004-09-01,gnc_fin_interno,-1228.7300,mensual,miles de millones COP,16726
2004-10-01,gnc_fin_interno,55.3100,mensual,miles de millones COP,16726
2004-11-01,gnc_fin_interno,249.5000,mensual,miles de millones COP,16726
2004-12-01,gnc_fin_interno,3712.9300,mensual,miles de millones COP,16726
2005-01-01,gnc_fin_interno,751.0100,mensual,miles de millones COP,16726
2005-02-01,gnc_fin_interno,574.5700,mensual,miles de millones COP,16726
2005-03-01,gnc_fin_interno,1106.9300,mensual,miles de millones COP,16726
2005-04-01,gnc_fin_interno,4065.6800,mensual,miles de millones COP,16726
2005-05-01,gnc_fin_interno,-464.8700,mensual,miles de millones COP,16726
2005-06-01,gnc_fin_interno,228.0300,mensual,miles de millones COP,16726
2005-07-01,gnc_fin_interno,537.8200,mensual,miles de millones COP,16726
2005-08-01,gnc_fin_interno,-516.2200,mensual,miles de millones COP,16726
2005-09-01,gnc_fin_interno,2486.8400,mensual,miles de millones COP,16726
2005-10-01,gnc_fin_interno,1241.1000,mensual,miles de millones COP,16726
2005-11-01,gnc_fin_interno,1946.3100,mensual,miles de millones COP,16726
2005-12-01,gnc_fin_interno,2547.8300,mensual,miles de millones COP,16726
2006-01-01,gnc_fin_interno,-250.5100,mensual,miles de millones COP,16726
2006-02-01,gnc_fin_interno,1662.1000,mensual,miles de millones COP,16726
2006-03-01,gnc_fin_interno,2817.3000,mensual,miles de millones COP,16726
2006-04-01,gnc_fin_interno,2802.3300,mensual,miles de millones COP,16726
2006-05-01,gnc_fin_interno,-2652.3700,mensual,miles de millones COP,16726
2006-06-01,gnc_fin_interno,1600.9100,mensual,miles de millones COP,16726
2006-07-01,gnc_fin_interno,-1807.5600,mensual,miles de millones COP,16726
2006-08-01,gnc_fin_interno,-1822.9500,mensual,miles de millones COP,16726
2006-09-01,gnc_fin_interno,-634.8700,mensual,miles de millones COP,16726
2006-10-01,gnc_fin_interno,677.7800,mensual,miles de millones COP,16726
2006-11-01,gnc_fin_interno,1005.0000,mensual,miles de millones COP,16726
2006-12-01,gnc_fin_interno,2498.8500,mensual,miles de millones COP,16726
2007-01-01,gnc_fin_interno,-1262.3100,mensual,miles de millones COP,16726
2007-02-01,gnc_fin_interno,3227.8800,mensual,miles de millones COP,16726
2007-03-01,gnc_fin_interno,1216.3400,mensual,miles de millones COP,16726
2007-04-01,gnc_fin_interno,1942.8400,mensual,miles de millones COP,16726
2007-05-01,gnc_fin_interno,-4961.3200,mensual,miles de millones COP,16726
2007-06-01,gnc_fin_interno,451.2800,mensual,miles de millones COP,16726
2007-07-01,gnc_fin_interno,2873.2900,mensual,miles de millones COP,16726
2007-08-01,gnc_fin_interno,-755.5000,mensual,miles de millones COP,16726
2007-09-01,gnc_fin_interno,1254.8600,mensual,miles de millones COP,16726
2007-10-01,gnc_fin_interno,1845.8400,mensual,miles de millones COP,16726
2007-11-01,gnc_fin_interno,2638.5600,mensual,miles de millones COP,16726
2007-12-01,gnc_fin_interno,4480.1400,mensual,miles de millones COP,16726
2008-01-01,gnc_fin_interno,-5959.1300,mensual,miles de millones COP,16726
2008-02-01,gnc_fin_interno,4521.5100,mensual,miles de millones COP,16726
2008-03-01,gnc_fin_interno,1032.2400,mensual,miles de millones COP,16726
2008-04-01,gnc_fin_interno,-1643.1000,mensual,miles de millones COP,16726
2008-05-01,gnc_fin_interno,5.7400,mensual,miles de millones COP,16726
2008-06-01,gnc_fin_interno,1054.6500,mensual,miles de millones COP,16726
2008-07-01,gnc_fin_interno,709.7000,mensual,miles de millones COP,16726
2008-08-01,gnc_fin_interno,1275.1000,mensual,miles de millones COP,16726
2008-09-01,gnc_fin_interno,-7.2000,mensual,miles de millones COP,16726
2008-10-01,gnc_fin_interno,128.2000,mensual,miles de millones COP,16726
2008-11-01,gnc_fin_interno,2170.5200,mensual,miles de millones COP,16726
2008-12-01,gnc_fin_interno,2872.7800,mensual,miles de millones COP,16726
2009-01-01,gnc_fin_interno,-4250.0400,mensual,miles de millones COP,16726
2009-02-01,gnc_fin_interno,4962.0300,mensual,miles de millones COP,16726
2009-03-01,gnc_fin_interno,-27.8400,mensual,miles de millones COP,16726
2009-04-01,gnc_fin_interno,-3984.1000,mensual,miles de millones COP,16726
2009-05-01,gnc_fin_interno,2054.6900,mensual,miles de millones COP,16726
2009-06-01,gnc_fin_interno,2050.4200,mensual,miles de millones COP,16726
2009-07-01,gnc_fin_interno,2673.7300,mensual,miles de millones COP,16726
2009-08-01,gnc_fin_interno,-712.4200,mensual,miles de millones COP,16726
2009-09-01,gnc_fin_interno,1040.6400,mensual,miles de millones COP,16726
2009-10-01,gnc_fin_interno,1081.7300,mensual,miles de millones COP,16726
2009-11-01,gnc_fin_interno,3515.1300,mensual,miles de millones COP,16726
2009-12-01,gnc_fin_interno,1056.9800,mensual,miles de millones COP,16726
2010-01-01,gnc_fin_interno,-1230.3700,mensual,miles de millones COP,16726
2010-02-01,gnc_fin_interno,3029.6300,mensual,miles de millones COP,16726
2010-03-01,gnc_fin_interno,1139.5200,mensual,miles de millones COP,16726
2010-04-01,gnc_fin_interno,-3054.3200,mensual,miles de millones COP,16726
2010-05-01,gnc_fin_interno,1977.9500,mensual,miles de millones COP,16726
2010-06-01,gnc_fin_interno,3346.4800,mensual,miles de millones COP,16726
2010-07-01,gnc_fin_interno,1334.6300,mensual,miles de millones COP,16726
2010-08-01,gnc_fin_interno,174.4600,mensual,miles de millones COP,16726
2010-09-01,gnc_fin_interno,-215.8800,mensual,miles de millones COP,16726
2010-10-01,gnc_fin_interno,2053.7800,mensual,miles de millones COP,16726
2010-11-01,gnc_fin_interno,2887.8300,mensual,miles de millones COP,16726
2010-12-01,gnc_fin_interno,4350.3900,mensual,miles de millones COP,16726
2011-01-01,gnc_fin_interno,-3785.0500,mensual,miles de millones COP,16726
2011-02-01,gnc_fin_interno,2040.6900,mensual,miles de millones COP,16726
2011-03-01,gnc_fin_interno,761.8200,mensual,miles de millones COP,16726
2011-04-01,gnc_fin_interno,-4175.3100,mensual,miles de millones COP,16726
2011-05-01,gnc_fin_interno,1671.2600,mensual,miles de millones COP,16726
2011-06-01,gnc_fin_interno,426.8600,mensual,miles de millones COP,16726
2011-07-01,gnc_fin_interno,-2493.3600,mensual,miles de millones COP,16726
2011-08-01,gnc_fin_interno,2870.2600,mensual,miles de millones COP,16726
2011-09-01,gnc_fin_interno,-1667.1500,mensual,miles de millones COP,16726
2011-10-01,gnc_fin_interno,2598.2700,mensual,miles de millones COP,16726
2011-11-01,gnc_fin_interno,2912.2600,mensual,miles de millones COP,16726
2011-12-01,gnc_fin_interno,7747.0900,mensual,miles de millones COP,16726
2012-01-01,gnc_fin_interno,-1931.8900,mensual,miles de millones COP,16726
2012-02-01,gnc_fin_interno,2138.9300,mensual,miles de millones COP,16726
2012-03-01,gnc_fin_interno,1737.7500,mensual,miles de millones COP,16726
2012-04-01,gnc_fin_interno,-9202.8400,mensual,miles de millones COP,16726
2012-05-01,gnc_fin_interno,-224.5500,mensual,miles de millones COP,16726
2012-06-01,gnc_fin_interno,-2745.5800,mensual,miles de millones COP,16726
2012-07-01,gnc_fin_interno,684.0400,mensual,miles de millones COP,16726
2012-08-01,gnc_fin_interno,3570.5400,mensual,miles de millones COP,16726
2012-09-01,gnc_fin_interno,-1605.5300,mensual,miles de millones COP,16726
2012-10-01,gnc_fin_interno,6012.9300,mensual,miles de millones COP,16726
2012-11-01,gnc_fin_interno,3248.0200,mensual,miles de millones COP,16726
2012-12-01,gnc_fin_interno,9721.3800,mensual,miles de millones COP,16726
2013-01-01,gnc_fin_interno,-6712.9500,mensual,miles de millones COP,16726
2013-02-01,gnc_fin_interno,3006.2000,mensual,miles de millones COP,16726
2013-03-01,gnc_fin_interno,2287.0400,mensual,miles de millones COP,16726
2013-04-01,gnc_fin_interno,-3109.7100,mensual,miles de millones COP,16726
2013-05-01,gnc_fin_interno,562.2500,mensual,miles de millones COP,16726
2013-06-01,gnc_fin_interno,-2062.3000,mensual,miles de millones COP,16726
2013-07-01,gnc_fin_interno,3581.0900,mensual,miles de millones COP,16726
2013-08-01,gnc_fin_interno,3304.8700,mensual,miles de millones COP,16726
2013-09-01,gnc_fin_interno,-5895.9200,mensual,miles de millones COP,16726
2013-10-01,gnc_fin_interno,6962.7300,mensual,miles de millones COP,16726
2013-11-01,gnc_fin_interno,2327.1200,mensual,miles de millones COP,16726
2013-12-01,gnc_fin_interno,6304.7800,mensual,miles de millones COP,16726
2014-01-01,gnc_fin_interno,-7635.9900,mensual,miles de millones COP,16726
2014-02-01,gnc_fin_interno,3711.1900,mensual,miles de millones COP,16726
2014-03-01,gnc_fin_interno,2940.8500,mensual,miles de millones COP,16726
2014-04-01,gnc_fin_interno,-1339.5700,mensual,miles de millones COP,16726
2014-05-01,gnc_fin_interno,550.7000,mensual,miles de millones COP,16726
2014-06-01,gnc_fin_interno,3621.8400,mensual,miles de millones COP,16726
2014-07-01,gnc_fin_interno,2773.5300,mensual,miles de millones COP,16726
2014-08-01,gnc_fin_interno,3738.9700,mensual,miles de millones COP,16726
2014-09-01,gnc_fin_interno,-2533.9000,mensual,miles de millones COP,16726
2014-10-01,gnc_fin_interno,1698.6800,mensual,miles de millones COP,16726
2014-11-01,gnc_fin_interno,2550.1100,mensual,miles de millones COP,16726
2014-12-01,gnc_fin_interno,3230.2100,mensual,miles de millones COP,16726
2015-01-01,gnc_fin_interno,-6608.2300,mensual,miles de millones COP,16726
2015-02-01,gnc_fin_interno,4580.5000,mensual,miles de millones COP,16726
2015-03-01,gnc_fin_interno,1093.2000,mensual,miles de millones COP,16726
2015-04-01,gnc_fin_interno,-2325.7600,mensual,miles de millones COP,16726
2015-05-01,gnc_fin_interno,-1429.3800,mensual,miles de millones COP,16726
2015-06-01,gnc_fin_interno,2656.6200,mensual,miles de millones COP,16726
2015-07-01,gnc_fin_interno,3087.8900,mensual,miles de millones COP,16726
2015-08-01,gnc_fin_interno,4612.1300,mensual,miles de millones COP,16726
2015-09-01,gnc_fin_interno,-5546.6500,mensual,miles de millones COP,16726
2015-10-01,gnc_fin_interno,3662.9000,mensual,miles de millones COP,16726
2015-11-01,gnc_fin_interno,3602.8300,mensual,miles de millones COP,16726
2015-12-01,gnc_fin_interno,3377.7900,mensual,miles de millones COP,16726
2016-01-01,gnc_fin_interno,-3657.4100,mensual,miles de millones COP,16726
2016-02-01,gnc_fin_interno,7849.5600,mensual,miles de millones COP,16726
2016-03-01,gnc_fin_interno,-2569.4000,mensual,miles de millones COP,16726
2016-04-01,gnc_fin_interno,76.9200,mensual,miles de millones COP,16726
2016-05-01,gnc_fin_interno,-2460.3200,mensual,miles de millones COP,16726
2016-06-01,gnc_fin_interno,1568.0000,mensual,miles de millones COP,16726
2016-07-01,gnc_fin_interno,6566.3000,mensual,miles de millones COP,16726
2016-08-01,gnc_fin_interno,6023.7200,mensual,miles de millones COP,16726
2016-09-01,gnc_fin_interno,171.2500,mensual,miles de millones COP,16726
2016-10-01,gnc_fin_interno,4732.9500,mensual,miles de millones COP,16726
2016-11-01,gnc_fin_interno,2973.1600,mensual,miles de millones COP,16726
2016-12-01,gnc_fin_interno,894.0300,mensual,miles de millones COP,16726
2017-01-01,gnc_fin_interno,-1337.8600,mensual,miles de millones COP,16726
2017-02-01,gnc_fin_interno,6150.9100,mensual,miles de millones COP,16726
2017-03-01,gnc_fin_interno,3072.8800,mensual,miles de millones COP,16726
2017-04-01,gnc_fin_interno,-1533.2700,mensual,miles de millones COP,16726
2017-05-01,gnc_fin_interno,-736.7400,mensual,miles de millones COP,16726
2017-06-01,gnc_fin_interno,3013.2400,mensual,miles de millones COP,16726
2017-07-01,gnc_fin_interno,5740.2700,mensual,miles de millones COP,16726
2017-08-01,gnc_fin_interno,-3822.3800,mensual,miles de millones COP,16726
2017-09-01,gnc_fin_interno,-3178.7200,mensual,miles de millones COP,16726
2017-10-01,gnc_fin_interno,3937.9800,mensual,miles de millones COP,16726
2017-11-01,gnc_fin_interno,4668.7200,mensual,miles de millones COP,16726
2017-12-01,gnc_fin_interno,6655.5300,mensual,miles de millones COP,16726
2018-01-01,gnc_fin_interno,-3502.3600,mensual,miles de millones COP,16726
2018-02-01,gnc_fin_interno,6587.8600,mensual,miles de millones COP,16726
2018-03-01,gnc_fin_interno,1052.8100,mensual,miles de millones COP,16726
2018-04-01,gnc_fin_interno,-511.4100,mensual,miles de millones COP,16726
2018-05-01,gnc_fin_interno,2442.8100,mensual,miles de millones COP,16726
2018-06-01,gnc_fin_interno,3065.4800,mensual,miles de millones COP,16726
2018-07-01,gnc_fin_interno,8098.3000,mensual,miles de millones COP,16726
2018-08-01,gnc_fin_interno,6129.5000,mensual,miles de millones COP,16726
2018-09-01,gnc_fin_interno,-2249.1100,mensual,miles de millones COP,16726
2018-10-01,gnc_fin_interno,-113.8400,mensual,miles de millones COP,16726
2018-11-01,gnc_fin_interno,1733.5600,mensual,miles de millones COP,16726
2018-12-01,gnc_fin_interno,-1326.4300,mensual,miles de millones COP,16726
2019-01-01,gnc_fin_interno,-11538.9800,mensual,miles de millones COP,16726
2019-02-01,gnc_fin_interno,6595.6200,mensual,miles de millones COP,16726
2019-03-01,gnc_fin_interno,5481.4600,mensual,miles de millones COP,16726
2019-04-01,gnc_fin_interno,-1360.3300,mensual,miles de millones COP,16726
2019-05-01,gnc_fin_interno,200.3800,mensual,miles de millones COP,16726
2019-06-01,gnc_fin_interno,-1182.1200,mensual,miles de millones COP,16726
2019-07-01,gnc_fin_interno,5147.2800,mensual,miles de millones COP,16726
2019-08-01,gnc_fin_interno,5800.3500,mensual,miles de millones COP,16726
2019-09-01,gnc_fin_interno,-5437.0500,mensual,miles de millones COP,16726
2019-10-01,gnc_fin_interno,2379.2900,mensual,miles de millones COP,16726
2019-11-01,gnc_fin_interno,6833.3100,mensual,miles de millones COP,16726
2019-12-01,gnc_fin_interno,6266.1800,mensual,miles de millones COP,16726
2020-01-01,gnc_fin_interno,-12073.2800,mensual,miles de millones COP,16726
2020-02-01,gnc_fin_interno,7491.0700,mensual,miles de millones COP,16726
2020-03-01,gnc_fin_interno,-1124.6100,mensual,miles de millones COP,16726
2020-04-01,gnc_fin_interno,6227.9000,mensual,miles de millones COP,16726
2020-05-01,gnc_fin_interno,5142.8200,mensual,miles de millones COP,16726
2020-06-01,gnc_fin_interno,2190.1900,mensual,miles de millones COP,16726
2020-07-01,gnc_fin_interno,4019.1200,mensual,miles de millones COP,16726
2020-08-01,gnc_fin_interno,7781.6700,mensual,miles de millones COP,16726
2020-09-01,gnc_fin_interno,3657.8000,mensual,miles de millones COP,16726
2020-10-01,gnc_fin_interno,7820.3700,mensual,miles de millones COP,16726
2020-11-01,gnc_fin_interno,9650.3400,mensual,miles de millones COP,16726
2020-12-01,gnc_fin_interno,7853.3300,mensual,miles de millones COP,16726
2021-01-01,gnc_fin_interno,-8193.8500,mensual,miles de millones COP,16726
2021-02-01,gnc_fin_interno,11129.8100,mensual,miles de millones COP,16726
2021-03-01,gnc_fin_interno,2699.0300,mensual,miles de millones COP,16726
2021-04-01,gnc_fin_interno,-3601.6000,mensual,miles de millones COP,16726
2021-05-01,gnc_fin_interno,4541.5500,mensual,miles de millones COP,16726
2021-06-01,gnc_fin_interno,6523.3200,mensual,miles de millones COP,16726
2021-07-01,gnc_fin_interno,7927.3100,mensual,miles de millones COP,16726
2021-08-01,gnc_fin_interno,-4203.1400,mensual,miles de millones COP,16726
2021-09-01,gnc_fin_interno,-129.5900,mensual,miles de millones COP,16726
2021-10-01,gnc_fin_interno,8523.0500,mensual,miles de millones COP,16726
2021-11-01,gnc_fin_interno,12051.4000,mensual,miles de millones COP,16726
2021-12-01,gnc_fin_interno,22777.9000,mensual,miles de millones COP,16726
2022-01-01,gnc_fin_interno,-8397.4300,mensual,miles de millones COP,16726
2022-02-01,gnc_fin_interno,8751.1200,mensual,miles de millones COP,16726
2022-03-01,gnc_fin_interno,6970.8700,mensual,miles de millones COP,16726
2022-04-01,gnc_fin_interno,-1444.9000,mensual,miles de millones COP,16726
2022-05-01,gnc_fin_interno,-1221.3700,mensual,miles de millones COP,16726
2022-06-01,gnc_fin_interno,9830.1100,mensual,miles de millones COP,16726
2022-07-01,gnc_fin_interno,6310.5000,mensual,miles de millones COP,16726
2022-08-01,gnc_fin_interno,6610.6100,mensual,miles de millones COP,16726
2022-09-01,gnc_fin_interno,-2575.7800,mensual,miles de millones COP,16726
2022-10-01,gnc_fin_interno,6073.3800,mensual,miles de millones COP,16726
2022-11-01,gnc_fin_interno,2863.3600,mensual,miles de millones COP,16726
2022-12-01,gnc_fin_interno,10484.0200,mensual,miles de millones COP,16726
2023-01-01,gnc_fin_interno,-8221.5000,mensual,miles de millones COP,16726
2023-02-01,gnc_fin_interno,-621.7000,mensual,miles de millones COP,16726
2023-03-01,gnc_fin_interno,8097.6000,mensual,miles de millones COP,16726
2023-04-01,gnc_fin_interno,-6074.3900,mensual,miles de millones COP,16726
2023-05-01,gnc_fin_interno,-1239.6600,mensual,miles de millones COP,16726
2023-06-01,gnc_fin_interno,4050.9700,mensual,miles de millones COP,16726
2023-07-01,gnc_fin_interno,858.4000,mensual,miles de millones COP,16726
2023-08-01,gnc_fin_interno,3539.1200,mensual,miles de millones COP,16726
2023-09-01,gnc_fin_interno,1565.2200,mensual,miles de millones COP,16726
2023-10-01,gnc_fin_interno,15332.6900,mensual,miles de millones COP,16726
2023-11-01,gnc_fin_interno,-942.8800,mensual,miles de millones COP,16726
2023-12-01,gnc_fin_interno,19901.8500,mensual,miles de millones COP,16726
2024-01-01,gnc_fin_interno,-4700.9700,mensual,miles de millones COP,16726
2024-02-01,gnc_fin_interno,14474.9800,mensual,miles de millones COP,16726
2024-03-01,gnc_fin_interno,1244.5900,mensual,miles de millones COP,16726
2024-04-01,gnc_fin_interno,11111.7200,mensual,miles de millones COP,16726
2024-05-01,gnc_fin_interno,8473.1600,mensual,miles de millones COP,16726
2024-06-01,gnc_fin_interno,14583.0600,mensual,miles de millones COP,16726
2024-07-01,gnc_fin_interno,-88.6400,mensual,miles de millones COP,16726
2024-08-01,gnc_fin_interno,14084.4100,mensual,miles de millones COP,16726
2024-09-01,gnc_fin_interno,1670.7500,mensual,miles de millones COP,16726
2024-10-01,gnc_fin_interno,13955.0300,mensual,miles de millones COP,16726
2024-11-01,gnc_fin_interno,5894.1000,mensual,miles de millones COP,16726
2024-12-01,gnc_fin_interno,16240.6700,mensual,miles de millones COP,16726
2025-01-01,gnc_fin_interno,-2129.5600,mensual,miles de millones COP,16726
2025-02-01,gnc_fin_interno,22662.7100,mensual,miles de millones COP,16726
2025-03-01,gnc_fin_interno,10546.7200,mensual,miles de millones COP,16726
2025-04-01,gnc_fin_interno,-1995.8300,mensual,miles de millones COP,16726
2025-05-01,gnc_fin_interno,10090.0200,mensual,miles de millones COP,16726
2025-06-01,gnc_fin_interno,11179.1500,mensual,miles de millones COP,16726
2025-07-01,gnc_fin_interno,2103.6500,mensual,miles de millones COP,16726
2025-08-01,gnc_fin_interno,20491.0200,mensual,miles de millones COP,16726
2025-09-01,gnc_fin_interno,-54984.9200,mensual,miles de millones COP,16726
2025-10-01,gnc_fin_interno,8212.6500,mensual,miles de millones COP,16726
2025-11-01,gnc_fin_interno,32995.6700,mensual,miles de millones COP,16726
2025-12-01,gnc_fin_interno,10049.7700,mensual,miles de millones COP,16726
2026-01-01,gnc_fin_interno,-20103.3400,mensual,miles de millones COP,16726
2026-02-01,gnc_fin_interno,28914.2000,mensual,miles de millones COP,16726
2026-03-01,gnc_fin_interno,13323.9100,mensual,miles de millones COP,16726
2026-04-01,gnc_fin_interno,40934.6800,mensual,miles de millones COP,16726
2026-05-01,gnc_fin_interno,39137.2300,mensual,miles de millones COP,16726
2026-06-01,gnc_fin_interno,16195.3900,mensual,miles de millones COP,16726
2004-01-01,gnc_gastos,3819.1700,mensual,miles de millones COP,16723
2004-02-01,gnc_gastos,3946.6200,mensual,miles de millones COP,16723
2004-03-01,gnc_gastos,3934.6400,mensual,miles de millones COP,16723
2004-04-01,gnc_gastos,3484.4600,mensual,miles de millones COP,16723
2004-05-01,gnc_gastos,3979.0000,mensual,miles de millones COP,16723
2004-06-01,gnc_gastos,4268.5200,mensual,miles de millones COP,16723
2004-07-01,gnc_gastos,4584.6600,mensual,miles de millones COP,16723
2004-08-01,gnc_gastos,3806.2000,mensual,miles de millones COP,16723
2004-09-01,gnc_gastos,3896.1200,mensual,miles de millones COP,16723
2004-10-01,gnc_gastos,3354.9900,mensual,miles de millones COP,16723
2004-11-01,gnc_gastos,4806.6900,mensual,miles de millones COP,16723
2004-12-01,gnc_gastos,6941.9400,mensual,miles de millones COP,16723
2005-01-01,gnc_gastos,4387.6700,mensual,miles de millones COP,16723
2005-02-01,gnc_gastos,4495.9200,mensual,miles de millones COP,16723
2005-03-01,gnc_gastos,4095.6500,mensual,miles de millones COP,16723
2005-04-01,gnc_gastos,5193.7400,mensual,miles de millones COP,16723
2005-05-01,gnc_gastos,3987.8900,mensual,miles de millones COP,16723
2005-06-01,gnc_gastos,4844.4000,mensual,miles de millones COP,16723
2005-07-01,gnc_gastos,5225.1700,mensual,miles de millones COP,16723
2005-08-01,gnc_gastos,4400.7100,mensual,miles de millones COP,16723
2005-09-01,gnc_gastos,5111.1300,mensual,miles de millones COP,16723
2005-10-01,gnc_gastos,4642.0600,mensual,miles de millones COP,16723
2005-11-01,gnc_gastos,5437.6500,mensual,miles de millones COP,16723
2005-12-01,gnc_gastos,7357.1500,mensual,miles de millones COP,16723
2006-01-01,gnc_gastos,4128.3700,mensual,miles de millones COP,16723
2006-02-01,gnc_gastos,5407.2900,mensual,miles de millones COP,16723
2006-03-01,gnc_gastos,5030.5400,mensual,miles de millones COP,16723
2006-04-01,gnc_gastos,5153.0100,mensual,miles de millones COP,16723
2006-05-01,gnc_gastos,4738.8200,mensual,miles de millones COP,16723
2006-06-01,gnc_gastos,5937.4900,mensual,miles de millones COP,16723
2006-07-01,gnc_gastos,6564.4400,mensual,miles de millones COP,16723
2006-08-01,gnc_gastos,4957.7900,mensual,miles de millones COP,16723
2006-09-01,gnc_gastos,5787.6000,mensual,miles de millones COP,16723
2006-10-01,gnc_gastos,5416.7800,mensual,miles de millones COP,16723
2006-11-01,gnc_gastos,6462.5100,mensual,miles de millones COP,16723
2006-12-01,gnc_gastos,7996.0200,mensual,miles de millones COP,16723
2007-01-01,gnc_gastos,4459.1000,mensual,miles de millones COP,16723
2007-02-01,gnc_gastos,6497.4200,mensual,miles de millones COP,16723
2007-03-01,gnc_gastos,5740.0700,mensual,miles de millones COP,16723
2007-04-01,gnc_gastos,5460.1100,mensual,miles de millones COP,16723
2007-05-01,gnc_gastos,5127.0700,mensual,miles de millones COP,16723
2007-06-01,gnc_gastos,6632.6600,mensual,miles de millones COP,16723
2007-07-01,gnc_gastos,7519.7900,mensual,miles de millones COP,16723
2007-08-01,gnc_gastos,5711.6300,mensual,miles de millones COP,16723
2007-09-01,gnc_gastos,6497.3700,mensual,miles de millones COP,16723
2007-10-01,gnc_gastos,5711.0800,mensual,miles de millones COP,16723
2007-11-01,gnc_gastos,8021.0400,mensual,miles de millones COP,16723
2007-12-01,gnc_gastos,9366.5100,mensual,miles de millones COP,16723
2008-01-01,gnc_gastos,4616.2900,mensual,miles de millones COP,16723
2008-02-01,gnc_gastos,8913.0600,mensual,miles de millones COP,16723
2008-03-01,gnc_gastos,6244.4100,mensual,miles de millones COP,16723
2008-04-01,gnc_gastos,5602.4500,mensual,miles de millones COP,16723
2008-05-01,gnc_gastos,6289.9400,mensual,miles de millones COP,16723
2008-06-01,gnc_gastos,7335.4900,mensual,miles de millones COP,16723
2008-07-01,gnc_gastos,7482.8500,mensual,miles de millones COP,16723
2008-08-01,gnc_gastos,6114.5600,mensual,miles de millones COP,16723
2008-09-01,gnc_gastos,6804.5200,mensual,miles de millones COP,16723
2008-10-01,gnc_gastos,7024.3900,mensual,miles de millones COP,16723
2008-11-01,gnc_gastos,7723.8000,mensual,miles de millones COP,16723
2008-12-01,gnc_gastos,9553.1500,mensual,miles de millones COP,16723
2009-01-01,gnc_gastos,5368.4900,mensual,miles de millones COP,16723
2009-02-01,gnc_gastos,9664.5100,mensual,miles de millones COP,16723
2009-03-01,gnc_gastos,6463.7000,mensual,miles de millones COP,16723
2009-04-01,gnc_gastos,7235.7800,mensual,miles de millones COP,16723
2009-05-01,gnc_gastos,7835.3100,mensual,miles de millones COP,16723
2009-06-01,gnc_gastos,8689.9700,mensual,miles de millones COP,16723
2009-07-01,gnc_gastos,8284.2500,mensual,miles de millones COP,16723
2009-08-01,gnc_gastos,8452.0700,mensual,miles de millones COP,16723
2009-09-01,gnc_gastos,7498.3700,mensual,miles de millones COP,16723
2009-10-01,gnc_gastos,7668.4000,mensual,miles de millones COP,16723
2009-11-01,gnc_gastos,9244.0500,mensual,miles de millones COP,16723
2009-12-01,gnc_gastos,9436.3400,mensual,miles de millones COP,16723
2010-01-01,gnc_gastos,6824.5200,mensual,miles de millones COP,16723
2010-02-01,gnc_gastos,7817.9800,mensual,miles de millones COP,16723
2010-03-01,gnc_gastos,6886.1600,mensual,miles de millones COP,16723
2010-04-01,gnc_gastos,7067.8300,mensual,miles de millones COP,16723
2010-05-01,gnc_gastos,8058.7200,mensual,miles de millones COP,16723
2010-06-01,gnc_gastos,9035.0200,mensual,miles de millones COP,16723
2010-07-01,gnc_gastos,7979.2500,mensual,miles de millones COP,16723
2010-08-01,gnc_gastos,6767.3600,mensual,miles de millones COP,16723
2010-09-01,gnc_gastos,6777.8900,mensual,miles de millones COP,16723
2010-10-01,gnc_gastos,7425.2000,mensual,miles de millones COP,16723
2010-11-01,gnc_gastos,8842.5800,mensual,miles de millones COP,16723
2010-12-01,gnc_gastos,10225.7900,mensual,miles de millones COP,16723
2011-01-01,gnc_gastos,5048.8200,mensual,miles de millones COP,16723
2011-02-01,gnc_gastos,7342.1000,mensual,miles de millones COP,16723
2011-03-01,gnc_gastos,7130.5100,mensual,miles de millones COP,16723
2011-04-01,gnc_gastos,7048.1400,mensual,miles de millones COP,16723
2011-05-01,gnc_gastos,9961.3700,mensual,miles de millones COP,16723
2011-06-01,gnc_gastos,9817.7800,mensual,miles de millones COP,16723
2011-07-01,gnc_gastos,9685.0200,mensual,miles de millones COP,16723
2011-08-01,gnc_gastos,8010.2700,mensual,miles de millones COP,16723
2011-09-01,gnc_gastos,8513.4100,mensual,miles de millones COP,16723
2011-10-01,gnc_gastos,9374.1300,mensual,miles de millones COP,16723
2011-11-01,gnc_gastos,10834.1700,mensual,miles de millones COP,16723
2011-12-01,gnc_gastos,13785.1800,mensual,miles de millones COP,16723
2012-01-01,gnc_gastos,7183.8200,mensual,miles de millones COP,16723
2012-02-01,gnc_gastos,8668.1700,mensual,miles de millones COP,16723
2012-03-01,gnc_gastos,8430.7600,mensual,miles de millones COP,16723
2012-04-01,gnc_gastos,8464.9800,mensual,miles de millones COP,16723
2012-05-01,gnc_gastos,8842.3400,mensual,miles de millones COP,16723
2012-06-01,gnc_gastos,11114.9800,mensual,miles de millones COP,16723
2012-07-01,gnc_gastos,11502.4600,mensual,miles de millones COP,16723
2012-08-01,gnc_gastos,9022.5100,mensual,miles de millones COP,16723
2012-09-01,gnc_gastos,8594.2300,mensual,miles de millones COP,16723
2012-10-01,gnc_gastos,11062.7700,mensual,miles de millones COP,16723
2012-11-01,gnc_gastos,10644.4200,mensual,miles de millones COP,16723
2012-12-01,gnc_gastos,15829.4100,mensual,miles de millones COP,16723
2013-01-01,gnc_gastos,7459.9900,mensual,miles de millones COP,16723
2013-02-01,gnc_gastos,10801.9100,mensual,miles de millones COP,16723
2013-03-01,gnc_gastos,9019.8900,mensual,miles de millones COP,16723
2013-04-01,gnc_gastos,10742.8200,mensual,miles de millones COP,16723
2013-05-01,gnc_gastos,10166.1400,mensual,miles de millones COP,16723
2013-06-01,gnc_gastos,12077.9800,mensual,miles de millones COP,16723
2013-07-01,gnc_gastos,11751.7600,mensual,miles de millones COP,16723
2013-08-01,gnc_gastos,10085.7800,mensual,miles de millones COP,16723
2013-09-01,gnc_gastos,10614.5900,mensual,miles de millones COP,16723
2013-10-01,gnc_gastos,14200.9900,mensual,miles de millones COP,16723
2013-11-01,gnc_gastos,11917.4100,mensual,miles de millones COP,16723
2013-12-01,gnc_gastos,16126.1500,mensual,miles de millones COP,16723
2014-01-01,gnc_gastos,9459.4900,mensual,miles de millones COP,16723
2014-02-01,gnc_gastos,12536.1500,mensual,miles de millones COP,16723
2014-03-01,gnc_gastos,10835.9600,mensual,miles de millones COP,16723
2014-04-01,gnc_gastos,11149.9400,mensual,miles de millones COP,16723
2014-05-01,gnc_gastos,11534.4900,mensual,miles de millones COP,16723
2014-06-01,gnc_gastos,14636.6500,mensual,miles de millones COP,16723
2014-07-01,gnc_gastos,12848.0300,mensual,miles de millones COP,16723
2014-08-01,gnc_gastos,11187.6800,mensual,miles de millones COP,16723
2014-09-01,gnc_gastos,11244.6000,mensual,miles de millones COP,16723
2014-10-01,gnc_gastos,12047.1900,mensual,miles de millones COP,16723
2014-11-01,gnc_gastos,12863.5500,mensual,miles de millones COP,16723
2014-12-01,gnc_gastos,14788.7600,mensual,miles de millones COP,16723
2015-01-01,gnc_gastos,9694.0500,mensual,miles de millones COP,16723
2015-02-01,gnc_gastos,12162.9100,mensual,miles de millones COP,16723
2015-03-01,gnc_gastos,12007.4300,mensual,miles de millones COP,16723
2015-04-01,gnc_gastos,11321.8400,mensual,miles de millones COP,16723
2015-05-01,gnc_gastos,10673.9900,mensual,miles de millones COP,16723
2015-06-01,gnc_gastos,14695.6600,mensual,miles de millones COP,16723
2015-07-01,gnc_gastos,15943.9000,mensual,miles de millones COP,16723
2015-08-01,gnc_gastos,11490.3100,mensual,miles de millones COP,16723
2015-09-01,gnc_gastos,12464.7600,mensual,miles de millones COP,16723
2015-10-01,gnc_gastos,12123.8800,mensual,miles de millones COP,16723
2015-11-01,gnc_gastos,13660.1400,mensual,miles de millones COP,16723
2015-12-01,gnc_gastos,16545.1900,mensual,miles de millones COP,16723
2016-01-01,gnc_gastos,10897.2000,mensual,miles de millones COP,16723
2016-02-01,gnc_gastos,14455.4000,mensual,miles de millones COP,16723
2016-03-01,gnc_gastos,11555.4900,mensual,miles de millones COP,16723
2016-04-01,gnc_gastos,13718.0400,mensual,miles de millones COP,16723
2016-05-01,gnc_gastos,12154.6300,mensual,miles de millones COP,16723
2016-06-01,gnc_gastos,14761.4500,mensual,miles de millones COP,16723
2016-07-01,gnc_gastos,16230.9500,mensual,miles de millones COP,16723
2016-08-01,gnc_gastos,12396.6500,mensual,miles de millones COP,16723
2016-09-01,gnc_gastos,12946.0800,mensual,miles de millones COP,16723
2016-10-01,gnc_gastos,11668.0900,mensual,miles de millones COP,16723
2016-11-01,gnc_gastos,14936.0300,mensual,miles de millones COP,16723
2016-12-01,gnc_gastos,15681.4200,mensual,miles de millones COP,16723
2017-01-01,gnc_gastos,15223.1600,mensual,miles de millones COP,16723
2017-02-01,gnc_gastos,12905.5300,mensual,miles de millones COP,16723
2017-03-01,gnc_gastos,12842.8400,mensual,miles de millones COP,16723
2017-04-01,gnc_gastos,12928.7800,mensual,miles de millones COP,16723
2017-05-01,gnc_gastos,13219.9000,mensual,miles de millones COP,16723
2017-06-01,gnc_gastos,16557.4300,mensual,miles de millones COP,16723
2017-07-01,gnc_gastos,17042.1800,mensual,miles de millones COP,16723
2017-08-01,gnc_gastos,13266.5500,mensual,miles de millones COP,16723
2017-09-01,gnc_gastos,15000.6900,mensual,miles de millones COP,16723
2017-10-01,gnc_gastos,11412.9000,mensual,miles de millones COP,16723
2017-11-01,gnc_gastos,16123.4400,mensual,miles de millones COP,16723
2017-12-01,gnc_gastos,17616.5400,mensual,miles de millones COP,16723
2018-01-01,gnc_gastos,13040.9800,mensual,miles de millones COP,16723
2018-02-01,gnc_gastos,14052.2700,mensual,miles de millones COP,16723
2018-03-01,gnc_gastos,14559.8100,mensual,miles de millones COP,16723
2018-04-01,gnc_gastos,14354.2800,mensual,miles de millones COP,16723
2018-05-01,gnc_gastos,15999.4300,mensual,miles de millones COP,16723
2018-06-01,gnc_gastos,15782.8200,mensual,miles de millones COP,16723
2018-07-01,gnc_gastos,20437.1000,mensual,miles de millones COP,16723
2018-08-01,gnc_gastos,14147.1800,mensual,miles de millones COP,16723
2018-09-01,gnc_gastos,14493.7100,mensual,miles de millones COP,16723
2018-10-01,gnc_gastos,11701.2400,mensual,miles de millones COP,16723
2018-11-01,gnc_gastos,15175.5500,mensual,miles de millones COP,16723
2018-12-01,gnc_gastos,16371.3100,mensual,miles de millones COP,16723
2019-01-01,gnc_gastos,11028.9200,mensual,miles de millones COP,16723
2019-02-01,gnc_gastos,16277.6400,mensual,miles de millones COP,16723
2019-03-01,gnc_gastos,16598.6700,mensual,miles de millones COP,16723
2019-04-01,gnc_gastos,15008.6700,mensual,miles de millones COP,16723
2019-05-01,gnc_gastos,15346.5000,mensual,miles de millones COP,16723
2019-06-01,gnc_gastos,15819.8400,mensual,miles de millones COP,16723
2019-07-01,gnc_gastos,19383.4900,mensual,miles de millones COP,16723
2019-08-01,gnc_gastos,14617.4600,mensual,miles de millones COP,16723
2019-09-01,gnc_gastos,15535.0700,mensual,miles de millones COP,16723
2019-10-01,gnc_gastos,13795.2800,mensual,miles de millones COP,16723
2019-11-01,gnc_gastos,18965.7000,mensual,miles de millones COP,16723
2019-12-01,gnc_gastos,23020.2800,mensual,miles de millones COP,16723
2020-01-01,gnc_gastos,12819.9100,mensual,miles de millones COP,16723
2020-02-01,gnc_gastos,15594.2300,mensual,miles de millones COP,16723
2020-03-01,gnc_gastos,18221.3000,mensual,miles de millones COP,16723
2020-04-01,gnc_gastos,18502.3800,mensual,miles de millones COP,16723
2020-05-01,gnc_gastos,18714.4900,mensual,miles de millones COP,16723
2020-06-01,gnc_gastos,21690.1200,mensual,miles de millones COP,16723
2020-07-01,gnc_gastos,20173.8100,mensual,miles de millones COP,16723
2020-08-01,gnc_gastos,17562.4200,mensual,miles de millones COP,16723
2020-09-01,gnc_gastos,17708.5800,mensual,miles de millones COP,16723
2020-10-01,gnc_gastos,17303.7400,mensual,miles de millones COP,16723
2020-11-01,gnc_gastos,24025.8900,mensual,miles de millones COP,16723
2020-12-01,gnc_gastos,31167.4100,mensual,miles de millones COP,16723
2021-01-01,gnc_gastos,14379.9800,mensual,miles de millones COP,16723
2021-02-01,gnc_gastos,20764.1800,mensual,miles de millones COP,16723
2021-03-01,gnc_gastos,19906.9600,mensual,miles de millones COP,16723
2021-04-01,gnc_gastos,19293.8700,mensual,miles de millones COP,16723
2021-05-01,gnc_gastos,19833.4800,mensual,miles de millones COP,16723
2021-06-01,gnc_gastos,22871.4200,mensual,miles de millones COP,16723
2021-07-01,gnc_gastos,22824.0600,mensual,miles de millones COP,16723
2021-08-01,gnc_gastos,19943.5800,mensual,miles de millones COP,16723
2021-09-01,gnc_gastos,18226.5200,mensual,miles de millones COP,16723
2021-10-01,gnc_gastos,25259.5500,mensual,miles de millones COP,16723
2021-11-01,gnc_gastos,32124.6000,mensual,miles de millones COP,16723
2021-12-01,gnc_gastos,38676.5300,mensual,miles de millones COP,16723
2022-01-01,gnc_gastos,13552.4000,mensual,miles de millones COP,16723
2022-02-01,gnc_gastos,22423.1500,mensual,miles de millones COP,16723
2022-03-01,gnc_gastos,24145.8500,mensual,miles de millones COP,16723
2022-04-01,gnc_gastos,21130.3300,mensual,miles de millones COP,16723
2022-05-01,gnc_gastos,22782.0400,mensual,miles de millones COP,16723
2022-06-01,gnc_gastos,35149.2300,mensual,miles de millones COP,16723
2022-07-01,gnc_gastos,31345.1100,mensual,miles de millones COP,16723
2022-08-01,gnc_gastos,24680.2500,mensual,miles de millones COP,16723
2022-09-01,gnc_gastos,22375.3800,mensual,miles de millones COP,16723
2022-10-01,gnc_gastos,21468.6200,mensual,miles de millones COP,16723
2022-11-01,gnc_gastos,25303.1400,mensual,miles de millones COP,16723
2022-12-01,gnc_gastos,34869.1800,mensual,miles de millones COP,16723
2023-01-01,gnc_gastos,18439.5800,mensual,miles de millones COP,16723
2023-02-01,gnc_gastos,23591.1700,mensual,miles de millones COP,16723
2023-03-01,gnc_gastos,25318.9700,mensual,miles de millones COP,16723
2023-04-01,gnc_gastos,25326.5300,mensual,miles de millones COP,16723
2023-05-01,gnc_gastos,22826.3800,mensual,miles de millones COP,16723
2023-06-01,gnc_gastos,39301.1600,mensual,miles de millones COP,16723
2023-07-01,gnc_gastos,26488.0900,mensual,miles de millones COP,16723
2023-08-01,gnc_gastos,26296.4800,mensual,miles de millones COP,16723
2023-09-01,gnc_gastos,38315.1000,mensual,miles de millones COP,16723
2023-10-01,gnc_gastos,27988.2800,mensual,miles de millones COP,16723
2023-11-01,gnc_gastos,31825.8900,mensual,miles de millones COP,16723
2023-12-01,gnc_gastos,42043.8200,mensual,miles de millones COP,16723
2024-01-01,gnc_gastos,25397.1000,mensual,miles de millones COP,16723
2024-02-01,gnc_gastos,31801.3800,mensual,miles de millones COP,16723
2024-03-01,gnc_gastos,29175.0300,mensual,miles de millones COP,16723
2024-04-01,gnc_gastos,38849.0700,mensual,miles de millones COP,16723
2024-05-01,gnc_gastos,32378.1100,mensual,miles de millones COP,16723
2024-06-01,gnc_gastos,36738.7800,mensual,miles de millones COP,16723
2024-07-01,gnc_gastos,30972.1300,mensual,miles de millones COP,16723
2024-08-01,gnc_gastos,25741.0500,mensual,miles de millones COP,16723
2024-09-01,gnc_gastos,30365.9700,mensual,miles de millones COP,16723
2024-10-01,gnc_gastos,28374.5700,mensual,miles de millones COP,16723
2024-11-01,gnc_gastos,39702.8600,mensual,miles de millones COP,16723
2024-12-01,gnc_gastos,37148.4000,mensual,miles de millones COP,16723
2025-01-01,gnc_gastos,27157.5200,mensual,miles de millones COP,16723
2025-02-01,gnc_gastos,36779.8400,mensual,miles de millones COP,16723
2025-03-01,gnc_gastos,41089.6900,mensual,miles de millones COP,16723
2025-04-01,gnc_gastos,37595.5400,mensual,miles de millones COP,16723
2025-05-01,gnc_gastos,38381.6800,mensual,miles de millones COP,16723
2025-06-01,gnc_gastos,35090.5200,mensual,miles de millones COP,16723
2025-07-01,gnc_gastos,33422.2300,mensual,miles de millones COP,16723
2025-08-01,gnc_gastos,22542.5000,mensual,miles de millones COP,16723
2025-09-01,gnc_gastos,29603.2100,mensual,miles de millones COP,16723
2025-10-01,gnc_gastos,26282.4200,mensual,miles de millones COP,16723
2025-11-01,gnc_gastos,45060.0700,mensual,miles de millones COP,16723
2025-12-01,gnc_gastos,37361.9000,mensual,miles de millones COP,16723
2026-01-01,gnc_gastos,28436.7000,mensual,miles de millones COP,16723
2026-02-01,gnc_gastos,46748.0400,mensual,miles de millones COP,16723
2026-03-01,gnc_gastos,39241.9200,mensual,miles de millones COP,16723
2026-04-01,gnc_gastos,32208.6300,mensual,miles de millones COP,16723
2026-05-01,gnc_gastos,40282.1700,mensual,miles de millones COP,16723
2026-06-01,gnc_gastos,39663.1300,mensual,miles de millones COP,16723
2004-01-01,gnc_ingresos,2897.5000,mensual,miles de millones COP,16722
2004-02-01,gnc_ingresos,2825.7500,mensual,miles de millones COP,16722
2004-03-01,gnc_ingresos,3172.9700,mensual,miles de millones COP,16722
2004-04-01,gnc_ingresos,3630.7400,mensual,miles de millones COP,16722
2004-05-01,gnc_ingresos,3680.2900,mensual,miles de millones COP,16722
2004-06-01,gnc_ingresos,3904.2300,mensual,miles de millones COP,16722
2004-07-01,gnc_ingresos,2973.3300,mensual,miles de millones COP,16722
2004-08-01,gnc_ingresos,3426.4600,mensual,miles de millones COP,16722
2004-09-01,gnc_ingresos,4099.9800,mensual,miles de millones COP,16722
2004-10-01,gnc_ingresos,3273.9100,mensual,miles de millones COP,16722
2004-11-01,gnc_ingresos,3104.6600,mensual,miles de millones COP,16722
2004-12-01,gnc_ingresos,2836.5600,mensual,miles de millones COP,16722
2005-01-01,gnc_ingresos,3538.3500,mensual,miles de millones COP,16722
2005-02-01,gnc_ingresos,3201.3200,mensual,miles de millones COP,16722
2005-03-01,gnc_ingresos,3210.8000,mensual,miles de millones COP,16722
2005-04-01,gnc_ingresos,4259.0200,mensual,miles de millones COP,16722
2005-05-01,gnc_ingresos,4076.3600,mensual,miles de millones COP,16722
2005-06-01,gnc_ingresos,4690.8000,mensual,miles de millones COP,16722
2005-07-01,gnc_ingresos,3294.5300,mensual,miles de millones COP,16722
2005-08-01,gnc_ingresos,4685.2000,mensual,miles de millones COP,16722
2005-09-01,gnc_ingresos,4207.5900,mensual,miles de millones COP,16722
2005-10-01,gnc_ingresos,4027.1600,mensual,miles de millones COP,16722
2005-11-01,gnc_ingresos,3307.2700,mensual,miles de millones COP,16722
2005-12-01,gnc_ingresos,3254.9500,mensual,miles de millones COP,16722
2006-01-01,gnc_ingresos,4527.8000,mensual,miles de millones COP,16722
2006-02-01,gnc_ingresos,3679.1600,mensual,miles de millones COP,16722
2006-03-01,gnc_ingresos,3881.4500,mensual,miles de millones COP,16722
2006-04-01,gnc_ingresos,2398.1400,mensual,miles de millones COP,16722
2006-05-01,gnc_ingresos,7388.2600,mensual,miles de millones COP,16722
2006-06-01,gnc_ingresos,5329.7800,mensual,miles de millones COP,16722
2006-07-01,gnc_ingresos,5975.9000,mensual,miles de millones COP,16722
2006-08-01,gnc_ingresos,5579.6900,mensual,miles de millones COP,16722
2006-09-01,gnc_ingresos,4978.9900,mensual,miles de millones COP,16722
2006-10-01,gnc_ingresos,4232.3500,mensual,miles de millones COP,16722
2006-11-01,gnc_ingresos,4173.4800,mensual,miles de millones COP,16722
2006-12-01,gnc_ingresos,4138.8800,mensual,miles de millones COP,16722
2007-01-01,gnc_ingresos,5853.2300,mensual,miles de millones COP,16722
2007-02-01,gnc_ingresos,4267.8900,mensual,miles de millones COP,16722
2007-03-01,gnc_ingresos,4656.6000,mensual,miles de millones COP,16722
2007-04-01,gnc_ingresos,3596.1700,mensual,miles de millones COP,16722
2007-05-01,gnc_ingresos,10098.4600,mensual,miles de millones COP,16722
2007-06-01,gnc_ingresos,5728.1100,mensual,miles de millones COP,16722
2007-07-01,gnc_ingresos,5181.6400,mensual,miles de millones COP,16722
2007-08-01,gnc_ingresos,6512.6500,mensual,miles de millones COP,16722
2007-09-01,gnc_ingresos,5088.7000,mensual,miles de millones COP,16722
2007-10-01,gnc_ingresos,4105.0400,mensual,miles de millones COP,16722
2007-11-01,gnc_ingresos,5347.9000,mensual,miles de millones COP,16722
2007-12-01,gnc_ingresos,4230.7900,mensual,miles de millones COP,16722
2008-01-01,gnc_ingresos,9931.7900,mensual,miles de millones COP,16722
2008-02-01,gnc_ingresos,4824.7600,mensual,miles de millones COP,16722
2008-03-01,gnc_ingresos,5131.1100,mensual,miles de millones COP,16722
2008-04-01,gnc_ingresos,7232.5400,mensual,miles de millones COP,16722
2008-05-01,gnc_ingresos,6246.8600,mensual,miles de millones COP,16722
2008-06-01,gnc_ingresos,6321.5800,mensual,miles de millones COP,16722
2008-07-01,gnc_ingresos,6507.9100,mensual,miles de millones COP,16722
2008-08-01,gnc_ingresos,4888.0600,mensual,miles de millones COP,16722
2008-09-01,gnc_ingresos,6692.8000,mensual,miles de millones COP,16722
2008-10-01,gnc_ingresos,5648.7000,mensual,miles de millones COP,16722
2008-11-01,gnc_ingresos,5557.6800,mensual,miles de millones COP,16722
2008-12-01,gnc_ingresos,6058.0900,mensual,miles de millones COP,16722
2009-01-01,gnc_ingresos,7448.8500,mensual,miles de millones COP,16722
2009-02-01,gnc_ingresos,4693.0100,mensual,miles de millones COP,16722
2009-03-01,gnc_ingresos,5191.7200,mensual,miles de millones COP,16722
2009-04-01,gnc_ingresos,10287.8700,mensual,miles de millones COP,16722
2009-05-01,gnc_ingresos,6038.5200,mensual,miles de millones COP,16722
2009-06-01,gnc_ingresos,6659.0700,mensual,miles de millones COP,16722
2009-07-01,gnc_ingresos,5449.0000,mensual,miles de millones COP,16722
2009-08-01,gnc_ingresos,8723.1900,mensual,miles de millones COP,16722
2009-09-01,gnc_ingresos,6458.9000,mensual,miles de millones COP,16722
2009-10-01,gnc_ingresos,4028.7200,mensual,miles de millones COP,16722
2009-11-01,gnc_ingresos,5473.0900,mensual,miles de millones COP,16722
2009-12-01,gnc_ingresos,6686.8000,mensual,miles de millones COP,16722
2010-01-01,gnc_ingresos,8129.9900,mensual,miles de millones COP,16722
2010-02-01,gnc_ingresos,5697.6100,mensual,miles de millones COP,16722
2010-03-01,gnc_ingresos,5689.1300,mensual,miles de millones COP,16722
2010-04-01,gnc_ingresos,7466.8200,mensual,miles de millones COP,16722
2010-05-01,gnc_ingresos,6502.8500,mensual,miles de millones COP,16722
2010-06-01,gnc_ingresos,5637.7900,mensual,miles de millones COP,16722
2010-07-01,gnc_ingresos,6076.7800,mensual,miles de millones COP,16722
2010-08-01,gnc_ingresos,6579.5500,mensual,miles de millones COP,16722
2010-09-01,gnc_ingresos,7008.2200,mensual,miles de millones COP,16722
2010-10-01,gnc_ingresos,4540.7700,mensual,miles de millones COP,16722
2010-11-01,gnc_ingresos,5973.7000,mensual,miles de millones COP,16722
2010-12-01,gnc_ingresos,5637.0400,mensual,miles de millones COP,16722
2011-01-01,gnc_ingresos,8800.8800,mensual,miles de millones COP,16722
2011-02-01,gnc_ingresos,5351.1100,mensual,miles de millones COP,16722
2011-03-01,gnc_ingresos,6425.4100,mensual,miles de millones COP,16722
2011-04-01,gnc_ingresos,11243.5400,mensual,miles de millones COP,16722
2011-05-01,gnc_ingresos,9250.4600,mensual,miles de millones COP,16722
2011-06-01,gnc_ingresos,9499.5800,mensual,miles de millones COP,16722
2011-07-01,gnc_ingresos,8728.5200,mensual,miles de millones COP,16722
2011-08-01,gnc_ingresos,5174.3900,mensual,miles de millones COP,16722
2011-09-01,gnc_ingresos,10230.2700,mensual,miles de millones COP,16722
2011-10-01,gnc_ingresos,6571.5200,mensual,miles de millones COP,16722
2011-11-01,gnc_ingresos,7691.0900,mensual,miles de millones COP,16722
2011-12-01,gnc_ingresos,5263.6900,mensual,miles de millones COP,16722
2012-01-01,gnc_ingresos,8779.3900,mensual,miles de millones COP,16722
2012-02-01,gnc_ingresos,6562.6500,mensual,miles de millones COP,16722
2012-03-01,gnc_ingresos,6746.6800,mensual,miles de millones COP,16722
2012-04-01,gnc_ingresos,17680.2300,mensual,miles de millones COP,16722
2012-05-01,gnc_ingresos,9424.3100,mensual,miles de millones COP,16722
2012-06-01,gnc_ingresos,13981.2600,mensual,miles de millones COP,16722
2012-07-01,gnc_ingresos,10894.8000,mensual,miles de millones COP,16722
2012-08-01,gnc_ingresos,5500.5900,mensual,miles de millones COP,16722
2012-09-01,gnc_ingresos,9263.2600,mensual,miles de millones COP,16722
2012-10-01,gnc_ingresos,5052.5500,mensual,miles de millones COP,16722
2012-11-01,gnc_ingresos,7739.5300,mensual,miles de millones COP,16722
2012-12-01,gnc_ingresos,5440.7500,mensual,miles de millones COP,16722
2013-01-01,gnc_ingresos,13423.7700,mensual,miles de millones COP,16722
2013-02-01,gnc_ingresos,7915.8800,mensual,miles de millones COP,16722
2013-03-01,gnc_ingresos,6824.9200,mensual,miles de millones COP,16722
2013-04-01,gnc_ingresos,13878.7000,mensual,miles de millones COP,16722
2013-05-01,gnc_ingresos,9969.0900,mensual,miles de millones COP,16722
2013-06-01,gnc_ingresos,14287.9400,mensual,miles de millones COP,16722
2013-07-01,gnc_ingresos,8257.5800,mensual,miles de millones COP,16722
2013-08-01,gnc_ingresos,6442.0500,mensual,miles de millones COP,16722
2013-09-01,gnc_ingresos,12492.0700,mensual,miles de millones COP,16722
2013-10-01,gnc_ingresos,7246.9900,mensual,miles de millones COP,16722
2013-11-01,gnc_ingresos,9974.4700,mensual,miles de millones COP,16722
2013-12-01,gnc_ingresos,9030.9000,mensual,miles de millones COP,16722
2014-01-01,gnc_ingresos,13247.9700,mensual,miles de millones COP,16722
2014-02-01,gnc_ingresos,8875.7000,mensual,miles de millones COP,16722
2014-03-01,gnc_ingresos,8013.7900,mensual,miles de millones COP,16722
2014-04-01,gnc_ingresos,12519.1500,mensual,miles de millones COP,16722
2014-05-01,gnc_ingresos,11789.1900,mensual,miles de millones COP,16722
2014-06-01,gnc_ingresos,11213.6700,mensual,miles de millones COP,16722
2014-07-01,gnc_ingresos,10126.8700,mensual,miles de millones COP,16722
2014-08-01,gnc_ingresos,7503.4700,mensual,miles de millones COP,16722
2014-09-01,gnc_ingresos,13967.9700,mensual,miles de millones COP,16722
2014-10-01,gnc_ingresos,7568.0400,mensual,miles de millones COP,16722
2014-11-01,gnc_ingresos,10830.4800,mensual,miles de millones COP,16722
2014-12-01,gnc_ingresos,10247.2600,mensual,miles de millones COP,16722
2015-01-01,gnc_ingresos,12820.0600,mensual,miles de millones COP,16722
2015-02-01,gnc_ingresos,7162.1000,mensual,miles de millones COP,16722
2015-03-01,gnc_ingresos,8649.5200,mensual,miles de millones COP,16722
2015-04-01,gnc_ingresos,13668.2800,mensual,miles de millones COP,16722
2015-05-01,gnc_ingresos,12694.2200,mensual,miles de millones COP,16722
2015-06-01,gnc_ingresos,12303.9900,mensual,miles de millones COP,16722
2015-07-01,gnc_ingresos,12875.1200,mensual,miles de millones COP,16722
2015-08-01,gnc_ingresos,6974.9100,mensual,miles de millones COP,16722
2015-09-01,gnc_ingresos,13808.9500,mensual,miles de millones COP,16722
2015-10-01,gnc_ingresos,8623.3700,mensual,miles de millones COP,16722
2015-11-01,gnc_ingresos,11177.7100,mensual,miles de millones COP,16722
2015-12-01,gnc_ingresos,8562.8300,mensual,miles de millones COP,16722
2016-01-01,gnc_ingresos,13827.4100,mensual,miles de millones COP,16722
2016-02-01,gnc_ingresos,7100.1500,mensual,miles de millones COP,16722
2016-03-01,gnc_ingresos,9744.1900,mensual,miles de millones COP,16722
2016-04-01,gnc_ingresos,13743.1500,mensual,miles de millones COP,16722
2016-05-01,gnc_ingresos,13042.8400,mensual,miles de millones COP,16722
2016-06-01,gnc_ingresos,13449.5800,mensual,miles de millones COP,16722
2016-07-01,gnc_ingresos,9727.0300,mensual,miles de millones COP,16722
2016-08-01,gnc_ingresos,6633.4300,mensual,miles de millones COP,16722
2016-09-01,gnc_ingresos,13088.8500,mensual,miles de millones COP,16722
2016-10-01,gnc_ingresos,7038.0900,mensual,miles de millones COP,16722
2016-11-01,gnc_ingresos,10193.1900,mensual,miles de millones COP,16722
2016-12-01,gnc_ingresos,10779.1600,mensual,miles de millones COP,16722
2017-01-01,gnc_ingresos,13570.3500,mensual,miles de millones COP,16722
2017-02-01,gnc_ingresos,6944.1100,mensual,miles de millones COP,16722
2017-03-01,gnc_ingresos,10040.8200,mensual,miles de millones COP,16722
2017-04-01,gnc_ingresos,14533.5700,mensual,miles de millones COP,16722
2017-05-01,gnc_ingresos,14294.9000,mensual,miles de millones COP,16722
2017-06-01,gnc_ingresos,13558.1200,mensual,miles de millones COP,16722
2017-07-01,gnc_ingresos,11387.4400,mensual,miles de millones COP,16722
2017-08-01,gnc_ingresos,11697.5500,mensual,miles de millones COP,16722
2017-09-01,gnc_ingresos,18430.2600,mensual,miles de millones COP,16722
2017-10-01,gnc_ingresos,7512.2000,mensual,miles de millones COP,16722
2017-11-01,gnc_ingresos,11796.1800,mensual,miles de millones COP,16722
2017-12-01,gnc_ingresos,10296.9500,mensual,miles de millones COP,16722
2018-01-01,gnc_ingresos,15455.6000,mensual,miles de millones COP,16722
2018-02-01,gnc_ingresos,7717.8500,mensual,miles de millones COP,16722
2018-03-01,gnc_ingresos,11385.1500,mensual,miles de millones COP,16722
2018-04-01,gnc_ingresos,14320.8000,mensual,miles de millones COP,16722
2018-05-01,gnc_ingresos,13862.0400,mensual,miles de millones COP,16722
2018-06-01,gnc_ingresos,12959.7200,mensual,miles de millones COP,16722
2018-07-01,gnc_ingresos,12397.7200,mensual,miles de millones COP,16722
2018-08-01,gnc_ingresos,8272.0900,mensual,miles de millones COP,16722
2018-09-01,gnc_ingresos,15989.8900,mensual,miles de millones COP,16722
2018-10-01,gnc_ingresos,8379.0400,mensual,miles de millones COP,16722
2018-11-01,gnc_ingresos,13070.5900,mensual,miles de millones COP,16722
2018-12-01,gnc_ingresos,15481.7500,mensual,miles de millones COP,16722
2019-01-01,gnc_ingresos,16338.1400,mensual,miles de millones COP,16722
2019-02-01,gnc_ingresos,9991.2300,mensual,miles de millones COP,16722
2019-03-01,gnc_ingresos,14499.2000,mensual,miles de millones COP,16722
2019-04-01,gnc_ingresos,16612.2600,mensual,miles de millones COP,16722
2019-05-01,gnc_ingresos,15577.0200,mensual,miles de millones COP,16722
2019-06-01,gnc_ingresos,17255.8500,mensual,miles de millones COP,16722
2019-07-01,gnc_ingresos,14291.5400,mensual,miles de millones COP,16722
2019-08-01,gnc_ingresos,9182.4800,mensual,miles de millones COP,16722
2019-09-01,gnc_ingresos,19915.7500,mensual,miles de millones COP,16722
2019-10-01,gnc_ingresos,9178.7100,mensual,miles de millones COP,16722
2019-11-01,gnc_ingresos,14076.0500,mensual,miles de millones COP,16722
2019-12-01,gnc_ingresos,14943.0100,mensual,miles de millones COP,16722
2020-01-01,gnc_ingresos,18976.7400,mensual,miles de millones COP,16722
2020-02-01,gnc_ingresos,11100.8400,mensual,miles de millones COP,16722
2020-03-01,gnc_ingresos,18539.9200,mensual,miles de millones COP,16722
2020-04-01,gnc_ingresos,11352.5300,mensual,miles de millones COP,16722
2020-05-01,gnc_ingresos,12687.2800,mensual,miles de millones COP,16722
2020-06-01,gnc_ingresos,10587.1700,mensual,miles de millones COP,16722
2020-07-01,gnc_ingresos,10549.7400,mensual,miles de millones COP,16722
2020-08-01,gnc_ingresos,7953.7200,mensual,miles de millones COP,16722
2020-09-01,gnc_ingresos,14196.9300,mensual,miles de millones COP,16722
2020-10-01,gnc_ingresos,9785.7800,mensual,miles de millones COP,16722
2020-11-01,gnc_ingresos,14914.9800,mensual,miles de millones COP,16722
2020-12-01,gnc_ingresos,11922.5700,mensual,miles de millones COP,16722
2021-01-01,gnc_ingresos,17424.0600,mensual,miles de millones COP,16722
2021-02-01,gnc_ingresos,9996.0700,mensual,miles de millones COP,16722
2021-03-01,gnc_ingresos,20169.7600,mensual,miles de millones COP,16722
2021-04-01,gnc_ingresos,14692.7100,mensual,miles de millones COP,16722
2021-05-01,gnc_ingresos,15928.8000,mensual,miles de millones COP,16722
2021-06-01,gnc_ingresos,13873.4700,mensual,miles de millones COP,16722
2021-07-01,gnc_ingresos,14976.3600,mensual,miles de millones COP,16722
2021-08-01,gnc_ingresos,24433.2200,mensual,miles de millones COP,16722
2021-09-01,gnc_ingresos,17288.7800,mensual,miles de millones COP,16722
2021-10-01,gnc_ingresos,11346.0400,mensual,miles de millones COP,16722
2021-11-01,gnc_ingresos,18569.5500,mensual,miles de millones COP,16722
2021-12-01,gnc_ingresos,13359.6000,mensual,miles de millones COP,16722
2022-01-01,gnc_ingresos,22029.3900,mensual,miles de millones COP,16722
2022-02-01,gnc_ingresos,13233.8800,mensual,miles de millones COP,16722
2022-03-01,gnc_ingresos,17409.7200,mensual,miles de millones COP,16722
2022-04-01,gnc_ingresos,22863.8700,mensual,miles de millones COP,16722
2022-05-01,gnc_ingresos,21616.7700,mensual,miles de millones COP,16722
2022-06-01,gnc_ingresos,24389.4200,mensual,miles de millones COP,16722
2022-07-01,gnc_ingresos,23464.2200,mensual,miles de millones COP,16722
2022-08-01,gnc_ingresos,16211.2300,mensual,miles de millones COP,16722
2022-09-01,gnc_ingresos,24302.2200,mensual,miles de millones COP,16722
2022-10-01,gnc_ingresos,15768.8600,mensual,miles de millones COP,16722
2022-11-01,gnc_ingresos,21644.7900,mensual,miles de millones COP,16722
2022-12-01,gnc_ingresos,15328.5200,mensual,miles de millones COP,16722
2023-01-01,gnc_ingresos,26667.7600,mensual,miles de millones COP,16722
2023-02-01,gnc_ingresos,15371.4700,mensual,miles de millones COP,16722
2023-03-01,gnc_ingresos,22105.4200,mensual,miles de millones COP,16722
2023-04-01,gnc_ingresos,32171.3600,mensual,miles de millones COP,16722
2023-05-01,gnc_ingresos,24988.5000,mensual,miles de millones COP,16722
2023-06-01,gnc_ingresos,35579.0700,mensual,miles de millones COP,16722
2023-07-01,gnc_ingresos,25654.0300,mensual,miles de millones COP,16722
2023-08-01,gnc_ingresos,23205.5000,mensual,miles de millones COP,16722
2023-09-01,gnc_ingresos,33966.8300,mensual,miles de millones COP,16722
2023-10-01,gnc_ingresos,16009.0100,mensual,miles de millones COP,16722
2023-11-01,gnc_ingresos,21280.6500,mensual,miles de millones COP,16722
2023-12-01,gnc_ingresos,19365.7000,mensual,miles de millones COP,16722
2024-01-01,gnc_ingresos,29721.0000,mensual,miles de millones COP,16722
2024-02-01,gnc_ingresos,18077.6400,mensual,miles de millones COP,16722
2024-03-01,gnc_ingresos,30113.9600,mensual,miles de millones COP,16722
2024-04-01,gnc_ingresos,22857.1100,mensual,miles de millones COP,16722
2024-05-01,gnc_ingresos,28417.6500,mensual,miles de millones COP,16722
2024-06-01,gnc_ingresos,22306.3400,mensual,miles de millones COP,16722
2024-07-01,gnc_ingresos,28230.1700,mensual,miles de millones COP,16722
2024-08-01,gnc_ingresos,14613.9000,mensual,miles de millones COP,16722
2024-09-01,gnc_ingresos,28804.5700,mensual,miles de millones COP,16722
2024-10-01,gnc_ingresos,14640.1600,mensual,miles de millones COP,16722
2024-11-01,gnc_ingresos,21411.2600,mensual,miles de millones COP,16722
2024-12-01,gnc_ingresos,22266.4600,mensual,miles de millones COP,16722
2025-01-01,gnc_ingresos,29549.4700,mensual,miles de millones COP,16722
2025-02-01,gnc_ingresos,17277.3200,mensual,miles de millones COP,16722
2025-03-01,gnc_ingresos,30891.6500,mensual,miles de millones COP,16722
2025-04-01,gnc_ingresos,25305.9100,mensual,miles de millones COP,16722
2025-05-01,gnc_ingresos,31647.8000,mensual,miles de millones COP,16722
2025-06-01,gnc_ingresos,24181.4400,mensual,miles de millones COP,16722
2025-07-01,gnc_ingresos,31330.0800,mensual,miles de millones COP,16722
2025-08-01,gnc_ingresos,17440.1700,mensual,miles de millones COP,16722
2025-09-01,gnc_ingresos,29945.7300,mensual,miles de millones COP,16722
2025-10-01,gnc_ingresos,17119.1900,mensual,miles de millones COP,16722
2025-11-01,gnc_ingresos,21168.7100,mensual,miles de millones COP,16722
2025-12-01,gnc_ingresos,26907.6200,mensual,miles de millones COP,16722
2026-01-01,gnc_ingresos,32572.0200,mensual,miles de millones COP,16722
2026-02-01,gnc_ingresos,18838.5700,mensual,miles de millones COP,16722
2026-03-01,gnc_ingresos,37218.7700,mensual,miles de millones COP,16722
2026-04-01,gnc_ingresos,24701.4500,mensual,miles de millones COP,16722
2026-05-01,gnc_ingresos,38170.4500,mensual,miles de millones COP,16722
2026-06-01,gnc_ingresos,23668.0500,mensual,miles de millones COP,16722
2004-01-01,gnc_intereses,1453.3500,mensual,miles de millones COP,16724
2004-02-01,gnc_intereses,845.8300,mensual,miles de millones COP,16724
2004-03-01,gnc_intereses,994.5600,mensual,miles de millones COP,16724
2004-04-01,gnc_intereses,766.3700,mensual,miles de millones COP,16724
2004-05-01,gnc_intereses,1197.1400,mensual,miles de millones COP,16724
2004-06-01,gnc_intereses,970.2700,mensual,miles de millones COP,16724
2004-07-01,gnc_intereses,1064.5600,mensual,miles de millones COP,16724
2004-08-01,gnc_intereses,965.9100,mensual,miles de millones COP,16724
2004-09-01,gnc_intereses,592.0500,mensual,miles de millones COP,16724
2004-10-01,gnc_intereses,561.5700,mensual,miles de millones COP,16724
2004-11-01,gnc_intereses,753.3700,mensual,miles de millones COP,16724
2004-12-01,gnc_intereses,101.3500,mensual,miles de millones COP,16724
2005-01-01,gnc_intereses,921.2300,mensual,miles de millones COP,16724
2005-02-01,gnc_intereses,1186.5400,mensual,miles de millones COP,16724
2005-03-01,gnc_intereses,915.1100,mensual,miles de millones COP,16724
2005-04-01,gnc_intereses,756.7600,mensual,miles de millones COP,16724
2005-05-01,gnc_intereses,871.0100,mensual,miles de millones COP,16724
2005-06-01,gnc_intereses,672.0700,mensual,miles de millones COP,16724
2005-07-01,gnc_intereses,1434.9300,mensual,miles de millones COP,16724
2005-08-01,gnc_intereses,773.2700,mensual,miles de millones COP,16724
2005-09-01,gnc_intereses,1543.4900,mensual,miles de millones COP,16724
2005-10-01,gnc_intereses,72.8500,mensual,miles de millones COP,16724
2005-11-01,gnc_intereses,805.7300,mensual,miles de millones COP,16724
2005-12-01,gnc_intereses,-72.1000,mensual,miles de millones COP,16724
2006-01-01,gnc_intereses,983.8400,mensual,miles de millones COP,16724
2006-02-01,gnc_intereses,1538.7100,mensual,miles de millones COP,16724
2006-03-01,gnc_intereses,891.4400,mensual,miles de millones COP,16724
2006-04-01,gnc_intereses,1458.4000,mensual,miles de millones COP,16724
2006-05-01,gnc_intereses,768.7500,mensual,miles de millones COP,16724
2006-06-01,gnc_intereses,668.2400,mensual,miles de millones COP,16724
2006-07-01,gnc_intereses,2339.7500,mensual,miles de millones COP,16724
2006-08-01,gnc_intereses,854.9700,mensual,miles de millones COP,16724
2006-09-01,gnc_intereses,1671.4300,mensual,miles de millones COP,16724
2006-10-01,gnc_intereses,751.2600,mensual,miles de millones COP,16724
2006-11-01,gnc_intereses,1153.3600,mensual,miles de millones COP,16724
2006-12-01,gnc_intereses,269.3900,mensual,miles de millones COP,16724
2007-01-01,gnc_intereses,892.7400,mensual,miles de millones COP,16724
2007-02-01,gnc_intereses,1842.2000,mensual,miles de millones COP,16724
2007-03-01,gnc_intereses,1316.7400,mensual,miles de millones COP,16724
2007-04-01,gnc_intereses,1392.6500,mensual,miles de millones COP,16724
2007-05-01,gnc_intereses,918.2400,mensual,miles de millones COP,16724
2007-06-01,gnc_intereses,1024.0500,mensual,miles de millones COP,16724
2007-07-01,gnc_intereses,2093.0800,mensual,miles de millones COP,16724
2007-08-01,gnc_intereses,1169.8300,mensual,miles de millones COP,16724
2007-09-01,gnc_intereses,1750.2600,mensual,miles de millones COP,16724
2007-10-01,gnc_intereses,887.5000,mensual,miles de millones COP,16724
2007-11-01,gnc_intereses,1393.1800,mensual,miles de millones COP,16724
2007-12-01,gnc_intereses,335.9800,mensual,miles de millones COP,16724
2008-01-01,gnc_intereses,711.3300,mensual,miles de millones COP,16724
2008-02-01,gnc_intereses,1772.4900,mensual,miles de millones COP,16724
2008-03-01,gnc_intereses,314.4800,mensual,miles de millones COP,16724
2008-04-01,gnc_intereses,918.2000,mensual,miles de millones COP,16724
2008-05-01,gnc_intereses,1310.9200,mensual,miles de millones COP,16724
2008-06-01,gnc_intereses,1068.5600,mensual,miles de millones COP,16724
2008-07-01,gnc_intereses,2121.9500,mensual,miles de millones COP,16724
2008-08-01,gnc_intereses,969.2000,mensual,miles de millones COP,16724
2008-09-01,gnc_intereses,1533.1800,mensual,miles de millones COP,16724
2008-10-01,gnc_intereses,1572.5000,mensual,miles de millones COP,16724
2008-11-01,gnc_intereses,1331.4300,mensual,miles de millones COP,16724
2008-12-01,gnc_intereses,298.9200,mensual,miles de millones COP,16724
2009-01-01,gnc_intereses,558.6400,mensual,miles de millones COP,16724
2009-02-01,gnc_intereses,1804.1100,mensual,miles de millones COP,16724
2009-03-01,gnc_intereses,430.5800,mensual,miles de millones COP,16724
2009-04-01,gnc_intereses,404.4200,mensual,miles de millones COP,16724
2009-05-01,gnc_intereses,2292.1800,mensual,miles de millones COP,16724
2009-06-01,gnc_intereses,747.8200,mensual,miles de millones COP,16724
2009-07-01,gnc_intereses,2395.4800,mensual,miles de millones COP,16724
2009-08-01,gnc_intereses,1034.1800,mensual,miles de millones COP,16724
2009-09-01,gnc_intereses,1584.6000,mensual,miles de millones COP,16724
2009-10-01,gnc_intereses,1495.5900,mensual,miles de millones COP,16724
2009-11-01,gnc_intereses,1655.8600,mensual,miles de millones COP,16724
2009-12-01,gnc_intereses,179.1400,mensual,miles de millones COP,16724
2010-01-01,gnc_intereses,498.4100,mensual,miles de millones COP,16724
2010-02-01,gnc_intereses,1508.7000,mensual,miles de millones COP,16724
2010-03-01,gnc_intereses,504.6300,mensual,miles de millones COP,16724
2010-04-01,gnc_intereses,901.0600,mensual,miles de millones COP,16724
2010-05-01,gnc_intereses,2188.5600,mensual,miles de millones COP,16724
2010-06-01,gnc_intereses,1018.1100,mensual,miles de millones COP,16724
2010-07-01,gnc_intereses,2447.6100,mensual,miles de millones COP,16724
2010-08-01,gnc_intereses,970.1600,mensual,miles de millones COP,16724
2010-09-01,gnc_intereses,1368.5800,mensual,miles de millones COP,16724
2010-10-01,gnc_intereses,1264.7500,mensual,miles de millones COP,16724
2010-11-01,gnc_intereses,1250.0900,mensual,miles de millones COP,16724
2010-12-01,gnc_intereses,292.0300,mensual,miles de millones COP,16724
2011-01-01,gnc_intereses,472.8000,mensual,miles de millones COP,16724
2011-02-01,gnc_intereses,1153.6800,mensual,miles de millones COP,16724
2011-03-01,gnc_intereses,636.1200,mensual,miles de millones COP,16724
2011-04-01,gnc_intereses,927.4000,mensual,miles de millones COP,16724
2011-05-01,gnc_intereses,2605.5300,mensual,miles de millones COP,16724
2011-06-01,gnc_intereses,1340.9700,mensual,miles de millones COP,16724
2011-07-01,gnc_intereses,2838.6700,mensual,miles de millones COP,16724
2011-08-01,gnc_intereses,939.4600,mensual,miles de millones COP,16724
2011-09-01,gnc_intereses,1133.3100,mensual,miles de millones COP,16724
2011-10-01,gnc_intereses,2508.7000,mensual,miles de millones COP,16724
2011-11-01,gnc_intereses,901.1800,mensual,miles de millones COP,16724
2011-12-01,gnc_intereses,179.1600,mensual,miles de millones COP,16724
2012-01-01,gnc_intereses,561.8200,mensual,miles de millones COP,16724
2012-02-01,gnc_intereses,1406.2500,mensual,miles de millones COP,16724
2012-03-01,gnc_intereses,688.0800,mensual,miles de millones COP,16724
2012-04-01,gnc_intereses,921.9700,mensual,miles de millones COP,16724
2012-05-01,gnc_intereses,1647.5700,mensual,miles de millones COP,16724
2012-06-01,gnc_intereses,1548.3700,mensual,miles de millones COP,16724
2012-07-01,gnc_intereses,3092.1900,mensual,miles de millones COP,16724
2012-08-01,gnc_intereses,1124.6000,mensual,miles de millones COP,16724
2012-09-01,gnc_intereses,1097.5000,mensual,miles de millones COP,16724
2012-10-01,gnc_intereses,2886.7700,mensual,miles de millones COP,16724
2012-11-01,gnc_intereses,844.4100,mensual,miles de millones COP,16724
2012-12-01,gnc_intereses,256.6500,mensual,miles de millones COP,16724
2013-01-01,gnc_intereses,322.3400,mensual,miles de millones COP,16724
2013-02-01,gnc_intereses,1473.3000,mensual,miles de millones COP,16724
2013-03-01,gnc_intereses,726.1300,mensual,miles de millones COP,16724
2013-04-01,gnc_intereses,670.2200,mensual,miles de millones COP,16724
2013-05-01,gnc_intereses,2042.9700,mensual,miles de millones COP,16724
2013-06-01,gnc_intereses,1723.4200,mensual,miles de millones COP,16724
2013-07-01,gnc_intereses,2968.1800,mensual,miles de millones COP,16724
2013-08-01,gnc_intereses,741.6700,mensual,miles de millones COP,16724
2013-09-01,gnc_intereses,1072.1400,mensual,miles de millones COP,16724
2013-10-01,gnc_intereses,2801.3800,mensual,miles de millones COP,16724
2013-11-01,gnc_intereses,1100.7000,mensual,miles de millones COP,16724
2013-12-01,gnc_intereses,161.7800,mensual,miles de millones COP,16724
2014-01-01,gnc_intereses,179.2700,mensual,miles de millones COP,16724
2014-02-01,gnc_intereses,1556.1500,mensual,miles de millones COP,16724
2014-03-01,gnc_intereses,528.0000,mensual,miles de millones COP,16724
2014-04-01,gnc_intereses,513.3400,mensual,miles de millones COP,16724
2014-05-01,gnc_intereses,1941.5700,mensual,miles de millones COP,16724
2014-06-01,gnc_intereses,1686.3400,mensual,miles de millones COP,16724
2014-07-01,gnc_intereses,3305.7200,mensual,miles de millones COP,16724
2014-08-01,gnc_intereses,777.8600,mensual,miles de millones COP,16724
2014-09-01,gnc_intereses,1731.3300,mensual,miles de millones COP,16724
2014-10-01,gnc_intereses,2529.7400,mensual,miles de millones COP,16724
2014-11-01,gnc_intereses,755.0700,mensual,miles de millones COP,16724
2014-12-01,gnc_intereses,89.3800,mensual,miles de millones COP,16724
2015-01-01,gnc_intereses,285.0700,mensual,miles de millones COP,16724
2015-02-01,gnc_intereses,1307.0900,mensual,miles de millones COP,16724
2015-03-01,gnc_intereses,782.7700,mensual,miles de millones COP,16724
2015-04-01,gnc_intereses,770.0400,mensual,miles de millones COP,16724
2015-05-01,gnc_intereses,1383.4000,mensual,miles de millones COP,16724
2015-06-01,gnc_intereses,1717.2300,mensual,miles de millones COP,16724
2015-07-01,gnc_intereses,4521.9800,mensual,miles de millones COP,16724
2015-08-01,gnc_intereses,1302.5000,mensual,miles de millones COP,16724
2015-09-01,gnc_intereses,1974.3100,mensual,miles de millones COP,16724
2015-10-01,gnc_intereses,2267.3200,mensual,miles de millones COP,16724
2015-11-01,gnc_intereses,866.6300,mensual,miles de millones COP,16724
2015-12-01,gnc_intereses,442.8400,mensual,miles de millones COP,16724
2016-01-01,gnc_intereses,698.3800,mensual,miles de millones COP,16724
2016-02-01,gnc_intereses,1450.4700,mensual,miles de millones COP,16724
2016-03-01,gnc_intereses,1137.6700,mensual,miles de millones COP,16724
2016-04-01,gnc_intereses,1582.7500,mensual,miles de millones COP,16724
2016-05-01,gnc_intereses,2078.8400,mensual,miles de millones COP,16724
2016-06-01,gnc_intereses,1144.6000,mensual,miles de millones COP,16724
2016-07-01,gnc_intereses,5550.0100,mensual,miles de millones COP,16724
2016-08-01,gnc_intereses,1901.0000,mensual,miles de millones COP,16724
2016-09-01,gnc_intereses,2681.6900,mensual,miles de millones COP,16724
2016-10-01,gnc_intereses,1284.6000,mensual,miles de millones COP,16724
2016-11-01,gnc_intereses,1445.3200,mensual,miles de millones COP,16724
2016-12-01,gnc_intereses,572.4100,mensual,miles de millones COP,16724
2017-01-01,gnc_intereses,727.9600,mensual,miles de millones COP,16724
2017-02-01,gnc_intereses,1165.4300,mensual,miles de millones COP,16724
2017-03-01,gnc_intereses,1557.6200,mensual,miles de millones COP,16724
2017-04-01,gnc_intereses,2122.8400,mensual,miles de millones COP,16724
2017-05-01,gnc_intereses,2633.0300,mensual,miles de millones COP,16724
2017-06-01,gnc_intereses,1959.3000,mensual,miles de millones COP,16724
2017-07-01,gnc_intereses,5468.5600,mensual,miles de millones COP,16724
2017-08-01,gnc_intereses,2589.0200,mensual,miles de millones COP,16724
2017-09-01,gnc_intereses,2914.0200,mensual,miles de millones COP,16724
2017-10-01,gnc_intereses,1012.0700,mensual,miles de millones COP,16724
2017-11-01,gnc_intereses,855.3100,mensual,miles de millones COP,16724
2017-12-01,gnc_intereses,654.8600,mensual,miles de millones COP,16724
2018-01-01,gnc_intereses,493.6300,mensual,miles de millones COP,16724
2018-02-01,gnc_intereses,1264.6400,mensual,miles de millones COP,16724
2018-03-01,gnc_intereses,1901.0900,mensual,miles de millones COP,16724
2018-04-01,gnc_intereses,2067.2500,mensual,miles de millones COP,16724
2018-05-01,gnc_intereses,2975.6200,mensual,miles de millones COP,16724
2018-06-01,gnc_intereses,785.0100,mensual,miles de millones COP,16724
2018-07-01,gnc_intereses,6494.2300,mensual,miles de millones COP,16724
2018-08-01,gnc_intereses,2715.0200,mensual,miles de millones COP,16724
2018-09-01,gnc_intereses,2893.4600,mensual,miles de millones COP,16724
2018-10-01,gnc_intereses,703.0000,mensual,miles de millones COP,16724
2018-11-01,gnc_intereses,1357.1900,mensual,miles de millones COP,16724
2018-12-01,gnc_intereses,1097.3700,mensual,miles de millones COP,16724
2019-01-01,gnc_intereses,507.8400,mensual,miles de millones COP,16724
2019-02-01,gnc_intereses,1661.4200,mensual,miles de millones COP,16724
2019-03-01,gnc_intereses,2477.4000,mensual,miles de millones COP,16724
2019-04-01,gnc_intereses,2974.7300,mensual,miles de millones COP,16724
2019-05-01,gnc_intereses,3132.0500,mensual,miles de millones COP,16724
2019-06-01,gnc_intereses,848.1400,mensual,miles de millones COP,16724
2019-07-01,gnc_intereses,6127.6500,mensual,miles de millones COP,16724
2019-08-01,gnc_intereses,2849.4300,mensual,miles de millones COP,16724
2019-09-01,gnc_intereses,2446.4800,mensual,miles de millones COP,16724
2019-10-01,gnc_intereses,1013.9500,mensual,miles de millones COP,16724
2019-11-01,gnc_intereses,1675.7700,mensual,miles de millones COP,16724
2019-12-01,gnc_intereses,1180.0300,mensual,miles de millones COP,16724
2020-01-01,gnc_intereses,510.3100,mensual,miles de millones COP,16724
2020-02-01,gnc_intereses,2021.8700,mensual,miles de millones COP,16724
2020-03-01,gnc_intereses,2307.8000,mensual,miles de millones COP,16724
2020-04-01,gnc_intereses,3365.4600,mensual,miles de millones COP,16724
2020-05-01,gnc_intereses,3165.9300,mensual,miles de millones COP,16724
2020-06-01,gnc_intereses,2427.9600,mensual,miles de millones COP,16724
2020-07-01,gnc_intereses,3626.5500,mensual,miles de millones COP,16724
2020-08-01,gnc_intereses,2531.6800,mensual,miles de millones COP,16724
2020-09-01,gnc_intereses,1539.1800,mensual,miles de millones COP,16724
2020-10-01,gnc_intereses,2222.4100,mensual,miles de millones COP,16724
2020-11-01,gnc_intereses,2325.7200,mensual,miles de millones COP,16724
2020-12-01,gnc_intereses,553.0800,mensual,miles de millones COP,16724
2021-01-01,gnc_intereses,993.4000,mensual,miles de millones COP,16724
2021-02-01,gnc_intereses,2119.2200,mensual,miles de millones COP,16724
2021-03-01,gnc_intereses,2238.9500,mensual,miles de millones COP,16724
2021-04-01,gnc_intereses,3682.7300,mensual,miles de millones COP,16724
2021-05-01,gnc_intereses,3374.5900,mensual,miles de millones COP,16724
2021-06-01,gnc_intereses,3135.4700,mensual,miles de millones COP,16724
2021-07-01,gnc_intereses,4097.3900,mensual,miles de millones COP,16724
2021-08-01,gnc_intereses,3516.4500,mensual,miles de millones COP,16724
2021-09-01,gnc_intereses,2447.7000,mensual,miles de millones COP,16724
2021-10-01,gnc_intereses,3882.0000,mensual,miles de millones COP,16724
2021-11-01,gnc_intereses,3811.3500,mensual,miles de millones COP,16724
2021-12-01,gnc_intereses,724.8400,mensual,miles de millones COP,16724
2022-01-01,gnc_intereses,872.1400,mensual,miles de millones COP,16724
2022-02-01,gnc_intereses,3115.6000,mensual,miles de millones COP,16724
2022-03-01,gnc_intereses,3579.0800,mensual,miles de millones COP,16724
2022-04-01,gnc_intereses,4176.0000,mensual,miles de millones COP,16724
2022-05-01,gnc_intereses,4032.1200,mensual,miles de millones COP,16724
2022-06-01,gnc_intereses,5133.5100,mensual,miles de millones COP,16724
2022-07-01,gnc_intereses,6344.5700,mensual,miles de millones COP,16724
2022-08-01,gnc_intereses,4499.1000,mensual,miles de millones COP,16724
2022-09-01,gnc_intereses,4326.1300,mensual,miles de millones COP,16724
2022-10-01,gnc_intereses,4931.3200,mensual,miles de millones COP,16724
2022-11-01,gnc_intereses,3834.7800,mensual,miles de millones COP,16724
2022-12-01,gnc_intereses,1574.5700,mensual,miles de millones COP,16724
2023-01-01,gnc_intereses,1243.0000,mensual,miles de millones COP,16724
2023-02-01,gnc_intereses,3950.6200,mensual,miles de millones COP,16724
2023-03-01,gnc_intereses,5644.8100,mensual,miles de millones COP,16724
2023-04-01,gnc_intereses,5231.4300,mensual,miles de millones COP,16724
2023-05-01,gnc_intereses,5119.9100,mensual,miles de millones COP,16724
2023-06-01,gnc_intereses,4067.8900,mensual,miles de millones COP,16724
2023-07-01,gnc_intereses,4029.3100,mensual,miles de millones COP,16724
2023-08-01,gnc_intereses,3842.8400,mensual,miles de millones COP,16724
2023-09-01,gnc_intereses,2743.8700,mensual,miles de millones COP,16724
2023-10-01,gnc_intereses,5276.4300,mensual,miles de millones COP,16724
2023-11-01,gnc_intereses,3841.8100,mensual,miles de millones COP,16724
2023-12-01,gnc_intereses,910.4600,mensual,miles de millones COP,16724
2024-01-01,gnc_intereses,1091.9400,mensual,miles de millones COP,16724
2024-02-01,gnc_intereses,5847.6600,mensual,miles de millones COP,16724
2024-03-01,gnc_intereses,5256.5900,mensual,miles de millones COP,16724
2024-04-01,gnc_intereses,6221.5100,mensual,miles de millones COP,16724
2024-05-01,gnc_intereses,9340.1600,mensual,miles de millones COP,16724
2024-06-01,gnc_intereses,5042.0900,mensual,miles de millones COP,16724
2024-07-01,gnc_intereses,5582.4700,mensual,miles de millones COP,16724
2024-08-01,gnc_intereses,4470.9600,mensual,miles de millones COP,16724
2024-09-01,gnc_intereses,3604.4600,mensual,miles de millones COP,16724
2024-10-01,gnc_intereses,6224.6000,mensual,miles de millones COP,16724
2024-11-01,gnc_intereses,7372.7400,mensual,miles de millones COP,16724
2024-12-01,gnc_intereses,4797.5900,mensual,miles de millones COP,16724
2025-01-01,gnc_intereses,3400.5100,mensual,miles de millones COP,16724
2025-02-01,gnc_intereses,7689.3000,mensual,miles de millones COP,16724
2025-03-01,gnc_intereses,6561.2400,mensual,miles de millones COP,16724
2025-04-01,gnc_intereses,6253.6700,mensual,miles de millones COP,16724
2025-05-01,gnc_intereses,8372.8100,mensual,miles de millones COP,16724
2025-06-01,gnc_intereses,2679.7700,mensual,miles de millones COP,16724
2025-07-01,gnc_intereses,2492.6800,mensual,miles de millones COP,16724
2025-08-01,gnc_intereses,-4978.3300,mensual,miles de millones COP,16724
2025-09-01,gnc_intereses,651.1200,mensual,miles de millones COP,16724
2025-10-01,gnc_intereses,-3114.8400,mensual,miles de millones COP,16724
2025-11-01,gnc_intereses,10745.9700,mensual,miles de millones COP,16724
2025-12-01,gnc_intereses,747.3700,mensual,miles de millones COP,16724
2026-01-01,gnc_intereses,3041.4200,mensual,miles de millones COP,16724
2026-02-01,gnc_intereses,12694.5100,mensual,miles de millones COP,16724
2026-03-01,gnc_intereses,6674.9800,mensual,miles de millones COP,16724
2026-04-01,gnc_intereses,1821.1500,mensual,miles de millones COP,16724
2026-05-01,gnc_intereses,5885.2900,mensual,miles de millones COP,16724
2026-06-01,gnc_intereses,3048.1100,mensual,miles de millones COP,16724
2000-01-01,idce,47.8400,trimestral,millones USD,15134
2000-04-01,idce,145.9300,trimestral,millones USD,15134
2000-07-01,idce,6.2700,trimestral,millones USD,15134
2000-10-01,idce,125.3000,trimestral,millones USD,15134
2001-01-01,idce,36.5000,trimestral,millones USD,15134
2001-04-01,idce,62.9400,trimestral,millones USD,15134
2001-07-01,idce,-227.4100,trimestral,millones USD,15134
2001-10-01,idce,144.0900,trimestral,millones USD,15134
2002-01-01,idce,69.8900,trimestral,millones USD,15134
2002-04-01,idce,42.0300,trimestral,millones USD,15134
2002-07-01,idce,611.5000,trimestral,millones USD,15134
2002-10-01,idce,133.4100,trimestral,millones USD,15134
2003-01-01,idce,49.0600,trimestral,millones USD,15134
2003-04-01,idce,34.9900,trimestral,millones USD,15134
2003-07-01,idce,8.8700,trimestral,millones USD,15134
2003-10-01,idce,844.7700,trimestral,millones USD,15134
2004-01-01,idce,48.6600,trimestral,millones USD,15134
2004-04-01,idce,22.0900,trimestral,millones USD,15134
2004-07-01,idce,27.2800,trimestral,millones USD,15134
2004-10-01,idce,94.4200,trimestral,millones USD,15134
2005-01-01,idce,26.2500,trimestral,millones USD,15134
2005-04-01,idce,7.1300,trimestral,millones USD,15134
2005-07-01,idce,67.2100,trimestral,millones USD,15134
2005-10-01,idce,4694.9200,trimestral,millones USD,15134
2006-01-01,idce,250.6100,trimestral,millones USD,15134
2006-04-01,idce,300.4200,trimestral,millones USD,15134
2006-07-01,idce,763.5600,trimestral,millones USD,15134
2006-10-01,idce,-46.8200,trimestral,millones USD,15134
2007-01-01,idce,-296.7600,trimestral,millones USD,15134
2007-04-01,idce,167.4400,trimestral,millones USD,15134
2007-07-01,idce,348.4700,trimestral,millones USD,15134
2007-10-01,idce,1059.6500,trimestral,millones USD,15134
2008-01-01,idce,595.1600,trimestral,millones USD,15134
2008-04-01,idce,775.0300,trimestral,millones USD,15134
2008-07-01,idce,1033.0500,trimestral,millones USD,15134
2008-10-01,idce,681.8900,trimestral,millones USD,15134
2009-01-01,idce,1461.9300,trimestral,millones USD,15134
2009-04-01,idce,875.5100,trimestral,millones USD,15134
2009-07-01,idce,-29.0700,trimestral,millones USD,15134
2009-10-01,idce,1196.2900,trimestral,millones USD,15134
2010-01-01,idce,346.4200,trimestral,millones USD,15134
2010-04-01,idce,667.7000,trimestral,millones USD,15134
2010-07-01,idce,4669.1500,trimestral,millones USD,15134
2010-10-01,idce,-200.6100,trimestral,millones USD,15134
2011-01-01,idce,1512.3800,trimestral,millones USD,15134
2011-04-01,idce,412.1100,trimestral,millones USD,15134
2011-07-01,idce,2684.7300,trimestral,millones USD,15134
2011-10-01,idce,3810.6000,trimestral,millones USD,15134
2012-01-01,idce,-40.9600,trimestral,millones USD,15134
2012-04-01,idce,417.2600,trimestral,millones USD,15134
2012-07-01,idce,185.1300,trimestral,millones USD,15134
2012-10-01,idce,-1167.6300,trimestral,millones USD,15134
2013-01-01,idce,388.6100,trimestral,millones USD,15134
2013-04-01,idce,1052.5300,trimestral,millones USD,15134
2013-07-01,idce,1954.3100,trimestral,millones USD,15134
2013-10-01,idce,4256.6300,trimestral,millones USD,15134
2014-01-01,idce,894.9000,trimestral,millones USD,15134
2014-04-01,idce,1475.8800,trimestral,millones USD,15134
2014-07-01,idce,-1.8900,trimestral,millones USD,15134
2014-10-01,idce,1530.0500,trimestral,millones USD,15134
2015-01-01,idce,235.0300,trimestral,millones USD,15134
2015-04-01,idce,1145.8100,trimestral,millones USD,15134
2015-07-01,idce,1997.0600,trimestral,millones USD,15134
2015-10-01,idce,839.8400,trimestral,millones USD,15134
2016-01-01,idce,1011.8400,trimestral,millones USD,15134
2016-04-01,idce,912.7000,trimestral,millones USD,15134
2016-07-01,idce,676.8500,trimestral,millones USD,15134
2016-10-01,idce,1915.9500,trimestral,millones USD,15134
2017-01-01,idce,716.4500,trimestral,millones USD,15134
2017-04-01,idce,1274.7600,trimestral,millones USD,15134
2017-07-01,idce,844.5800,trimestral,millones USD,15134
2017-10-01,idce,853.7700,trimestral,millones USD,15134
2018-01-01,idce,1071.9800,trimestral,millones USD,15134
2018-04-01,idce,1500.3600,trimestral,millones USD,15134
2018-07-01,idce,329.7000,trimestral,millones USD,15134
2018-10-01,idce,2224.2900,trimestral,millones USD,15134
2019-01-01,idce,741.3900,trimestral,millones USD,15134
2019-04-01,idce,464.5600,trimestral,millones USD,15134
2019-07-01,idce,1485.4000,trimestral,millones USD,15134
2019-10-01,idce,462.1400,trimestral,millones USD,15134
2020-01-01,idce,1250.5000,trimestral,millones USD,15134
2020-04-01,idce,-353.4500,trimestral,millones USD,15134
2020-07-01,idce,585.5700,trimestral,millones USD,15134
2020-10-01,idce,250.8300,trimestral,millones USD,15134
2021-01-01,idce,868.7100,trimestral,millones USD,15134
2021-04-01,idce,984.4100,trimestral,millones USD,15134
2021-07-01,idce,179.1000,trimestral,millones USD,15134
2021-10-01,idce,1148.6000,trimestral,millones USD,15134
2022-01-01,idce,1283.9200,trimestral,millones USD,15134
2022-04-01,idce,1382.0100,trimestral,millones USD,15134
2022-07-01,idce,154.3100,trimestral,millones USD,15134
2022-10-01,idce,563.2700,trimestral,millones USD,15134
2023-01-01,idce,563.4900,trimestral,millones USD,15134
2023-04-01,idce,-106.9800,trimestral,millones USD,15134
2023-07-01,idce,503.2600,trimestral,millones USD,15134
2023-10-01,idce,309.0200,trimestral,millones USD,15134
2024-01-01,idce,1139.6200,trimestral,millones USD,15134
2024-04-01,idce,1119.5200,trimestral,millones USD,15134
2024-07-01,idce,848.9200,trimestral,millones USD,15134
2024-10-01,idce,1403.7300,trimestral,millones USD,15134
2025-01-01,idce,2644.5600,trimestral,millones USD,15134
2025-04-01,idce,1576.6300,trimestral,millones USD,15134
2025-07-01,idce,1048.4300,trimestral,millones USD,15134
2025-10-01,idce,1126.7300,trimestral,millones USD,15134
2026-01-01,idce,395.8900,trimestral,millones USD,15134
2026-04-01,idce,993.9700,trimestral,millones USD,15134
2000-01-01,ied,387.7900,trimestral,millones USD,15133
2000-04-01,ied,601.3600,trimestral,millones USD,15133
2000-07-01,ied,773.0800,trimestral,millones USD,15133
2000-10-01,ied,674.2300,trimestral,millones USD,15133
2001-01-01,ied,554.4200,trimestral,millones USD,15133
2001-04-01,ied,1041.7400,trimestral,millones USD,15133
2001-07-01,ied,234.0100,trimestral,millones USD,15133
2001-10-01,ied,711.7800,trimestral,millones USD,15133
2002-01-01,ied,909.0100,trimestral,millones USD,15133
2002-04-01,ied,601.6700,trimestral,millones USD,15133
2002-07-01,ied,197.1700,trimestral,millones USD,15133
2002-10-01,ied,425.8500,trimestral,millones USD,15133
2003-01-01,ied,319.1800,trimestral,millones USD,15133
2003-04-01,ied,519.9500,trimestral,millones USD,15133
2003-07-01,ied,540.9800,trimestral,millones USD,15133
2003-10-01,ied,340.3800,trimestral,millones USD,15133
2004-01-01,ied,681.6300,trimestral,millones USD,15133
2004-04-01,ied,747.5200,trimestral,millones USD,15133
2004-07-01,ied,885.5100,trimestral,millones USD,15133
2004-10-01,ied,800.9800,trimestral,millones USD,15133
2005-01-01,ied,880.2200,trimestral,millones USD,15133
2005-04-01,ied,1600.1800,trimestral,millones USD,15133
2005-07-01,ied,978.8000,trimestral,millones USD,15133
2005-10-01,ied,6776.2200,trimestral,millones USD,15133
2006-01-01,ied,1202.6800,trimestral,millones USD,15133
2006-04-01,ied,1809.7000,trimestral,millones USD,15133
2006-07-01,ied,1727.1800,trimestral,millones USD,15133
2006-10-01,ied,2011.0600,trimestral,millones USD,15133
2007-01-01,ied,2026.2800,trimestral,millones USD,15133
2007-04-01,ied,2228.7400,trimestral,millones USD,15133
2007-07-01,ied,2325.7300,trimestral,millones USD,15133
2007-10-01,ied,2305.0200,trimestral,millones USD,15133
2008-01-01,ied,2717.5400,trimestral,millones USD,15133
2008-04-01,ied,2346.3700,trimestral,millones USD,15133
2008-07-01,ied,2597.9700,trimestral,millones USD,15133
2008-10-01,ied,2902.2800,trimestral,millones USD,15133
2009-01-01,ied,2289.9000,trimestral,millones USD,15133
2009-04-01,ied,2789.6900,trimestral,millones USD,15133
2009-07-01,ied,1959.0900,trimestral,millones USD,15133
2009-10-01,ied,996.0700,trimestral,millones USD,15133
2010-01-01,ied,1205.5500,trimestral,millones USD,15133
2010-04-01,ied,1944.9000,trimestral,millones USD,15133
2010-07-01,ied,2348.6100,trimestral,millones USD,15133
2010-10-01,ied,930.9300,trimestral,millones USD,15133
2011-01-01,ied,3113.3200,trimestral,millones USD,15133
2011-04-01,ied,3103.7000,trimestral,millones USD,15133
2011-07-01,ied,3776.3700,trimestral,millones USD,15133
2011-10-01,ied,4653.6700,trimestral,millones USD,15133
2012-01-01,ied,3533.3300,trimestral,millones USD,15133
2012-04-01,ied,4233.1600,trimestral,millones USD,15133
2012-07-01,ied,3327.7600,trimestral,millones USD,15133
2012-10-01,ied,3945.7300,trimestral,millones USD,15133
2013-01-01,ied,3670.2900,trimestral,millones USD,15133
2013-04-01,ied,4015.0600,trimestral,millones USD,15133
2013-07-01,ied,4712.9700,trimestral,millones USD,15133
2013-10-01,ied,3812.0900,trimestral,millones USD,15133
2014-01-01,ied,3789.9300,trimestral,millones USD,15133
2014-04-01,ied,4945.4100,trimestral,millones USD,15133
2014-07-01,ied,3673.1800,trimestral,millones USD,15133
2014-10-01,ied,3760.1900,trimestral,millones USD,15133
2015-01-01,ied,3248.5400,trimestral,millones USD,15133
2015-04-01,ied,4068.1600,trimestral,millones USD,15133
2015-07-01,ied,2197.1600,trimestral,millones USD,15133
2015-10-01,ied,2106.6800,trimestral,millones USD,15133
2016-01-01,ied,4681.3600,trimestral,millones USD,15133
2016-04-01,ied,3656.9800,trimestral,millones USD,15133
2016-07-01,ied,2243.8700,trimestral,millones USD,15133
2016-10-01,ied,3275.7200,trimestral,millones USD,15133
2017-01-01,ied,2459.1100,trimestral,millones USD,15133
2017-04-01,ied,2492.1700,trimestral,millones USD,15133
2017-07-01,ied,4956.7000,trimestral,millones USD,15133
2017-10-01,ied,3792.9000,trimestral,millones USD,15133
2018-01-01,ied,1982.3200,trimestral,millones USD,15133
2018-04-01,ied,3772.9400,trimestral,millones USD,15133
2018-07-01,ied,2704.4000,trimestral,millones USD,15133
2018-10-01,ied,2839.0200,trimestral,millones USD,15133
2019-01-01,ied,3393.7000,trimestral,millones USD,15133
2019-04-01,ied,4090.1600,trimestral,millones USD,15133
2019-07-01,ied,3163.0900,trimestral,millones USD,15133
2019-10-01,ied,3342.2000,trimestral,millones USD,15133
2020-01-01,ied,3174.6000,trimestral,millones USD,15133
2020-04-01,ied,1371.3800,trimestral,millones USD,15133
2020-07-01,ied,843.9900,trimestral,millones USD,15133
2020-10-01,ied,2068.6600,trimestral,millones USD,15133
2021-01-01,ied,2306.8500,trimestral,millones USD,15133
2021-04-01,ied,1997.0200,trimestral,millones USD,15133
2021-07-01,ied,2706.9900,trimestral,millones USD,15133
2021-10-01,ied,2550.4700,trimestral,millones USD,15133
2022-01-01,ied,4934.4900,trimestral,millones USD,15133
2022-04-01,ied,5042.6000,trimestral,millones USD,15133
2022-07-01,ied,3113.2200,trimestral,millones USD,15133
2022-10-01,ied,4091.9200,trimestral,millones USD,15133
2023-01-01,ied,4163.9000,trimestral,millones USD,15133
2023-04-01,ied,5334.7600,trimestral,millones USD,15133
2023-07-01,ied,3837.9700,trimestral,millones USD,15133
2023-10-01,ied,3457.0600,trimestral,millones USD,15133
2024-01-01,ied,3547.4900,trimestral,millones USD,15133
2024-04-01,ied,2765.9100,trimestral,millones USD,15133
2024-07-01,ied,3304.5500,trimestral,millones USD,15133
2024-10-01,ied,4065.9300,trimestral,millones USD,15133
2025-01-01,ied,2823.7600,trimestral,millones USD,15133
2025-04-01,ied,3382.0300,trimestral,millones USD,15133
2025-07-01,ied,2981.5800,trimestral,millones USD,15133
2025-10-01,ied,2354.0100,trimestral,millones USD,15133
2026-01-01,ied,3955.7700,trimestral,millones USD,15133
2026-04-01,ied,4182.0700,trimestral,millones USD,15133
1996-01-01,ied_agro,3.3400,trimestral,millones USD,15368
1996-04-01,ied_agro,4.9500,trimestral,millones USD,15368
1996-07-01,ied_agro,16.2100,trimestral,millones USD,15368
1996-10-01,ied_agro,12.1700,trimestral,millones USD,15368
1997-01-01,ied_agro,1.2400,trimestral,millones USD,15368
1997-04-01,ied_agro,1.5300,trimestral,millones USD,15368
1997-07-01,ied_agro,3.7700,trimestral,millones USD,15368
1997-10-01,ied_agro,5.0100,trimestral,millones USD,15368
1998-01-01,ied_agro,2.7300,trimestral,millones USD,15368
1998-04-01,ied_agro,6.2400,trimestral,millones USD,15368
1998-07-01,ied_agro,11.8600,trimestral,millones USD,15368
1998-10-01,ied_agro,2.8000,trimestral,millones USD,15368
1999-01-01,ied_agro,9.8700,trimestral,millones USD,15368
1999-04-01,ied_agro,5.6000,trimestral,millones USD,15368
1999-07-01,ied_agro,8.4600,trimestral,millones USD,15368
1999-10-01,ied_agro,6.5100,trimestral,millones USD,15368
2000-01-01,ied_agro,-0.9900,trimestral,millones USD,15368
2000-04-01,ied_agro,0.3200,trimestral,millones USD,15368
2000-07-01,ied_agro,1.8300,trimestral,millones USD,15368
2000-10-01,ied_agro,-1.5700,trimestral,millones USD,15368
2001-01-01,ied_agro,-0.4400,trimestral,millones USD,15368
2001-04-01,ied_agro,0.0100,trimestral,millones USD,15368
2001-07-01,ied_agro,6.6800,trimestral,millones USD,15368
2001-10-01,ied_agro,6.2100,trimestral,millones USD,15368
2002-01-01,ied_agro,-0.0200,trimestral,millones USD,15368
2002-04-01,ied_agro,-5.7600,trimestral,millones USD,15368
2002-07-01,ied_agro,-0.8100,trimestral,millones USD,15368
2002-10-01,ied_agro,1.5200,trimestral,millones USD,15368
2003-01-01,ied_agro,1.1200,trimestral,millones USD,15368
2003-04-01,ied_agro,2.1000,trimestral,millones USD,15368
2003-07-01,ied_agro,1.9900,trimestral,millones USD,15368
2003-10-01,ied_agro,2.7700,trimestral,millones USD,15368
2004-01-01,ied_agro,-0.1600,trimestral,millones USD,15368
2004-04-01,ied_agro,3.1200,trimestral,millones USD,15368
2004-07-01,ied_agro,-0.2100,trimestral,millones USD,15368
2004-10-01,ied_agro,0.5500,trimestral,millones USD,15368
2005-01-01,ied_agro,2.6300,trimestral,millones USD,15368
2005-04-01,ied_agro,1.1100,trimestral,millones USD,15368
2005-07-01,ied_agro,1.4400,trimestral,millones USD,15368
2005-10-01,ied_agro,-0.0100,trimestral,millones USD,15368
2006-01-01,ied_agro,-3.6200,trimestral,millones USD,15368
2006-04-01,ied_agro,-1.8100,trimestral,millones USD,15368
2006-07-01,ied_agro,1.7300,trimestral,millones USD,15368
2006-10-01,ied_agro,9.5900,trimestral,millones USD,15368
2007-01-01,ied_agro,14.1500,trimestral,millones USD,15368
2007-04-01,ied_agro,3.5300,trimestral,millones USD,15368
2007-07-01,ied_agro,11.4800,trimestral,millones USD,15368
2007-10-01,ied_agro,9.3700,trimestral,millones USD,15368
2008-01-01,ied_agro,6.9100,trimestral,millones USD,15368
2008-04-01,ied_agro,12.4300,trimestral,millones USD,15368
2008-07-01,ied_agro,8.7800,trimestral,millones USD,15368
2008-10-01,ied_agro,8.2300,trimestral,millones USD,15368
2009-01-01,ied_agro,4.3200,trimestral,millones USD,15368
2009-04-01,ied_agro,2.9000,trimestral,millones USD,15368
2009-07-01,ied_agro,1.7400,trimestral,millones USD,15368
2009-10-01,ied_agro,9.3500,trimestral,millones USD,15368
2010-01-01,ied_agro,2.8800,trimestral,millones USD,15368
2010-04-01,ied_agro,17.1600,trimestral,millones USD,15368
2010-07-01,ied_agro,23.7700,trimestral,millones USD,15368
2010-10-01,ied_agro,14.3300,trimestral,millones USD,15368
2011-01-01,ied_agro,19.2400,trimestral,millones USD,15368
2011-04-01,ied_agro,57.0600,trimestral,millones USD,15368
2011-07-01,ied_agro,33.9900,trimestral,millones USD,15368
2011-10-01,ied_agro,33.8000,trimestral,millones USD,15368
2012-01-01,ied_agro,16.1800,trimestral,millones USD,15368
2012-04-01,ied_agro,5.0600,trimestral,millones USD,15368
2012-07-01,ied_agro,20.1300,trimestral,millones USD,15368
2012-10-01,ied_agro,-24.7500,trimestral,millones USD,15368
2013-01-01,ied_agro,38.1600,trimestral,millones USD,15368
2013-04-01,ied_agro,57.9900,trimestral,millones USD,15368
2013-07-01,ied_agro,67.3800,trimestral,millones USD,15368
2013-10-01,ied_agro,129.5100,trimestral,millones USD,15368
2014-01-01,ied_agro,32.9400,trimestral,millones USD,15368
2014-04-01,ied_agro,29.6700,trimestral,millones USD,15368
2014-07-01,ied_agro,110.0700,trimestral,millones USD,15368
2014-10-01,ied_agro,21.3500,trimestral,millones USD,15368
2015-01-01,ied_agro,48.9000,trimestral,millones USD,15368
2015-04-01,ied_agro,61.9300,trimestral,millones USD,15368
2015-07-01,ied_agro,27.0000,trimestral,millones USD,15368
2015-10-01,ied_agro,56.0100,trimestral,millones USD,15368
2016-01-01,ied_agro,56.5200,trimestral,millones USD,15368
2016-04-01,ied_agro,70.1500,trimestral,millones USD,15368
2016-07-01,ied_agro,70.3700,trimestral,millones USD,15368
2016-10-01,ied_agro,94.5100,trimestral,millones USD,15368
2017-01-01,ied_agro,59.1800,trimestral,millones USD,15368
2017-04-01,ied_agro,54.3300,trimestral,millones USD,15368
2017-07-01,ied_agro,48.8000,trimestral,millones USD,15368
2017-10-01,ied_agro,51.5600,trimestral,millones USD,15368
2018-01-01,ied_agro,32.2500,trimestral,millones USD,15368
2018-04-01,ied_agro,68.2800,trimestral,millones USD,15368
2018-07-01,ied_agro,58.2000,trimestral,millones USD,15368
2018-10-01,ied_agro,45.5300,trimestral,millones USD,15368
2019-01-01,ied_agro,73.7900,trimestral,millones USD,15368
2019-04-01,ied_agro,84.5000,trimestral,millones USD,15368
2019-07-01,ied_agro,120.4200,trimestral,millones USD,15368
2019-10-01,ied_agro,86.2500,trimestral,millones USD,15368
2020-01-01,ied_agro,62.3800,trimestral,millones USD,15368
2020-04-01,ied_agro,60.4300,trimestral,millones USD,15368
2020-07-01,ied_agro,-2.2800,trimestral,millones USD,15368
2020-10-01,ied_agro,72.2200,trimestral,millones USD,15368
2021-01-01,ied_agro,66.8500,trimestral,millones USD,15368
2021-04-01,ied_agro,54.8700,trimestral,millones USD,15368
2021-07-01,ied_agro,71.3000,trimestral,millones USD,15368
2021-10-01,ied_agro,88.1000,trimestral,millones USD,15368
2022-01-01,ied_agro,76.2700,trimestral,millones USD,15368
2022-04-01,ied_agro,74.5200,trimestral,millones USD,15368
2022-07-01,ied_agro,59.4300,trimestral,millones USD,15368
2022-10-01,ied_agro,115.3500,trimestral,millones USD,15368
2023-01-01,ied_agro,59.1700,trimestral,millones USD,15368
2023-04-01,ied_agro,67.1900,trimestral,millones USD,15368
2023-07-01,ied_agro,123.4700,trimestral,millones USD,15368
2023-10-01,ied_agro,85.4300,trimestral,millones USD,15368
2024-01-01,ied_agro,43.3000,trimestral,millones USD,15368
2024-04-01,ied_agro,64.8400,trimestral,millones USD,15368
2024-07-01,ied_agro,44.1500,trimestral,millones USD,15368
2024-10-01,ied_agro,39.1000,trimestral,millones USD,15368
2025-01-01,ied_agro,57.5900,trimestral,millones USD,15368
2025-04-01,ied_agro,29.8500,trimestral,millones USD,15368
2025-07-01,ied_agro,52.9700,trimestral,millones USD,15368
2025-10-01,ied_agro,36.7400,trimestral,millones USD,15368
2026-01-01,ied_agro,66.7000,trimestral,millones USD,15368
2026-04-01,ied_agro,66.5500,trimestral,millones USD,15368
1996-01-01,ied_comercio,-2.6400,trimestral,millones USD,15373
1996-04-01,ied_comercio,2.5800,trimestral,millones USD,15373
1996-07-01,ied_comercio,37.9600,trimestral,millones USD,15373
1996-10-01,ied_comercio,40.8100,trimestral,millones USD,15373
1997-01-01,ied_comercio,14.5600,trimestral,millones USD,15373
1997-04-01,ied_comercio,16.9400,trimestral,millones USD,15373
1997-07-01,ied_comercio,36.8900,trimestral,millones USD,15373
1997-10-01,ied_comercio,47.9800,trimestral,millones USD,15373
1998-01-01,ied_comercio,32.4300,trimestral,millones USD,15373
1998-04-01,ied_comercio,71.6600,trimestral,millones USD,15373
1998-07-01,ied_comercio,39.1800,trimestral,millones USD,15373
1998-10-01,ied_comercio,48.1500,trimestral,millones USD,15373
1999-01-01,ied_comercio,18.1200,trimestral,millones USD,15373
1999-04-01,ied_comercio,30.9100,trimestral,millones USD,15373
1999-07-01,ied_comercio,251.9400,trimestral,millones USD,15373
1999-10-01,ied_comercio,32.8000,trimestral,millones USD,15373
2000-01-01,ied_comercio,0.9800,trimestral,millones USD,15373
2000-04-01,ied_comercio,-5.6000,trimestral,millones USD,15373
2000-07-01,ied_comercio,3.0200,trimestral,millones USD,15373
2000-10-01,ied_comercio,11.3500,trimestral,millones USD,15373
2001-01-01,ied_comercio,21.7300,trimestral,millones USD,15373
2001-04-01,ied_comercio,33.0700,trimestral,millones USD,15373
2001-07-01,ied_comercio,127.2500,trimestral,millones USD,15373
2001-10-01,ied_comercio,22.5800,trimestral,millones USD,15373
2002-01-01,ied_comercio,-1.6800,trimestral,millones USD,15373
2002-04-01,ied_comercio,52.5700,trimestral,millones USD,15373
2002-07-01,ied_comercio,29.1200,trimestral,millones USD,15373
2002-10-01,ied_comercio,35.9200,trimestral,millones USD,15373
2003-01-01,ied_comercio,22.9200,trimestral,millones USD,15373
2003-04-01,ied_comercio,87.4500,trimestral,millones USD,15373
2003-07-01,ied_comercio,70.2600,trimestral,millones USD,15373
2003-10-01,ied_comercio,41.3500,trimestral,millones USD,15373
2004-01-01,ied_comercio,49.5200,trimestral,millones USD,15373
2004-04-01,ied_comercio,47.8400,trimestral,millones USD,15373
2004-07-01,ied_comercio,52.8200,trimestral,millones USD,15373
2004-10-01,ied_comercio,51.8000,trimestral,millones USD,15373
2005-01-01,ied_comercio,68.1500,trimestral,millones USD,15373
2005-04-01,ied_comercio,83.7200,trimestral,millones USD,15373
2005-07-01,ied_comercio,72.1100,trimestral,millones USD,15373
2005-10-01,ied_comercio,75.5100,trimestral,millones USD,15373
2006-01-01,ied_comercio,102.7100,trimestral,millones USD,15373
2006-04-01,ied_comercio,118.3200,trimestral,millones USD,15373
2006-07-01,ied_comercio,110.8500,trimestral,millones USD,15373
2006-10-01,ied_comercio,169.0600,trimestral,millones USD,15373
2007-01-01,ied_comercio,245.9200,trimestral,millones USD,15373
2007-04-01,ied_comercio,274.6100,trimestral,millones USD,15373
2007-07-01,ied_comercio,96.0200,trimestral,millones USD,15373
2007-10-01,ied_comercio,162.8200,trimestral,millones USD,15373
2008-01-01,ied_comercio,444.4900,trimestral,millones USD,15373
2008-04-01,ied_comercio,142.2500,trimestral,millones USD,15373
2008-07-01,ied_comercio,201.1900,trimestral,millones USD,15373
2008-10-01,ied_comercio,229.6400,trimestral,millones USD,15373
2009-01-01,ied_comercio,71.7600,trimestral,millones USD,15373
2009-04-01,ied_comercio,147.7200,trimestral,millones USD,15373
2009-07-01,ied_comercio,132.6700,trimestral,millones USD,15373
2009-10-01,ied_comercio,233.8600,trimestral,millones USD,15373
2010-01-01,ied_comercio,10.7100,trimestral,millones USD,15373
2010-04-01,ied_comercio,77.8700,trimestral,millones USD,15373
2010-07-01,ied_comercio,97.7600,trimestral,millones USD,15373
2010-10-01,ied_comercio,34.9300,trimestral,millones USD,15373
2011-01-01,ied_comercio,299.7100,trimestral,millones USD,15373
2011-04-01,ied_comercio,226.3400,trimestral,millones USD,15373
2011-07-01,ied_comercio,1088.1300,trimestral,millones USD,15373
2011-10-01,ied_comercio,818.0800,trimestral,millones USD,15373
2012-01-01,ied_comercio,532.8100,trimestral,millones USD,15373
2012-04-01,ied_comercio,268.7700,trimestral,millones USD,15373
2012-07-01,ied_comercio,250.0500,trimestral,millones USD,15373
2012-10-01,ied_comercio,323.5600,trimestral,millones USD,15373
2013-01-01,ied_comercio,460.1600,trimestral,millones USD,15373
2013-04-01,ied_comercio,164.5600,trimestral,millones USD,15373
2013-07-01,ied_comercio,205.2600,trimestral,millones USD,15373
2013-10-01,ied_comercio,344.9600,trimestral,millones USD,15373
2014-01-01,ied_comercio,22.5300,trimestral,millones USD,15373
2014-04-01,ied_comercio,143.1000,trimestral,millones USD,15373
2014-07-01,ied_comercio,138.2000,trimestral,millones USD,15373
2014-10-01,ied_comercio,30.3900,trimestral,millones USD,15373
2015-01-01,ied_comercio,503.8000,trimestral,millones USD,15373
2015-04-01,ied_comercio,437.3500,trimestral,millones USD,15373
2015-07-01,ied_comercio,322.3800,trimestral,millones USD,15373
2015-10-01,ied_comercio,287.0200,trimestral,millones USD,15373
2016-01-01,ied_comercio,140.2000,trimestral,millones USD,15373
2016-04-01,ied_comercio,239.2000,trimestral,millones USD,15373
2016-07-01,ied_comercio,72.1200,trimestral,millones USD,15373
2016-10-01,ied_comercio,455.7800,trimestral,millones USD,15373
2017-01-01,ied_comercio,168.7900,trimestral,millones USD,15373
2017-04-01,ied_comercio,152.8100,trimestral,millones USD,15373
2017-07-01,ied_comercio,129.7100,trimestral,millones USD,15373
2017-10-01,ied_comercio,242.7800,trimestral,millones USD,15373
2018-01-01,ied_comercio,223.7600,trimestral,millones USD,15373
2018-04-01,ied_comercio,333.1500,trimestral,millones USD,15373
2018-07-01,ied_comercio,288.7300,trimestral,millones USD,15373
2018-10-01,ied_comercio,300.6600,trimestral,millones USD,15373
2019-01-01,ied_comercio,274.6500,trimestral,millones USD,15373
2019-04-01,ied_comercio,357.2000,trimestral,millones USD,15373
2019-07-01,ied_comercio,217.3000,trimestral,millones USD,15373
2019-10-01,ied_comercio,1276.1600,trimestral,millones USD,15373
2020-01-01,ied_comercio,241.3100,trimestral,millones USD,15373
2020-04-01,ied_comercio,237.1800,trimestral,millones USD,15373
2020-07-01,ied_comercio,153.9100,trimestral,millones USD,15373
2020-10-01,ied_comercio,214.1800,trimestral,millones USD,15373
2021-01-01,ied_comercio,190.0900,trimestral,millones USD,15373
2021-04-01,ied_comercio,252.9800,trimestral,millones USD,15373
2021-07-01,ied_comercio,265.7900,trimestral,millones USD,15373
2021-10-01,ied_comercio,248.4900,trimestral,millones USD,15373
2022-01-01,ied_comercio,225.8700,trimestral,millones USD,15373
2022-04-01,ied_comercio,304.7600,trimestral,millones USD,15373
2022-07-01,ied_comercio,546.9800,trimestral,millones USD,15373
2022-10-01,ied_comercio,464.1000,trimestral,millones USD,15373
2023-01-01,ied_comercio,385.1700,trimestral,millones USD,15373
2023-04-01,ied_comercio,450.3900,trimestral,millones USD,15373
2023-07-01,ied_comercio,297.8000,trimestral,millones USD,15373
2023-10-01,ied_comercio,276.4600,trimestral,millones USD,15373
2024-01-01,ied_comercio,528.0000,trimestral,millones USD,15373
2024-04-01,ied_comercio,282.8700,trimestral,millones USD,15373
2024-07-01,ied_comercio,418.3400,trimestral,millones USD,15373
2024-10-01,ied_comercio,685.2600,trimestral,millones USD,15373
2025-01-01,ied_comercio,92.3500,trimestral,millones USD,15373
2025-04-01,ied_comercio,400.3600,trimestral,millones USD,15373
2025-07-01,ied_comercio,304.2500,trimestral,millones USD,15373
2025-10-01,ied_comercio,316.3400,trimestral,millones USD,15373
2026-01-01,ied_comercio,280.3500,trimestral,millones USD,15373
2026-04-01,ied_comercio,410.6600,trimestral,millones USD,15373
1996-01-01,ied_construccion,-2.2700,trimestral,millones USD,15372
1996-04-01,ied_construccion,-0.3700,trimestral,millones USD,15372
1996-07-01,ied_construccion,12.8100,trimestral,millones USD,15372
1996-10-01,ied_construccion,10.0200,trimestral,millones USD,15372
1997-01-01,ied_construccion,24.5700,trimestral,millones USD,15372
1997-04-01,ied_construccion,26.4700,trimestral,millones USD,15372
1997-07-01,ied_construccion,34.2300,trimestral,millones USD,15372
1997-10-01,ied_construccion,38.3400,trimestral,millones USD,15372
1998-01-01,ied_construccion,-16.7400,trimestral,millones USD,15372
1998-04-01,ied_construccion,-13.3200,trimestral,millones USD,15372
1998-07-01,ied_construccion,-13.3400,trimestral,millones USD,15372
1998-10-01,ied_construccion,-8.5600,trimestral,millones USD,15372
1999-01-01,ied_construccion,14.0000,trimestral,millones USD,15372
1999-04-01,ied_construccion,0.2000,trimestral,millones USD,15372
1999-07-01,ied_construccion,-7.4300,trimestral,millones USD,15372
1999-10-01,ied_construccion,-7.8900,trimestral,millones USD,15372
2000-01-01,ied_construccion,-1.9400,trimestral,millones USD,15372
2000-04-01,ied_construccion,-7.5700,trimestral,millones USD,15372
2000-07-01,ied_construccion,-0.4500,trimestral,millones USD,15372
2000-10-01,ied_construccion,-11.0700,trimestral,millones USD,15372
2001-01-01,ied_construccion,17.7200,trimestral,millones USD,15372
2001-04-01,ied_construccion,23.2700,trimestral,millones USD,15372
2001-07-01,ied_construccion,21.9000,trimestral,millones USD,15372
2001-10-01,ied_construccion,20.8800,trimestral,millones USD,15372
2002-01-01,ied_construccion,-2.6700,trimestral,millones USD,15372
2002-04-01,ied_construccion,2.3300,trimestral,millones USD,15372
2002-07-01,ied_construccion,-2.8100,trimestral,millones USD,15372
2002-10-01,ied_construccion,-1.0900,trimestral,millones USD,15372
2003-01-01,ied_construccion,-0.6100,trimestral,millones USD,15372
2003-04-01,ied_construccion,-5.2200,trimestral,millones USD,15372
2003-07-01,ied_construccion,-8.6500,trimestral,millones USD,15372
2003-10-01,ied_construccion,6.4800,trimestral,millones USD,15372
2004-01-01,ied_construccion,15.3200,trimestral,millones USD,15372
2004-04-01,ied_construccion,23.2900,trimestral,millones USD,15372
2004-07-01,ied_construccion,18.1900,trimestral,millones USD,15372
2004-10-01,ied_construccion,16.7000,trimestral,millones USD,15372
2005-01-01,ied_construccion,24.5500,trimestral,millones USD,15372
2005-04-01,ied_construccion,39.2500,trimestral,millones USD,15372
2005-07-01,ied_construccion,43.5800,trimestral,millones USD,15372
2005-10-01,ied_construccion,42.9400,trimestral,millones USD,15372
2006-01-01,ied_construccion,38.3000,trimestral,millones USD,15372
2006-04-01,ied_construccion,47.2700,trimestral,millones USD,15372
2006-07-01,ied_construccion,49.9800,trimestral,millones USD,15372
2006-10-01,ied_construccion,23.1900,trimestral,millones USD,15372
2007-01-01,ied_construccion,48.5200,trimestral,millones USD,15372
2007-04-01,ied_construccion,62.0700,trimestral,millones USD,15372
2007-07-01,ied_construccion,55.9000,trimestral,millones USD,15372
2007-10-01,ied_construccion,56.4400,trimestral,millones USD,15372
2008-01-01,ied_construccion,79.9500,trimestral,millones USD,15372
2008-04-01,ied_construccion,96.7500,trimestral,millones USD,15372
2008-07-01,ied_construccion,131.7200,trimestral,millones USD,15372
2008-10-01,ied_construccion,78.7800,trimestral,millones USD,15372
2009-01-01,ied_construccion,49.1700,trimestral,millones USD,15372
2009-04-01,ied_construccion,49.7600,trimestral,millones USD,15372
2009-07-01,ied_construccion,63.4900,trimestral,millones USD,15372
2009-10-01,ied_construccion,88.8200,trimestral,millones USD,15372
2010-01-01,ied_construccion,63.4000,trimestral,millones USD,15372
2010-04-01,ied_construccion,59.8500,trimestral,millones USD,15372
2010-07-01,ied_construccion,88.1000,trimestral,millones USD,15372
2010-10-01,ied_construccion,90.5000,trimestral,millones USD,15372
2011-01-01,ied_construccion,118.9100,trimestral,millones USD,15372
2011-04-01,ied_construccion,116.3400,trimestral,millones USD,15372
2011-07-01,ied_construccion,121.1500,trimestral,millones USD,15372
2011-10-01,ied_construccion,87.9900,trimestral,millones USD,15372
2012-01-01,ied_construccion,154.4400,trimestral,millones USD,15372
2012-04-01,ied_construccion,62.6300,trimestral,millones USD,15372
2012-07-01,ied_construccion,86.6900,trimestral,millones USD,15372
2012-10-01,ied_construccion,97.7200,trimestral,millones USD,15372
2013-01-01,ied_construccion,26.1000,trimestral,millones USD,15372
2013-04-01,ied_construccion,66.0300,trimestral,millones USD,15372
2013-07-01,ied_construccion,147.1800,trimestral,millones USD,15372
2013-10-01,ied_construccion,118.5300,trimestral,millones USD,15372
2014-01-01,ied_construccion,134.6500,trimestral,millones USD,15372
2014-04-01,ied_construccion,153.0200,trimestral,millones USD,15372
2014-07-01,ied_construccion,178.3600,trimestral,millones USD,15372
2014-10-01,ied_construccion,181.8000,trimestral,millones USD,15372
2015-01-01,ied_construccion,68.5200,trimestral,millones USD,15372
2015-04-01,ied_construccion,217.8100,trimestral,millones USD,15372
2015-07-01,ied_construccion,200.9800,trimestral,millones USD,15372
2015-10-01,ied_construccion,205.5900,trimestral,millones USD,15372
2016-01-01,ied_construccion,132.8900,trimestral,millones USD,15372
2016-04-01,ied_construccion,166.2100,trimestral,millones USD,15372
2016-07-01,ied_construccion,164.3600,trimestral,millones USD,15372
2016-10-01,ied_construccion,149.5700,trimestral,millones USD,15372
2017-01-01,ied_construccion,140.7500,trimestral,millones USD,15372
2017-04-01,ied_construccion,-132.2000,trimestral,millones USD,15372
2017-07-01,ied_construccion,157.2500,trimestral,millones USD,15372
2017-10-01,ied_construccion,132.4800,trimestral,millones USD,15372
2018-01-01,ied_construccion,137.2700,trimestral,millones USD,15372
2018-04-01,ied_construccion,56.7400,trimestral,millones USD,15372
2018-07-01,ied_construccion,169.9900,trimestral,millones USD,15372
2018-10-01,ied_construccion,122.2000,trimestral,millones USD,15372
2019-01-01,ied_construccion,152.3400,trimestral,millones USD,15372
2019-04-01,ied_construccion,142.0900,trimestral,millones USD,15372
2019-07-01,ied_construccion,298.1800,trimestral,millones USD,15372
2019-10-01,ied_construccion,288.8100,trimestral,millones USD,15372
2020-01-01,ied_construccion,199.6900,trimestral,millones USD,15372
2020-04-01,ied_construccion,107.5900,trimestral,millones USD,15372
2020-07-01,ied_construccion,73.1800,trimestral,millones USD,15372
2020-10-01,ied_construccion,28.8200,trimestral,millones USD,15372
2021-01-01,ied_construccion,82.6900,trimestral,millones USD,15372
2021-04-01,ied_construccion,86.9700,trimestral,millones USD,15372
2021-07-01,ied_construccion,99.8200,trimestral,millones USD,15372
2021-10-01,ied_construccion,28.1800,trimestral,millones USD,15372
2022-01-01,ied_construccion,82.5600,trimestral,millones USD,15372
2022-04-01,ied_construccion,116.9700,trimestral,millones USD,15372
2022-07-01,ied_construccion,106.3600,trimestral,millones USD,15372
2022-10-01,ied_construccion,121.7900,trimestral,millones USD,15372
2023-01-01,ied_construccion,144.4700,trimestral,millones USD,15372
2023-04-01,ied_construccion,148.2700,trimestral,millones USD,15372
2023-07-01,ied_construccion,126.5600,trimestral,millones USD,15372
2023-10-01,ied_construccion,157.7700,trimestral,millones USD,15372
2024-01-01,ied_construccion,110.4900,trimestral,millones USD,15372
2024-04-01,ied_construccion,89.0200,trimestral,millones USD,15372
2024-07-01,ied_construccion,203.1400,trimestral,millones USD,15372
2024-10-01,ied_construccion,196.6500,trimestral,millones USD,15372
2025-01-01,ied_construccion,163.5500,trimestral,millones USD,15372
2025-04-01,ied_construccion,130.8300,trimestral,millones USD,15372
2025-07-01,ied_construccion,119.4600,trimestral,millones USD,15372
2025-10-01,ied_construccion,155.1700,trimestral,millones USD,15372
2026-01-01,ied_construccion,68.3000,trimestral,millones USD,15372
2026-04-01,ied_construccion,98.8000,trimestral,millones USD,15372
1996-01-01,ied_electricidad,53.8100,trimestral,millones USD,15371
1996-04-01,ied_electricidad,73.9200,trimestral,millones USD,15371
1996-07-01,ied_electricidad,214.0500,trimestral,millones USD,15371
1996-10-01,ied_electricidad,175.2100,trimestral,millones USD,15371
1997-01-01,ied_electricidad,518.5400,trimestral,millones USD,15371
1997-04-01,ied_electricidad,593.3700,trimestral,millones USD,15371
1997-07-01,ied_electricidad,856.3000,trimestral,millones USD,15371
1997-10-01,ied_electricidad,993.3600,trimestral,millones USD,15371
1998-01-01,ied_electricidad,18.3800,trimestral,millones USD,15371
1998-04-01,ied_electricidad,57.5000,trimestral,millones USD,15371
1998-07-01,ied_electricidad,187.7300,trimestral,millones USD,15371
1998-10-01,ied_electricidad,408.6700,trimestral,millones USD,15371
1999-01-01,ied_electricidad,16.3300,trimestral,millones USD,15371
1999-04-01,ied_electricidad,0.5600,trimestral,millones USD,15371
1999-07-01,ied_electricidad,-195.8000,trimestral,millones USD,15371
1999-10-01,ied_electricidad,-127.0600,trimestral,millones USD,15371
2000-01-01,ied_electricidad,25.8900,trimestral,millones USD,15371
2000-04-01,ied_electricidad,-40.0800,trimestral,millones USD,15371
2000-07-01,ied_electricidad,17.8900,trimestral,millones USD,15371
2000-10-01,ied_electricidad,9.4900,trimestral,millones USD,15371
2001-01-01,ied_electricidad,2.4400,trimestral,millones USD,15371
2001-04-01,ied_electricidad,104.5300,trimestral,millones USD,15371
2001-07-01,ied_electricidad,-268.4200,trimestral,millones USD,15371
2001-10-01,ied_electricidad,90.6600,trimestral,millones USD,15371
2002-01-01,ied_electricidad,68.5200,trimestral,millones USD,15371
2002-04-01,ied_electricidad,35.2200,trimestral,millones USD,15371
2002-07-01,ied_electricidad,17.5400,trimestral,millones USD,15371
2002-10-01,ied_electricidad,13.4600,trimestral,millones USD,15371
2003-01-01,ied_electricidad,19.4600,trimestral,millones USD,15371
2003-04-01,ied_electricidad,9.9100,trimestral,millones USD,15371
2003-07-01,ied_electricidad,32.1100,trimestral,millones USD,15371
2003-10-01,ied_electricidad,6.6800,trimestral,millones USD,15371
2004-01-01,ied_electricidad,25.6200,trimestral,millones USD,15371
2004-04-01,ied_electricidad,21.5500,trimestral,millones USD,15371
2004-07-01,ied_electricidad,38.4500,trimestral,millones USD,15371
2004-10-01,ied_electricidad,2.8800,trimestral,millones USD,15371
2005-01-01,ied_electricidad,9.5000,trimestral,millones USD,15371
2005-04-01,ied_electricidad,-34.2200,trimestral,millones USD,15371
2005-07-01,ied_electricidad,-230.6600,trimestral,millones USD,15371
2005-10-01,ied_electricidad,2.8900,trimestral,millones USD,15371
2006-01-01,ied_electricidad,-5.3900,trimestral,millones USD,15371
2006-04-01,ied_electricidad,-68.8200,trimestral,millones USD,15371
2006-07-01,ied_electricidad,61.4200,trimestral,millones USD,15371
2006-10-01,ied_electricidad,-54.8100,trimestral,millones USD,15371
2007-01-01,ied_electricidad,5.8400,trimestral,millones USD,15371
2007-04-01,ied_electricidad,-28.1600,trimestral,millones USD,15371
2007-07-01,ied_electricidad,13.8900,trimestral,millones USD,15371
2007-10-01,ied_electricidad,-120.7700,trimestral,millones USD,15371
2008-01-01,ied_electricidad,11.4000,trimestral,millones USD,15371
2008-04-01,ied_electricidad,44.9200,trimestral,millones USD,15371
2008-07-01,ied_electricidad,49.0900,trimestral,millones USD,15371
2008-10-01,ied_electricidad,50.8500,trimestral,millones USD,15371
2009-01-01,ied_electricidad,39.7700,trimestral,millones USD,15371
2009-04-01,ied_electricidad,31.0800,trimestral,millones USD,15371
2009-07-01,ied_electricidad,61.6300,trimestral,millones USD,15371
2009-10-01,ied_electricidad,-1124.0200,trimestral,millones USD,15371
2010-01-01,ied_electricidad,27.9100,trimestral,millones USD,15371
2010-04-01,ied_electricidad,-135.8100,trimestral,millones USD,15371
2010-07-01,ied_electricidad,65.5900,trimestral,millones USD,15371
2010-10-01,ied_electricidad,84.8200,trimestral,millones USD,15371
2011-01-01,ied_electricidad,109.4700,trimestral,millones USD,15371
2011-04-01,ied_electricidad,136.6400,trimestral,millones USD,15371
2011-07-01,ied_electricidad,57.6500,trimestral,millones USD,15371
2011-10-01,ied_electricidad,77.0300,trimestral,millones USD,15371
2012-01-01,ied_electricidad,311.2900,trimestral,millones USD,15371
2012-04-01,ied_electricidad,84.4200,trimestral,millones USD,15371
2012-07-01,ied_electricidad,151.0900,trimestral,millones USD,15371
2012-10-01,ied_electricidad,85.5100,trimestral,millones USD,15371
2013-01-01,ied_electricidad,65.3400,trimestral,millones USD,15371
2013-04-01,ied_electricidad,136.6500,trimestral,millones USD,15371
2013-07-01,ied_electricidad,127.0600,trimestral,millones USD,15371
2013-10-01,ied_electricidad,64.5600,trimestral,millones USD,15371
2014-01-01,ied_electricidad,36.0500,trimestral,millones USD,15371
2014-04-01,ied_electricidad,137.3300,trimestral,millones USD,15371
2014-07-01,ied_electricidad,193.7700,trimestral,millones USD,15371
2014-10-01,ied_electricidad,96.1000,trimestral,millones USD,15371
2015-01-01,ied_electricidad,47.1400,trimestral,millones USD,15371
2015-04-01,ied_electricidad,49.9700,trimestral,millones USD,15371
2015-07-01,ied_electricidad,52.3200,trimestral,millones USD,15371
2015-10-01,ied_electricidad,124.8700,trimestral,millones USD,15371
2016-01-01,ied_electricidad,2413.6500,trimestral,millones USD,15371
2016-04-01,ied_electricidad,566.1800,trimestral,millones USD,15371
2016-07-01,ied_electricidad,539.7100,trimestral,millones USD,15371
2016-10-01,ied_electricidad,141.0600,trimestral,millones USD,15371
2017-01-01,ied_electricidad,102.5500,trimestral,millones USD,15371
2017-04-01,ied_electricidad,168.4500,trimestral,millones USD,15371
2017-07-01,ied_electricidad,112.9400,trimestral,millones USD,15371
2017-10-01,ied_electricidad,28.6000,trimestral,millones USD,15371
2018-01-01,ied_electricidad,64.6500,trimestral,millones USD,15371
2018-04-01,ied_electricidad,-244.9900,trimestral,millones USD,15371
2018-07-01,ied_electricidad,125.7100,trimestral,millones USD,15371
2018-10-01,ied_electricidad,195.7200,trimestral,millones USD,15371
2019-01-01,ied_electricidad,174.2000,trimestral,millones USD,15371
2019-04-01,ied_electricidad,44.1900,trimestral,millones USD,15371
2019-07-01,ied_electricidad,71.7600,trimestral,millones USD,15371
2019-10-01,ied_electricidad,25.8700,trimestral,millones USD,15371
2020-01-01,ied_electricidad,660.6800,trimestral,millones USD,15371
2020-04-01,ied_electricidad,2.5300,trimestral,millones USD,15371
2020-07-01,ied_electricidad,73.0300,trimestral,millones USD,15371
2020-10-01,ied_electricidad,27.6000,trimestral,millones USD,15371
2021-01-01,ied_electricidad,125.0500,trimestral,millones USD,15371
2021-04-01,ied_electricidad,313.3100,trimestral,millones USD,15371
2021-07-01,ied_electricidad,110.4500,trimestral,millones USD,15371
2021-10-01,ied_electricidad,492.4600,trimestral,millones USD,15371
2022-01-01,ied_electricidad,197.2300,trimestral,millones USD,15371
2022-04-01,ied_electricidad,346.1400,trimestral,millones USD,15371
2022-07-01,ied_electricidad,281.2200,trimestral,millones USD,15371
2022-10-01,ied_electricidad,143.5200,trimestral,millones USD,15371
2023-01-01,ied_electricidad,259.2700,trimestral,millones USD,15371
2023-04-01,ied_electricidad,157.1900,trimestral,millones USD,15371
2023-07-01,ied_electricidad,265.5700,trimestral,millones USD,15371
2023-10-01,ied_electricidad,162.0600,trimestral,millones USD,15371
2024-01-01,ied_electricidad,156.7000,trimestral,millones USD,15371
2024-04-01,ied_electricidad,328.5300,trimestral,millones USD,15371
2024-07-01,ied_electricidad,191.5900,trimestral,millones USD,15371
2024-10-01,ied_electricidad,235.4600,trimestral,millones USD,15371
2025-01-01,ied_electricidad,192.6800,trimestral,millones USD,15371
2025-04-01,ied_electricidad,89.8400,trimestral,millones USD,15371
2025-07-01,ied_electricidad,388.1800,trimestral,millones USD,15371
2025-10-01,ied_electricidad,158.5500,trimestral,millones USD,15371
2026-01-01,ied_electricidad,102.0500,trimestral,millones USD,15371
2026-04-01,ied_electricidad,376.9100,trimestral,millones USD,15371
1996-01-01,ied_financiero,107.6500,trimestral,millones USD,15375
1996-04-01,ied_financiero,128.6500,trimestral,millones USD,15375
1996-07-01,ied_financiero,274.0800,trimestral,millones USD,15375
1996-10-01,ied_financiero,244.2000,trimestral,millones USD,15375
1997-01-01,ied_financiero,240.1900,trimestral,millones USD,15375
1997-04-01,ied_financiero,225.6400,trimestral,millones USD,15375
1997-07-01,ied_financiero,284.3100,trimestral,millones USD,15375
1997-10-01,ied_financiero,321.4800,trimestral,millones USD,15375
1998-01-01,ied_financiero,191.5200,trimestral,millones USD,15375
1998-04-01,ied_financiero,116.9800,trimestral,millones USD,15375
1998-07-01,ied_financiero,238.6600,trimestral,millones USD,15375
1998-10-01,ied_financiero,118.0600,trimestral,millones USD,15375
1999-01-01,ied_financiero,96.9700,trimestral,millones USD,15375
1999-04-01,ied_financiero,121.0800,trimestral,millones USD,15375
1999-07-01,ied_financiero,175.1700,trimestral,millones USD,15375
1999-10-01,ied_financiero,281.0000,trimestral,millones USD,15375
2000-01-01,ied_financiero,184.8000,trimestral,millones USD,15375
2000-04-01,ied_financiero,75.0500,trimestral,millones USD,15375
2000-07-01,ied_financiero,417.1600,trimestral,millones USD,15375
2000-10-01,ied_financiero,115.4600,trimestral,millones USD,15375
2001-01-01,ied_financiero,140.0400,trimestral,millones USD,15375
2001-04-01,ied_financiero,172.6100,trimestral,millones USD,15375
2001-07-01,ied_financiero,110.0800,trimestral,millones USD,15375
2001-10-01,ied_financiero,137.5800,trimestral,millones USD,15375
2002-01-01,ied_financiero,82.4300,trimestral,millones USD,15375
2002-04-01,ied_financiero,86.0600,trimestral,millones USD,15375
2002-07-01,ied_financiero,10.9900,trimestral,millones USD,15375
2002-10-01,ied_financiero,113.5100,trimestral,millones USD,15375
2003-01-01,ied_financiero,49.4000,trimestral,millones USD,15375
2003-04-01,ied_financiero,47.0000,trimestral,millones USD,15375
2003-07-01,ied_financiero,74.3700,trimestral,millones USD,15375
2003-10-01,ied_financiero,72.1800,trimestral,millones USD,15375
2004-01-01,ied_financiero,21.5100,trimestral,millones USD,15375
2004-04-01,ied_financiero,40.6400,trimestral,millones USD,15375
2004-07-01,ied_financiero,71.0200,trimestral,millones USD,15375
2004-10-01,ied_financiero,110.6700,trimestral,millones USD,15375
2005-01-01,ied_financiero,-47.3800,trimestral,millones USD,15375
2005-04-01,ied_financiero,115.4400,trimestral,millones USD,15375
2005-07-01,ied_financiero,35.4400,trimestral,millones USD,15375
2005-10-01,ied_financiero,141.9500,trimestral,millones USD,15375
2006-01-01,ied_financiero,-28.4500,trimestral,millones USD,15375
2006-04-01,ied_financiero,155.8600,trimestral,millones USD,15375
2006-07-01,ied_financiero,155.2300,trimestral,millones USD,15375
2006-10-01,ied_financiero,195.6800,trimestral,millones USD,15375
2007-01-01,ied_financiero,149.5400,trimestral,millones USD,15375
2007-04-01,ied_financiero,403.2800,trimestral,millones USD,15375
2007-07-01,ied_financiero,386.1800,trimestral,millones USD,15375
2007-10-01,ied_financiero,420.3500,trimestral,millones USD,15375
2008-01-01,ied_financiero,254.2000,trimestral,millones USD,15375
2008-04-01,ied_financiero,144.5100,trimestral,millones USD,15375
2008-07-01,ied_financiero,295.7100,trimestral,millones USD,15375
2008-10-01,ied_financiero,388.4700,trimestral,millones USD,15375
2009-01-01,ied_financiero,457.6200,trimestral,millones USD,15375
2009-04-01,ied_financiero,182.8900,trimestral,millones USD,15375
2009-07-01,ied_financiero,-68.9400,trimestral,millones USD,15375
2009-10-01,ied_financiero,275.0600,trimestral,millones USD,15375
2010-01-01,ied_financiero,-31.2500,trimestral,millones USD,15375
2010-04-01,ied_financiero,453.3900,trimestral,millones USD,15375
2010-07-01,ied_financiero,264.3500,trimestral,millones USD,15375
2010-10-01,ied_financiero,229.6900,trimestral,millones USD,15375
2011-01-01,ied_financiero,114.8300,trimestral,millones USD,15375
2011-04-01,ied_financiero,24.7500,trimestral,millones USD,15375
2011-07-01,ied_financiero,363.6500,trimestral,millones USD,15375
2011-10-01,ied_financiero,970.0500,trimestral,millones USD,15375
2012-01-01,ied_financiero,52.2100,trimestral,millones USD,15375
2012-04-01,ied_financiero,174.9900,trimestral,millones USD,15375
2012-07-01,ied_financiero,416.3200,trimestral,millones USD,15375
2012-10-01,ied_financiero,552.2800,trimestral,millones USD,15375
2013-01-01,ied_financiero,475.1500,trimestral,millones USD,15375
2013-04-01,ied_financiero,135.4800,trimestral,millones USD,15375
2013-07-01,ied_financiero,755.3500,trimestral,millones USD,15375
2013-10-01,ied_financiero,522.8500,trimestral,millones USD,15375
2014-01-01,ied_financiero,592.5000,trimestral,millones USD,15375
2014-04-01,ied_financiero,639.6500,trimestral,millones USD,15375
2014-07-01,ied_financiero,507.7000,trimestral,millones USD,15375
2014-10-01,ied_financiero,903.1000,trimestral,millones USD,15375
2015-01-01,ied_financiero,510.1600,trimestral,millones USD,15375
2015-04-01,ied_financiero,798.9600,trimestral,millones USD,15375
2015-07-01,ied_financiero,177.4400,trimestral,millones USD,15375
2015-10-01,ied_financiero,748.8000,trimestral,millones USD,15375
2016-01-01,ied_financiero,403.6600,trimestral,millones USD,15375
2016-04-01,ied_financiero,680.5100,trimestral,millones USD,15375
2016-07-01,ied_financiero,448.9800,trimestral,millones USD,15375
2016-10-01,ied_financiero,1107.3700,trimestral,millones USD,15375
2017-01-01,ied_financiero,445.3800,trimestral,millones USD,15375
2017-04-01,ied_financiero,-20.8300,trimestral,millones USD,15375
2017-07-01,ied_financiero,579.2200,trimestral,millones USD,15375
2017-10-01,ied_financiero,904.1300,trimestral,millones USD,15375
2018-01-01,ied_financiero,482.3300,trimestral,millones USD,15375
2018-04-01,ied_financiero,764.8800,trimestral,millones USD,15375
2018-07-01,ied_financiero,1186.6500,trimestral,millones USD,15375
2018-10-01,ied_financiero,-76.3200,trimestral,millones USD,15375
2019-01-01,ied_financiero,563.0400,trimestral,millones USD,15375
2019-04-01,ied_financiero,1090.1800,trimestral,millones USD,15375
2019-07-01,ied_financiero,976.5100,trimestral,millones USD,15375
2019-10-01,ied_financiero,502.5700,trimestral,millones USD,15375
2020-01-01,ied_financiero,417.4200,trimestral,millones USD,15375
2020-04-01,ied_financiero,396.5300,trimestral,millones USD,15375
2020-07-01,ied_financiero,466.4000,trimestral,millones USD,15375
2020-10-01,ied_financiero,640.1200,trimestral,millones USD,15375
2021-01-01,ied_financiero,465.3600,trimestral,millones USD,15375
2021-04-01,ied_financiero,588.4600,trimestral,millones USD,15375
2021-07-01,ied_financiero,690.5800,trimestral,millones USD,15375
2021-10-01,ied_financiero,657.9800,trimestral,millones USD,15375
2022-01-01,ied_financiero,2174.2700,trimestral,millones USD,15375
2022-04-01,ied_financiero,1951.2500,trimestral,millones USD,15375
2022-07-01,ied_financiero,639.3700,trimestral,millones USD,15375
2022-10-01,ied_financiero,1292.4800,trimestral,millones USD,15375
2023-01-01,ied_financiero,668.1800,trimestral,millones USD,15375
2023-04-01,ied_financiero,306.5500,trimestral,millones USD,15375
2023-07-01,ied_financiero,893.6300,trimestral,millones USD,15375
2023-10-01,ied_financiero,862.1900,trimestral,millones USD,15375
2024-01-01,ied_financiero,985.4000,trimestral,millones USD,15375
2024-04-01,ied_financiero,538.3600,trimestral,millones USD,15375
2024-07-01,ied_financiero,989.3400,trimestral,millones USD,15375
2024-10-01,ied_financiero,1732.7600,trimestral,millones USD,15375
2025-01-01,ied_financiero,753.9400,trimestral,millones USD,15375
2025-04-01,ied_financiero,818.1900,trimestral,millones USD,15375
2025-07-01,ied_financiero,735.4000,trimestral,millones USD,15375
2025-10-01,ied_financiero,1161.3000,trimestral,millones USD,15375
2026-01-01,ied_financiero,896.2500,trimestral,millones USD,15375
2026-04-01,ied_financiero,1497.3300,trimestral,millones USD,15375
1996-01-01,ied_industria,91.3700,trimestral,millones USD,15370
1996-04-01,ied_industria,114.5800,trimestral,millones USD,15370
1996-07-01,ied_industria,274.6800,trimestral,millones USD,15370
1996-10-01,ied_industria,250.1300,trimestral,millones USD,15370
1997-01-01,ied_industria,135.7900,trimestral,millones USD,15370
1997-04-01,ied_industria,100.1700,trimestral,millones USD,15370
1997-07-01,ied_industria,127.2200,trimestral,millones USD,15370
1997-10-01,ied_industria,150.4400,trimestral,millones USD,15370
1998-01-01,ied_industria,123.9700,trimestral,millones USD,15370
1998-04-01,ied_industria,121.2400,trimestral,millones USD,15370
1998-07-01,ied_industria,232.7300,trimestral,millones USD,15370
1998-10-01,ied_industria,306.9800,trimestral,millones USD,15370
1999-01-01,ied_industria,76.6300,trimestral,millones USD,15370
1999-04-01,ied_industria,249.4500,trimestral,millones USD,15370
1999-07-01,ied_industria,80.3700,trimestral,millones USD,15370
1999-10-01,ied_industria,98.9200,trimestral,millones USD,15370
2000-01-01,ied_industria,120.9800,trimestral,millones USD,15370
2000-04-01,ied_industria,138.2200,trimestral,millones USD,15370
2000-07-01,ied_industria,211.4800,trimestral,millones USD,15370
2000-10-01,ied_industria,85.1200,trimestral,millones USD,15370
2001-01-01,ied_industria,62.3800,trimestral,millones USD,15370
2001-04-01,ied_industria,56.3900,trimestral,millones USD,15370
2001-07-01,ied_industria,75.6000,trimestral,millones USD,15370
2001-10-01,ied_industria,66.8600,trimestral,millones USD,15370
2002-01-01,ied_industria,54.0800,trimestral,millones USD,15370
2002-04-01,ied_industria,100.3400,trimestral,millones USD,15370
2002-07-01,ied_industria,56.5300,trimestral,millones USD,15370
2002-10-01,ied_industria,97.1700,trimestral,millones USD,15370
2003-01-01,ied_industria,68.5000,trimestral,millones USD,15370
2003-04-01,ied_industria,79.1800,trimestral,millones USD,15370
2003-07-01,ied_industria,82.2200,trimestral,millones USD,15370
2003-10-01,ied_industria,59.0900,trimestral,millones USD,15370
2004-01-01,ied_industria,30.7800,trimestral,millones USD,15370
2004-04-01,ied_industria,34.0600,trimestral,millones USD,15370
2004-07-01,ied_industria,72.6200,trimestral,millones USD,15370
2004-10-01,ied_industria,150.9600,trimestral,millones USD,15370
2005-01-01,ied_industria,37.7700,trimestral,millones USD,15370
2005-04-01,ied_industria,403.5500,trimestral,millones USD,15370
2005-07-01,ied_industria,259.7800,trimestral,millones USD,15370
2005-10-01,ied_industria,4801.1900,trimestral,millones USD,15370
2006-01-01,ied_industria,189.5000,trimestral,millones USD,15370
2006-04-01,ied_industria,211.6400,trimestral,millones USD,15370
2006-07-01,ied_industria,236.7400,trimestral,millones USD,15370
2006-10-01,ied_industria,177.3000,trimestral,millones USD,15370
2007-01-01,ied_industria,841.8300,trimestral,millones USD,15370
2007-04-01,ied_industria,241.0200,trimestral,millones USD,15370
2007-07-01,ied_industria,391.5500,trimestral,millones USD,15370
2007-10-01,ied_industria,285.9700,trimestral,millones USD,15370
2008-01-01,ied_industria,309.2100,trimestral,millones USD,15370
2008-04-01,ied_industria,575.5000,trimestral,millones USD,15370
2008-07-01,ied_industria,399.6100,trimestral,millones USD,15370
2008-10-01,ied_industria,411.5600,trimestral,millones USD,15370
2009-01-01,ied_industria,430.6100,trimestral,millones USD,15370
2009-04-01,ied_industria,225.6000,trimestral,millones USD,15370
2009-07-01,ied_industria,315.8700,trimestral,millones USD,15370
2009-10-01,ied_industria,287.4700,trimestral,millones USD,15370
2010-01-01,ied_industria,120.5600,trimestral,millones USD,15370
2010-04-01,ied_industria,288.7800,trimestral,millones USD,15370
2010-07-01,ied_industria,185.4700,trimestral,millones USD,15370
2010-10-01,ied_industria,-385.0200,trimestral,millones USD,15370
2011-01-01,ied_industria,226.7400,trimestral,millones USD,15370
2011-04-01,ied_industria,241.4300,trimestral,millones USD,15370
2011-07-01,ied_industria,409.3800,trimestral,millones USD,15370
2011-10-01,ied_industria,230.7800,trimestral,millones USD,15370
2012-01-01,ied_industria,436.2700,trimestral,millones USD,15370
2012-04-01,ied_industria,112.2000,trimestral,millones USD,15370
2012-07-01,ied_industria,560.3700,trimestral,millones USD,15370
2012-10-01,ied_industria,815.8800,trimestral,millones USD,15370
2013-01-01,ied_industria,304.1700,trimestral,millones USD,15370
2013-04-01,ied_industria,199.8700,trimestral,millones USD,15370
2013-07-01,ied_industria,1019.2500,trimestral,millones USD,15370
2013-10-01,ied_industria,614.3900,trimestral,millones USD,15370
2014-01-01,ied_industria,614.7900,trimestral,millones USD,15370
2014-04-01,ied_industria,517.7300,trimestral,millones USD,15370
2014-07-01,ied_industria,783.4900,trimestral,millones USD,15370
2014-10-01,ied_industria,909.9800,trimestral,millones USD,15370
2015-01-01,ied_industria,807.1600,trimestral,millones USD,15370
2015-04-01,ied_industria,753.4300,trimestral,millones USD,15370
2015-07-01,ied_industria,582.2100,trimestral,millones USD,15370
2015-10-01,ied_industria,495.3600,trimestral,millones USD,15370
2016-01-01,ied_industria,408.0900,trimestral,millones USD,15370
2016-04-01,ied_industria,552.5300,trimestral,millones USD,15370
2016-07-01,ied_industria,528.0900,trimestral,millones USD,15370
2016-10-01,ied_industria,355.0600,trimestral,millones USD,15370
2017-01-01,ied_industria,782.1200,trimestral,millones USD,15370
2017-04-01,ied_industria,911.0700,trimestral,millones USD,15370
2017-07-01,ied_industria,389.2200,trimestral,millones USD,15370
2017-10-01,ied_industria,285.6200,trimestral,millones USD,15370
2018-01-01,ied_industria,167.2900,trimestral,millones USD,15370
2018-04-01,ied_industria,756.3500,trimestral,millones USD,15370
2018-07-01,ied_industria,-236.7700,trimestral,millones USD,15370
2018-10-01,ied_industria,622.9300,trimestral,millones USD,15370
2019-01-01,ied_industria,451.1000,trimestral,millones USD,15370
2019-04-01,ied_industria,519.1900,trimestral,millones USD,15370
2019-07-01,ied_industria,286.8300,trimestral,millones USD,15370
2019-10-01,ied_industria,242.1200,trimestral,millones USD,15370
2020-01-01,ied_industria,307.0300,trimestral,millones USD,15370
2020-04-01,ied_industria,117.7400,trimestral,millones USD,15370
2020-07-01,ied_industria,358.7800,trimestral,millones USD,15370
2020-10-01,ied_industria,110.3900,trimestral,millones USD,15370
2021-01-01,ied_industria,72.3300,trimestral,millones USD,15370
2021-04-01,ied_industria,251.9700,trimestral,millones USD,15370
2021-07-01,ied_industria,1054.1400,trimestral,millones USD,15370
2021-10-01,ied_industria,340.7700,trimestral,millones USD,15370
2022-01-01,ied_industria,524.4900,trimestral,millones USD,15370
2022-04-01,ied_industria,108.5100,trimestral,millones USD,15370
2022-07-01,ied_industria,468.7800,trimestral,millones USD,15370
2022-10-01,ied_industria,406.2300,trimestral,millones USD,15370
2023-01-01,ied_industria,561.5100,trimestral,millones USD,15370
2023-04-01,ied_industria,494.6700,trimestral,millones USD,15370
2023-07-01,ied_industria,794.2900,trimestral,millones USD,15370
2023-10-01,ied_industria,1116.5700,trimestral,millones USD,15370
2024-01-01,ied_industria,308.4000,trimestral,millones USD,15370
2024-04-01,ied_industria,724.9700,trimestral,millones USD,15370
2024-07-01,ied_industria,693.9700,trimestral,millones USD,15370
2024-10-01,ied_industria,379.8100,trimestral,millones USD,15370
2025-01-01,ied_industria,277.0500,trimestral,millones USD,15370
2025-04-01,ied_industria,813.0000,trimestral,millones USD,15370
2025-07-01,ied_industria,496.3700,trimestral,millones USD,15370
2025-10-01,ied_industria,140.9900,trimestral,millones USD,15370
2026-01-01,ied_industria,854.2400,trimestral,millones USD,15370
2026-04-01,ied_industria,582.7500,trimestral,millones USD,15370
1996-01-01,ied_mineria,21.3600,trimestral,millones USD,15369
1996-04-01,ied_mineria,18.6900,trimestral,millones USD,15369
1996-07-01,ied_mineria,-0.5200,trimestral,millones USD,15369
1996-10-01,ied_mineria,11.6500,trimestral,millones USD,15369
1997-01-01,ied_mineria,51.1900,trimestral,millones USD,15369
1997-04-01,ied_mineria,58.1100,trimestral,millones USD,15369
1997-07-01,ied_mineria,88.1300,trimestral,millones USD,15369
1997-10-01,ied_mineria,104.1100,trimestral,millones USD,15369
1998-01-01,ied_mineria,-2.3900,trimestral,millones USD,15369
1998-04-01,ied_mineria,-6.1900,trimestral,millones USD,15369
1998-07-01,ied_mineria,2.7600,trimestral,millones USD,15369
1998-10-01,ied_mineria,-0.5500,trimestral,millones USD,15369
1999-01-01,ied_mineria,120.0300,trimestral,millones USD,15369
1999-04-01,ied_mineria,110.2300,trimestral,millones USD,15369
1999-07-01,ied_mineria,114.4600,trimestral,millones USD,15369
1999-10-01,ied_mineria,119.4200,trimestral,millones USD,15369
2000-01-01,ied_mineria,75.7200,trimestral,millones USD,15369
2000-04-01,ied_mineria,90.3600,trimestral,millones USD,15369
2000-07-01,ied_mineria,5.4400,trimestral,millones USD,15369
2000-10-01,ied_mineria,335.2100,trimestral,millones USD,15369
2001-01-01,ied_mineria,110.2000,trimestral,millones USD,15369
2001-04-01,ied_mineria,140.4400,trimestral,millones USD,15369
2001-07-01,ied_mineria,127.6900,trimestral,millones USD,15369
2001-10-01,ied_mineria,145.3600,trimestral,millones USD,15369
2002-01-01,ied_mineria,96.5900,trimestral,millones USD,15369
2002-04-01,ied_mineria,123.6100,trimestral,millones USD,15369
2002-07-01,ied_mineria,105.5200,trimestral,millones USD,15369
2002-10-01,ied_mineria,140.4400,trimestral,millones USD,15369
2003-01-01,ied_mineria,138.0500,trimestral,millones USD,15369
2003-04-01,ied_mineria,154.1800,trimestral,millones USD,15369
2003-07-01,ied_mineria,155.8100,trimestral,millones USD,15369
2003-10-01,ied_mineria,179.4000,trimestral,millones USD,15369
2004-01-01,ied_mineria,322.5800,trimestral,millones USD,15369
2004-04-01,ied_mineria,295.9400,trimestral,millones USD,15369
2004-07-01,ied_mineria,341.7000,trimestral,millones USD,15369
2004-10-01,ied_mineria,286.0500,trimestral,millones USD,15369
2005-01-01,ied_mineria,563.7000,trimestral,millones USD,15369
2005-04-01,ied_mineria,529.3200,trimestral,millones USD,15369
2005-07-01,ied_mineria,519.2000,trimestral,millones USD,15369
2005-10-01,ied_mineria,539.1700,trimestral,millones USD,15369
2006-01-01,ied_mineria,433.9300,trimestral,millones USD,15369
2006-04-01,ied_mineria,319.9800,trimestral,millones USD,15369
2006-07-01,ied_mineria,487.8600,trimestral,millones USD,15369
2006-10-01,ied_mineria,554.3700,trimestral,millones USD,15369
2007-01-01,ied_mineria,-1.0200,trimestral,millones USD,15369
2007-04-01,ied_mineria,-80.3000,trimestral,millones USD,15369
2007-07-01,ied_mineria,530.9100,trimestral,millones USD,15369
2007-10-01,ied_mineria,631.1200,trimestral,millones USD,15369
2008-01-01,ied_mineria,637.8000,trimestral,millones USD,15369
2008-04-01,ied_mineria,109.5400,trimestral,millones USD,15369
2008-07-01,ied_mineria,664.1100,trimestral,millones USD,15369
2008-10-01,ied_mineria,378.4600,trimestral,millones USD,15369
2009-01-01,ied_mineria,411.9900,trimestral,millones USD,15369
2009-04-01,ied_mineria,1001.4400,trimestral,millones USD,15369
2009-07-01,ied_mineria,728.1100,trimestral,millones USD,15369
2009-10-01,ied_mineria,872.4800,trimestral,millones USD,15369
2010-01-01,ied_mineria,593.7600,trimestral,millones USD,15369
2010-04-01,ied_mineria,307.3700,trimestral,millones USD,15369
2010-07-01,ied_mineria,591.8800,trimestral,millones USD,15369
2010-10-01,ied_mineria,345.5200,trimestral,millones USD,15369
2011-01-01,ied_mineria,601.7800,trimestral,millones USD,15369
2011-04-01,ied_mineria,598.3700,trimestral,millones USD,15369
2011-07-01,ied_mineria,451.8600,trimestral,millones USD,15369
2011-10-01,ied_mineria,772.1800,trimestral,millones USD,15369
2012-01-01,ied_mineria,450.2800,trimestral,millones USD,15369
2012-04-01,ied_mineria,883.9200,trimestral,millones USD,15369
2012-07-01,ied_mineria,752.1500,trimestral,millones USD,15369
2012-10-01,ied_mineria,417.9800,trimestral,millones USD,15369
2013-01-01,ied_mineria,929.5300,trimestral,millones USD,15369
2013-04-01,ied_mineria,821.2400,trimestral,millones USD,15369
2013-07-01,ied_mineria,772.3400,trimestral,millones USD,15369
2013-10-01,ied_mineria,585.0400,trimestral,millones USD,15369
2014-01-01,ied_mineria,951.2700,trimestral,millones USD,15369
2014-04-01,ied_mineria,906.8100,trimestral,millones USD,15369
2014-07-01,ied_mineria,279.4100,trimestral,millones USD,15369
2014-10-01,ied_mineria,27.7600,trimestral,millones USD,15369
2015-01-01,ied_mineria,464.5500,trimestral,millones USD,15369
2015-04-01,ied_mineria,282.7000,trimestral,millones USD,15369
2015-07-01,ied_mineria,-101.1500,trimestral,millones USD,15369
2015-10-01,ied_mineria,-141.9100,trimestral,millones USD,15369
2016-01-01,ied_mineria,-17.5700,trimestral,millones USD,15369
2016-04-01,ied_mineria,4.3600,trimestral,millones USD,15369
2016-07-01,ied_mineria,-43.0700,trimestral,millones USD,15369
2016-10-01,ied_mineria,-120.7300,trimestral,millones USD,15369
2017-01-01,ied_mineria,88.6800,trimestral,millones USD,15369
2017-04-01,ied_mineria,381.3500,trimestral,millones USD,15369
2017-07-01,ied_mineria,179.7300,trimestral,millones USD,15369
2017-10-01,ied_mineria,369.2500,trimestral,millones USD,15369
2018-01-01,ied_mineria,273.7200,trimestral,millones USD,15369
2018-04-01,ied_mineria,499.5900,trimestral,millones USD,15369
2018-07-01,ied_mineria,322.3900,trimestral,millones USD,15369
2018-10-01,ied_mineria,91.2200,trimestral,millones USD,15369
2019-01-01,ied_mineria,505.9300,trimestral,millones USD,15369
2019-04-01,ied_mineria,652.9900,trimestral,millones USD,15369
2019-07-01,ied_mineria,73.3100,trimestral,millones USD,15369
2019-10-01,ied_mineria,129.3100,trimestral,millones USD,15369
2020-01-01,ied_mineria,348.2800,trimestral,millones USD,15369
2020-04-01,ied_mineria,3.9800,trimestral,millones USD,15369
2020-07-01,ied_mineria,-313.7700,trimestral,millones USD,15369
2020-10-01,ied_mineria,399.9400,trimestral,millones USD,15369
2021-01-01,ied_mineria,351.6000,trimestral,millones USD,15369
2021-04-01,ied_mineria,-172.0500,trimestral,millones USD,15369
2021-07-01,ied_mineria,-131.8300,trimestral,millones USD,15369
2021-10-01,ied_mineria,186.8700,trimestral,millones USD,15369
2022-01-01,ied_mineria,177.3100,trimestral,millones USD,15369
2022-04-01,ied_mineria,667.7500,trimestral,millones USD,15369
2022-07-01,ied_mineria,21.0800,trimestral,millones USD,15369
2022-10-01,ied_mineria,322.6800,trimestral,millones USD,15369
2023-01-01,ied_mineria,709.5600,trimestral,millones USD,15369
2023-04-01,ied_mineria,2329.0200,trimestral,millones USD,15369
2023-07-01,ied_mineria,306.5100,trimestral,millones USD,15369
2023-10-01,ied_mineria,97.3300,trimestral,millones USD,15369
2024-01-01,ied_mineria,503.3600,trimestral,millones USD,15369
2024-04-01,ied_mineria,359.0800,trimestral,millones USD,15369
2024-07-01,ied_mineria,184.2400,trimestral,millones USD,15369
2024-10-01,ied_mineria,85.7000,trimestral,millones USD,15369
2025-01-01,ied_mineria,339.2400,trimestral,millones USD,15369
2025-04-01,ied_mineria,106.9100,trimestral,millones USD,15369
2025-07-01,ied_mineria,33.2600,trimestral,millones USD,15369
2025-10-01,ied_mineria,-300.1500,trimestral,millones USD,15369
2026-01-01,ied_mineria,63.6300,trimestral,millones USD,15369
2026-04-01,ied_mineria,160.2900,trimestral,millones USD,15369
1996-01-01,ied_petroleo,249.3200,trimestral,millones USD,15377
1996-04-01,ied_petroleo,125.3900,trimestral,millones USD,15377
1996-07-01,ied_petroleo,155.7800,trimestral,millones USD,15377
1996-10-01,ied_petroleo,247.8100,trimestral,millones USD,15377
1997-01-01,ied_petroleo,114.3000,trimestral,millones USD,15377
1997-04-01,ied_petroleo,156.3200,trimestral,millones USD,15377
1997-07-01,ied_petroleo,103.9100,trimestral,millones USD,15377
1997-10-01,ied_petroleo,7.6300,trimestral,millones USD,15377
1998-01-01,ied_petroleo,50.8800,trimestral,millones USD,15377
1998-04-01,ied_petroleo,57.9700,trimestral,millones USD,15377
1998-07-01,ied_petroleo,53.6900,trimestral,millones USD,15377
1998-10-01,ied_petroleo,-71.0400,trimestral,millones USD,15377
1999-01-01,ied_petroleo,95.8000,trimestral,millones USD,15377
1999-04-01,ied_petroleo,-76.6100,trimestral,millones USD,15377
1999-07-01,ied_petroleo,-266.3100,trimestral,millones USD,15377
1999-10-01,ied_petroleo,-263.9000,trimestral,millones USD,15377
2000-01-01,ied_petroleo,-91.6700,trimestral,millones USD,15377
2000-04-01,ied_petroleo,-37.4300,trimestral,millones USD,15377
2000-07-01,ied_petroleo,-138.9900,trimestral,millones USD,15377
2000-10-01,ied_petroleo,-115.8200,trimestral,millones USD,15377
2001-01-01,ied_petroleo,91.7500,trimestral,millones USD,15377
2001-04-01,ied_petroleo,326.4000,trimestral,millones USD,15377
2001-07-01,ied_petroleo,-2.4700,trimestral,millones USD,15377
2001-10-01,ied_petroleo,105.1000,trimestral,millones USD,15377
2002-01-01,ied_petroleo,227.3800,trimestral,millones USD,15377
2002-04-01,ied_petroleo,205.8600,trimestral,millones USD,15377
2002-07-01,ied_petroleo,-19.3900,trimestral,millones USD,15377
2002-10-01,ied_petroleo,35.2900,trimestral,millones USD,15377
2003-01-01,ied_petroleo,20.3200,trimestral,millones USD,15377
2003-04-01,ied_petroleo,131.6300,trimestral,millones USD,15377
2003-07-01,ied_petroleo,111.5900,trimestral,millones USD,15377
2003-10-01,ied_petroleo,14.4000,trimestral,millones USD,15377
2004-01-01,ied_petroleo,71.2500,trimestral,millones USD,15377
2004-04-01,ied_petroleo,195.5600,trimestral,millones USD,15377
2004-07-01,ied_petroleo,174.5300,trimestral,millones USD,15377
2004-10-01,ied_petroleo,53.5200,trimestral,millones USD,15377
2005-01-01,ied_petroleo,173.4900,trimestral,millones USD,15377
2005-04-01,ied_petroleo,431.3700,trimestral,millones USD,15377
2005-07-01,ied_petroleo,270.0000,trimestral,millones USD,15377
2005-10-01,ied_petroleo,249.7600,trimestral,millones USD,15377
2006-01-01,ied_petroleo,348.1200,trimestral,millones USD,15377
2006-04-01,ied_petroleo,589.8200,trimestral,millones USD,15377
2006-07-01,ied_petroleo,528.7800,trimestral,millones USD,15377
2006-10-01,ied_petroleo,528.2600,trimestral,millones USD,15377
2007-01-01,ied_petroleo,662.6200,trimestral,millones USD,15377
2007-04-01,ied_petroleo,1282.1800,trimestral,millones USD,15377
2007-07-01,ied_petroleo,709.7600,trimestral,millones USD,15377
2007-10-01,ied_petroleo,678.6200,trimestral,millones USD,15377
2008-01-01,ied_petroleo,635.4900,trimestral,millones USD,15377
2008-04-01,ied_petroleo,1074.8400,trimestral,millones USD,15377
2008-07-01,ied_petroleo,608.7600,trimestral,millones USD,15377
2008-10-01,ied_petroleo,1030.3800,trimestral,millones USD,15377
2009-01-01,ied_petroleo,637.6800,trimestral,millones USD,15377
2009-04-01,ied_petroleo,977.5700,trimestral,millones USD,15377
2009-07-01,ied_petroleo,631.5400,trimestral,millones USD,15377
2009-10-01,ied_petroleo,390.6000,trimestral,millones USD,15377
2010-01-01,ied_petroleo,348.6000,trimestral,millones USD,15377
2010-04-01,ied_petroleo,745.1900,trimestral,millones USD,15377
2010-07-01,ied_petroleo,980.7800,trimestral,millones USD,15377
2010-10-01,ied_petroleo,1005.2000,trimestral,millones USD,15377
2011-01-01,ied_petroleo,950.8600,trimestral,millones USD,15377
2011-04-01,ied_petroleo,1498.4500,trimestral,millones USD,15377
2011-07-01,ied_petroleo,1003.8100,trimestral,millones USD,15377
2011-10-01,ied_petroleo,1214.3500,trimestral,millones USD,15377
2012-01-01,ied_petroleo,992.9100,trimestral,millones USD,15377
2012-04-01,ied_petroleo,2446.2000,trimestral,millones USD,15377
2012-07-01,ied_petroleo,970.2800,trimestral,millones USD,15377
2012-10-01,ied_petroleo,1041.5500,trimestral,millones USD,15377
2013-01-01,ied_petroleo,967.5200,trimestral,millones USD,15377
2013-04-01,ied_petroleo,2010.1100,trimestral,millones USD,15377
2013-07-01,ied_petroleo,982.5200,trimestral,millones USD,15377
2013-10-01,ied_petroleo,1151.3500,trimestral,millones USD,15377
2014-01-01,ied_petroleo,815.5300,trimestral,millones USD,15377
2014-04-01,ied_petroleo,1919.5800,trimestral,millones USD,15377
2014-07-01,ied_petroleo,1093.6300,trimestral,millones USD,15377
2014-10-01,ied_petroleo,903.0800,trimestral,millones USD,15377
2015-01-01,ied_petroleo,1036.2500,trimestral,millones USD,15377
2015-04-01,ied_petroleo,1109.5200,trimestral,millones USD,15377
2015-07-01,ied_petroleo,687.5300,trimestral,millones USD,15377
2015-10-01,ied_petroleo,-266.8500,trimestral,millones USD,15377
2016-01-01,ied_petroleo,433.1800,trimestral,millones USD,15377
2016-04-01,ied_petroleo,941.6500,trimestral,millones USD,15377
2016-07-01,ied_petroleo,383.0000,trimestral,millones USD,15377
2016-10-01,ied_petroleo,628.4000,trimestral,millones USD,15377
2017-01-01,ied_petroleo,431.3700,trimestral,millones USD,15377
2017-04-01,ied_petroleo,996.5300,trimestral,millones USD,15377
2017-07-01,ied_petroleo,408.0100,trimestral,millones USD,15377
2017-10-01,ied_petroleo,1270.3800,trimestral,millones USD,15377
2018-01-01,ied_petroleo,482.9500,trimestral,millones USD,15377
2018-04-01,ied_petroleo,860.9900,trimestral,millones USD,15377
2018-07-01,ied_petroleo,176.7500,trimestral,millones USD,15377
2018-10-01,ied_petroleo,1019.3400,trimestral,millones USD,15377
2019-01-01,ied_petroleo,834.9000,trimestral,millones USD,15377
2019-04-01,ied_petroleo,733.4100,trimestral,millones USD,15377
2019-07-01,ied_petroleo,716.8700,trimestral,millones USD,15377
2019-10-01,ied_petroleo,470.2800,trimestral,millones USD,15377
2020-01-01,ied_petroleo,471.8000,trimestral,millones USD,15377
2020-04-01,ied_petroleo,226.6300,trimestral,millones USD,15377
2020-07-01,ied_petroleo,-104.9200,trimestral,millones USD,15377
2020-10-01,ied_petroleo,-136.1800,trimestral,millones USD,15377
2021-01-01,ied_petroleo,167.6700,trimestral,millones USD,15377
2021-04-01,ied_petroleo,206.1800,trimestral,millones USD,15377
2021-07-01,ied_petroleo,103.2700,trimestral,millones USD,15377
2021-10-01,ied_petroleo,438.5000,trimestral,millones USD,15377
2022-01-01,ied_petroleo,524.6300,trimestral,millones USD,15377
2022-04-01,ied_petroleo,1100.6100,trimestral,millones USD,15377
2022-07-01,ied_petroleo,713.2400,trimestral,millones USD,15377
2022-10-01,ied_petroleo,527.2300,trimestral,millones USD,15377
2023-01-01,ied_petroleo,846.5100,trimestral,millones USD,15377
2023-04-01,ied_petroleo,1057.5100,trimestral,millones USD,15377
2023-07-01,ied_petroleo,696.3400,trimestral,millones USD,15377
2023-10-01,ied_petroleo,457.8700,trimestral,millones USD,15377
2024-01-01,ied_petroleo,623.3600,trimestral,millones USD,15377
2024-04-01,ied_petroleo,613.6000,trimestral,millones USD,15377
2024-07-01,ied_petroleo,435.4500,trimestral,millones USD,15377
2024-10-01,ied_petroleo,393.5900,trimestral,millones USD,15377
2025-01-01,ied_petroleo,633.9500,trimestral,millones USD,15377
2025-04-01,ied_petroleo,795.6300,trimestral,millones USD,15377
2025-07-01,ied_petroleo,669.8900,trimestral,millones USD,15377
2025-10-01,ied_petroleo,498.8300,trimestral,millones USD,15377
2026-01-01,ied_petroleo,704.6300,trimestral,millones USD,15377
2026-04-01,ied_petroleo,762.5800,trimestral,millones USD,15377
1996-01-01,ied_servicios,2.4000,trimestral,millones USD,15376
1996-04-01,ied_servicios,2.9900,trimestral,millones USD,15376
1996-07-01,ied_servicios,7.0600,trimestral,millones USD,15376
1996-10-01,ied_servicios,6.6300,trimestral,millones USD,15376
1997-01-01,ied_servicios,7.1800,trimestral,millones USD,15376
1997-04-01,ied_servicios,7.5900,trimestral,millones USD,15376
1997-07-01,ied_servicios,10.3600,trimestral,millones USD,15376
1997-10-01,ied_servicios,11.8900,trimestral,millones USD,15376
1998-01-01,ied_servicios,24.3400,trimestral,millones USD,15376
1998-04-01,ied_servicios,34.8800,trimestral,millones USD,15376
1998-07-01,ied_servicios,67.2100,trimestral,millones USD,15376
1998-10-01,ied_servicios,68.4300,trimestral,millones USD,15376
1999-01-01,ied_servicios,23.4600,trimestral,millones USD,15376
1999-04-01,ied_servicios,31.4800,trimestral,millones USD,15376
1999-07-01,ied_servicios,26.9700,trimestral,millones USD,15376
1999-10-01,ied_servicios,47.0400,trimestral,millones USD,15376
2000-01-01,ied_servicios,7.7500,trimestral,millones USD,15376
2000-04-01,ied_servicios,31.0500,trimestral,millones USD,15376
2000-07-01,ied_servicios,16.8500,trimestral,millones USD,15376
2000-10-01,ied_servicios,31.8500,trimestral,millones USD,15376
2001-01-01,ied_servicios,4.0800,trimestral,millones USD,15376
2001-04-01,ied_servicios,3.0900,trimestral,millones USD,15376
2001-07-01,ied_servicios,-3.4700,trimestral,millones USD,15376
2001-10-01,ied_servicios,26.4500,trimestral,millones USD,15376
2002-01-01,ied_servicios,14.0600,trimestral,millones USD,15376
2002-04-01,ied_servicios,9.5100,trimestral,millones USD,15376
2002-07-01,ied_servicios,13.5000,trimestral,millones USD,15376
2002-10-01,ied_servicios,-6.5400,trimestral,millones USD,15376
2003-01-01,ied_servicios,4.4900,trimestral,millones USD,15376
2003-04-01,ied_servicios,-1.0500,trimestral,millones USD,15376
2003-07-01,ied_servicios,6.3900,trimestral,millones USD,15376
2003-10-01,ied_servicios,30.5600,trimestral,millones USD,15376
2004-01-01,ied_servicios,-1.1500,trimestral,millones USD,15376
2004-04-01,ied_servicios,1.8000,trimestral,millones USD,15376
2004-07-01,ied_servicios,-3.1900,trimestral,millones USD,15376
2004-10-01,ied_servicios,-3.7700,trimestral,millones USD,15376
2005-01-01,ied_servicios,10.3800,trimestral,millones USD,15376
2005-04-01,ied_servicios,20.5700,trimestral,millones USD,15376
2005-07-01,ied_servicios,-9.1800,trimestral,millones USD,15376
2005-10-01,ied_servicios,-38.0900,trimestral,millones USD,15376
2006-01-01,ied_servicios,-12.8800,trimestral,millones USD,15376
2006-04-01,ied_servicios,6.1700,trimestral,millones USD,15376
2006-07-01,ied_servicios,2.2900,trimestral,millones USD,15376
2006-10-01,ied_servicios,7.7100,trimestral,millones USD,15376
2007-01-01,ied_servicios,6.6300,trimestral,millones USD,15376
2007-04-01,ied_servicios,9.9000,trimestral,millones USD,15376
2007-07-01,ied_servicios,8.7800,trimestral,millones USD,15376
2007-10-01,ied_servicios,14.0100,trimestral,millones USD,15376
2008-01-01,ied_servicios,13.5200,trimestral,millones USD,15376
2008-04-01,ied_servicios,18.4100,trimestral,millones USD,15376
2008-07-01,ied_servicios,26.6300,trimestral,millones USD,15376
2008-10-01,ied_servicios,12.3600,trimestral,millones USD,15376
2009-01-01,ied_servicios,15.4400,trimestral,millones USD,15376
2009-04-01,ied_servicios,14.4100,trimestral,millones USD,15376
2009-07-01,ied_servicios,41.5700,trimestral,millones USD,15376
2009-10-01,ied_servicios,15.4300,trimestral,millones USD,15376
2010-01-01,ied_servicios,11.6700,trimestral,millones USD,15376
2010-04-01,ied_servicios,34.3700,trimestral,millones USD,15376
2010-07-01,ied_servicios,25.8300,trimestral,millones USD,15376
2010-10-01,ied_servicios,46.1300,trimestral,millones USD,15376
2011-01-01,ied_servicios,-0.7500,trimestral,millones USD,15376
2011-04-01,ied_servicios,-68.6900,trimestral,millones USD,15376
2011-07-01,ied_servicios,-94.3000,trimestral,millones USD,15376
2011-10-01,ied_servicios,-12.9500,trimestral,millones USD,15376
2012-01-01,ied_servicios,102.0100,trimestral,millones USD,15376
2012-04-01,ied_servicios,66.2200,trimestral,millones USD,15376
2012-07-01,ied_servicios,96.7400,trimestral,millones USD,15376
2012-10-01,ied_servicios,86.9100,trimestral,millones USD,15376
2013-01-01,ied_servicios,78.3300,trimestral,millones USD,15376
2013-04-01,ied_servicios,101.3600,trimestral,millones USD,15376
2013-07-01,ied_servicios,97.9700,trimestral,millones USD,15376
2013-10-01,ied_servicios,49.4800,trimestral,millones USD,15376
2014-01-01,ied_servicios,64.0000,trimestral,millones USD,15376
2014-04-01,ied_servicios,77.8500,trimestral,millones USD,15376
2014-07-01,ied_servicios,-47.6100,trimestral,millones USD,15376
2014-10-01,ied_servicios,88.6200,trimestral,millones USD,15376
2015-01-01,ied_servicios,74.9400,trimestral,millones USD,15376
2015-04-01,ied_servicios,75.7700,trimestral,millones USD,15376
2015-07-01,ied_servicios,45.6100,trimestral,millones USD,15376
2015-10-01,ied_servicios,38.5900,trimestral,millones USD,15376
2016-01-01,ied_servicios,83.5900,trimestral,millones USD,15376
2016-04-01,ied_servicios,109.4600,trimestral,millones USD,15376
2016-07-01,ied_servicios,14.2100,trimestral,millones USD,15376
2016-10-01,ied_servicios,126.4900,trimestral,millones USD,15376
2017-01-01,ied_servicios,63.0800,trimestral,millones USD,15376
2017-04-01,ied_servicios,160.3400,trimestral,millones USD,15376
2017-07-01,ied_servicios,72.6800,trimestral,millones USD,15376
2017-10-01,ied_servicios,90.4100,trimestral,millones USD,15376
2018-01-01,ied_servicios,91.1700,trimestral,millones USD,15376
2018-04-01,ied_servicios,95.1300,trimestral,millones USD,15376
2018-07-01,ied_servicios,75.3400,trimestral,millones USD,15376
2018-10-01,ied_servicios,114.8900,trimestral,millones USD,15376
2019-01-01,ied_servicios,144.4800,trimestral,millones USD,15376
2019-04-01,ied_servicios,181.4100,trimestral,millones USD,15376
2019-07-01,ied_servicios,74.5700,trimestral,millones USD,15376
2019-10-01,ied_servicios,146.3100,trimestral,millones USD,15376
2020-01-01,ied_servicios,327.1000,trimestral,millones USD,15376
2020-04-01,ied_servicios,208.3100,trimestral,millones USD,15376
2020-07-01,ied_servicios,269.8500,trimestral,millones USD,15376
2020-10-01,ied_servicios,193.0900,trimestral,millones USD,15376
2021-01-01,ied_servicios,168.4800,trimestral,millones USD,15376
2021-04-01,ied_servicios,113.7000,trimestral,millones USD,15376
2021-07-01,ied_servicios,146.1700,trimestral,millones USD,15376
2021-10-01,ied_servicios,150.9800,trimestral,millones USD,15376
2022-01-01,ied_servicios,148.7700,trimestral,millones USD,15376
2022-04-01,ied_servicios,140.5700,trimestral,millones USD,15376
2022-07-01,ied_servicios,2.4600,trimestral,millones USD,15376
2022-10-01,ied_servicios,243.8500,trimestral,millones USD,15376
2023-01-01,ied_servicios,201.8000,trimestral,millones USD,15376
2023-04-01,ied_servicios,10.8900,trimestral,millones USD,15376
2023-07-01,ied_servicios,102.2400,trimestral,millones USD,15376
2023-10-01,ied_servicios,89.7300,trimestral,millones USD,15376
2024-01-01,ied_servicios,56.5500,trimestral,millones USD,15376
2024-04-01,ied_servicios,58.6100,trimestral,millones USD,15376
2024-07-01,ied_servicios,80.2400,trimestral,millones USD,15376
2024-10-01,ied_servicios,60.1100,trimestral,millones USD,15376
2025-01-01,ied_servicios,75.5700,trimestral,millones USD,15376
2025-04-01,ied_servicios,21.6400,trimestral,millones USD,15376
2025-07-01,ied_servicios,37.1300,trimestral,millones USD,15376
2025-10-01,ied_servicios,50.7900,trimestral,millones USD,15376
2026-01-01,ied_servicios,61.6800,trimestral,millones USD,15376
2026-04-01,ied_servicios,20.5100,trimestral,millones USD,15376
1996-01-01,ied_transporte,15.5400,trimestral,millones USD,15374
1996-04-01,ied_transporte,19.7100,trimestral,millones USD,15374
1996-07-01,ied_transporte,48.7100,trimestral,millones USD,15374
1996-10-01,ied_transporte,41.2500,trimestral,millones USD,15374
1997-01-01,ied_transporte,6.9800,trimestral,millones USD,15374
1997-04-01,ied_transporte,3.2300,trimestral,millones USD,15374
1997-07-01,ied_transporte,13.1800,trimestral,millones USD,15374
1997-10-01,ied_transporte,19.7500,trimestral,millones USD,15374
1998-01-01,ied_transporte,240.1100,trimestral,millones USD,15374
1998-04-01,ied_transporte,-47.1600,trimestral,millones USD,15374
1998-07-01,ied_transporte,21.7700,trimestral,millones USD,15374
1998-10-01,ied_transporte,48.5800,trimestral,millones USD,15374
1999-01-01,ied_transporte,33.8600,trimestral,millones USD,15374
1999-04-01,ied_transporte,37.2400,trimestral,millones USD,15374
1999-07-01,ied_transporte,32.8000,trimestral,millones USD,15374
1999-10-01,ied_transporte,85.2400,trimestral,millones USD,15374
2000-01-01,ied_transporte,66.2600,trimestral,millones USD,15374
2000-04-01,ied_transporte,357.0400,trimestral,millones USD,15374
2000-07-01,ied_transporte,238.8500,trimestral,millones USD,15374
2000-10-01,ied_transporte,214.2200,trimestral,millones USD,15374
2001-01-01,ied_transporte,104.5100,trimestral,millones USD,15374
2001-04-01,ied_transporte,181.9200,trimestral,millones USD,15374
2001-07-01,ied_transporte,39.1800,trimestral,millones USD,15374
2001-10-01,ied_transporte,90.1100,trimestral,millones USD,15374
2002-01-01,ied_transporte,370.3300,trimestral,millones USD,15374
2002-04-01,ied_transporte,-8.0800,trimestral,millones USD,15374
2002-07-01,ied_transporte,-13.0200,trimestral,millones USD,15374
2002-10-01,ied_transporte,-3.8300,trimestral,millones USD,15374
2003-01-01,ied_transporte,-4.4700,trimestral,millones USD,15374
2003-04-01,ied_transporte,14.7700,trimestral,millones USD,15374
2003-07-01,ied_transporte,14.9000,trimestral,millones USD,15374
2003-10-01,ied_transporte,-72.5200,trimestral,millones USD,15374
2004-01-01,ied_transporte,146.3600,trimestral,millones USD,15374
2004-04-01,ied_transporte,83.7200,trimestral,millones USD,15374
2004-07-01,ied_transporte,119.5700,trimestral,millones USD,15374
2004-10-01,ied_transporte,131.6200,trimestral,millones USD,15374
2005-01-01,ied_transporte,37.4200,trimestral,millones USD,15374
2005-04-01,ied_transporte,10.0600,trimestral,millones USD,15374
2005-07-01,ied_transporte,17.0800,trimestral,millones USD,15374
2005-10-01,ied_transporte,960.9000,trimestral,millones USD,15374
2006-01-01,ied_transporte,140.4600,trimestral,millones USD,15374
2006-04-01,ied_transporte,431.2700,trimestral,millones USD,15374
2006-07-01,ied_transporte,92.3000,trimestral,millones USD,15374
2006-10-01,ied_transporte,400.7100,trimestral,millones USD,15374
2007-01-01,ied_transporte,52.2500,trimestral,millones USD,15374
2007-04-01,ied_transporte,60.6000,trimestral,millones USD,15374
2007-07-01,ied_transporte,121.2400,trimestral,millones USD,15374
2007-10-01,ied_transporte,167.0800,trimestral,millones USD,15374
2008-01-01,ied_transporte,324.5800,trimestral,millones USD,15374
2008-04-01,ied_transporte,127.2200,trimestral,millones USD,15374
2008-07-01,ied_transporte,212.3700,trimestral,millones USD,15374
2008-10-01,ied_transporte,313.5700,trimestral,millones USD,15374
2009-01-01,ied_transporte,171.5400,trimestral,millones USD,15374
2009-04-01,ied_transporte,156.3100,trimestral,millones USD,15374
2009-07-01,ied_transporte,51.4000,trimestral,millones USD,15374
2009-10-01,ied_transporte,-52.9800,trimestral,millones USD,15374
2010-01-01,ied_transporte,57.3200,trimestral,millones USD,15374
2010-04-01,ied_transporte,96.7200,trimestral,millones USD,15374
2010-07-01,ied_transporte,25.0700,trimestral,millones USD,15374
2010-10-01,ied_transporte,-535.1800,trimestral,millones USD,15374
2011-01-01,ied_transporte,672.5400,trimestral,millones USD,15374
2011-04-01,ied_transporte,272.9900,trimestral,millones USD,15374
2011-07-01,ied_transporte,341.0600,trimestral,millones USD,15374
2011-10-01,ied_transporte,462.3600,trimestral,millones USD,15374
2012-01-01,ied_transporte,484.9200,trimestral,millones USD,15374
2012-04-01,ied_transporte,128.7200,trimestral,millones USD,15374
2012-07-01,ied_transporte,23.9400,trimestral,millones USD,15374
2012-10-01,ied_transporte,549.0800,trimestral,millones USD,15374
2013-01-01,ied_transporte,325.8300,trimestral,millones USD,15374
2013-04-01,ied_transporte,321.7700,trimestral,millones USD,15374
2013-07-01,ied_transporte,538.6700,trimestral,millones USD,15374
2013-10-01,ied_transporte,231.4300,trimestral,millones USD,15374
2014-01-01,ied_transporte,525.6800,trimestral,millones USD,15374
2014-04-01,ied_transporte,420.6700,trimestral,millones USD,15374
2014-07-01,ied_transporte,436.1600,trimestral,millones USD,15374
2014-10-01,ied_transporte,598.0000,trimestral,millones USD,15374
2015-01-01,ied_transporte,-312.8700,trimestral,millones USD,15374
2015-04-01,ied_transporte,280.7200,trimestral,millones USD,15374
2015-07-01,ied_transporte,202.8400,trimestral,millones USD,15374
2015-10-01,ied_transporte,559.2000,trimestral,millones USD,15374
2016-01-01,ied_transporte,627.1500,trimestral,millones USD,15374
2016-04-01,ied_transporte,326.7300,trimestral,millones USD,15374
2016-07-01,ied_transporte,66.1100,trimestral,millones USD,15374
2016-10-01,ied_transporte,338.2000,trimestral,millones USD,15374
2017-01-01,ied_transporte,177.2000,trimestral,millones USD,15374
2017-04-01,ied_transporte,-179.6800,trimestral,millones USD,15374
2017-07-01,ied_transporte,2879.1400,trimestral,millones USD,15374
2017-10-01,ied_transporte,417.6900,trimestral,millones USD,15374
2018-01-01,ied_transporte,26.9400,trimestral,millones USD,15374
2018-04-01,ied_transporte,582.8400,trimestral,millones USD,15374
2018-07-01,ied_transporte,537.4200,trimestral,millones USD,15374
2018-10-01,ied_transporte,402.8500,trimestral,millones USD,15374
2019-01-01,ied_transporte,219.2600,trimestral,millones USD,15374
2019-04-01,ied_transporte,284.9900,trimestral,millones USD,15374
2019-07-01,ied_transporte,327.3500,trimestral,millones USD,15374
2019-10-01,ied_transporte,174.5300,trimestral,millones USD,15374
2020-01-01,ied_transporte,138.8900,trimestral,millones USD,15374
2020-04-01,ied_transporte,10.4600,trimestral,millones USD,15374
2020-07-01,ied_transporte,-130.1900,trimestral,millones USD,15374
2020-10-01,ied_transporte,518.4700,trimestral,millones USD,15374
2021-01-01,ied_transporte,616.7300,trimestral,millones USD,15374
2021-04-01,ied_transporte,300.6400,trimestral,millones USD,15374
2021-07-01,ied_transporte,297.3100,trimestral,millones USD,15374
2021-10-01,ied_transporte,-81.8700,trimestral,millones USD,15374
2022-01-01,ied_transporte,803.0900,trimestral,millones USD,15374
2022-04-01,ied_transporte,231.5200,trimestral,millones USD,15374
2022-07-01,ied_transporte,274.2800,trimestral,millones USD,15374
2022-10-01,ied_transporte,454.6800,trimestral,millones USD,15374
2023-01-01,ied_transporte,328.2500,trimestral,millones USD,15374
2023-04-01,ied_transporte,313.0900,trimestral,millones USD,15374
2023-07-01,ied_transporte,231.5700,trimestral,millones USD,15374
2023-10-01,ied_transporte,151.6300,trimestral,millones USD,15374
2024-01-01,ied_transporte,231.9400,trimestral,millones USD,15374
2024-04-01,ied_transporte,-293.9800,trimestral,millones USD,15374
2024-07-01,ied_transporte,64.1000,trimestral,millones USD,15374
2024-10-01,ied_transporte,257.5100,trimestral,millones USD,15374
2025-01-01,ied_transporte,237.8300,trimestral,millones USD,15374
2025-04-01,ied_transporte,175.7800,trimestral,millones USD,15374
2025-07-01,ied_transporte,144.6700,trimestral,millones USD,15374
2025-10-01,ied_transporte,135.4600,trimestral,millones USD,15374
2026-01-01,ied_transporte,857.9400,trimestral,millones USD,15374
2026-04-01,ied_transporte,205.6900,trimestral,millones USD,15374
2000-01-01,importaciones_bienes,2684.7800,trimestral,millones USD,15708
2000-04-01,importaciones_bienes,2760.3000,trimestral,millones USD,15708
2000-07-01,importaciones_bienes,2760.2100,trimestral,millones USD,15708
2000-10-01,importaciones_bienes,2837.2000,trimestral,millones USD,15708
2001-01-01,importaciones_bienes,3043.9600,trimestral,millones USD,15708
2001-04-01,importaciones_bienes,3208.2000,trimestral,millones USD,15708
2001-07-01,importaciones_bienes,3029.0300,trimestral,millones USD,15708
2001-10-01,importaciones_bienes,2948.5000,trimestral,millones USD,15708
2002-01-01,importaciones_bienes,2586.5000,trimestral,millones USD,15708
2002-04-01,importaciones_bienes,3163.4000,trimestral,millones USD,15708
2002-07-01,importaciones_bienes,3087.9600,trimestral,millones USD,15708
2002-10-01,importaciones_bienes,3186.6000,trimestral,millones USD,15708
2003-01-01,importaciones_bienes,3190.7700,trimestral,millones USD,15708
2003-04-01,importaciones_bienes,3133.2900,trimestral,millones USD,15708
2003-07-01,importaciones_bienes,3421.0500,trimestral,millones USD,15708
2003-10-01,importaciones_bienes,3450.3200,trimestral,millones USD,15708
2004-01-01,importaciones_bienes,3415.5500,trimestral,millones USD,15708
2004-04-01,importaciones_bienes,3851.1400,trimestral,millones USD,15708
2004-07-01,importaciones_bienes,4028.1600,trimestral,millones USD,15708
2004-10-01,importaciones_bienes,4543.6200,trimestral,millones USD,15708
2005-01-01,importaciones_bienes,4317.7700,trimestral,millones USD,15708
2005-04-01,importaciones_bienes,5139.5400,trimestral,millones USD,15708
2005-07-01,importaciones_bienes,5297.1600,trimestral,millones USD,15708
2005-10-01,importaciones_bienes,5339.8900,trimestral,millones USD,15708
2006-01-01,importaciones_bienes,5369.0600,trimestral,millones USD,15708
2006-04-01,importaciones_bienes,6058.7000,trimestral,millones USD,15708
2006-07-01,importaciones_bienes,6513.4500,trimestral,millones USD,15708
2006-10-01,importaciones_bienes,6868.8100,trimestral,millones USD,15708
2007-01-01,importaciones_bienes,7007.0900,trimestral,millones USD,15708
2007-04-01,importaciones_bienes,7487.2000,trimestral,millones USD,15708
2007-07-01,importaciones_bienes,7987.3100,trimestral,millones USD,15708
2007-10-01,importaciones_bienes,8634.6800,trimestral,millones USD,15708
2008-01-01,importaciones_bienes,8361.9600,trimestral,millones USD,15708
2008-04-01,importaciones_bienes,9518.0100,trimestral,millones USD,15708
2008-07-01,importaciones_bienes,10107.0600,trimestral,millones USD,15708
2008-10-01,importaciones_bienes,9524.4100,trimestral,millones USD,15708
2009-01-01,importaciones_bienes,7599.8100,trimestral,millones USD,15708
2009-04-01,importaciones_bienes,7257.2400,trimestral,millones USD,15708
2009-07-01,importaciones_bienes,8123.6200,trimestral,millones USD,15708
2009-10-01,importaciones_bienes,8447.4200,trimestral,millones USD,15708
2010-01-01,importaciones_bienes,8334.9200,trimestral,millones USD,15708
2010-04-01,importaciones_bienes,8941.5900,trimestral,millones USD,15708
2010-07-01,importaciones_bienes,10308.7600,trimestral,millones USD,15708
2010-10-01,importaciones_bienes,10820.5600,trimestral,millones USD,15708
2011-01-01,importaciones_bienes,11553.2900,trimestral,millones USD,15708
2011-04-01,importaciones_bienes,12968.1600,trimestral,millones USD,15708
2011-07-01,importaciones_bienes,13744.3900,trimestral,millones USD,15708
2011-10-01,importaciones_bienes,13859.7100,trimestral,millones USD,15708
2012-01-01,importaciones_bienes,13465.6900,trimestral,millones USD,15708
2012-04-01,importaciones_bienes,14429.8700,trimestral,millones USD,15708
2012-07-01,importaciones_bienes,14506.7000,trimestral,millones USD,15708
2012-10-01,importaciones_bienes,14246.0300,trimestral,millones USD,15708
2013-01-01,importaciones_bienes,13694.1900,trimestral,millones USD,15708
2013-04-01,importaciones_bienes,14099.0900,trimestral,millones USD,15708
2013-07-01,importaciones_bienes,14594.7500,trimestral,millones USD,15708
2013-10-01,importaciones_bienes,14715.0500,trimestral,millones USD,15708
2014-01-01,importaciones_bienes,14224.0300,trimestral,millones USD,15708
2014-04-01,importaciones_bienes,15173.3600,trimestral,millones USD,15708
2014-07-01,importaciones_bienes,16164.4000,trimestral,millones USD,15708
2014-10-01,importaciones_bienes,15977.5600,trimestral,millones USD,15708
2015-01-01,importaciones_bienes,13476.3400,trimestral,millones USD,15708
2015-04-01,importaciones_bienes,12583.3200,trimestral,millones USD,15708
2015-07-01,importaciones_bienes,13485.9400,trimestral,millones USD,15708
2015-10-01,importaciones_bienes,12505.1400,trimestral,millones USD,15708
2016-01-01,importaciones_bienes,10167.4000,trimestral,millones USD,15708
2016-04-01,importaciones_bienes,10546.1900,trimestral,millones USD,15708
2016-07-01,importaciones_bienes,11105.5800,trimestral,millones USD,15708
2016-10-01,importaciones_bienes,11419.7800,trimestral,millones USD,15708
2017-01-01,importaciones_bienes,10914.5100,trimestral,millones USD,15708
2017-04-01,importaciones_bienes,10935.5800,trimestral,millones USD,15708
2017-07-01,importaciones_bienes,11176.3900,trimestral,millones USD,15708
2017-10-01,importaciones_bienes,11043.6900,trimestral,millones USD,15708
2018-01-01,importaciones_bienes,11089.7500,trimestral,millones USD,15708
2018-04-01,importaciones_bienes,12499.8700,trimestral,millones USD,15708
2018-07-01,importaciones_bienes,12472.2500,trimestral,millones USD,15708
2018-10-01,importaciones_bienes,13325.1400,trimestral,millones USD,15708
2019-01-01,importaciones_bienes,12243.7600,trimestral,millones USD,15708
2019-04-01,importaciones_bienes,12773.1900,trimestral,millones USD,15708
2019-07-01,importaciones_bienes,12936.3100,trimestral,millones USD,15708
2019-10-01,importaciones_bienes,12565.1000,trimestral,millones USD,15708
2020-01-01,importaciones_bienes,11310.2900,trimestral,millones USD,15708
2020-04-01,importaciones_bienes,8399.3100,trimestral,millones USD,15708
2020-07-01,importaciones_bienes,10117.1100,trimestral,millones USD,15708
2020-10-01,importaciones_bienes,11352.0500,trimestral,millones USD,15708
2021-01-01,importaciones_bienes,11866.0900,trimestral,millones USD,15708
2021-04-01,importaciones_bienes,13090.8800,trimestral,millones USD,15708
2021-07-01,importaciones_bienes,14768.4200,trimestral,millones USD,15708
2021-10-01,importaciones_bienes,16993.8300,trimestral,millones USD,15708
2022-01-01,importaciones_bienes,17318.9600,trimestral,millones USD,15708
2022-04-01,importaciones_bienes,18312.5600,trimestral,millones USD,15708
2022-07-01,importaciones_bienes,19345.9300,trimestral,millones USD,15708
2022-10-01,importaciones_bienes,16674.2500,trimestral,millones USD,15708
2023-01-01,importaciones_bienes,15407.6800,trimestral,millones USD,15708
2023-04-01,importaciones_bienes,14523.8400,trimestral,millones USD,15708
2023-07-01,importaciones_bienes,14544.6100,trimestral,millones USD,15708
2023-10-01,importaciones_bienes,14973.3700,trimestral,millones USD,15708
2024-01-01,importaciones_bienes,13868.7800,trimestral,millones USD,15708
2024-04-01,importaciones_bienes,15119.8000,trimestral,millones USD,15708
2024-07-01,importaciones_bienes,15326.6100,trimestral,millones USD,15708
2024-10-01,importaciones_bienes,15931.2700,trimestral,millones USD,15708
2025-01-01,importaciones_bienes,15301.1100,trimestral,millones USD,15708
2025-04-01,importaciones_bienes,16361.8000,trimestral,millones USD,15708
2025-07-01,importaciones_bienes,17351.6600,trimestral,millones USD,15708
2025-10-01,importaciones_bienes,17314.2100,trimestral,millones USD,15708
2026-01-01,importaciones_bienes,16877.8900,trimestral,millones USD,15708
2026-04-01,importaciones_bienes,19277.5800,trimestral,millones USD,15708
2000-01-01,ingreso_primario,-610.0400,trimestral,millones USD,15140
2000-04-01,ingreso_primario,-564.1200,trimestral,millones USD,15140
2000-07-01,ingreso_primario,-536.9800,trimestral,millones USD,15140
2000-10-01,ingreso_primario,-445.3100,trimestral,millones USD,15140
2001-01-01,ingreso_primario,-653.4100,trimestral,millones USD,15140
2001-04-01,ingreso_primario,-632.5000,trimestral,millones USD,15140
2001-07-01,ingreso_primario,-576.8200,trimestral,millones USD,15140
2001-10-01,ingreso_primario,-561.0600,trimestral,millones USD,15140
2002-01-01,ingreso_primario,-698.7500,trimestral,millones USD,15140
2002-04-01,ingreso_primario,-675.4300,trimestral,millones USD,15140
2002-07-01,ingreso_primario,-619.8300,trimestral,millones USD,15140
2002-10-01,ingreso_primario,-637.3700,trimestral,millones USD,15140
2003-01-01,ingreso_primario,-865.6900,trimestral,millones USD,15140
2003-04-01,ingreso_primario,-765.9400,trimestral,millones USD,15140
2003-07-01,ingreso_primario,-813.5700,trimestral,millones USD,15140
2003-10-01,ingreso_primario,-742.5800,trimestral,millones USD,15140
2004-01-01,ingreso_primario,-1119.2100,trimestral,millones USD,15140
2004-04-01,ingreso_primario,-925.6500,trimestral,millones USD,15140
2004-07-01,ingreso_primario,-997.8500,trimestral,millones USD,15140
2004-10-01,ingreso_primario,-972.9700,trimestral,millones USD,15140
2005-01-01,ingreso_primario,-1305.4000,trimestral,millones USD,15140
2005-04-01,ingreso_primario,-1318.2600,trimestral,millones USD,15140
2005-07-01,ingreso_primario,-1498.8700,trimestral,millones USD,15140
2005-10-01,ingreso_primario,-1216.5100,trimestral,millones USD,15140
2006-01-01,ingreso_primario,-1518.2700,trimestral,millones USD,15140
2006-04-01,ingreso_primario,-1478.7000,trimestral,millones USD,15140
2006-07-01,ingreso_primario,-1325.1900,trimestral,millones USD,15140
2006-10-01,ingreso_primario,-1431.5300,trimestral,millones USD,15140
2007-01-01,ingreso_primario,-1919.1300,trimestral,millones USD,15140
2007-04-01,ingreso_primario,-1867.6300,trimestral,millones USD,15140
2007-07-01,ingreso_primario,-1836.0800,trimestral,millones USD,15140
2007-10-01,ingreso_primario,-2238.2200,trimestral,millones USD,15140
2008-01-01,ingreso_primario,-2427.7400,trimestral,millones USD,15140
2008-04-01,ingreso_primario,-2814.8500,trimestral,millones USD,15140
2008-07-01,ingreso_primario,-2477.7300,trimestral,millones USD,15140
2008-10-01,ingreso_primario,-1929.1800,trimestral,millones USD,15140
2009-01-01,ingreso_primario,-1782.6300,trimestral,millones USD,15140
2009-04-01,ingreso_primario,-1974.0800,trimestral,millones USD,15140
2009-07-01,ingreso_primario,-2064.2500,trimestral,millones USD,15140
2009-10-01,ingreso_primario,-2364.5500,trimestral,millones USD,15140
2010-01-01,ingreso_primario,-2494.8400,trimestral,millones USD,15140
2010-04-01,ingreso_primario,-2790.6700,trimestral,millones USD,15140
2010-07-01,ingreso_primario,-2856.2300,trimestral,millones USD,15140
2010-10-01,ingreso_primario,-2854.5500,trimestral,millones USD,15140
2011-01-01,ingreso_primario,-3162.3300,trimestral,millones USD,15140
2011-04-01,ingreso_primario,-3512.9800,trimestral,millones USD,15140
2011-07-01,ingreso_primario,-4070.5600,trimestral,millones USD,15140
2011-10-01,ingreso_primario,-4567.2700,trimestral,millones USD,15140
2012-01-01,ingreso_primario,-3897.0300,trimestral,millones USD,15140
2012-04-01,ingreso_primario,-3658.1100,trimestral,millones USD,15140
2012-07-01,ingreso_primario,-3418.0600,trimestral,millones USD,15140
2012-10-01,ingreso_primario,-4034.4700,trimestral,millones USD,15140
2013-01-01,ingreso_primario,-3663.8200,trimestral,millones USD,15140
2013-04-01,ingreso_primario,-3394.4700,trimestral,millones USD,15140
2013-07-01,ingreso_primario,-3428.6800,trimestral,millones USD,15140
2013-10-01,ingreso_primario,-3514.5400,trimestral,millones USD,15140
2014-01-01,ingreso_primario,-3209.1200,trimestral,millones USD,15140
2014-04-01,ingreso_primario,-3167.2900,trimestral,millones USD,15140
2014-07-01,ingreso_primario,-3469.0300,trimestral,millones USD,15140
2014-10-01,ingreso_primario,-2262.4700,trimestral,millones USD,15140
2015-01-01,ingreso_primario,-1720.9200,trimestral,millones USD,15140
2015-04-01,ingreso_primario,-1913.7400,trimestral,millones USD,15140
2015-07-01,ingreso_primario,-1292.8200,trimestral,millones USD,15140
2015-10-01,ingreso_primario,-522.0800,trimestral,millones USD,15140
2016-01-01,ingreso_primario,-1034.0100,trimestral,millones USD,15140
2016-04-01,ingreso_primario,-1347.5800,trimestral,millones USD,15140
2016-07-01,ingreso_primario,-1525.1100,trimestral,millones USD,15140
2016-10-01,ingreso_primario,-1405.4900,trimestral,millones USD,15140
2017-01-01,ingreso_primario,-2286.4500,trimestral,millones USD,15140
2017-04-01,ingreso_primario,-1558.0000,trimestral,millones USD,15140
2017-07-01,ingreso_primario,-1993.4900,trimestral,millones USD,15140
2017-10-01,ingreso_primario,-2208.2600,trimestral,millones USD,15140
2018-01-01,ingreso_primario,-2922.2300,trimestral,millones USD,15140
2018-04-01,ingreso_primario,-2783.7400,trimestral,millones USD,15140
2018-07-01,ingreso_primario,-2769.1300,trimestral,millones USD,15140
2018-10-01,ingreso_primario,-2967.0800,trimestral,millones USD,15140
2019-01-01,ingreso_primario,-2614.6100,trimestral,millones USD,15140
2019-04-01,ingreso_primario,-2502.1800,trimestral,millones USD,15140
2019-07-01,ingreso_primario,-2301.0500,trimestral,millones USD,15140
2019-10-01,ingreso_primario,-2298.0700,trimestral,millones USD,15140
2020-01-01,ingreso_primario,-1369.4500,trimestral,millones USD,15140
2020-04-01,ingreso_primario,-1028.6800,trimestral,millones USD,15140
2020-07-01,ingreso_primario,-1171.9400,trimestral,millones USD,15140
2020-10-01,ingreso_primario,-1379.8200,trimestral,millones USD,15140
2021-01-01,ingreso_primario,-1867.2000,trimestral,millones USD,15140
2021-04-01,ingreso_primario,-1652.0700,trimestral,millones USD,15140
2021-07-01,ingreso_primario,-2339.0900,trimestral,millones USD,15140
2021-10-01,ingreso_primario,-2864.9100,trimestral,millones USD,15140
2022-01-01,ingreso_primario,-3616.8400,trimestral,millones USD,15140
2022-04-01,ingreso_primario,-4530.5400,trimestral,millones USD,15140
2022-07-01,ingreso_primario,-4794.7400,trimestral,millones USD,15140
2022-10-01,ingreso_primario,-4144.2100,trimestral,millones USD,15140
2023-01-01,ingreso_primario,-3727.0900,trimestral,millones USD,15140
2023-04-01,ingreso_primario,-3056.0800,trimestral,millones USD,15140
2023-07-01,ingreso_primario,-3507.7200,trimestral,millones USD,15140
2023-10-01,ingreso_primario,-3147.9000,trimestral,millones USD,15140
2024-01-01,ingreso_primario,-3146.3600,trimestral,millones USD,15140
2024-04-01,ingreso_primario,-2955.9600,trimestral,millones USD,15140
2024-07-01,ingreso_primario,-3330.4200,trimestral,millones USD,15140
2024-10-01,ingreso_primario,-3360.3900,trimestral,millones USD,15140
2025-01-01,ingreso_primario,-2966.6700,trimestral,millones USD,15140
2025-04-01,ingreso_primario,-2801.3800,trimestral,millones USD,15140
2025-07-01,ingreso_primario,-3127.3700,trimestral,millones USD,15140
2025-10-01,ingreso_primario,-3654.6400,trimestral,millones USD,15140
2026-01-01,ingreso_primario,-2933.0800,trimestral,millones USD,15140
2026-04-01,ingreso_primario,-3286.7800,trimestral,millones USD,15140
2000-01-01,ingreso_secundario,441.0200,trimestral,millones USD,15141
2000-04-01,ingreso_secundario,373.4400,trimestral,millones USD,15141
2000-07-01,ingreso_secundario,416.2700,trimestral,millones USD,15141
2000-10-01,ingreso_secundario,442.4400,trimestral,millones USD,15141
2001-01-01,ingreso_secundario,464.0700,trimestral,millones USD,15141
2001-04-01,ingreso_secundario,670.9700,trimestral,millones USD,15141
2001-07-01,ingreso_secundario,591.1300,trimestral,millones USD,15141
2001-10-01,ingreso_secundario,627.8300,trimestral,millones USD,15141
2002-01-01,ingreso_secundario,579.6400,trimestral,millones USD,15141
2002-04-01,ingreso_secundario,630.3100,trimestral,millones USD,15141
2002-07-01,ingreso_secundario,726.6400,trimestral,millones USD,15141
2002-10-01,ingreso_secundario,719.2100,trimestral,millones USD,15141
2003-01-01,ingreso_secundario,730.6100,trimestral,millones USD,15141
2003-04-01,ingreso_secundario,803.7300,trimestral,millones USD,15141
2003-07-01,ingreso_secundario,890.4100,trimestral,millones USD,15141
2003-10-01,ingreso_secundario,883.7500,trimestral,millones USD,15141
2004-01-01,ingreso_secundario,811.6600,trimestral,millones USD,15141
2004-04-01,ingreso_secundario,889.6000,trimestral,millones USD,15141
2004-07-01,ingreso_secundario,940.8500,trimestral,millones USD,15141
2004-10-01,ingreso_secundario,1082.1600,trimestral,millones USD,15141
2005-01-01,ingreso_secundario,891.9400,trimestral,millones USD,15141
2005-04-01,ingreso_secundario,1044.3100,trimestral,millones USD,15141
2005-07-01,ingreso_secundario,1033.9000,trimestral,millones USD,15141
2005-10-01,ingreso_secundario,1111.7500,trimestral,millones USD,15141
2006-01-01,ingreso_secundario,1050.4300,trimestral,millones USD,15141
2006-04-01,ingreso_secundario,1208.1000,trimestral,millones USD,15141
2006-07-01,ingreso_secundario,1203.2800,trimestral,millones USD,15141
2006-10-01,ingreso_secundario,1252.3800,trimestral,millones USD,15141
2007-01-01,ingreso_secundario,1183.4000,trimestral,millones USD,15141
2007-04-01,ingreso_secundario,1127.8200,trimestral,millones USD,15141
2007-07-01,ingreso_secundario,1321.6800,trimestral,millones USD,15141
2007-10-01,ingreso_secundario,1519.9900,trimestral,millones USD,15141
2008-01-01,ingreso_secundario,1292.6200,trimestral,millones USD,15141
2008-04-01,ingreso_secundario,1360.8400,trimestral,millones USD,15141
2008-07-01,ingreso_secundario,1465.9900,trimestral,millones USD,15141
2008-10-01,ingreso_secundario,1335.1700,trimestral,millones USD,15141
2009-01-01,ingreso_secundario,1200.6500,trimestral,millones USD,15141
2009-04-01,ingreso_secundario,1084.7800,trimestral,millones USD,15141
2009-07-01,ingreso_secundario,1061.8000,trimestral,millones USD,15141
2009-10-01,ingreso_secundario,1211.0100,trimestral,millones USD,15141
2010-01-01,ingreso_secundario,976.0500,trimestral,millones USD,15141
2010-04-01,ingreso_secundario,1159.9400,trimestral,millones USD,15141
2010-07-01,ingreso_secundario,1170.9800,trimestral,millones USD,15141
2010-10-01,ingreso_secundario,1352.4600,trimestral,millones USD,15141
2011-01-01,ingreso_secundario,1152.7700,trimestral,millones USD,15141
2011-04-01,ingreso_secundario,1167.3200,trimestral,millones USD,15141
2011-07-01,ingreso_secundario,1390.5200,trimestral,millones USD,15141
2011-10-01,ingreso_secundario,1340.4500,trimestral,millones USD,15141
2012-01-01,ingreso_secundario,1153.7000,trimestral,millones USD,15141
2012-04-01,ingreso_secundario,1242.9000,trimestral,millones USD,15141
2012-07-01,ingreso_secundario,1163.0800,trimestral,millones USD,15141
2012-10-01,ingreso_secundario,1272.9900,trimestral,millones USD,15141
2013-01-01,ingreso_secundario,1052.3500,trimestral,millones USD,15141
2013-04-01,ingreso_secundario,1270.4100,trimestral,millones USD,15141
2013-07-01,ingreso_secundario,1296.9500,trimestral,millones USD,15141
2013-10-01,ingreso_secundario,1267.1800,trimestral,millones USD,15141
2014-01-01,ingreso_secundario,1049.6100,trimestral,millones USD,15141
2014-04-01,ingreso_secundario,1040.7300,trimestral,millones USD,15141
2014-07-01,ingreso_secundario,1164.3200,trimestral,millones USD,15141
2014-10-01,ingreso_secundario,1366.9900,trimestral,millones USD,15141
2015-01-01,ingreso_secundario,1298.0300,trimestral,millones USD,15141
2015-04-01,ingreso_secundario,1272.4500,trimestral,millones USD,15141
2015-07-01,ingreso_secundario,1628.8000,trimestral,millones USD,15141
2015-10-01,ingreso_secundario,1552.4200,trimestral,millones USD,15141
2016-01-01,ingreso_secundario,1480.0900,trimestral,millones USD,15141
2016-04-01,ingreso_secundario,1488.3900,trimestral,millones USD,15141
2016-07-01,ingreso_secundario,1483.9600,trimestral,millones USD,15141
2016-10-01,ingreso_secundario,1724.3300,trimestral,millones USD,15141
2017-01-01,ingreso_secundario,1526.6000,trimestral,millones USD,15141
2017-04-01,ingreso_secundario,1683.8400,trimestral,millones USD,15141
2017-07-01,ingreso_secundario,1758.8400,trimestral,millones USD,15141
2017-10-01,ingreso_secundario,1914.0700,trimestral,millones USD,15141
2018-01-01,ingreso_secundario,1739.2900,trimestral,millones USD,15141
2018-04-01,ingreso_secundario,1870.0900,trimestral,millones USD,15141
2018-07-01,ingreso_secundario,2035.0400,trimestral,millones USD,15141
2018-10-01,ingreso_secundario,2312.9900,trimestral,millones USD,15141
2019-01-01,ingreso_secundario,1931.7600,trimestral,millones USD,15141
2019-04-01,ingreso_secundario,2281.0600,trimestral,millones USD,15141
2019-07-01,ingreso_secundario,2404.4500,trimestral,millones USD,15141
2019-10-01,ingreso_secundario,2438.1400,trimestral,millones USD,15141
2020-01-01,ingreso_secundario,2172.6000,trimestral,millones USD,15141
2020-04-01,ingreso_secundario,1717.6100,trimestral,millones USD,15141
2020-07-01,ingreso_secundario,2422.4300,trimestral,millones USD,15141
2020-10-01,ingreso_secundario,2475.1800,trimestral,millones USD,15141
2021-01-01,ingreso_secundario,2450.1700,trimestral,millones USD,15141
2021-04-01,ingreso_secundario,2626.5400,trimestral,millones USD,15141
2021-07-01,ingreso_secundario,2762.9200,trimestral,millones USD,15141
2021-10-01,ingreso_secundario,2934.9000,trimestral,millones USD,15141
2022-01-01,ingreso_secundario,3176.4900,trimestral,millones USD,15141
2022-04-01,ingreso_secundario,2828.6900,trimestral,millones USD,15141
2022-07-01,ingreso_secundario,3103.6700,trimestral,millones USD,15141
2022-10-01,ingreso_secundario,3192.6200,trimestral,millones USD,15141
2023-01-01,ingreso_secundario,3094.4100,trimestral,millones USD,15141
2023-04-01,ingreso_secundario,3029.1700,trimestral,millones USD,15141
2023-07-01,ingreso_secundario,3364.7900,trimestral,millones USD,15141
2023-10-01,ingreso_secundario,3433.6800,trimestral,millones USD,15141
2024-01-01,ingreso_secundario,3331.0700,trimestral,millones USD,15141
2024-04-01,ingreso_secundario,3896.7700,trimestral,millones USD,15141
2024-07-01,ingreso_secundario,4073.2700,trimestral,millones USD,15141
2024-10-01,ingreso_secundario,4206.0400,trimestral,millones USD,15141
2025-01-01,ingreso_secundario,3846.2200,trimestral,millones USD,15141
2025-04-01,ingreso_secundario,4150.9900,trimestral,millones USD,15141
2025-07-01,ingreso_secundario,4212.9100,trimestral,millones USD,15141
2025-10-01,ingreso_secundario,4224.3100,trimestral,millones USD,15141
2026-01-01,ingreso_secundario,4177.6000,trimestral,millones USD,15141
2026-04-01,ingreso_secundario,4130.9000,trimestral,millones USD,15141
2000-01-01,pii_activos,22794.4300,trimestral,millones USD,16601
2000-04-01,pii_activos,23131.4600,trimestral,millones USD,16601
2000-07-01,pii_activos,24075.1600,trimestral,millones USD,16601
2000-10-01,pii_activos,25417.3200,trimestral,millones USD,16601
2001-01-01,pii_activos,25982.1700,trimestral,millones USD,16601
2001-04-01,pii_activos,27718.5700,trimestral,millones USD,16601
2001-07-01,pii_activos,28376.9800,trimestral,millones USD,16601
2001-10-01,pii_activos,29852.1700,trimestral,millones USD,16601
2002-01-01,pii_activos,29606.8400,trimestral,millones USD,16601
2002-04-01,pii_activos,29086.4700,trimestral,millones USD,16601
2002-07-01,pii_activos,29337.4900,trimestral,millones USD,16601
2002-10-01,pii_activos,28746.8900,trimestral,millones USD,16601
2003-01-01,pii_activos,28782.0600,trimestral,millones USD,16601
2003-04-01,pii_activos,29217.5500,trimestral,millones USD,16601
2003-07-01,pii_activos,29594.5300,trimestral,millones USD,16601
2003-10-01,pii_activos,29952.5800,trimestral,millones USD,16601
2004-01-01,pii_activos,29812.3400,trimestral,millones USD,16601
2004-04-01,pii_activos,30567.3000,trimestral,millones USD,16601
2004-07-01,pii_activos,32759.7600,trimestral,millones USD,16601
2004-10-01,pii_activos,34410.5600,trimestral,millones USD,16601
2005-01-01,pii_activos,34769.8900,trimestral,millones USD,16601
2005-04-01,pii_activos,34311.1600,trimestral,millones USD,16601
2005-07-01,pii_activos,35261.4700,trimestral,millones USD,16601
2005-10-01,pii_activos,43245.8700,trimestral,millones USD,16601
2006-01-01,pii_activos,43365.0400,trimestral,millones USD,16601
2006-04-01,pii_activos,44295.4500,trimestral,millones USD,16601
2006-07-01,pii_activos,48199.8700,trimestral,millones USD,16601
2006-10-01,pii_activos,49953.9800,trimestral,millones USD,16601
2007-01-01,pii_activos,52829.8100,trimestral,millones USD,16601
2007-04-01,pii_activos,55068.4900,trimestral,millones USD,16601
2007-07-01,pii_activos,57150.9400,trimestral,millones USD,16601
2007-10-01,pii_activos,59857.1800,trimestral,millones USD,16601
2008-01-01,pii_activos,61596.3100,trimestral,millones USD,16601
2008-04-01,pii_activos,62753.7500,trimestral,millones USD,16601
2008-07-01,pii_activos,63503.9300,trimestral,millones USD,16601
2008-10-01,pii_activos,64029.2700,trimestral,millones USD,16601
2009-01-01,pii_activos,65734.2800,trimestral,millones USD,16601
2009-04-01,pii_activos,67171.2100,trimestral,millones USD,16601
2009-07-01,pii_activos,72127.7000,trimestral,millones USD,16601
2009-10-01,pii_activos,74027.9700,trimestral,millones USD,16601
2010-01-01,pii_activos,74794.6300,trimestral,millones USD,16601
2010-04-01,pii_activos,76958.7300,trimestral,millones USD,16601
2010-07-01,pii_activos,83523.3200,trimestral,millones USD,16601
2010-10-01,pii_activos,86209.9200,trimestral,millones USD,16601
2011-01-01,pii_activos,91775.6700,trimestral,millones USD,16601
2011-04-01,pii_activos,94756.0200,trimestral,millones USD,16601
2011-07-01,pii_activos,98511.5200,trimestral,millones USD,16601
2011-10-01,pii_activos,103148.9400,trimestral,millones USD,16601
2012-01-01,pii_activos,108988.9500,trimestral,millones USD,16601
2012-04-01,pii_activos,109046.5200,trimestral,millones USD,16601
2012-07-01,pii_activos,114061.1900,trimestral,millones USD,16601
2012-10-01,pii_activos,114876.1900,trimestral,millones USD,16601
2013-01-01,pii_activos,118616.9000,trimestral,millones USD,16601
2013-04-01,pii_activos,123129.5800,trimestral,millones USD,16601
2013-07-01,pii_activos,131652.7700,trimestral,millones USD,16601
2013-10-01,pii_activos,134517.2900,trimestral,millones USD,16601
2014-01-01,pii_activos,138521.7000,trimestral,millones USD,16601
2014-04-01,pii_activos,145364.8900,trimestral,millones USD,16601
2014-07-01,pii_activos,149108.0600,trimestral,millones USD,16601
2014-10-01,pii_activos,150582.8300,trimestral,millones USD,16601
2015-01-01,pii_activos,153651.4200,trimestral,millones USD,16601
2015-04-01,pii_activos,155643.5100,trimestral,millones USD,16601
2015-07-01,pii_activos,153641.0200,trimestral,millones USD,16601
2015-10-01,pii_activos,154101.6000,trimestral,millones USD,16601
2016-01-01,pii_activos,157625.9400,trimestral,millones USD,16601
2016-04-01,pii_activos,160700.2800,trimestral,millones USD,16601
2016-07-01,pii_activos,163127.7000,trimestral,millones USD,16601
2016-10-01,pii_activos,167197.7700,trimestral,millones USD,16601
2017-01-01,pii_activos,170485.4400,trimestral,millones USD,16601
2017-04-01,pii_activos,171481.1000,trimestral,millones USD,16601
2017-07-01,pii_activos,177986.8200,trimestral,millones USD,16601
2017-10-01,pii_activos,181518.9900,trimestral,millones USD,16601
2018-01-01,pii_activos,184220.9000,trimestral,millones USD,16601
2018-04-01,pii_activos,183684.7200,trimestral,millones USD,16601
2018-07-01,pii_activos,185231.8600,trimestral,millones USD,16601
2018-10-01,pii_activos,186175.6800,trimestral,millones USD,16601
2019-01-01,pii_activos,189888.4400,trimestral,millones USD,16601
2019-04-01,pii_activos,193505.0100,trimestral,millones USD,16601
2019-07-01,pii_activos,193788.3800,trimestral,millones USD,16601
2019-10-01,pii_activos,196664.9600,trimestral,millones USD,16601
2020-01-01,pii_activos,193112.9600,trimestral,millones USD,16601
2020-04-01,pii_activos,201488.8200,trimestral,millones USD,16601
2020-07-01,pii_activos,205450.8200,trimestral,millones USD,16601
2020-10-01,pii_activos,217566.0400,trimestral,millones USD,16601
2021-01-01,pii_activos,215176.4300,trimestral,millones USD,16601
2021-04-01,pii_activos,222669.1000,trimestral,millones USD,16601
2021-07-01,pii_activos,227994.3700,trimestral,millones USD,16601
2021-10-01,pii_activos,231871.0900,trimestral,millones USD,16601
2022-01-01,pii_activos,231753.3800,trimestral,millones USD,16601
2022-04-01,pii_activos,230076.1200,trimestral,millones USD,16601
2022-07-01,pii_activos,226955.1300,trimestral,millones USD,16601
2022-10-01,pii_activos,232825.4300,trimestral,millones USD,16601
2023-01-01,pii_activos,238358.7600,trimestral,millones USD,16601
2023-04-01,pii_activos,242143.0900,trimestral,millones USD,16601
2023-07-01,pii_activos,244745.4200,trimestral,millones USD,16601
2023-10-01,pii_activos,256429.3000,trimestral,millones USD,16601
2024-01-01,pii_activos,260721.8500,trimestral,millones USD,16601
2024-04-01,pii_activos,264258.8600,trimestral,millones USD,16601
2024-07-01,pii_activos,270458.4000,trimestral,millones USD,16601
2024-10-01,pii_activos,272078.2100,trimestral,millones USD,16601
2025-01-01,pii_activos,276412.6900,trimestral,millones USD,16601
2025-04-01,pii_activos,286058.5100,trimestral,millones USD,16601
2025-07-01,pii_activos,299099.3000,trimestral,millones USD,16601
2025-10-01,pii_activos,308576.2700,trimestral,millones USD,16601
2026-01-01,pii_activos,314592.1700,trimestral,millones USD,16601
2026-04-01,pii_activos,316853.2000,trimestral,millones USD,16601
2000-01-01,pii_neta,-27161.5500,trimestral,millones USD,16600
2000-04-01,pii_neta,-24321.2700,trimestral,millones USD,16600
2000-07-01,pii_neta,-23549.5400,trimestral,millones USD,16600
2000-10-01,pii_neta,-22288.7900,trimestral,millones USD,16600
2001-01-01,pii_neta,-22692.2900,trimestral,millones USD,16600
2001-04-01,pii_neta,-24394.8800,trimestral,millones USD,16600
2001-07-01,pii_neta,-23854.9600,trimestral,millones USD,16600
2001-10-01,pii_neta,-24997.0300,trimestral,millones USD,16600
2002-01-01,pii_neta,-25504.2600,trimestral,millones USD,16600
2002-04-01,pii_neta,-26207.2200,trimestral,millones USD,16600
2002-07-01,pii_neta,-25961.7500,trimestral,millones USD,16600
2002-10-01,pii_neta,-27008.6000,trimestral,millones USD,16600
2003-01-01,pii_neta,-28478.1000,trimestral,millones USD,16600
2003-04-01,pii_neta,-28605.8700,trimestral,millones USD,16600
2003-07-01,pii_neta,-29326.0300,trimestral,millones USD,16600
2003-10-01,pii_neta,-29143.8400,trimestral,millones USD,16600
2004-01-01,pii_neta,-30749.9500,trimestral,millones USD,16600
2004-04-01,pii_neta,-30233.1600,trimestral,millones USD,16600
2004-07-01,pii_neta,-30229.6700,trimestral,millones USD,16600
2004-10-01,pii_neta,-31114.4900,trimestral,millones USD,16600
2005-01-01,pii_neta,-31491.8300,trimestral,millones USD,16600
2005-04-01,pii_neta,-32088.7000,trimestral,millones USD,16600
2005-07-01,pii_neta,-33431.9800,trimestral,millones USD,16600
2005-10-01,pii_neta,-33747.7200,trimestral,millones USD,16600
2006-01-01,pii_neta,-34473.2400,trimestral,millones USD,16600
2006-04-01,pii_neta,-33190.0700,trimestral,millones USD,16600
2006-07-01,pii_neta,-34550.8000,trimestral,millones USD,16600
2006-10-01,pii_neta,-37342.9800,trimestral,millones USD,16600
2007-01-01,pii_neta,-39534.5500,trimestral,millones USD,16600
2007-04-01,pii_neta,-42055.3900,trimestral,millones USD,16600
2007-07-01,pii_neta,-43517.7300,trimestral,millones USD,16600
2007-10-01,pii_neta,-44858.8900,trimestral,millones USD,16600
2008-01-01,pii_neta,-47023.6300,trimestral,millones USD,16600
2008-04-01,pii_neta,-47771.2600,trimestral,millones USD,16600
2008-07-01,pii_neta,-49285.7100,trimestral,millones USD,16600
2008-10-01,pii_neta,-52012.3200,trimestral,millones USD,16600
2009-01-01,pii_neta,-52828.5400,trimestral,millones USD,16600
2009-04-01,pii_neta,-54230.4500,trimestral,millones USD,16600
2009-07-01,pii_neta,-55657.7100,trimestral,millones USD,16600
2009-10-01,pii_neta,-57270.4300,trimestral,millones USD,16600
2010-01-01,pii_neta,-58243.4700,trimestral,millones USD,16600
2010-04-01,pii_neta,-60525.1100,trimestral,millones USD,16600
2010-07-01,pii_neta,-63914.6300,trimestral,millones USD,16600
2010-10-01,pii_neta,-66255.0900,trimestral,millones USD,16600
2011-01-01,pii_neta,-67994.0000,trimestral,millones USD,16600
2011-04-01,pii_neta,-70033.2800,trimestral,millones USD,16600
2011-07-01,pii_neta,-72821.1000,trimestral,millones USD,16600
2011-10-01,pii_neta,-75656.9200,trimestral,millones USD,16600
2012-01-01,pii_neta,-76190.7300,trimestral,millones USD,16600
2012-04-01,pii_neta,-80250.0600,trimestral,millones USD,16600
2012-07-01,pii_neta,-82522.2300,trimestral,millones USD,16600
2012-10-01,pii_neta,-85871.0800,trimestral,millones USD,16600
2013-01-01,pii_neta,-88985.7200,trimestral,millones USD,16600
2013-04-01,pii_neta,-90711.9900,trimestral,millones USD,16600
2013-07-01,pii_neta,-94457.1700,trimestral,millones USD,16600
2013-10-01,pii_neta,-96841.8300,trimestral,millones USD,16600
2014-01-01,pii_neta,-101356.6200,trimestral,millones USD,16600
2014-04-01,pii_neta,-106597.7800,trimestral,millones USD,16600
2014-07-01,pii_neta,-108910.0500,trimestral,millones USD,16600
2014-10-01,pii_neta,-107713.4900,trimestral,millones USD,16600
2015-01-01,pii_neta,-109174.5000,trimestral,millones USD,16600
2015-04-01,pii_neta,-112683.4500,trimestral,millones USD,16600
2015-07-01,pii_neta,-113124.1400,trimestral,millones USD,16600
2015-10-01,pii_neta,-114679.0000,trimestral,millones USD,16600
2016-01-01,pii_neta,-122660.4200,trimestral,millones USD,16600
2016-04-01,pii_neta,-126873.9000,trimestral,millones USD,16600
2016-07-01,pii_neta,-129594.6700,trimestral,millones USD,16600
2016-10-01,pii_neta,-129982.9900,trimestral,millones USD,16600
2017-01-01,pii_neta,-133800.7100,trimestral,millones USD,16600
2017-04-01,pii_neta,-135152.7300,trimestral,millones USD,16600
2017-07-01,pii_neta,-137778.4100,trimestral,millones USD,16600
2017-10-01,pii_neta,-138986.2600,trimestral,millones USD,16600
2018-01-01,pii_neta,-144746.9400,trimestral,millones USD,16600
2018-04-01,pii_neta,-146338.2700,trimestral,millones USD,16600
2018-07-01,pii_neta,-146898.6000,trimestral,millones USD,16600
2018-10-01,pii_neta,-148190.9500,trimestral,millones USD,16600
2019-01-01,pii_neta,-152894.0300,trimestral,millones USD,16600
2019-04-01,pii_neta,-154453.6300,trimestral,millones USD,16600
2019-07-01,pii_neta,-153769.3100,trimestral,millones USD,16600
2019-10-01,pii_neta,-157980.8600,trimestral,millones USD,16600
2020-01-01,pii_neta,-150630.0400,trimestral,millones USD,16600
2020-04-01,pii_neta,-153261.4000,trimestral,millones USD,16600
2020-07-01,pii_neta,-152881.0300,trimestral,millones USD,16600
2020-10-01,pii_neta,-159409.2300,trimestral,millones USD,16600
2021-01-01,pii_neta,-154671.1100,trimestral,millones USD,16600
2021-04-01,pii_neta,-154171.0100,trimestral,millones USD,16600
2021-07-01,pii_neta,-159436.3400,trimestral,millones USD,16600
2021-10-01,pii_neta,-160675.0800,trimestral,millones USD,16600
2022-01-01,pii_neta,-171816.0000,trimestral,millones USD,16600
2022-04-01,pii_neta,-173624.1700,trimestral,millones USD,16600
2022-07-01,pii_neta,-176333.4300,trimestral,millones USD,16600
2022-10-01,pii_neta,-178326.5900,trimestral,millones USD,16600
2023-01-01,pii_neta,-180388.0300,trimestral,millones USD,16600
2023-04-01,pii_neta,-186787.6000,trimestral,millones USD,16600
2023-07-01,pii_neta,-188601.0700,trimestral,millones USD,16600
2023-10-01,pii_neta,-190946.1300,trimestral,millones USD,16600
2024-01-01,pii_neta,-190733.1200,trimestral,millones USD,16600
2024-04-01,pii_neta,-187005.2900,trimestral,millones USD,16600
2024-07-01,pii_neta,-185248.2200,trimestral,millones USD,16600
2024-10-01,pii_neta,-186634.2200,trimestral,millones USD,16600
2025-01-01,pii_neta,-191502.4200,trimestral,millones USD,16600
2025-04-01,pii_neta,-191619.5500,trimestral,millones USD,16600
2025-07-01,pii_neta,-194164.5500,trimestral,millones USD,16600
2025-10-01,pii_neta,-200187.9300,trimestral,millones USD,16600
2026-01-01,pii_neta,-203107.9200,trimestral,millones USD,16600
2026-04-01,pii_neta,-204239.7600,trimestral,millones USD,16600
2000-01-01,pii_pasivos,49955.9800,trimestral,millones USD,16602
2000-04-01,pii_pasivos,47452.7300,trimestral,millones USD,16602
2000-07-01,pii_pasivos,47624.7000,trimestral,millones USD,16602
2000-10-01,pii_pasivos,47706.1100,trimestral,millones USD,16602
2001-01-01,pii_pasivos,48674.4600,trimestral,millones USD,16602
2001-04-01,pii_pasivos,52113.4500,trimestral,millones USD,16602
2001-07-01,pii_pasivos,52231.9400,trimestral,millones USD,16602
2001-10-01,pii_pasivos,54849.2000,trimestral,millones USD,16602
2002-01-01,pii_pasivos,55111.1000,trimestral,millones USD,16602
2002-04-01,pii_pasivos,55293.6900,trimestral,millones USD,16602
2002-07-01,pii_pasivos,55299.2500,trimestral,millones USD,16602
2002-10-01,pii_pasivos,55755.4900,trimestral,millones USD,16602
2003-01-01,pii_pasivos,57260.1600,trimestral,millones USD,16602
2003-04-01,pii_pasivos,57823.4100,trimestral,millones USD,16602
2003-07-01,pii_pasivos,58920.5600,trimestral,millones USD,16602
2003-10-01,pii_pasivos,59096.4200,trimestral,millones USD,16602
2004-01-01,pii_pasivos,60562.2900,trimestral,millones USD,16602
2004-04-01,pii_pasivos,60800.4600,trimestral,millones USD,16602
2004-07-01,pii_pasivos,62989.4300,trimestral,millones USD,16602
2004-10-01,pii_pasivos,65525.0500,trimestral,millones USD,16602
2005-01-01,pii_pasivos,66261.7200,trimestral,millones USD,16602
2005-04-01,pii_pasivos,66399.8600,trimestral,millones USD,16602
2005-07-01,pii_pasivos,68693.4500,trimestral,millones USD,16602
2005-10-01,pii_pasivos,76993.6000,trimestral,millones USD,16602
2006-01-01,pii_pasivos,77838.2800,trimestral,millones USD,16602
2006-04-01,pii_pasivos,77485.5200,trimestral,millones USD,16602
2006-07-01,pii_pasivos,82750.6800,trimestral,millones USD,16602
2006-10-01,pii_pasivos,87296.9600,trimestral,millones USD,16602
2007-01-01,pii_pasivos,92364.3600,trimestral,millones USD,16602
2007-04-01,pii_pasivos,97123.8800,trimestral,millones USD,16602
2007-07-01,pii_pasivos,100668.6700,trimestral,millones USD,16602
2007-10-01,pii_pasivos,104716.0700,trimestral,millones USD,16602
2008-01-01,pii_pasivos,108619.9400,trimestral,millones USD,16602
2008-04-01,pii_pasivos,110525.0100,trimestral,millones USD,16602
2008-07-01,pii_pasivos,112789.6300,trimestral,millones USD,16602
2008-10-01,pii_pasivos,116041.5900,trimestral,millones USD,16602
2009-01-01,pii_pasivos,118562.8200,trimestral,millones USD,16602
2009-04-01,pii_pasivos,121401.6600,trimestral,millones USD,16602
2009-07-01,pii_pasivos,127785.4000,trimestral,millones USD,16602
2009-10-01,pii_pasivos,131298.4000,trimestral,millones USD,16602
2010-01-01,pii_pasivos,133038.1000,trimestral,millones USD,16602
2010-04-01,pii_pasivos,137483.8400,trimestral,millones USD,16602
2010-07-01,pii_pasivos,147437.9500,trimestral,millones USD,16602
2010-10-01,pii_pasivos,152465.0100,trimestral,millones USD,16602
2011-01-01,pii_pasivos,159769.6700,trimestral,millones USD,16602
2011-04-01,pii_pasivos,164789.2900,trimestral,millones USD,16602
2011-07-01,pii_pasivos,171332.6300,trimestral,millones USD,16602
2011-10-01,pii_pasivos,178805.8700,trimestral,millones USD,16602
2012-01-01,pii_pasivos,185179.6800,trimestral,millones USD,16602
2012-04-01,pii_pasivos,189296.5900,trimestral,millones USD,16602
2012-07-01,pii_pasivos,196583.4200,trimestral,millones USD,16602
2012-10-01,pii_pasivos,200747.2700,trimestral,millones USD,16602
2013-01-01,pii_pasivos,207602.6200,trimestral,millones USD,16602
2013-04-01,pii_pasivos,213841.5600,trimestral,millones USD,16602
2013-07-01,pii_pasivos,226109.9400,trimestral,millones USD,16602
2013-10-01,pii_pasivos,231359.1100,trimestral,millones USD,16602
2014-01-01,pii_pasivos,239878.3200,trimestral,millones USD,16602
2014-04-01,pii_pasivos,251962.6700,trimestral,millones USD,16602
2014-07-01,pii_pasivos,258018.1000,trimestral,millones USD,16602
2014-10-01,pii_pasivos,258296.3200,trimestral,millones USD,16602
2015-01-01,pii_pasivos,262825.9200,trimestral,millones USD,16602
2015-04-01,pii_pasivos,268326.9600,trimestral,millones USD,16602
2015-07-01,pii_pasivos,266765.1500,trimestral,millones USD,16602
2015-10-01,pii_pasivos,268780.6000,trimestral,millones USD,16602
2016-01-01,pii_pasivos,280286.3600,trimestral,millones USD,16602
2016-04-01,pii_pasivos,287574.1700,trimestral,millones USD,16602
2016-07-01,pii_pasivos,292722.3600,trimestral,millones USD,16602
2016-10-01,pii_pasivos,297180.7600,trimestral,millones USD,16602
2017-01-01,pii_pasivos,304286.1500,trimestral,millones USD,16602
2017-04-01,pii_pasivos,306633.8300,trimestral,millones USD,16602
2017-07-01,pii_pasivos,315765.2200,trimestral,millones USD,16602
2017-10-01,pii_pasivos,320505.2400,trimestral,millones USD,16602
2018-01-01,pii_pasivos,328967.8400,trimestral,millones USD,16602
2018-04-01,pii_pasivos,330022.9900,trimestral,millones USD,16602
2018-07-01,pii_pasivos,332130.4500,trimestral,millones USD,16602
2018-10-01,pii_pasivos,334366.6300,trimestral,millones USD,16602
2019-01-01,pii_pasivos,342782.4700,trimestral,millones USD,16602
2019-04-01,pii_pasivos,347958.6400,trimestral,millones USD,16602
2019-07-01,pii_pasivos,347557.6900,trimestral,millones USD,16602
2019-10-01,pii_pasivos,354645.8200,trimestral,millones USD,16602
2020-01-01,pii_pasivos,343743.0000,trimestral,millones USD,16602
2020-04-01,pii_pasivos,354750.2100,trimestral,millones USD,16602
2020-07-01,pii_pasivos,358331.8500,trimestral,millones USD,16602
2020-10-01,pii_pasivos,376975.2700,trimestral,millones USD,16602
2021-01-01,pii_pasivos,369847.5400,trimestral,millones USD,16602
2021-04-01,pii_pasivos,376840.1100,trimestral,millones USD,16602
2021-07-01,pii_pasivos,387430.7100,trimestral,millones USD,16602
2021-10-01,pii_pasivos,392546.1800,trimestral,millones USD,16602
2022-01-01,pii_pasivos,403569.3800,trimestral,millones USD,16602
2022-04-01,pii_pasivos,403700.2900,trimestral,millones USD,16602
2022-07-01,pii_pasivos,403288.5600,trimestral,millones USD,16602
2022-10-01,pii_pasivos,411152.0200,trimestral,millones USD,16602
2023-01-01,pii_pasivos,418746.7900,trimestral,millones USD,16602
2023-04-01,pii_pasivos,428930.6900,trimestral,millones USD,16602
2023-07-01,pii_pasivos,433346.4900,trimestral,millones USD,16602
2023-10-01,pii_pasivos,447375.4300,trimestral,millones USD,16602
2024-01-01,pii_pasivos,451454.9700,trimestral,millones USD,16602
2024-04-01,pii_pasivos,451264.1500,trimestral,millones USD,16602
2024-07-01,pii_pasivos,455706.6200,trimestral,millones USD,16602
2024-10-01,pii_pasivos,458712.4300,trimestral,millones USD,16602
2025-01-01,pii_pasivos,467915.1100,trimestral,millones USD,16602
2025-04-01,pii_pasivos,477678.0600,trimestral,millones USD,16602
2025-07-01,pii_pasivos,493263.8600,trimestral,millones USD,16602
2025-10-01,pii_pasivos,508764.2000,trimestral,millones USD,16602
2026-01-01,pii_pasivos,517700.0900,trimestral,millones USD,16602
2026-04-01,pii_pasivos,521092.9600,trimestral,millones USD,16602
1995-01-01,precio_exportaciones,98.7900,mensual,índice,15361
1995-02-01,precio_exportaciones,100.4300,mensual,índice,15361
1995-03-01,precio_exportaciones,100.3100,mensual,índice,15361
1995-04-01,precio_exportaciones,101.1800,mensual,índice,15361
1995-05-01,precio_exportaciones,103.4800,mensual,índice,15361
1995-06-01,precio_exportaciones,100.6000,mensual,índice,15361
1995-07-01,precio_exportaciones,96.1100,mensual,índice,15361
1995-08-01,precio_exportaciones,96.3800,mensual,índice,15361
1995-09-01,precio_exportaciones,95.6600,mensual,índice,15361
1995-10-01,precio_exportaciones,91.4200,mensual,índice,15361
1995-11-01,precio_exportaciones,92.4300,mensual,índice,15361
1995-12-01,precio_exportaciones,90.9400,mensual,índice,15361
1996-01-01,precio_exportaciones,91.0100,mensual,índice,15361
1996-02-01,precio_exportaciones,91.4700,mensual,índice,15361
1996-03-01,precio_exportaciones,96.4000,mensual,índice,15361
1996-04-01,precio_exportaciones,97.9900,mensual,índice,15361
1996-05-01,precio_exportaciones,96.4700,mensual,índice,15361
1996-06-01,precio_exportaciones,94.7700,mensual,índice,15361
1996-07-01,precio_exportaciones,94.3200,mensual,índice,15361
1996-08-01,precio_exportaciones,94.8400,mensual,índice,15361
1996-09-01,precio_exportaciones,96.8700,mensual,índice,15361
1996-10-01,precio_exportaciones,97.8400,mensual,índice,15361
1996-11-01,precio_exportaciones,94.1500,mensual,índice,15361
1996-12-01,precio_exportaciones,96.8400,mensual,índice,15361
1997-01-01,precio_exportaciones,95.0700,mensual,índice,15361
1997-02-01,precio_exportaciones,90.9400,mensual,índice,15361
1997-03-01,precio_exportaciones,93.7800,mensual,índice,15361
1997-04-01,precio_exportaciones,94.9700,mensual,índice,15361
1997-05-01,precio_exportaciones,101.8100,mensual,índice,15361
1997-06-01,precio_exportaciones,100.1100,mensual,índice,15361
1997-07-01,precio_exportaciones,96.6700,mensual,índice,15361
1997-08-01,precio_exportaciones,96.7100,mensual,índice,15361
1997-09-01,precio_exportaciones,95.8800,mensual,índice,15361
1997-10-01,precio_exportaciones,97.6500,mensual,índice,15361
1997-11-01,precio_exportaciones,94.5200,mensual,índice,15361
1997-12-01,precio_exportaciones,91.6800,mensual,índice,15361
1998-01-01,precio_exportaciones,91.2100,mensual,índice,15361
1998-02-01,precio_exportaciones,89.5400,mensual,índice,15361
1998-03-01,precio_exportaciones,85.3900,mensual,índice,15361
1998-04-01,precio_exportaciones,86.7200,mensual,índice,15361
1998-05-01,precio_exportaciones,86.5100,mensual,índice,15361
1998-06-01,precio_exportaciones,82.6400,mensual,índice,15361
1998-07-01,precio_exportaciones,80.8600,mensual,índice,15361
1998-08-01,precio_exportaciones,79.8500,mensual,índice,15361
1998-09-01,precio_exportaciones,80.2200,mensual,índice,15361
1998-10-01,precio_exportaciones,79.7900,mensual,índice,15361
1998-11-01,precio_exportaciones,76.7100,mensual,índice,15361
1998-12-01,precio_exportaciones,72.2500,mensual,índice,15361
1999-01-01,precio_exportaciones,76.1800,mensual,índice,15361
1999-02-01,precio_exportaciones,74.5200,mensual,índice,15361
1999-03-01,precio_exportaciones,80.3900,mensual,índice,15361
1999-04-01,precio_exportaciones,84.1100,mensual,índice,15361
1999-05-01,precio_exportaciones,85.3800,mensual,índice,15361
1999-06-01,precio_exportaciones,85.1700,mensual,índice,15361
1999-07-01,precio_exportaciones,88.6000,mensual,índice,15361
1999-08-01,precio_exportaciones,90.1000,mensual,índice,15361
1999-09-01,precio_exportaciones,94.8900,mensual,índice,15361
1999-10-01,precio_exportaciones,93.2200,mensual,índice,15361
1999-11-01,precio_exportaciones,94.9300,mensual,índice,15361
1999-12-01,precio_exportaciones,98.3200,mensual,índice,15361
2000-01-01,precio_exportaciones,103.3000,mensual,índice,15361
2000-02-01,precio_exportaciones,102.9400,mensual,índice,15361
2000-03-01,precio_exportaciones,100.7600,mensual,índice,15361
2000-04-01,precio_exportaciones,98.4500,mensual,índice,15361
2000-05-01,precio_exportaciones,97.8800,mensual,índice,15361
2000-06-01,precio_exportaciones,102.4600,mensual,índice,15361
2000-07-01,precio_exportaciones,96.5400,mensual,índice,15361
2000-08-01,precio_exportaciones,101.5200,mensual,índice,15361
2000-09-01,precio_exportaciones,102.4000,mensual,índice,15361
2000-10-01,precio_exportaciones,100.2200,mensual,índice,15361
2000-11-01,precio_exportaciones,100.6000,mensual,índice,15361
2000-12-01,precio_exportaciones,93.4300,mensual,índice,15361
2001-01-01,precio_exportaciones,92.8500,mensual,índice,15361
2001-02-01,precio_exportaciones,92.2500,mensual,índice,15361
2001-03-01,precio_exportaciones,92.1900,mensual,índice,15361
2001-04-01,precio_exportaciones,93.4500,mensual,índice,15361
2001-05-01,precio_exportaciones,92.8100,mensual,índice,15361
2001-06-01,precio_exportaciones,94.0100,mensual,índice,15361
2001-07-01,precio_exportaciones,92.0200,mensual,índice,15361
2001-08-01,precio_exportaciones,91.4700,mensual,índice,15361
2001-09-01,precio_exportaciones,87.7800,mensual,índice,15361
2001-10-01,precio_exportaciones,84.8100,mensual,índice,15361
2001-11-01,precio_exportaciones,83.2000,mensual,índice,15361
2001-12-01,precio_exportaciones,79.5300,mensual,índice,15361
2002-01-01,precio_exportaciones,82.6100,mensual,índice,15361
2002-02-01,precio_exportaciones,84.3900,mensual,índice,15361
2002-03-01,precio_exportaciones,87.9800,mensual,índice,15361
2002-04-01,precio_exportaciones,89.1200,mensual,índice,15361
2002-05-01,precio_exportaciones,86.6200,mensual,índice,15361
2002-06-01,precio_exportaciones,84.7100,mensual,índice,15361
2002-07-01,precio_exportaciones,86.6000,mensual,índice,15361
2002-08-01,precio_exportaciones,86.8700,mensual,índice,15361
2002-09-01,precio_exportaciones,87.8700,mensual,índice,15361
2002-10-01,precio_exportaciones,86.6900,mensual,índice,15361
2002-11-01,precio_exportaciones,85.1700,mensual,índice,15361
2002-12-01,precio_exportaciones,88.5000,mensual,índice,15361
2003-01-01,precio_exportaciones,92.3100,mensual,índice,15361
2003-02-01,precio_exportaciones,92.5300,mensual,índice,15361
2003-03-01,precio_exportaciones,90.3200,mensual,índice,15361
2003-04-01,precio_exportaciones,84.4800,mensual,índice,15361
2003-05-01,precio_exportaciones,84.6600,mensual,índice,15361
2003-06-01,precio_exportaciones,88.1400,mensual,índice,15361
2003-07-01,precio_exportaciones,88.4700,mensual,índice,15361
2003-08-01,precio_exportaciones,88.9100,mensual,índice,15361
2003-09-01,precio_exportaciones,87.3800,mensual,índice,15361
2003-10-01,precio_exportaciones,88.3200,mensual,índice,15361
2003-11-01,precio_exportaciones,88.6000,mensual,índice,15361
2003-12-01,precio_exportaciones,91.8900,mensual,índice,15361
2004-01-01,precio_exportaciones,95.4100,mensual,índice,15361
2004-02-01,precio_exportaciones,94.1100,mensual,índice,15361
2004-03-01,precio_exportaciones,97.6800,mensual,índice,15361
2004-04-01,precio_exportaciones,98.4400,mensual,índice,15361
2004-05-01,precio_exportaciones,100.0300,mensual,índice,15361
2004-06-01,precio_exportaciones,99.8100,mensual,índice,15361
2004-07-01,precio_exportaciones,103.6200,mensual,índice,15361
2004-08-01,precio_exportaciones,104.8700,mensual,índice,15361
2004-09-01,precio_exportaciones,106.1300,mensual,índice,15361
2004-10-01,precio_exportaciones,112.3900,mensual,índice,15361
2004-11-01,precio_exportaciones,108.7600,mensual,índice,15361
2004-12-01,precio_exportaciones,107.3300,mensual,índice,15361
2005-01-01,precio_exportaciones,109.2200,mensual,índice,15361
2005-02-01,precio_exportaciones,112.1400,mensual,índice,15361
2005-03-01,precio_exportaciones,118.5500,mensual,índice,15361
2005-04-01,precio_exportaciones,118.5900,mensual,índice,15361
2005-05-01,precio_exportaciones,116.7100,mensual,índice,15361
2005-06-01,precio_exportaciones,122.3000,mensual,índice,15361
2005-07-01,precio_exportaciones,124.5800,mensual,índice,15361
2005-08-01,precio_exportaciones,129.3700,mensual,índice,15361
2005-09-01,precio_exportaciones,130.3700,mensual,índice,15361
2005-10-01,precio_exportaciones,122.5900,mensual,índice,15361
2005-11-01,precio_exportaciones,119.5400,mensual,índice,15361
2005-12-01,precio_exportaciones,119.3700,mensual,índice,15361
2006-01-01,precio_exportaciones,124.4400,mensual,índice,15361
2006-02-01,precio_exportaciones,124.0500,mensual,índice,15361
2006-03-01,precio_exportaciones,128.6500,mensual,índice,15361
2006-04-01,precio_exportaciones,135.2000,mensual,índice,15361
2006-05-01,precio_exportaciones,136.0700,mensual,índice,15361
2006-06-01,precio_exportaciones,137.3500,mensual,índice,15361
2006-07-01,precio_exportaciones,140.7100,mensual,índice,15361
2006-08-01,precio_exportaciones,139.0200,mensual,índice,15361
2006-09-01,precio_exportaciones,132.6200,mensual,índice,15361
2006-10-01,precio_exportaciones,132.3500,mensual,índice,15361
2006-11-01,precio_exportaciones,132.5100,mensual,índice,15361
2006-12-01,precio_exportaciones,133.7400,mensual,índice,15361
2007-01-01,precio_exportaciones,129.0400,mensual,índice,15361
2007-02-01,precio_exportaciones,135.4000,mensual,índice,15361
2007-03-01,precio_exportaciones,136.8400,mensual,índice,15361
2007-04-01,precio_exportaciones,143.4200,mensual,índice,15361
2007-05-01,precio_exportaciones,148.3800,mensual,índice,15361
2007-06-01,precio_exportaciones,149.7200,mensual,índice,15361
2007-07-01,precio_exportaciones,153.1800,mensual,índice,15361
2007-08-01,precio_exportaciones,149.0800,mensual,índice,15361
2007-09-01,precio_exportaciones,155.3700,mensual,índice,15361
2007-10-01,precio_exportaciones,160.8700,mensual,índice,15361
2007-11-01,precio_exportaciones,165.7200,mensual,índice,15361
2007-12-01,precio_exportaciones,166.8000,mensual,índice,15361
2008-01-01,precio_exportaciones,165.9900,mensual,índice,15361
2008-02-01,precio_exportaciones,174.1100,mensual,índice,15361
2008-03-01,precio_exportaciones,185.6300,mensual,índice,15361
2008-04-01,precio_exportaciones,186.1700,mensual,índice,15361
2008-05-01,precio_exportaciones,198.9800,mensual,índice,15361
2008-06-01,precio_exportaciones,207.1800,mensual,índice,15361
2008-07-01,precio_exportaciones,205.5800,mensual,índice,15361
2008-08-01,precio_exportaciones,198.3600,mensual,índice,15361
2008-09-01,precio_exportaciones,190.0700,mensual,índice,15361
2008-10-01,precio_exportaciones,169.3100,mensual,índice,15361
2008-11-01,precio_exportaciones,148.0200,mensual,índice,15361
2008-12-01,precio_exportaciones,155.5500,mensual,índice,15361
2009-01-01,precio_exportaciones,139.4000,mensual,índice,15361
2009-02-01,precio_exportaciones,137.5800,mensual,índice,15361
2009-03-01,precio_exportaciones,147.6500,mensual,índice,15361
2009-04-01,precio_exportaciones,145.7400,mensual,índice,15361
2009-05-01,precio_exportaciones,152.6400,mensual,índice,15361
2009-06-01,precio_exportaciones,164.3400,mensual,índice,15361
2009-07-01,precio_exportaciones,158.1900,mensual,índice,15361
2009-08-01,precio_exportaciones,164.2900,mensual,índice,15361
2009-09-01,precio_exportaciones,168.0500,mensual,índice,15361
2009-10-01,precio_exportaciones,174.6200,mensual,índice,15361
2009-11-01,precio_exportaciones,177.0600,mensual,índice,15361
2009-12-01,precio_exportaciones,175.0800,mensual,índice,15361
2010-01-01,precio_exportaciones,185.9200,mensual,índice,15361
2010-02-01,precio_exportaciones,179.8400,mensual,índice,15361
2010-03-01,precio_exportaciones,184.8900,mensual,índice,15361
2010-04-01,precio_exportaciones,191.4500,mensual,índice,15361
2010-05-01,precio_exportaciones,180.4100,mensual,índice,15361
2010-06-01,precio_exportaciones,181.1600,mensual,índice,15361
2010-07-01,precio_exportaciones,179.7000,mensual,índice,15361
2010-08-01,precio_exportaciones,183.1100,mensual,índice,15361
2010-09-01,precio_exportaciones,182.5200,mensual,índice,15361
2010-10-01,precio_exportaciones,192.5700,mensual,índice,15361
2010-11-01,precio_exportaciones,199.0400,mensual,índice,15361
2010-12-01,precio_exportaciones,203.6500,mensual,índice,15361
2011-01-01,precio_exportaciones,206.8600,mensual,índice,15361
2011-02-01,precio_exportaciones,214.8600,mensual,índice,15361
2011-03-01,precio_exportaciones,232.0600,mensual,índice,15361
2011-04-01,precio_exportaciones,250.2600,mensual,índice,15361
2011-05-01,precio_exportaciones,243.8800,mensual,índice,15361
2011-06-01,precio_exportaciones,241.5000,mensual,índice,15361
2011-07-01,precio_exportaciones,243.9200,mensual,índice,15361
2011-08-01,precio_exportaciones,234.8900,mensual,índice,15361
2011-09-01,precio_exportaciones,240.8600,mensual,índice,15361
2011-10-01,precio_exportaciones,241.0200,mensual,índice,15361
2011-11-01,precio_exportaciones,247.0500,mensual,índice,15361
2011-12-01,precio_exportaciones,237.3800,mensual,índice,15361
2012-01-01,precio_exportaciones,242.9400,mensual,índice,15361
2012-02-01,precio_exportaciones,249.1900,mensual,índice,15361
2012-03-01,precio_exportaciones,253.8800,mensual,índice,15361
2012-04-01,precio_exportaciones,252.5900,mensual,índice,15361
2012-05-01,precio_exportaciones,228.7200,mensual,índice,15361
2012-06-01,precio_exportaciones,210.1100,mensual,índice,15361
2012-07-01,precio_exportaciones,209.9000,mensual,índice,15361
2012-08-01,precio_exportaciones,201.0500,mensual,índice,15361
2012-09-01,precio_exportaciones,220.8400,mensual,índice,15361
2012-10-01,precio_exportaciones,222.7500,mensual,índice,15361
2012-11-01,precio_exportaciones,218.8600,mensual,índice,15361
2012-12-01,precio_exportaciones,218.6200,mensual,índice,15361
2013-01-01,precio_exportaciones,222.3800,mensual,índice,15361
2013-02-01,precio_exportaciones,224.1800,mensual,índice,15361
2013-03-01,precio_exportaciones,218.2100,mensual,índice,15361
2013-04-01,precio_exportaciones,208.7900,mensual,índice,15361
2013-05-01,precio_exportaciones,205.1200,mensual,índice,15361
2013-06-01,precio_exportaciones,205.4800,mensual,índice,15361
2013-07-01,precio_exportaciones,207.5800,mensual,índice,15361
2013-08-01,precio_exportaciones,211.4400,mensual,índice,15361
2013-09-01,precio_exportaciones,209.5500,mensual,índice,15361
2013-10-01,precio_exportaciones,207.4900,mensual,índice,15361
2013-11-01,precio_exportaciones,205.1200,mensual,índice,15361
2013-12-01,precio_exportaciones,204.3900,mensual,índice,15361
2014-01-01,precio_exportaciones,198.8800,mensual,índice,15361
2014-02-01,precio_exportaciones,198.1600,mensual,índice,15361
2014-03-01,precio_exportaciones,201.2700,mensual,índice,15361
2014-04-01,precio_exportaciones,202.9000,mensual,índice,15361
2014-05-01,precio_exportaciones,195.8600,mensual,índice,15361
2014-06-01,precio_exportaciones,209.8800,mensual,índice,15361
2014-07-01,precio_exportaciones,189.9500,mensual,índice,15361
2014-08-01,precio_exportaciones,191.6300,mensual,índice,15361
2014-09-01,precio_exportaciones,185.0300,mensual,índice,15361
2014-10-01,precio_exportaciones,169.1600,mensual,índice,15361
2014-11-01,precio_exportaciones,163.1000,mensual,índice,15361
2014-12-01,precio_exportaciones,141.9100,mensual,índice,15361
2015-01-01,precio_exportaciones,124.3100,mensual,índice,15361
2015-02-01,precio_exportaciones,129.9200,mensual,índice,15361
2015-03-01,precio_exportaciones,130.0100,mensual,índice,15361
2015-04-01,precio_exportaciones,133.2000,mensual,índice,15361
2015-05-01,precio_exportaciones,137.2100,mensual,índice,15361
2015-06-01,precio_exportaciones,136.0300,mensual,índice,15361
2015-07-01,precio_exportaciones,128.5700,mensual,índice,15361
2015-08-01,precio_exportaciones,117.5300,mensual,índice,15361
2015-09-01,precio_exportaciones,113.2200,mensual,índice,15361
2015-10-01,precio_exportaciones,112.0700,mensual,índice,15361
2015-11-01,precio_exportaciones,105.9800,mensual,índice,15361
2015-12-01,precio_exportaciones,96.7200,mensual,índice,15361
2016-01-01,precio_exportaciones,86.1100,mensual,índice,15361
2016-02-01,precio_exportaciones,91.8100,mensual,índice,15361
2016-03-01,precio_exportaciones,98.6700,mensual,índice,15361
2016-04-01,precio_exportaciones,103.5900,mensual,índice,15361
2016-05-01,precio_exportaciones,110.0400,mensual,índice,15361
2016-06-01,precio_exportaciones,112.1900,mensual,índice,15361
2016-07-01,precio_exportaciones,108.6400,mensual,índice,15361
2016-08-01,precio_exportaciones,110.8800,mensual,índice,15361
2016-09-01,precio_exportaciones,111.2700,mensual,índice,15361
2016-10-01,precio_exportaciones,115.1000,mensual,índice,15361
2016-11-01,precio_exportaciones,112.5100,mensual,índice,15361
2016-12-01,precio_exportaciones,118.9600,mensual,índice,15361
2017-01-01,precio_exportaciones,125.3300,mensual,índice,15361
2017-02-01,precio_exportaciones,127.3600,mensual,índice,15361
2017-03-01,precio_exportaciones,124.0500,mensual,índice,15361
2017-04-01,precio_exportaciones,124.8800,mensual,índice,15361
2017-05-01,precio_exportaciones,123.1500,mensual,índice,15361
2017-06-01,precio_exportaciones,119.6100,mensual,índice,15361
2017-07-01,precio_exportaciones,119.7400,mensual,índice,15361
2017-08-01,precio_exportaciones,121.0300,mensual,índice,15361
2017-09-01,precio_exportaciones,126.7400,mensual,índice,15361
2017-10-01,precio_exportaciones,132.3500,mensual,índice,15361
2017-11-01,precio_exportaciones,133.2400,mensual,índice,15361
2017-12-01,precio_exportaciones,139.6400,mensual,índice,15361
2018-01-01,precio_exportaciones,143.5300,mensual,índice,15361
2018-02-01,precio_exportaciones,140.4700,mensual,índice,15361
2018-03-01,precio_exportaciones,141.7100,mensual,índice,15361
2018-04-01,precio_exportaciones,144.9700,mensual,índice,15361
2018-05-01,precio_exportaciones,150.0000,mensual,índice,15361
2018-06-01,precio_exportaciones,149.2200,mensual,índice,15361
2018-07-01,precio_exportaciones,148.8500,mensual,índice,15361
2018-08-01,precio_exportaciones,146.9800,mensual,índice,15361
2018-09-01,precio_exportaciones,154.1500,mensual,índice,15361
2018-10-01,precio_exportaciones,153.6000,mensual,índice,15361
2018-11-01,precio_exportaciones,142.2500,mensual,índice,15361
2018-12-01,precio_exportaciones,132.8100,mensual,índice,15361
2019-01-01,precio_exportaciones,132.2100,mensual,índice,15361
2019-02-01,precio_exportaciones,139.0200,mensual,índice,15361
2019-03-01,precio_exportaciones,140.3600,mensual,índice,15361
2019-04-01,precio_exportaciones,145.0500,mensual,índice,15361
2019-05-01,precio_exportaciones,142.7900,mensual,índice,15361
2019-06-01,precio_exportaciones,136.6100,mensual,índice,15361
2019-07-01,precio_exportaciones,135.8600,mensual,índice,15361
2019-08-01,precio_exportaciones,130.7100,mensual,índice,15361
2019-09-01,precio_exportaciones,132.8000,mensual,índice,15361
2019-10-01,precio_exportaciones,131.3100,mensual,índice,15361
2019-11-01,precio_exportaciones,132.2600,mensual,índice,15361
2019-12-01,precio_exportaciones,133.3600,mensual,índice,15361
2020-01-01,precio_exportaciones,127.0800,mensual,índice,15361
2020-02-01,precio_exportaciones,120.3900,mensual,índice,15361
2020-03-01,precio_exportaciones,96.6700,mensual,índice,15361
2020-04-01,precio_exportaciones,90.3800,mensual,índice,15361
2020-05-01,precio_exportaciones,94.0900,mensual,índice,15361
2020-06-01,precio_exportaciones,102.3600,mensual,índice,15361
2020-07-01,precio_exportaciones,109.2900,mensual,índice,15361
2020-08-01,precio_exportaciones,112.3500,mensual,índice,15361
2020-09-01,precio_exportaciones,111.7900,mensual,índice,15361
2020-10-01,precio_exportaciones,112.2600,mensual,índice,15361
2020-11-01,precio_exportaciones,114.8900,mensual,índice,15361
2020-12-01,precio_exportaciones,120.4300,mensual,índice,15361
2021-01-01,precio_exportaciones,129.7500,mensual,índice,15361
2021-02-01,precio_exportaciones,130.9600,mensual,índice,15361
2021-03-01,precio_exportaciones,139.4100,mensual,índice,15361
2021-04-01,precio_exportaciones,138.7400,mensual,índice,15361
2021-05-01,precio_exportaciones,147.5000,mensual,índice,15361
2021-06-01,precio_exportaciones,152.3800,mensual,índice,15361
2021-07-01,precio_exportaciones,149.3700,mensual,índice,15361
2021-08-01,precio_exportaciones,151.2100,mensual,índice,15361
2021-09-01,precio_exportaciones,163.9800,mensual,índice,15361
2021-10-01,precio_exportaciones,169.7400,mensual,índice,15361
2021-11-01,precio_exportaciones,173.7800,mensual,índice,15361
2021-12-01,precio_exportaciones,174.4100,mensual,índice,15361
2022-01-01,precio_exportaciones,188.1200,mensual,índice,15361
2022-02-01,precio_exportaciones,187.1100,mensual,índice,15361
2022-03-01,precio_exportaciones,202.7700,mensual,índice,15361
2022-04-01,precio_exportaciones,219.5400,mensual,índice,15361
2022-05-01,precio_exportaciones,214.7100,mensual,índice,15361
2022-06-01,precio_exportaciones,248.4500,mensual,índice,15361
2022-07-01,precio_exportaciones,246.5700,mensual,índice,15361
2022-08-01,precio_exportaciones,206.3700,mensual,índice,15361
2022-09-01,precio_exportaciones,212.6600,mensual,índice,15361
2022-10-01,precio_exportaciones,207.7100,mensual,índice,15361
2022-11-01,precio_exportaciones,203.0200,mensual,índice,15361
2022-12-01,precio_exportaciones,191.3500,mensual,índice,15361
2023-01-01,precio_exportaciones,190.3700,mensual,índice,15361
2023-02-01,precio_exportaciones,190.1800,mensual,índice,15361
2023-03-01,precio_exportaciones,184.8100,mensual,índice,15361
2023-04-01,precio_exportaciones,184.0300,mensual,índice,15361
2023-05-01,precio_exportaciones,177.9600,mensual,índice,15361
2023-06-01,precio_exportaciones,175.7500,mensual,índice,15361
2023-07-01,precio_exportaciones,177.3500,mensual,índice,15361
2023-08-01,precio_exportaciones,182.5800,mensual,índice,15361
2023-09-01,precio_exportaciones,185.2800,mensual,índice,15361
2023-10-01,precio_exportaciones,182.5300,mensual,índice,15361
2023-11-01,precio_exportaciones,166.5700,mensual,índice,15361
2023-12-01,precio_exportaciones,169.1100,mensual,índice,15361
2024-01-01,precio_exportaciones,169.2200,mensual,índice,15361
2024-02-01,precio_exportaciones,168.1900,mensual,índice,15361
2024-03-01,precio_exportaciones,171.1100,mensual,índice,15361
2024-04-01,precio_exportaciones,177.4700,mensual,índice,15361
2024-05-01,precio_exportaciones,172.1000,mensual,índice,15361
2024-06-01,precio_exportaciones,177.7000,mensual,índice,15361
2024-07-01,precio_exportaciones,175.3900,mensual,índice,15361
2024-08-01,precio_exportaciones,173.3100,mensual,índice,15361
2024-09-01,precio_exportaciones,168.8100,mensual,índice,15361
2024-10-01,precio_exportaciones,170.9300,mensual,índice,15361
2024-11-01,precio_exportaciones,170.7600,mensual,índice,15361
2024-12-01,precio_exportaciones,173.2500,mensual,índice,15361
2025-01-01,precio_exportaciones,177.3800,mensual,índice,15361
2025-02-01,precio_exportaciones,178.4900,mensual,índice,15361
2025-03-01,precio_exportaciones,179.0400,mensual,índice,15361
2025-04-01,precio_exportaciones,177.6800,mensual,índice,15361
2025-05-01,precio_exportaciones,170.4400,mensual,índice,15361
2025-06-01,precio_exportaciones,177.9700,mensual,índice,15361
2025-07-01,precio_exportaciones,176.7300,mensual,índice,15361
2025-08-01,precio_exportaciones,177.9900,mensual,índice,15361
2025-09-01,precio_exportaciones,180.7200,mensual,índice,15361
2025-10-01,precio_exportaciones,176.1100,mensual,índice,15361
2025-11-01,precio_exportaciones,178.5400,mensual,índice,15361
2025-12-01,precio_exportaciones,181.1900,mensual,índice,15361
2026-01-01,precio_exportaciones,182.9600,mensual,índice,15361
2026-02-01,precio_exportaciones,189.5500,mensual,índice,15361
2026-03-01,precio_exportaciones,211.1600,mensual,índice,15361
2026-04-01,precio_exportaciones,219.8600,mensual,índice,15361
2026-05-01,precio_exportaciones,222.8700,mensual,índice,15361
2026-06-01,precio_exportaciones,204.5000,mensual,índice,15361
2026-07-01,precio_exportaciones,199.9700,mensual,índice,15361
1995-01-01,precio_importaciones,127.9900,mensual,índice,15362
1995-02-01,precio_importaciones,130.2500,mensual,índice,15362
1995-03-01,precio_importaciones,130.0100,mensual,índice,15362
1995-04-01,precio_importaciones,128.4100,mensual,índice,15362
1995-05-01,precio_importaciones,128.4300,mensual,índice,15362
1995-06-01,precio_importaciones,128.2500,mensual,índice,15362
1995-07-01,precio_importaciones,128.6000,mensual,índice,15362
1995-08-01,precio_importaciones,128.6800,mensual,índice,15362
1995-09-01,precio_importaciones,128.0700,mensual,índice,15362
1995-10-01,precio_importaciones,128.2800,mensual,índice,15362
1995-11-01,precio_importaciones,126.9300,mensual,índice,15362
1995-12-01,precio_importaciones,119.7500,mensual,índice,15362
1996-01-01,precio_importaciones,127.1700,mensual,índice,15362
1996-02-01,precio_importaciones,128.0500,mensual,índice,15362
1996-03-01,precio_importaciones,126.3100,mensual,índice,15362
1996-04-01,precio_importaciones,126.6700,mensual,índice,15362
1996-05-01,precio_importaciones,125.5000,mensual,índice,15362
1996-06-01,precio_importaciones,129.3800,mensual,índice,15362
1996-07-01,precio_importaciones,126.0900,mensual,índice,15362
1996-08-01,precio_importaciones,124.9700,mensual,índice,15362
1996-09-01,precio_importaciones,123.9400,mensual,índice,15362
1996-10-01,precio_importaciones,124.8100,mensual,índice,15362
1996-11-01,precio_importaciones,124.8600,mensual,índice,15362
1996-12-01,precio_importaciones,125.7000,mensual,índice,15362
1997-01-01,precio_importaciones,122.5800,mensual,índice,15362
1997-02-01,precio_importaciones,123.8800,mensual,índice,15362
1997-03-01,precio_importaciones,122.6400,mensual,índice,15362
1997-04-01,precio_importaciones,122.1600,mensual,índice,15362
1997-05-01,precio_importaciones,120.2800,mensual,índice,15362
1997-06-01,precio_importaciones,119.2100,mensual,índice,15362
1997-07-01,precio_importaciones,118.6800,mensual,índice,15362
1997-08-01,precio_importaciones,119.9100,mensual,índice,15362
1997-09-01,precio_importaciones,119.3700,mensual,índice,15362
1997-10-01,precio_importaciones,116.4300,mensual,índice,15362
1997-11-01,precio_importaciones,115.7100,mensual,índice,15362
1997-12-01,precio_importaciones,115.4000,mensual,índice,15362
1998-01-01,precio_importaciones,114.5200,mensual,índice,15362
1998-02-01,precio_importaciones,114.4600,mensual,índice,15362
1998-03-01,precio_importaciones,114.0700,mensual,índice,15362
1998-04-01,precio_importaciones,113.7500,mensual,índice,15362
1998-05-01,precio_importaciones,112.4800,mensual,índice,15362
1998-06-01,precio_importaciones,110.5800,mensual,índice,15362
1998-07-01,precio_importaciones,111.6600,mensual,índice,15362
1998-08-01,precio_importaciones,110.2500,mensual,índice,15362
1998-09-01,precio_importaciones,109.2100,mensual,índice,15362
1998-10-01,precio_importaciones,110.1300,mensual,índice,15362
1998-11-01,precio_importaciones,106.0300,mensual,índice,15362
1998-12-01,precio_importaciones,106.7100,mensual,índice,15362
1999-01-01,precio_importaciones,107.8400,mensual,índice,15362
1999-02-01,precio_importaciones,105.9300,mensual,índice,15362
1999-03-01,precio_importaciones,104.4400,mensual,índice,15362
1999-04-01,precio_importaciones,102.3000,mensual,índice,15362
1999-05-01,precio_importaciones,101.7800,mensual,índice,15362
1999-06-01,precio_importaciones,100.5200,mensual,índice,15362
1999-07-01,precio_importaciones,103.8900,mensual,índice,15362
1999-08-01,precio_importaciones,102.7000,mensual,índice,15362
1999-09-01,precio_importaciones,101.7400,mensual,índice,15362
1999-10-01,precio_importaciones,101.7900,mensual,índice,15362
1999-11-01,precio_importaciones,104.2100,mensual,índice,15362
1999-12-01,precio_importaciones,100.8600,mensual,índice,15362
2000-01-01,precio_importaciones,100.7100,mensual,índice,15362
2000-02-01,precio_importaciones,102.4800,mensual,índice,15362
2000-03-01,precio_importaciones,103.1800,mensual,índice,15362
2000-04-01,precio_importaciones,101.5400,mensual,índice,15362
2000-05-01,precio_importaciones,101.2100,mensual,índice,15362
2000-06-01,precio_importaciones,101.0600,mensual,índice,15362
2000-07-01,precio_importaciones,100.9300,mensual,índice,15362
2000-08-01,precio_importaciones,100.1200,mensual,índice,15362
2000-09-01,precio_importaciones,98.7000,mensual,índice,15362
2000-10-01,precio_importaciones,99.3800,mensual,índice,15362
2000-11-01,precio_importaciones,95.6700,mensual,índice,15362
2000-12-01,precio_importaciones,95.3500,mensual,índice,15362
2001-01-01,precio_importaciones,96.5300,mensual,índice,15362
2001-02-01,precio_importaciones,94.7200,mensual,índice,15362
2001-03-01,precio_importaciones,96.1300,mensual,índice,15362
2001-04-01,precio_importaciones,93.0800,mensual,índice,15362
2001-05-01,precio_importaciones,93.8200,mensual,índice,15362
2001-06-01,precio_importaciones,93.8700,mensual,índice,15362
2001-07-01,precio_importaciones,92.2400,mensual,índice,15362
2001-08-01,precio_importaciones,90.9300,mensual,índice,15362
2001-09-01,precio_importaciones,91.3100,mensual,índice,15362
2001-10-01,precio_importaciones,91.4400,mensual,índice,15362
2001-11-01,precio_importaciones,90.1700,mensual,índice,15362
2001-12-01,precio_importaciones,87.6100,mensual,índice,15362
2002-01-01,precio_importaciones,88.9500,mensual,índice,15362
2002-02-01,precio_importaciones,87.5100,mensual,índice,15362
2002-03-01,precio_importaciones,88.5900,mensual,índice,15362
2002-04-01,precio_importaciones,87.2700,mensual,índice,15362
2002-05-01,precio_importaciones,89.8600,mensual,índice,15362
2002-06-01,precio_importaciones,89.6800,mensual,índice,15362
2002-07-01,precio_importaciones,89.4700,mensual,índice,15362
2002-08-01,precio_importaciones,89.3300,mensual,índice,15362
2002-09-01,precio_importaciones,89.8200,mensual,índice,15362
2002-10-01,precio_importaciones,90.5700,mensual,índice,15362
2002-11-01,precio_importaciones,89.9800,mensual,índice,15362
2002-12-01,precio_importaciones,90.7500,mensual,índice,15362
2003-01-01,precio_importaciones,91.6900,mensual,índice,15362
2003-02-01,precio_importaciones,91.3900,mensual,índice,15362
2003-03-01,precio_importaciones,90.5000,mensual,índice,15362
2003-04-01,precio_importaciones,92.2900,mensual,índice,15362
2003-05-01,precio_importaciones,92.0700,mensual,índice,15362
2003-06-01,precio_importaciones,89.4700,mensual,índice,15362
2003-07-01,precio_importaciones,89.0700,mensual,índice,15362
2003-08-01,precio_importaciones,88.7000,mensual,índice,15362
2003-09-01,precio_importaciones,87.7700,mensual,índice,15362
2003-10-01,precio_importaciones,86.3500,mensual,índice,15362
2003-11-01,precio_importaciones,87.3500,mensual,índice,15362
2003-12-01,precio_importaciones,88.4000,mensual,índice,15362
2004-01-01,precio_importaciones,89.8200,mensual,índice,15362
2004-02-01,precio_importaciones,90.0100,mensual,índice,15362
2004-03-01,precio_importaciones,90.5800,mensual,índice,15362
2004-04-01,precio_importaciones,89.6300,mensual,índice,15362
2004-05-01,precio_importaciones,92.6600,mensual,índice,15362
2004-06-01,precio_importaciones,91.5600,mensual,índice,15362
2004-07-01,precio_importaciones,92.4600,mensual,índice,15362
2004-08-01,precio_importaciones,92.4700,mensual,índice,15362
2004-09-01,precio_importaciones,92.5200,mensual,índice,15362
2004-10-01,precio_importaciones,93.1900,mensual,índice,15362
2004-11-01,precio_importaciones,95.3000,mensual,índice,15362
2004-12-01,precio_importaciones,94.6200,mensual,índice,15362
2005-01-01,precio_importaciones,96.2700,mensual,índice,15362
2005-02-01,precio_importaciones,97.4500,mensual,índice,15362
2005-03-01,precio_importaciones,95.0900,mensual,índice,15362
2005-04-01,precio_importaciones,94.2600,mensual,índice,15362
2005-05-01,precio_importaciones,93.7900,mensual,índice,15362
2005-06-01,precio_importaciones,94.2000,mensual,índice,15362
2005-07-01,precio_importaciones,93.3300,mensual,índice,15362
2005-08-01,precio_importaciones,94.6800,mensual,índice,15362
2005-09-01,precio_importaciones,96.1600,mensual,índice,15362
2005-10-01,precio_importaciones,94.7400,mensual,índice,15362
2005-11-01,precio_importaciones,96.5800,mensual,índice,15362
2005-12-01,precio_importaciones,97.2800,mensual,índice,15362
2006-01-01,precio_importaciones,96.7200,mensual,índice,15362
2006-02-01,precio_importaciones,96.8700,mensual,índice,15362
2006-03-01,precio_importaciones,98.2000,mensual,índice,15362
2006-04-01,precio_importaciones,99.0500,mensual,índice,15362
2006-05-01,precio_importaciones,100.3700,mensual,índice,15362
2006-06-01,precio_importaciones,101.4900,mensual,índice,15362
2006-07-01,precio_importaciones,102.1000,mensual,índice,15362
2006-08-01,precio_importaciones,103.4900,mensual,índice,15362
2006-09-01,precio_importaciones,103.7000,mensual,índice,15362
2006-10-01,precio_importaciones,103.8800,mensual,índice,15362
2006-11-01,precio_importaciones,104.2700,mensual,índice,15362
2006-12-01,precio_importaciones,102.2100,mensual,índice,15362
2007-01-01,precio_importaciones,103.0900,mensual,índice,15362
2007-02-01,precio_importaciones,104.2000,mensual,índice,15362
2007-03-01,precio_importaciones,104.9800,mensual,índice,15362
2007-04-01,precio_importaciones,106.3500,mensual,índice,15362
2007-05-01,precio_importaciones,106.8800,mensual,índice,15362
2007-06-01,precio_importaciones,107.5400,mensual,índice,15362
2007-07-01,precio_importaciones,108.7600,mensual,índice,15362
2007-08-01,precio_importaciones,109.0500,mensual,índice,15362
2007-09-01,precio_importaciones,109.1100,mensual,índice,15362
2007-10-01,precio_importaciones,109.6900,mensual,índice,15362
2007-11-01,precio_importaciones,113.6400,mensual,índice,15362
2007-12-01,precio_importaciones,113.3400,mensual,índice,15362
2008-01-01,precio_importaciones,114.1200,mensual,índice,15362
2008-02-01,precio_importaciones,115.7800,mensual,índice,15362
2008-03-01,precio_importaciones,118.8100,mensual,índice,15362
2008-04-01,precio_importaciones,120.5400,mensual,índice,15362
2008-05-01,precio_importaciones,124.3900,mensual,índice,15362
2008-06-01,precio_importaciones,127.7100,mensual,índice,15362
2008-07-01,precio_importaciones,128.4700,mensual,índice,15362
2008-08-01,precio_importaciones,134.4000,mensual,índice,15362
2008-09-01,precio_importaciones,131.3900,mensual,índice,15362
2008-10-01,precio_importaciones,127.9900,mensual,índice,15362
2008-11-01,precio_importaciones,125.6200,mensual,índice,15362
2008-12-01,precio_importaciones,122.3200,mensual,índice,15362
2009-01-01,precio_importaciones,122.0900,mensual,índice,15362
2009-02-01,precio_importaciones,119.7900,mensual,índice,15362
2009-03-01,precio_importaciones,114.1300,mensual,índice,15362
2009-04-01,precio_importaciones,114.1700,mensual,índice,15362
2009-05-01,precio_importaciones,109.0900,mensual,índice,15362
2009-06-01,precio_importaciones,112.4100,mensual,índice,15362
2009-07-01,precio_importaciones,114.9800,mensual,índice,15362
2009-08-01,precio_importaciones,113.9000,mensual,índice,15362
2009-09-01,precio_importaciones,113.3600,mensual,índice,15362
2009-10-01,precio_importaciones,113.0300,mensual,índice,15362
2009-11-01,precio_importaciones,115.2600,mensual,índice,15362
2009-12-01,precio_importaciones,114.3000,mensual,índice,15362
2010-01-01,precio_importaciones,117.1200,mensual,índice,15362
2010-02-01,precio_importaciones,116.3100,mensual,índice,15362
2010-03-01,precio_importaciones,115.8200,mensual,índice,15362
2010-04-01,precio_importaciones,116.2400,mensual,índice,15362
2010-05-01,precio_importaciones,116.0100,mensual,índice,15362
2010-06-01,precio_importaciones,113.0700,mensual,índice,15362
2010-07-01,precio_importaciones,115.4100,mensual,índice,15362
2010-08-01,precio_importaciones,115.1200,mensual,índice,15362
2010-09-01,precio_importaciones,114.9400,mensual,índice,15362
2010-10-01,precio_importaciones,117.4100,mensual,índice,15362
2010-11-01,precio_importaciones,119.3500,mensual,índice,15362
2010-12-01,precio_importaciones,121.1800,mensual,índice,15362
2011-01-01,precio_importaciones,122.8900,mensual,índice,15362
2011-02-01,precio_importaciones,123.7600,mensual,índice,15362
2011-03-01,precio_importaciones,125.4000,mensual,índice,15362
2011-04-01,precio_importaciones,129.6100,mensual,índice,15362
2011-05-01,precio_importaciones,129.2800,mensual,índice,15362
2011-06-01,precio_importaciones,129.9600,mensual,índice,15362
2011-07-01,precio_importaciones,131.4600,mensual,índice,15362
2011-08-01,precio_importaciones,129.9600,mensual,índice,15362
2011-09-01,precio_importaciones,128.9400,mensual,índice,15362
2011-10-01,precio_importaciones,129.9700,mensual,índice,15362
2011-11-01,precio_importaciones,128.8900,mensual,índice,15362
2011-12-01,precio_importaciones,129.2100,mensual,índice,15362
2012-01-01,precio_importaciones,128.5900,mensual,índice,15362
2012-02-01,precio_importaciones,130.2200,mensual,índice,15362
2012-03-01,precio_importaciones,131.4200,mensual,índice,15362
2012-04-01,precio_importaciones,133.2100,mensual,índice,15362
2012-05-01,precio_importaciones,132.6100,mensual,índice,15362
2012-06-01,precio_importaciones,130.8600,mensual,índice,15362
2012-07-01,precio_importaciones,129.3800,mensual,índice,15362
2012-08-01,precio_importaciones,129.0900,mensual,índice,15362
2012-09-01,precio_importaciones,130.4600,mensual,índice,15362
2012-10-01,precio_importaciones,130.9000,mensual,índice,15362
2012-11-01,precio_importaciones,130.9400,mensual,índice,15362
2012-12-01,precio_importaciones,131.2100,mensual,índice,15362
2013-01-01,precio_importaciones,132.7300,mensual,índice,15362
2013-02-01,precio_importaciones,131.5600,mensual,índice,15362
2013-03-01,precio_importaciones,132.2700,mensual,índice,15362
2013-04-01,precio_importaciones,132.9000,mensual,índice,15362
2013-05-01,precio_importaciones,130.9000,mensual,índice,15362
2013-06-01,precio_importaciones,130.1100,mensual,índice,15362
2013-07-01,precio_importaciones,129.2900,mensual,índice,15362
2013-08-01,precio_importaciones,130.0200,mensual,índice,15362
2013-09-01,precio_importaciones,130.3400,mensual,índice,15362
2013-10-01,precio_importaciones,129.6000,mensual,índice,15362
2013-11-01,precio_importaciones,128.9700,mensual,índice,15362
2013-12-01,precio_importaciones,128.1600,mensual,índice,15362
2014-01-01,precio_importaciones,128.8500,mensual,índice,15362
2014-02-01,precio_importaciones,128.2000,mensual,índice,15362
2014-03-01,precio_importaciones,128.0600,mensual,índice,15362
2014-04-01,precio_importaciones,130.9700,mensual,índice,15362
2014-05-01,precio_importaciones,131.2700,mensual,índice,15362
2014-06-01,precio_importaciones,129.0500,mensual,índice,15362
2014-07-01,precio_importaciones,127.6700,mensual,índice,15362
2014-08-01,precio_importaciones,126.3300,mensual,índice,15362
2014-09-01,precio_importaciones,126.6300,mensual,índice,15362
2014-10-01,precio_importaciones,126.4000,mensual,índice,15362
2014-11-01,precio_importaciones,125.0000,mensual,índice,15362
2014-12-01,precio_importaciones,120.5700,mensual,índice,15362
2015-01-01,precio_importaciones,118.8500,mensual,índice,15362
2015-02-01,precio_importaciones,119.1100,mensual,índice,15362
2015-03-01,precio_importaciones,111.9200,mensual,índice,15362
2015-04-01,precio_importaciones,112.2000,mensual,índice,15362
2015-05-01,precio_importaciones,110.9700,mensual,índice,15362
2015-06-01,precio_importaciones,111.0200,mensual,índice,15362
2015-07-01,precio_importaciones,111.5500,mensual,índice,15362
2015-08-01,precio_importaciones,110.8300,mensual,índice,15362
2015-09-01,precio_importaciones,106.3900,mensual,índice,15362
2015-10-01,precio_importaciones,106.5400,mensual,índice,15362
2015-11-01,precio_importaciones,102.8500,mensual,índice,15362
2015-12-01,precio_importaciones,100.8500,mensual,índice,15362
2016-01-01,precio_importaciones,99.7500,mensual,índice,15362
2016-02-01,precio_importaciones,97.4400,mensual,índice,15362
2016-03-01,precio_importaciones,95.1200,mensual,índice,15362
2016-04-01,precio_importaciones,97.7700,mensual,índice,15362
2016-05-01,precio_importaciones,97.5800,mensual,índice,15362
2016-06-01,precio_importaciones,97.4100,mensual,índice,15362
2016-07-01,precio_importaciones,97.4600,mensual,índice,15362
2016-08-01,precio_importaciones,97.8700,mensual,índice,15362
2016-09-01,precio_importaciones,97.7700,mensual,índice,15362
2016-10-01,precio_importaciones,96.7900,mensual,índice,15362
2016-11-01,precio_importaciones,96.8500,mensual,índice,15362
2016-12-01,precio_importaciones,96.7100,mensual,índice,15362
2017-01-01,precio_importaciones,96.7000,mensual,índice,15362
2017-02-01,precio_importaciones,99.1600,mensual,índice,15362
2017-03-01,precio_importaciones,99.5200,mensual,índice,15362
2017-04-01,precio_importaciones,99.8000,mensual,índice,15362
2017-05-01,precio_importaciones,99.4200,mensual,índice,15362
2017-06-01,precio_importaciones,97.7100,mensual,índice,15362
2017-07-01,precio_importaciones,97.2600,mensual,índice,15362
2017-08-01,precio_importaciones,97.0900,mensual,índice,15362
2017-09-01,precio_importaciones,97.8000,mensual,índice,15362
2017-10-01,precio_importaciones,99.1800,mensual,índice,15362
2017-11-01,precio_importaciones,100.6800,mensual,índice,15362
2017-12-01,precio_importaciones,100.3100,mensual,índice,15362
2018-01-01,precio_importaciones,101.7100,mensual,índice,15362
2018-02-01,precio_importaciones,103.9600,mensual,índice,15362
2018-03-01,precio_importaciones,104.2900,mensual,índice,15362
2018-04-01,precio_importaciones,105.3400,mensual,índice,15362
2018-05-01,precio_importaciones,106.2600,mensual,índice,15362
2018-06-01,precio_importaciones,105.6300,mensual,índice,15362
2018-07-01,precio_importaciones,105.9300,mensual,índice,15362
2018-08-01,precio_importaciones,104.4900,mensual,índice,15362
2018-09-01,precio_importaciones,103.3300,mensual,índice,15362
2018-10-01,precio_importaciones,102.8600,mensual,índice,15362
2018-11-01,precio_importaciones,102.4200,mensual,índice,15362
2018-12-01,precio_importaciones,101.8900,mensual,índice,15362
2019-01-01,precio_importaciones,100.1500,mensual,índice,15362
2019-02-01,precio_importaciones,98.2900,mensual,índice,15362
2019-03-01,precio_importaciones,99.5600,mensual,índice,15362
2019-04-01,precio_importaciones,100.9000,mensual,índice,15362
2019-05-01,precio_importaciones,101.2400,mensual,índice,15362
2019-06-01,precio_importaciones,99.8700,mensual,índice,15362
2019-07-01,precio_importaciones,98.5900,mensual,índice,15362
2019-08-01,precio_importaciones,97.3900,mensual,índice,15362
2019-09-01,precio_importaciones,97.1300,mensual,índice,15362
2019-10-01,precio_importaciones,96.4900,mensual,índice,15362
2019-11-01,precio_importaciones,96.3000,mensual,índice,15362
2019-12-01,precio_importaciones,95.7400,mensual,índice,15362
2020-01-01,precio_importaciones,95.7300,mensual,índice,15362
2020-02-01,precio_importaciones,95.9100,mensual,índice,15362
2020-03-01,precio_importaciones,96.4000,mensual,índice,15362
2020-04-01,precio_importaciones,93.4100,mensual,índice,15362
2020-05-01,precio_importaciones,93.8400,mensual,índice,15362
2020-06-01,precio_importaciones,94.6600,mensual,índice,15362
2020-07-01,precio_importaciones,92.5400,mensual,índice,15362
2020-08-01,precio_importaciones,91.4900,mensual,índice,15362
2020-09-01,precio_importaciones,91.6700,mensual,índice,15362
2020-10-01,precio_importaciones,92.5300,mensual,índice,15362
2020-11-01,precio_importaciones,92.9800,mensual,índice,15362
2020-12-01,precio_importaciones,93.0100,mensual,índice,15362
2021-01-01,precio_importaciones,96.7200,mensual,índice,15362
2021-02-01,precio_importaciones,98.2100,mensual,índice,15362
2021-03-01,precio_importaciones,101.2900,mensual,índice,15362
2021-04-01,precio_importaciones,106.7100,mensual,índice,15362
2021-05-01,precio_importaciones,111.6500,mensual,índice,15362
2021-06-01,precio_importaciones,110.1500,mensual,índice,15362
2021-07-01,precio_importaciones,109.1400,mensual,índice,15362
2021-08-01,precio_importaciones,110.4600,mensual,índice,15362
2021-09-01,precio_importaciones,111.5500,mensual,índice,15362
2021-10-01,precio_importaciones,113.1300,mensual,índice,15362
2021-11-01,precio_importaciones,114.7900,mensual,índice,15362
2021-12-01,precio_importaciones,116.1200,mensual,índice,15362
2022-01-01,precio_importaciones,116.5900,mensual,índice,15362
2022-02-01,precio_importaciones,117.0100,mensual,índice,15362
2022-03-01,precio_importaciones,119.9300,mensual,índice,15362
2022-04-01,precio_importaciones,125.4700,mensual,índice,15362
2022-05-01,precio_importaciones,130.1300,mensual,índice,15362
2022-06-01,precio_importaciones,127.7800,mensual,índice,15362
2022-07-01,precio_importaciones,129.9100,mensual,índice,15362
2022-08-01,precio_importaciones,127.4800,mensual,índice,15362
2022-09-01,precio_importaciones,123.5600,mensual,índice,15362
2022-10-01,precio_importaciones,122.6100,mensual,índice,15362
2022-11-01,precio_importaciones,120.5500,mensual,índice,15362
2022-12-01,precio_importaciones,118.0500,mensual,índice,15362
2023-01-01,precio_importaciones,118.6300,mensual,índice,15362
2023-02-01,precio_importaciones,116.9400,mensual,índice,15362
2023-03-01,precio_importaciones,119.8100,mensual,índice,15362
2023-04-01,precio_importaciones,117.9200,mensual,índice,15362
2023-05-01,precio_importaciones,116.2800,mensual,índice,15362
2023-06-01,precio_importaciones,117.7600,mensual,índice,15362
2023-07-01,precio_importaciones,118.8800,mensual,índice,15362
2023-08-01,precio_importaciones,115.2100,mensual,índice,15362
2023-09-01,precio_importaciones,116.4100,mensual,índice,15362
2023-10-01,precio_importaciones,115.8500,mensual,índice,15362
2023-11-01,precio_importaciones,116.2500,mensual,índice,15362
2023-12-01,precio_importaciones,113.4800,mensual,índice,15362
2024-01-01,precio_importaciones,111.2500,mensual,índice,15362
2024-02-01,precio_importaciones,111.1200,mensual,índice,15362
2024-03-01,precio_importaciones,112.0300,mensual,índice,15362
2024-04-01,precio_importaciones,113.3900,mensual,índice,15362
2024-05-01,precio_importaciones,114.6800,mensual,índice,15362
2024-06-01,precio_importaciones,112.8700,mensual,índice,15362
2024-07-01,precio_importaciones,112.0200,mensual,índice,15362
2024-08-01,precio_importaciones,110.2900,mensual,índice,15362
2024-09-01,precio_importaciones,110.2800,mensual,índice,15362
2024-10-01,precio_importaciones,108.9800,mensual,índice,15362
2024-11-01,precio_importaciones,108.1700,mensual,índice,15362
2024-12-01,precio_importaciones,106.9600,mensual,índice,15362
2025-01-01,precio_importaciones,107.0300,mensual,índice,15362
2025-02-01,precio_importaciones,108.6600,mensual,índice,15362
2025-03-01,precio_importaciones,109.1600,mensual,índice,15362
2025-04-01,precio_importaciones,109.9300,mensual,índice,15362
2025-05-01,precio_importaciones,107.9600,mensual,índice,15362
2025-06-01,precio_importaciones,108.2200,mensual,índice,15362
2025-07-01,precio_importaciones,107.0100,mensual,índice,15362
2025-08-01,precio_importaciones,105.9500,mensual,índice,15362
2025-09-01,precio_importaciones,106.2900,mensual,índice,15362
2025-10-01,precio_importaciones,106.6000,mensual,índice,15362
2025-11-01,precio_importaciones,108.3300,mensual,índice,15362
2025-12-01,precio_importaciones,106.8200,mensual,índice,15362
2026-01-01,precio_importaciones,106.5000,mensual,índice,15362
2026-02-01,precio_importaciones,106.9900,mensual,índice,15362
2026-03-01,precio_importaciones,108.6400,mensual,índice,15362
2026-04-01,precio_importaciones,111.4600,mensual,índice,15362
2026-05-01,precio_importaciones,114.5400,mensual,índice,15362
2026-06-01,precio_importaciones,116.1000,mensual,índice,15362
2026-07-01,precio_importaciones,118.1200,mensual,índice,15362
2000-01-01,remesas,103.7500,mensual,millones USD,15363
2000-02-01,remesas,145.8400,mensual,millones USD,15363
2000-03-01,remesas,125.3500,mensual,millones USD,15363
2000-04-01,remesas,115.8800,mensual,millones USD,15363
2000-05-01,remesas,129.3400,mensual,millones USD,15363
2000-06-01,remesas,134.0000,mensual,millones USD,15363
2000-07-01,remesas,117.7900,mensual,millones USD,15363
2000-08-01,remesas,132.1000,mensual,millones USD,15363
2000-09-01,remesas,138.9900,mensual,millones USD,15363
2000-10-01,remesas,127.6300,mensual,millones USD,15363
2000-11-01,remesas,137.2000,mensual,millones USD,15363
2000-12-01,remesas,170.1500,mensual,millones USD,15363
2001-01-01,remesas,139.7200,mensual,millones USD,15363
2001-02-01,remesas,139.5300,mensual,millones USD,15363
2001-03-01,remesas,138.2100,mensual,millones USD,15363
2001-04-01,remesas,179.7300,mensual,millones USD,15363
2001-05-01,remesas,178.8000,mensual,millones USD,15363
2001-06-01,remesas,171.9300,mensual,millones USD,15363
2001-07-01,remesas,165.3200,mensual,millones USD,15363
2001-08-01,remesas,158.8800,mensual,millones USD,15363
2001-09-01,remesas,146.6200,mensual,millones USD,15363
2001-10-01,remesas,191.3700,mensual,millones USD,15363
2001-11-01,remesas,185.0600,mensual,millones USD,15363
2001-12-01,remesas,226.2200,mensual,millones USD,15363
2002-01-01,remesas,167.1800,mensual,millones USD,15363
2002-02-01,remesas,166.9400,mensual,millones USD,15363
2002-03-01,remesas,165.3400,mensual,millones USD,15363
2002-04-01,remesas,198.1800,mensual,millones USD,15363
2002-05-01,remesas,197.0500,mensual,millones USD,15363
2002-06-01,remesas,188.7100,mensual,millones USD,15363
2002-07-01,remesas,240.6800,mensual,millones USD,15363
2002-08-01,remesas,232.8700,mensual,millones USD,15363
2002-09-01,remesas,217.9900,mensual,millones USD,15363
2002-10-01,remesas,214.6800,mensual,millones USD,15363
2002-11-01,remesas,207.0100,mensual,millones USD,15363
2002-12-01,remesas,257.0800,mensual,millones USD,15363
2003-01-01,remesas,225.7000,mensual,millones USD,15363
2003-02-01,remesas,218.4500,mensual,millones USD,15363
2003-03-01,remesas,237.3700,mensual,millones USD,15363
2003-04-01,remesas,241.3200,mensual,millones USD,15363
2003-05-01,remesas,272.0400,mensual,millones USD,15363
2003-06-01,remesas,235.9500,mensual,millones USD,15363
2003-07-01,remesas,282.2800,mensual,millones USD,15363
2003-08-01,remesas,245.7500,mensual,millones USD,15363
2003-09-01,remesas,270.7800,mensual,millones USD,15363
2003-10-01,remesas,272.6200,mensual,millones USD,15363
2003-11-01,remesas,235.4700,mensual,millones USD,15363
2003-12-01,remesas,322.3700,mensual,millones USD,15363
2004-01-01,remesas,231.0300,mensual,millones USD,15363
2004-02-01,remesas,228.1200,mensual,millones USD,15363
2004-03-01,remesas,249.6100,mensual,millones USD,15363
2004-04-01,remesas,237.1500,mensual,millones USD,15363
2004-05-01,remesas,262.2100,mensual,millones USD,15363
2004-06-01,remesas,257.2100,mensual,millones USD,15363
2004-07-01,remesas,259.0000,mensual,millones USD,15363
2004-08-01,remesas,249.5100,mensual,millones USD,15363
2004-09-01,remesas,251.5800,mensual,millones USD,15363
2004-10-01,remesas,271.5400,mensual,millones USD,15363
2004-11-01,remesas,318.8700,mensual,millones USD,15363
2004-12-01,remesas,354.0700,mensual,millones USD,15363
2005-01-01,remesas,224.2300,mensual,millones USD,15363
2005-02-01,remesas,235.9100,mensual,millones USD,15363
2005-03-01,remesas,270.9900,mensual,millones USD,15363
2005-04-01,remesas,261.6900,mensual,millones USD,15363
2005-05-01,remesas,270.0600,mensual,millones USD,15363
2005-06-01,remesas,271.5100,mensual,millones USD,15363
2005-07-01,remesas,262.8000,mensual,millones USD,15363
2005-08-01,remesas,299.8900,mensual,millones USD,15363
2005-09-01,remesas,288.7900,mensual,millones USD,15363
2005-10-01,remesas,285.5200,mensual,millones USD,15363
2005-11-01,remesas,294.3100,mensual,millones USD,15363
2005-12-01,remesas,348.0300,mensual,millones USD,15363
2006-01-01,remesas,266.8800,mensual,millones USD,15363
2006-02-01,remesas,264.7500,mensual,millones USD,15363
2006-03-01,remesas,324.2600,mensual,millones USD,15363
2006-04-01,remesas,283.2600,mensual,millones USD,15363
2006-05-01,remesas,366.9800,mensual,millones USD,15363
2006-06-01,remesas,342.3700,mensual,millones USD,15363
2006-07-01,remesas,313.7300,mensual,millones USD,15363
2006-08-01,remesas,334.7200,mensual,millones USD,15363
2006-09-01,remesas,324.1200,mensual,millones USD,15363
2006-10-01,remesas,331.6000,mensual,millones USD,15363
2006-11-01,remesas,332.9300,mensual,millones USD,15363
2006-12-01,remesas,375.3400,mensual,millones USD,15363
2007-01-01,remesas,305.2800,mensual,millones USD,15363
2007-02-01,remesas,299.9700,mensual,millones USD,15363
2007-03-01,remesas,338.8300,mensual,millones USD,15363
2007-04-01,remesas,317.7400,mensual,millones USD,15363
2007-05-01,remesas,339.8800,mensual,millones USD,15363
2007-06-01,remesas,334.9500,mensual,millones USD,15363
2007-07-01,remesas,368.6300,mensual,millones USD,15363
2007-08-01,remesas,412.7300,mensual,millones USD,15363
2007-09-01,remesas,400.5200,mensual,millones USD,15363
2007-10-01,remesas,427.7800,mensual,millones USD,15363
2007-11-01,remesas,456.1700,mensual,millones USD,15363
2007-12-01,remesas,427.2500,mensual,millones USD,15363
2008-01-01,remesas,380.8200,mensual,millones USD,15363
2008-02-01,remesas,357.8100,mensual,millones USD,15363
2008-03-01,remesas,389.4700,mensual,millones USD,15363
2008-04-01,remesas,405.9800,mensual,millones USD,15363
2008-05-01,remesas,405.5500,mensual,millones USD,15363
2008-06-01,remesas,362.7500,mensual,millones USD,15363
2008-07-01,remesas,465.8200,mensual,millones USD,15363
2008-08-01,remesas,369.5500,mensual,millones USD,15363
2008-09-01,remesas,476.5400,mensual,millones USD,15363
2008-10-01,remesas,421.1700,mensual,millones USD,15363
2008-11-01,remesas,317.4200,mensual,millones USD,15363
2008-12-01,remesas,432.0400,mensual,millones USD,15363
2009-01-01,remesas,319.2400,mensual,millones USD,15363
2009-02-01,remesas,374.7100,mensual,millones USD,15363
2009-03-01,remesas,385.9100,mensual,millones USD,15363
2009-04-01,remesas,340.0800,mensual,millones USD,15363
2009-05-01,remesas,341.6200,mensual,millones USD,15363
2009-06-01,remesas,313.0800,mensual,millones USD,15363
2009-07-01,remesas,314.4700,mensual,millones USD,15363
2009-08-01,remesas,304.0500,mensual,millones USD,15363
2009-09-01,remesas,313.7000,mensual,millones USD,15363
2009-10-01,remesas,334.9200,mensual,millones USD,15363
2009-11-01,remesas,340.8700,mensual,millones USD,15363
2009-12-01,remesas,407.6300,mensual,millones USD,15363
2010-01-01,remesas,265.3100,mensual,millones USD,15363
2010-02-01,remesas,273.2000,mensual,millones USD,15363
2010-03-01,remesas,361.0600,mensual,millones USD,15363
2010-04-01,remesas,317.5400,mensual,millones USD,15363
2010-05-01,remesas,329.8700,mensual,millones USD,15363
2010-06-01,remesas,319.0700,mensual,millones USD,15363
2010-07-01,remesas,341.5900,mensual,millones USD,15363
2010-08-01,remesas,337.0000,mensual,millones USD,15363
2010-09-01,remesas,330.3300,mensual,millones USD,15363
2010-10-01,remesas,343.7400,mensual,millones USD,15363
2010-11-01,remesas,360.8900,mensual,millones USD,15363
2010-12-01,remesas,416.7400,mensual,millones USD,15363
2011-01-01,remesas,291.3700,mensual,millones USD,15363
2011-02-01,remesas,320.0900,mensual,millones USD,15363
2011-03-01,remesas,359.0400,mensual,millones USD,15363
2011-04-01,remesas,308.0100,mensual,millones USD,15363
2011-05-01,remesas,349.6700,mensual,millones USD,15363
2011-06-01,remesas,326.6300,mensual,millones USD,15363
2011-07-01,remesas,319.4200,mensual,millones USD,15363
2011-08-01,remesas,369.6500,mensual,millones USD,15363
2011-09-01,remesas,339.3500,mensual,millones USD,15363
2011-10-01,remesas,351.1600,mensual,millones USD,15363
2011-11-01,remesas,354.0100,mensual,millones USD,15363
2011-12-01,remesas,375.7000,mensual,millones USD,15363
2012-01-01,remesas,294.5400,mensual,millones USD,15363
2012-02-01,remesas,302.5200,mensual,millones USD,15363
2012-03-01,remesas,338.4700,mensual,millones USD,15363
2012-04-01,remesas,330.6000,mensual,millones USD,15363
2012-05-01,remesas,354.3300,mensual,millones USD,15363
2012-06-01,remesas,319.6700,mensual,millones USD,15363
2012-07-01,remesas,330.3900,mensual,millones USD,15363
2012-08-01,remesas,346.7800,mensual,millones USD,15363
2012-09-01,remesas,313.1000,mensual,millones USD,15363
2012-10-01,remesas,353.6100,mensual,millones USD,15363
2012-11-01,remesas,327.2400,mensual,millones USD,15363
2012-12-01,remesas,358.4200,mensual,millones USD,15363
2013-01-01,remesas,329.4000,mensual,millones USD,15363
2013-02-01,remesas,317.3200,mensual,millones USD,15363
2013-03-01,remesas,334.1700,mensual,millones USD,15363
2013-04-01,remesas,387.1300,mensual,millones USD,15363
2013-05-01,remesas,395.7900,mensual,millones USD,15363
2013-06-01,remesas,372.8700,mensual,millones USD,15363
2013-07-01,remesas,394.2300,mensual,millones USD,15363
2013-08-01,remesas,372.2300,mensual,millones USD,15363
2013-09-01,remesas,354.1400,mensual,millones USD,15363
2013-10-01,remesas,368.2900,mensual,millones USD,15363
2013-11-01,remesas,360.6100,mensual,millones USD,15363
2013-12-01,remesas,414.8600,mensual,millones USD,15363
2014-01-01,remesas,352.5700,mensual,millones USD,15363
2014-02-01,remesas,330.2200,mensual,millones USD,15363
2014-03-01,remesas,338.7000,mensual,millones USD,15363
2014-04-01,remesas,317.0300,mensual,millones USD,15363
2014-05-01,remesas,333.1300,mensual,millones USD,15363
2014-06-01,remesas,298.3900,mensual,millones USD,15363
2014-07-01,remesas,346.2100,mensual,millones USD,15363
2014-08-01,remesas,315.2600,mensual,millones USD,15363
2014-09-01,remesas,343.2800,mensual,millones USD,15363
2014-10-01,remesas,349.2500,mensual,millones USD,15363
2014-11-01,remesas,324.2000,mensual,millones USD,15363
2014-12-01,remesas,444.9700,mensual,millones USD,15363
2015-01-01,remesas,349.0000,mensual,millones USD,15363
2015-02-01,remesas,361.9600,mensual,millones USD,15363
2015-03-01,remesas,435.9400,mensual,millones USD,15363
2015-04-01,remesas,352.8600,mensual,millones USD,15363
2015-05-01,remesas,362.7000,mensual,millones USD,15363
2015-06-01,remesas,396.9800,mensual,millones USD,15363
2015-07-01,remesas,458.7100,mensual,millones USD,15363
2015-08-01,remesas,502.1500,mensual,millones USD,15363
2015-09-01,remesas,451.9700,mensual,millones USD,15363
2015-10-01,remesas,388.7300,mensual,millones USD,15363
2015-11-01,remesas,399.0000,mensual,millones USD,15363
2015-12-01,remesas,497.4000,mensual,millones USD,15363
2016-01-01,remesas,409.2900,mensual,millones USD,15363
2016-02-01,remesas,451.4200,mensual,millones USD,15363
2016-03-01,remesas,414.8800,mensual,millones USD,15363
2016-04-01,remesas,399.7600,mensual,millones USD,15363
2016-05-01,remesas,433.5100,mensual,millones USD,15363
2016-06-01,remesas,404.3000,mensual,millones USD,15363
2016-07-01,remesas,399.6200,mensual,millones USD,15363
2016-08-01,remesas,453.2100,mensual,millones USD,15363
2016-09-01,remesas,413.4500,mensual,millones USD,15363
2016-10-01,remesas,422.4200,mensual,millones USD,15363
2016-11-01,remesas,478.3100,mensual,millones USD,15363
2016-12-01,remesas,467.3000,mensual,millones USD,15363
2017-01-01,remesas,436.5100,mensual,millones USD,15363
2017-02-01,remesas,392.8800,mensual,millones USD,15363
2017-03-01,remesas,479.0100,mensual,millones USD,15363
2017-04-01,remesas,401.6400,mensual,millones USD,15363
2017-05-01,remesas,499.0800,mensual,millones USD,15363
2017-06-01,remesas,499.3900,mensual,millones USD,15363
2017-07-01,remesas,509.5400,mensual,millones USD,15363
2017-08-01,remesas,503.7200,mensual,millones USD,15363
2017-09-01,remesas,458.7500,mensual,millones USD,15363
2017-10-01,remesas,527.6100,mensual,millones USD,15363
2017-11-01,remesas,528.2600,mensual,millones USD,15363
2017-12-01,remesas,547.3200,mensual,millones USD,15363
2018-01-01,remesas,531.2100,mensual,millones USD,15363
2018-02-01,remesas,472.9600,mensual,millones USD,15363
2018-03-01,remesas,499.6000,mensual,millones USD,15363
2018-04-01,remesas,535.6200,mensual,millones USD,15363
2018-05-01,remesas,552.1100,mensual,millones USD,15363
2018-06-01,remesas,511.2000,mensual,millones USD,15363
2018-07-01,remesas,553.5500,mensual,millones USD,15363
2018-08-01,remesas,606.6700,mensual,millones USD,15363
2018-09-01,remesas,550.1700,mensual,millones USD,15363
2018-10-01,remesas,616.8700,mensual,millones USD,15363
2018-11-01,remesas,588.4000,mensual,millones USD,15363
2018-12-01,remesas,617.8300,mensual,millones USD,15363
2019-01-01,remesas,572.4800,mensual,millones USD,15363
2019-02-01,remesas,512.2500,mensual,millones USD,15363
2019-03-01,remesas,559.9700,mensual,millones USD,15363
2019-04-01,remesas,596.5300,mensual,millones USD,15363
2019-05-01,remesas,652.2300,mensual,millones USD,15363
2019-06-01,remesas,525.7500,mensual,millones USD,15363
2019-07-01,remesas,606.8800,mensual,millones USD,15363
2019-08-01,remesas,680.3000,mensual,millones USD,15363
2019-09-01,remesas,582.3300,mensual,millones USD,15363
2019-10-01,remesas,597.3300,mensual,millones USD,15363
2019-11-01,remesas,542.9400,mensual,millones USD,15363
2019-12-01,remesas,657.5400,mensual,millones USD,15363
2020-01-01,remesas,537.9100,mensual,millones USD,15363
2020-02-01,remesas,536.3800,mensual,millones USD,15363
2020-03-01,remesas,718.6400,mensual,millones USD,15363
2020-04-01,remesas,349.5200,mensual,millones USD,15363
2020-05-01,remesas,448.5700,mensual,millones USD,15363
2020-06-01,remesas,526.4200,mensual,millones USD,15363
2020-07-01,remesas,584.6400,mensual,millones USD,15363
2020-08-01,remesas,635.8800,mensual,millones USD,15363
2020-09-01,remesas,653.0000,mensual,millones USD,15363
2020-10-01,remesas,646.5900,mensual,millones USD,15363
2020-11-01,remesas,602.5900,mensual,millones USD,15363
2020-12-01,remesas,668.7000,mensual,millones USD,15363
2021-01-01,remesas,547.6200,mensual,millones USD,15363
2021-02-01,remesas,606.0200,mensual,millones USD,15363
2021-03-01,remesas,795.3700,mensual,millones USD,15363
2021-04-01,remesas,709.1600,mensual,millones USD,15363
2021-05-01,remesas,759.1700,mensual,millones USD,15363
2021-06-01,remesas,699.0100,mensual,millones USD,15363
2021-07-01,remesas,741.6000,mensual,millones USD,15363
2021-08-01,remesas,744.4300,mensual,millones USD,15363
2021-09-01,remesas,682.8400,mensual,millones USD,15363
2021-10-01,remesas,664.0200,mensual,millones USD,15363
2021-11-01,remesas,817.1900,mensual,millones USD,15363
2021-12-01,remesas,830.8100,mensual,millones USD,15363
2022-01-01,remesas,664.4500,mensual,millones USD,15363
2022-02-01,remesas,647.2600,mensual,millones USD,15363
2022-03-01,remesas,733.9500,mensual,millones USD,15363
2022-04-01,remesas,754.8400,mensual,millones USD,15363
2022-05-01,remesas,841.0900,mensual,millones USD,15363
2022-06-01,remesas,821.5900,mensual,millones USD,15363
2022-07-01,remesas,889.4500,mensual,millones USD,15363
2022-08-01,remesas,769.4400,mensual,millones USD,15363
2022-09-01,remesas,750.9500,mensual,millones USD,15363
2022-10-01,remesas,894.3400,mensual,millones USD,15363
2022-11-01,remesas,812.5900,mensual,millones USD,15363
2022-12-01,remesas,848.8800,mensual,millones USD,15363
2023-01-01,remesas,785.0200,mensual,millones USD,15363
2023-02-01,remesas,832.7000,mensual,millones USD,15363
2023-03-01,remesas,858.2600,mensual,millones USD,15363
2023-04-01,remesas,736.7400,mensual,millones USD,15363
2023-05-01,remesas,877.1800,mensual,millones USD,15363
2023-06-01,remesas,783.4800,mensual,millones USD,15363
2023-07-01,remesas,761.6100,mensual,millones USD,15363
2023-08-01,remesas,887.7600,mensual,millones USD,15363
2023-09-01,remesas,881.4700,mensual,millones USD,15363
2023-10-01,remesas,885.7500,mensual,millones USD,15363
2023-11-01,remesas,886.9000,mensual,millones USD,15363
2023-12-01,remesas,914.2100,mensual,millones USD,15363
2024-01-01,remesas,912.7900,mensual,millones USD,15363
2024-02-01,remesas,913.9300,mensual,millones USD,15363
2024-03-01,remesas,894.0500,mensual,millones USD,15363
2024-04-01,remesas,929.3900,mensual,millones USD,15363
2024-05-01,remesas,960.0900,mensual,millones USD,15363
2024-06-01,remesas,1017.2800,mensual,millones USD,15363
2024-07-01,remesas,1006.4400,mensual,millones USD,15363
2024-08-01,remesas,1008.9400,mensual,millones USD,15363
2024-09-01,remesas,1037.3200,mensual,millones USD,15363
2024-10-01,remesas,1036.4000,mensual,millones USD,15363
2024-11-01,remesas,1033.1900,mensual,millones USD,15363
2024-12-01,remesas,1098.4000,mensual,millones USD,15363
2025-01-01,remesas,1009.6600,mensual,millones USD,15363
2025-02-01,remesas,1031.6300,mensual,millones USD,15363
2025-03-01,remesas,1089.3300,mensual,millones USD,15363
2025-04-01,remesas,1097.4100,mensual,millones USD,15363
2025-05-01,remesas,1095.9100,mensual,millones USD,15363
2025-06-01,remesas,1084.1500,mensual,millones USD,15363
2025-07-01,remesas,1158.3600,mensual,millones USD,15363
2025-08-01,remesas,1095.3800,mensual,millones USD,15363
2025-09-01,remesas,1100.2600,mensual,millones USD,15363
2025-10-01,remesas,1092.1000,mensual,millones USD,15363
2025-11-01,remesas,1070.6900,mensual,millones USD,15363
2025-12-01,remesas,1173.3900,mensual,millones USD,15363
2026-01-01,remesas,1020.1100,mensual,millones USD,15363
2026-02-01,remesas,1101.1600,mensual,millones USD,15363
2026-03-01,remesas,1225.6900,mensual,millones USD,15363
2026-04-01,remesas,1102.8600,mensual,millones USD,15363
2026-05-01,remesas,1189.0000,mensual,millones USD,15363
2026-06-01,remesas,1038.2000,mensual,millones USD,15363
2026-07-01,remesas,1078.3900,mensual,millones USD,15363
2026-08-01,remesas,1144.9400,mensual,millones USD,15363
2000-04-01,reservas_pli,8222.5400,mensual,millones USD,16850
2000-05-01,reservas_pli,8265.0600,mensual,millones USD,16850
2000-06-01,reservas_pli,8355.3800,mensual,millones USD,16850
2000-07-01,reservas_pli,8405.0600,mensual,millones USD,16850
2000-08-01,reservas_pli,8434.3900,mensual,millones USD,16850
2000-09-01,reservas_pli,8595.7000,mensual,millones USD,16850
2000-10-01,reservas_pli,8626.4900,mensual,millones USD,16850
2000-11-01,reservas_pli,8809.5900,mensual,millones USD,16850
2000-12-01,reservas_pli,9006.0600,mensual,millones USD,16850
2001-01-01,reservas_pli,9504.7500,mensual,millones USD,16850
2001-02-01,reservas_pli,9287.2400,mensual,millones USD,16850
2001-03-01,reservas_pli,9284.8400,mensual,millones USD,16850
2001-04-01,reservas_pli,9654.7300,mensual,millones USD,16850
2001-05-01,reservas_pli,9648.5500,mensual,millones USD,16850
2001-06-01,reservas_pli,9275.5400,mensual,millones USD,16850
2001-07-01,reservas_pli,9454.7400,mensual,millones USD,16850
2001-08-01,reservas_pli,9633.0600,mensual,millones USD,16850
2001-09-01,reservas_pli,9768.1000,mensual,millones USD,16850
2001-10-01,reservas_pli,9959.8100,mensual,millones USD,16850
2001-11-01,reservas_pli,10043.9800,mensual,millones USD,16850
2001-12-01,reservas_pli,10245.1000,mensual,millones USD,16850
2002-01-01,reservas_pli,10163.2900,mensual,millones USD,16850
2002-02-01,reservas_pli,10536.0100,mensual,millones USD,16850
2002-03-01,reservas_pli,10232.6800,mensual,millones USD,16850
2002-04-01,reservas_pli,10499.2600,mensual,millones USD,16850
2002-05-01,reservas_pli,10608.6700,mensual,millones USD,16850
2002-06-01,reservas_pli,10820.8100,mensual,millones USD,16850
2002-07-01,reservas_pli,10679.7300,mensual,millones USD,16850
2002-08-01,reservas_pli,10672.7200,mensual,millones USD,16850
2002-09-01,reservas_pli,10731.4300,mensual,millones USD,16850
2002-10-01,reservas_pli,10666.4900,mensual,millones USD,16850
2002-11-01,reservas_pli,10707.8000,mensual,millones USD,16850
2002-12-01,reservas_pli,10843.5100,mensual,millones USD,16850
2003-01-01,reservas_pli,11079.6400,mensual,millones USD,16850
2003-02-01,reservas_pli,10995.1100,mensual,millones USD,16850
2003-03-01,reservas_pli,10620.4800,mensual,millones USD,16850
2003-04-01,reservas_pli,10607.3000,mensual,millones USD,16850
2003-05-01,reservas_pli,10563.6700,mensual,millones USD,16850
2003-06-01,reservas_pli,10499.3500,mensual,millones USD,16850
2003-07-01,reservas_pli,10455.7200,mensual,millones USD,16850
2003-08-01,reservas_pli,10469.6900,mensual,millones USD,16850
2003-09-01,reservas_pli,10867.3300,mensual,millones USD,16850
2003-10-01,reservas_pli,10590.8100,mensual,millones USD,16850
2003-11-01,reservas_pli,10673.6400,mensual,millones USD,16850
2003-12-01,reservas_pli,10921.3300,mensual,millones USD,16850
2004-01-01,reservas_pli,11244.9000,mensual,millones USD,16850
2004-02-01,reservas_pli,11291.3600,mensual,millones USD,16850
2004-03-01,reservas_pli,11331.8800,mensual,millones USD,16850
2004-04-01,reservas_pli,11433.5400,mensual,millones USD,16850
2004-05-01,reservas_pli,11367.4200,mensual,millones USD,16850
2004-06-01,reservas_pli,11591.4300,mensual,millones USD,16850
2004-07-01,reservas_pli,11767.5000,mensual,millones USD,16850
2004-08-01,reservas_pli,12109.1700,mensual,millones USD,16850
2004-09-01,reservas_pli,12131.2300,mensual,millones USD,16850
2004-10-01,reservas_pli,12287.5000,mensual,millones USD,16850
2004-11-01,reservas_pli,12970.7600,mensual,millones USD,16850
2004-12-01,reservas_pli,13539.0600,mensual,millones USD,16850
2005-01-01,reservas_pli,13743.6700,mensual,millones USD,16850
2005-02-01,reservas_pli,13843.0300,mensual,millones USD,16850
2005-03-01,reservas_pli,12784.2400,mensual,millones USD,16850
2005-04-01,reservas_pli,13279.8700,mensual,millones USD,16850
2005-05-01,reservas_pli,13409.3700,mensual,millones USD,16850
2005-06-01,reservas_pli,13730.7900,mensual,millones USD,16850
2005-07-01,reservas_pli,13866.3500,mensual,millones USD,16850
2005-08-01,reservas_pli,15083.1100,mensual,millones USD,16850
2005-09-01,reservas_pli,14940.7900,mensual,millones USD,16850
2005-10-01,reservas_pli,14235.9600,mensual,millones USD,16850
2005-11-01,reservas_pli,14750.9500,mensual,millones USD,16850
2005-12-01,reservas_pli,14956.6000,mensual,millones USD,16850
2006-01-01,reservas_pli,14746.7500,mensual,millones USD,16850
2006-02-01,reservas_pli,15106.1700,mensual,millones USD,16850
2006-03-01,reservas_pli,15156.8200,mensual,millones USD,16850
2006-04-01,reservas_pli,15111.1400,mensual,millones USD,16850
2006-05-01,reservas_pli,14598.6000,mensual,millones USD,16850
2006-06-01,reservas_pli,14465.0500,mensual,millones USD,16850
2006-07-01,reservas_pli,14693.5500,mensual,millones USD,16850
2006-08-01,reservas_pli,14986.1500,mensual,millones USD,16850
2006-09-01,reservas_pli,15017.4400,mensual,millones USD,16850
2006-10-01,reservas_pli,15140.0900,mensual,millones USD,16850
2006-11-01,reservas_pli,15456.2000,mensual,millones USD,16850
2006-12-01,reservas_pli,15440.4300,mensual,millones USD,16850
2007-01-01,reservas_pli,16453.4000,mensual,millones USD,16850
2007-02-01,reservas_pli,17593.4800,mensual,millones USD,16850
2007-03-01,reservas_pli,18996.9900,mensual,millones USD,16850
2007-04-01,reservas_pli,19780.8500,mensual,millones USD,16850
2007-05-01,reservas_pli,20413.4600,mensual,millones USD,16850
2007-06-01,reservas_pli,19999.3500,mensual,millones USD,16850
2007-07-01,reservas_pli,20201.2900,mensual,millones USD,16850
2007-08-01,reservas_pli,20114.8600,mensual,millones USD,16850
2007-09-01,reservas_pli,20553.7200,mensual,millones USD,16850
2007-10-01,reservas_pli,20668.1800,mensual,millones USD,16850
2007-11-01,reservas_pli,20888.1400,mensual,millones USD,16850
2007-12-01,reservas_pli,20955.0700,mensual,millones USD,16850
2008-01-01,reservas_pli,21375.0500,mensual,millones USD,16850
2008-02-01,reservas_pli,21849.5500,mensual,millones USD,16850
2008-03-01,reservas_pli,22137.6000,mensual,millones USD,16850
2008-04-01,reservas_pli,22259.2100,mensual,millones USD,16850
2008-05-01,reservas_pli,22382.5700,mensual,millones USD,16850
2008-06-01,reservas_pli,22854.7400,mensual,millones USD,16850
2008-07-01,reservas_pli,23356.5300,mensual,millones USD,16850
2008-08-01,reservas_pli,23650.8900,mensual,millones USD,16850
2008-09-01,reservas_pli,23724.5700,mensual,millones USD,16850
2008-10-01,reservas_pli,23050.2000,mensual,millones USD,16850
2008-11-01,reservas_pli,23241.2200,mensual,millones USD,16850
2008-12-01,reservas_pli,23671.5600,mensual,millones USD,16850
2009-01-01,reservas_pli,23256.3300,mensual,millones USD,16850
2009-02-01,reservas_pli,22976.0600,mensual,millones USD,16850
2009-03-01,reservas_pli,23475.0500,mensual,millones USD,16850
2009-04-01,reservas_pli,23048.6600,mensual,millones USD,16850
2009-05-01,reservas_pli,23220.0100,mensual,millones USD,16850
2009-06-01,reservas_pli,23356.2700,mensual,millones USD,16850
2009-07-01,reservas_pli,23755.8100,mensual,millones USD,16850
2009-08-01,reservas_pli,24872.1400,mensual,millones USD,16850
2009-09-01,reservas_pli,24756.3700,mensual,millones USD,16850
2009-10-01,reservas_pli,24820.3400,mensual,millones USD,16850
2009-11-01,reservas_pli,25075.0700,mensual,millones USD,16850
2009-12-01,reservas_pli,24992.2400,mensual,millones USD,16850
2010-01-01,reservas_pli,24896.8000,mensual,millones USD,16850
2010-02-01,reservas_pli,24842.6600,mensual,millones USD,16850
2010-03-01,reservas_pli,25140.4700,mensual,millones USD,16850
2010-04-01,reservas_pli,25532.6200,mensual,millones USD,16850
2010-05-01,reservas_pli,25556.9700,mensual,millones USD,16850
2010-06-01,reservas_pli,26026.2300,mensual,millones USD,16850
2010-07-01,reservas_pli,26290.1300,mensual,millones USD,16850
2010-08-01,reservas_pli,26326.5200,mensual,millones USD,16850
2010-09-01,reservas_pli,26910.9900,mensual,millones USD,16850
2010-10-01,reservas_pli,27464.5700,mensual,millones USD,16850
2010-11-01,reservas_pli,27496.5000,mensual,millones USD,16850
2010-12-01,reservas_pli,28078.1000,mensual,millones USD,16850
2011-01-01,reservas_pli,28521.8300,mensual,millones USD,16850
2011-02-01,reservas_pli,28937.9100,mensual,millones USD,16850
2011-03-01,reservas_pli,29473.1600,mensual,millones USD,16850
2011-04-01,reservas_pli,30178.9400,mensual,millones USD,16850
2011-05-01,reservas_pli,30426.8400,mensual,millones USD,16850
2011-06-01,reservas_pli,30812.2600,mensual,millones USD,16850
2011-07-01,reservas_pli,31759.8700,mensual,millones USD,16850
2011-08-01,reservas_pli,31969.3200,mensual,millones USD,16850
2011-09-01,reservas_pli,32048.1200,mensual,millones USD,16850
2011-10-01,reservas_pli,32354.5100,mensual,millones USD,16850
2011-11-01,reservas_pli,32199.0600,mensual,millones USD,16850
2011-12-01,reservas_pli,31911.5900,mensual,millones USD,16850
2012-01-01,reservas_pli,32130.0000,mensual,millones USD,16850
2012-02-01,reservas_pli,32434.0500,mensual,millones USD,16850
2012-03-01,reservas_pli,32738.2600,mensual,millones USD,16850
2012-04-01,reservas_pli,33164.4400,mensual,millones USD,16850
2012-05-01,reservas_pli,33279.2500,mensual,millones USD,16850
2012-06-01,reservas_pli,33876.0800,mensual,millones USD,16850
2012-07-01,reservas_pli,34322.9000,mensual,millones USD,16850
2012-08-01,reservas_pli,34880.0000,mensual,millones USD,16850
2012-09-01,reservas_pli,35439.5400,mensual,millones USD,16850
2012-10-01,reservas_pli,36005.9000,mensual,millones USD,16850
2012-11-01,reservas_pli,36500.7300,mensual,millones USD,16850
2012-12-01,reservas_pli,36998.0500,mensual,millones USD,16850
2013-01-01,reservas_pli,37394.6300,mensual,millones USD,16850
2013-02-01,reservas_pli,38065.3100,mensual,millones USD,16850
2013-03-01,reservas_pli,38863.3900,mensual,millones USD,16850
2013-04-01,reservas_pli,39617.0300,mensual,millones USD,16850
2013-05-01,reservas_pli,40031.9400,mensual,millones USD,16850
2013-06-01,reservas_pli,40339.8000,mensual,millones USD,16850
2013-07-01,reservas_pli,41047.8100,mensual,millones USD,16850
2013-08-01,reservas_pli,41616.7200,mensual,millones USD,16850
2013-09-01,reservas_pli,42588.6100,mensual,millones USD,16850
2013-10-01,reservas_pli,42817.1600,mensual,millones USD,16850
2013-11-01,reservas_pli,42941.9100,mensual,millones USD,16850
2013-12-01,reservas_pli,43158.4100,mensual,millones USD,16850
2014-01-01,reservas_pli,43232.9800,mensual,millones USD,16850
2014-02-01,reservas_pli,43549.1500,mensual,millones USD,16850
2014-03-01,reservas_pli,43821.1000,mensual,millones USD,16850
2014-04-01,reservas_pli,44165.1100,mensual,millones USD,16850
2014-05-01,reservas_pli,44551.8100,mensual,millones USD,16850
2014-06-01,reservas_pli,45004.0100,mensual,millones USD,16850
2014-07-01,reservas_pli,45585.1000,mensual,millones USD,16850
2014-08-01,reservas_pli,46193.6100,mensual,millones USD,16850
2014-09-01,reservas_pli,46604.4200,mensual,millones USD,16850
2014-10-01,reservas_pli,46858.5000,mensual,millones USD,16850
2014-11-01,reservas_pli,46874.0300,mensual,millones USD,16850
2014-12-01,reservas_pli,46807.3600,mensual,millones USD,16850
2015-01-01,reservas_pli,46571.2100,mensual,millones USD,16850
2015-02-01,reservas_pli,46544.4900,mensual,millones USD,16850
2015-03-01,reservas_pli,46402.4400,mensual,millones USD,16850
2015-04-01,reservas_pli,46661.6100,mensual,millones USD,16850
2015-05-01,reservas_pli,46517.0700,mensual,millones USD,16850
2015-06-01,reservas_pli,46477.8600,mensual,millones USD,16850
2015-07-01,reservas_pli,46337.1300,mensual,millones USD,16850
2015-08-01,reservas_pli,46189.4200,mensual,millones USD,16850
2015-09-01,reservas_pli,46231.9900,mensual,millones USD,16850
2015-10-01,reservas_pli,46319.7900,mensual,millones USD,16850
2015-11-01,reservas_pli,46251.5200,mensual,millones USD,16850
2015-12-01,reservas_pli,46223.3200,mensual,millones USD,16850
2016-01-01,reservas_pli,46253.1200,mensual,millones USD,16850
2016-02-01,reservas_pli,46363.0800,mensual,millones USD,16850
2016-03-01,reservas_pli,46735.7500,mensual,millones USD,16850
2016-04-01,reservas_pli,46798.2300,mensual,millones USD,16850
2016-05-01,reservas_pli,47044.1300,mensual,millones USD,16850
2016-06-01,reservas_pli,46534.2600,mensual,millones USD,16850
2016-07-01,reservas_pli,46592.6900,mensual,millones USD,16850
2016-08-01,reservas_pli,46531.1200,mensual,millones USD,16850
2016-09-01,reservas_pli,46619.1800,mensual,millones USD,16850
2016-10-01,reservas_pli,46473.8100,mensual,millones USD,16850
2016-11-01,reservas_pli,46248.0900,mensual,millones USD,16850
2016-12-01,reservas_pli,46176.5200,mensual,millones USD,16850
2017-01-01,reservas_pli,46492.5000,mensual,millones USD,16850
2017-02-01,reservas_pli,46496.1700,mensual,millones USD,16850
2017-03-01,reservas_pli,46442.5500,mensual,millones USD,16850
2017-04-01,reservas_pli,46446.9800,mensual,millones USD,16850
2017-05-01,reservas_pli,46654.9200,mensual,millones USD,16850
2017-06-01,reservas_pli,46737.3000,mensual,millones USD,16850
2017-07-01,reservas_pli,47034.6000,mensual,millones USD,16850
2017-08-01,reservas_pli,47071.1800,mensual,millones USD,16850
2017-09-01,reservas_pli,47017.6100,mensual,millones USD,16850
2017-10-01,reservas_pli,46911.3300,mensual,millones USD,16850
2017-11-01,reservas_pli,46897.8200,mensual,millones USD,16850
2017-12-01,reservas_pli,47132.3000,mensual,millones USD,16850
2018-01-01,reservas_pli,47288.0100,mensual,millones USD,16850
2018-02-01,reservas_pli,47139.4900,mensual,millones USD,16850
2018-03-01,reservas_pli,47111.7000,mensual,millones USD,16850
2018-04-01,reservas_pli,47008.4300,mensual,millones USD,16850
2018-05-01,reservas_pli,47099.0400,mensual,millones USD,16850
2018-06-01,reservas_pli,46988.0100,mensual,millones USD,16850
2018-07-01,reservas_pli,47015.9300,mensual,millones USD,16850
2018-08-01,reservas_pli,47033.2800,mensual,millones USD,16850
2018-09-01,reservas_pli,47008.6900,mensual,millones USD,16850
2018-10-01,reservas_pli,46993.9000,mensual,millones USD,16850
2018-11-01,reservas_pli,47249.6600,mensual,millones USD,16850
2018-12-01,reservas_pli,47889.7200,mensual,millones USD,16850
2019-01-01,reservas_pli,48706.7300,mensual,millones USD,16850
2019-02-01,reservas_pli,49994.5300,mensual,millones USD,16850
2019-03-01,reservas_pli,50758.0900,mensual,millones USD,16850
2019-04-01,reservas_pli,51019.8100,mensual,millones USD,16850
2019-05-01,reservas_pli,51463.1300,mensual,millones USD,16850
2019-06-01,reservas_pli,51928.6400,mensual,millones USD,16850
2019-07-01,reservas_pli,51852.2300,mensual,millones USD,16850
2019-08-01,reservas_pli,52478.4200,mensual,millones USD,16850
2019-09-01,reservas_pli,52354.7100,mensual,millones USD,16850
2019-10-01,reservas_pli,52570.2400,mensual,millones USD,16850
2019-11-01,reservas_pli,52437.8500,mensual,millones USD,16850
2019-12-01,reservas_pli,52654.0100,mensual,millones USD,16850
2020-01-01,reservas_pli,52949.4800,mensual,millones USD,16850
2020-02-01,reservas_pli,53161.4000,mensual,millones USD,16850
2020-03-01,reservas_pli,52820.5000,mensual,millones USD,16850
2020-04-01,reservas_pli,53347.8900,mensual,millones USD,16850
2020-05-01,reservas_pli,55847.4000,mensual,millones USD,16850
2020-06-01,reservas_pli,56090.1500,mensual,millones USD,16850
2020-07-01,reservas_pli,56439.8200,mensual,millones USD,16850
2020-08-01,reservas_pli,56654.1400,mensual,millones USD,16850
2020-09-01,reservas_pli,56448.4300,mensual,millones USD,16850
2020-10-01,reservas_pli,56389.1500,mensual,millones USD,16850
2020-11-01,reservas_pli,56715.4000,mensual,millones USD,16850
2020-12-01,reservas_pli,58500.3400,mensual,millones USD,16850
2021-01-01,reservas_pli,58471.3000,mensual,millones USD,16850
2021-02-01,reservas_pli,58443.0100,mensual,millones USD,16850
2021-03-01,reservas_pli,58369.7000,mensual,millones USD,16850
2021-04-01,reservas_pli,58525.8200,mensual,millones USD,16850
2021-05-01,reservas_pli,58584.1200,mensual,millones USD,16850
2021-06-01,reservas_pli,58356.6800,mensual,millones USD,16850
2021-07-01,reservas_pli,58316.8400,mensual,millones USD,16850
2021-08-01,reservas_pli,58285.5300,mensual,millones USD,16850
2021-09-01,reservas_pli,58161.4500,mensual,millones USD,16850
2021-10-01,reservas_pli,58231.4500,mensual,millones USD,16850
2021-11-01,reservas_pli,57971.4300,mensual,millones USD,16850
2021-12-01,reservas_pli,58019.0100,mensual,millones USD,16850
2022-01-01,reservas_pli,57704.1500,mensual,millones USD,16850
2022-02-01,reservas_pli,57720.4500,mensual,millones USD,16850
2022-03-01,reservas_pli,57441.4700,mensual,millones USD,16850
2022-04-01,reservas_pli,56911.7400,mensual,millones USD,16850
2022-05-01,reservas_pli,57065.8600,mensual,millones USD,16850
2022-06-01,reservas_pli,56602.1200,mensual,millones USD,16850
2022-07-01,reservas_pli,56790.9300,mensual,millones USD,16850
2022-08-01,reservas_pli,56420.7300,mensual,millones USD,16850
2022-09-01,reservas_pli,55771.1500,mensual,millones USD,16850
2022-10-01,reservas_pli,55830.0900,mensual,millones USD,16850
2022-11-01,reservas_pli,56422.9400,mensual,millones USD,16850
2022-12-01,reservas_pli,56721.3100,mensual,millones USD,16850
2023-01-01,reservas_pli,57233.8300,mensual,millones USD,16850
2023-02-01,reservas_pli,56819.8100,mensual,millones USD,16850
2023-03-01,reservas_pli,57419.5100,mensual,millones USD,16850
2023-04-01,reservas_pli,57487.4300,mensual,millones USD,16850
2023-05-01,reservas_pli,57150.6900,mensual,millones USD,16850
2023-06-01,reservas_pli,57295.6000,mensual,millones USD,16850
2023-07-01,reservas_pli,57581.9200,mensual,millones USD,16850
2023-08-01,reservas_pli,57391.1700,mensual,millones USD,16850
2023-09-01,reservas_pli,57024.8000,mensual,millones USD,16850
2023-10-01,reservas_pli,56917.5800,mensual,millones USD,16850
2023-11-01,reservas_pli,58038.8200,mensual,millones USD,16850
2023-12-01,reservas_pli,59068.6100,mensual,millones USD,16850
2024-01-01,reservas_pli,59126.4700,mensual,millones USD,16850
2024-02-01,reservas_pli,58909.6500,mensual,millones USD,16850
2024-03-01,reservas_pli,59419.7600,mensual,millones USD,16850
2024-04-01,reservas_pli,59243.3400,mensual,millones USD,16850
2024-05-01,reservas_pli,59996.6100,mensual,millones USD,16850
2024-06-01,reservas_pli,60327.6400,mensual,millones USD,16850
2024-07-01,reservas_pli,61308.1400,mensual,millones USD,16850
2024-08-01,reservas_pli,62194.0000,mensual,millones USD,16850
2024-09-01,reservas_pli,63009.3600,mensual,millones USD,16850
2024-10-01,reservas_pli,62208.8100,mensual,millones USD,16850
2024-11-01,reservas_pli,62372.5600,mensual,millones USD,16850
2024-12-01,reservas_pli,61905.7700,mensual,millones USD,16850
2025-01-01,reservas_pli,64035.4500,mensual,millones USD,16850
2025-02-01,reservas_pli,62864.8300,mensual,millones USD,16850
2025-03-01,reservas_pli,63246.4000,mensual,millones USD,16850
2025-04-01,reservas_pli,64032.5300,mensual,millones USD,16850
2025-05-01,reservas_pli,63973.6200,mensual,millones USD,16850
2025-06-01,reservas_pli,64554.2200,mensual,millones USD,16850
2025-07-01,reservas_pli,64281.6500,mensual,millones USD,16850
2025-08-01,reservas_pli,64849.6600,mensual,millones USD,16850
2025-09-01,reservas_pli,65215.2600,mensual,millones USD,16850
2025-10-01,reservas_pli,65325.5500,mensual,millones USD,16850
2025-11-01,reservas_pli,65507.1700,mensual,millones USD,16850
2025-12-01,reservas_pli,65744.6300,mensual,millones USD,16850
2026-01-01,reservas_pli,66331.8800,mensual,millones USD,16850
2026-02-01,reservas_pli,66801.9100,mensual,millones USD,16850
2026-03-01,reservas_pli,65959.2600,mensual,millones USD,16850
2026-04-01,reservas_pli,66511.1500,mensual,millones USD,16850
2026-05-01,reservas_pli,66643.2800,mensual,millones USD,16850
2026-06-01,reservas_pli,66309.3700,mensual,millones USD,16850
2026-07-01,reservas_pli,66394.3500,mensual,millones USD,16850
2026-08-01,reservas_pli,67160.9600,mensual,millones USD,16850
2000-01-01,servicios,-322.4000,trimestral,millones USD,15719
2000-04-01,servicios,-316.5200,trimestral,millones USD,15719
2000-07-01,servicios,-343.3200,trimestral,millones USD,15719
2000-10-01,servicios,-391.2900,trimestral,millones USD,15719
2001-01-01,servicios,-357.2900,trimestral,millones USD,15719
2001-04-01,servicios,-385.4600,trimestral,millones USD,15719
2001-07-01,servicios,-409.1300,trimestral,millones USD,15719
2001-10-01,servicios,-449.4100,trimestral,millones USD,15719
2002-01-01,servicios,-372.7600,trimestral,millones USD,15719
2002-04-01,servicios,-378.9600,trimestral,millones USD,15719
2002-07-01,servicios,-435.2300,trimestral,millones USD,15719
2002-10-01,servicios,-469.2700,trimestral,millones USD,15719
2003-01-01,servicios,-342.1900,trimestral,millones USD,15719
2003-04-01,servicios,-374.8800,trimestral,millones USD,15719
2003-07-01,servicios,-427.9700,trimestral,millones USD,15719
2003-10-01,servicios,-490.5000,trimestral,millones USD,15719
2004-01-01,servicios,-393.2000,trimestral,millones USD,15719
2004-04-01,servicios,-465.2200,trimestral,millones USD,15719
2004-07-01,servicios,-458.4400,trimestral,millones USD,15719
2004-10-01,servicios,-522.7200,trimestral,millones USD,15719
2005-01-01,servicios,-574.2200,trimestral,millones USD,15719
2005-04-01,servicios,-572.1900,trimestral,millones USD,15719
2005-07-01,servicios,-682.1000,trimestral,millones USD,15719
2005-10-01,servicios,-476.4000,trimestral,millones USD,15719
2006-01-01,servicios,-413.9900,trimestral,millones USD,15719
2006-04-01,servicios,-627.1100,trimestral,millones USD,15719
2006-07-01,servicios,-699.7800,trimestral,millones USD,15719
2006-10-01,servicios,-566.9000,trimestral,millones USD,15719
2007-01-01,servicios,-601.7300,trimestral,millones USD,15719
2007-04-01,servicios,-650.6500,trimestral,millones USD,15719
2007-07-01,servicios,-799.5300,trimestral,millones USD,15719
2007-10-01,servicios,-829.0500,trimestral,millones USD,15719
2008-01-01,servicios,-631.4800,trimestral,millones USD,15719
2008-04-01,servicios,-821.1400,trimestral,millones USD,15719
2008-07-01,servicios,-954.2400,trimestral,millones USD,15719
2008-10-01,servicios,-860.1200,trimestral,millones USD,15719
2009-01-01,servicios,-648.0400,trimestral,millones USD,15719
2009-04-01,servicios,-722.9300,trimestral,millones USD,15719
2009-07-01,servicios,-804.0800,trimestral,millones USD,15719
2009-10-01,servicios,-1179.9300,trimestral,millones USD,15719
2010-01-01,servicios,-850.4600,trimestral,millones USD,15719
2010-04-01,servicios,-1062.8000,trimestral,millones USD,15719
2010-07-01,servicios,-1268.0800,trimestral,millones USD,15719
2010-10-01,servicios,-1420.9000,trimestral,millones USD,15719
2011-01-01,servicios,-1262.6900,trimestral,millones USD,15719
2011-04-01,servicios,-1421.5900,trimestral,millones USD,15719
2011-07-01,servicios,-1401.0000,trimestral,millones USD,15719
2011-10-01,servicios,-1523.8000,trimestral,millones USD,15719
2012-01-01,servicios,-1360.1000,trimestral,millones USD,15719
2012-04-01,servicios,-1722.0600,trimestral,millones USD,15719
2012-07-01,servicios,-1744.7700,trimestral,millones USD,15719
2012-10-01,servicios,-1593.6400,trimestral,millones USD,15719
2013-01-01,servicios,-1578.4100,trimestral,millones USD,15719
2013-04-01,servicios,-1532.2600,trimestral,millones USD,15719
2013-07-01,servicios,-1719.3200,trimestral,millones USD,15719
2013-10-01,servicios,-1599.7300,trimestral,millones USD,15719
2014-01-01,servicios,-1682.9600,trimestral,millones USD,15719
2014-04-01,servicios,-1822.9300,trimestral,millones USD,15719
2014-07-01,servicios,-2027.3200,trimestral,millones USD,15719
2014-10-01,servicios,-2158.4700,trimestral,millones USD,15719
2015-01-01,servicios,-1445.9300,trimestral,millones USD,15719
2015-04-01,servicios,-1573.8100,trimestral,millones USD,15719
2015-07-01,servicios,-1419.0300,trimestral,millones USD,15719
2015-10-01,servicios,-1086.9800,trimestral,millones USD,15719
2016-01-01,servicios,-995.9300,trimestral,millones USD,15719
2016-04-01,servicios,-1165.9900,trimestral,millones USD,15719
2016-07-01,servicios,-1220.1100,trimestral,millones USD,15719
2016-10-01,servicios,-893.3800,trimestral,millones USD,15719
2017-01-01,servicios,-1002.3700,trimestral,millones USD,15719
2017-04-01,servicios,-1088.6400,trimestral,millones USD,15719
2017-07-01,servicios,-1327.2400,trimestral,millones USD,15719
2017-10-01,servicios,-1058.6900,trimestral,millones USD,15719
2018-01-01,servicios,-717.9300,trimestral,millones USD,15719
2018-04-01,servicios,-1206.9500,trimestral,millones USD,15719
2018-07-01,servicios,-1261.1500,trimestral,millones USD,15719
2018-10-01,servicios,-976.2100,trimestral,millones USD,15719
2019-01-01,servicios,-827.0900,trimestral,millones USD,15719
2019-04-01,servicios,-1242.4700,trimestral,millones USD,15719
2019-07-01,servicios,-1366.9200,trimestral,millones USD,15719
2019-10-01,servicios,-848.9100,trimestral,millones USD,15719
2020-01-01,servicios,-853.9400,trimestral,millones USD,15719
2020-04-01,servicios,-1101.4800,trimestral,millones USD,15719
2020-07-01,servicios,-1058.8600,trimestral,millones USD,15719
2020-10-01,servicios,-1220.6900,trimestral,millones USD,15719
2021-01-01,servicios,-1100.5500,trimestral,millones USD,15719
2021-04-01,servicios,-1473.5700,trimestral,millones USD,15719
2021-07-01,servicios,-1566.1400,trimestral,millones USD,15719
2021-10-01,servicios,-1876.7800,trimestral,millones USD,15719
2022-01-01,servicios,-1222.8000,trimestral,millones USD,15719
2022-04-01,servicios,-1074.0500,trimestral,millones USD,15719
2022-07-01,servicios,-731.0300,trimestral,millones USD,15719
2022-10-01,servicios,-886.6200,trimestral,millones USD,15719
2023-01-01,servicios,-258.3800,trimestral,millones USD,15719
2023-04-01,servicios,-359.5900,trimestral,millones USD,15719
2023-07-01,servicios,-49.5000,trimestral,millones USD,15719
2023-10-01,servicios,-326.3800,trimestral,millones USD,15719
2024-01-01,servicios,336.0600,trimestral,millones USD,15719
2024-04-01,servicios,-391.2100,trimestral,millones USD,15719
2024-07-01,servicios,-58.6200,trimestral,millones USD,15719
2024-10-01,servicios,-496.6900,trimestral,millones USD,15719
2025-01-01,servicios,536.6300,trimestral,millones USD,15719
2025-04-01,servicios,-187.5800,trimestral,millones USD,15719
2025-07-01,servicios,-86.5400,trimestral,millones USD,15719
2025-10-01,servicios,-363.3500,trimestral,millones USD,15719
2026-01-01,servicios,372.9400,trimestral,millones USD,15719
2026-04-01,servicios,-631.1100,trimestral,millones USD,15719
1995-01-01,spnf_balance,501.6800,trimestral,miles de millones COP,16731
1995-04-01,spnf_balance,409.9000,trimestral,miles de millones COP,16731
1995-07-01,spnf_balance,521.8000,trimestral,miles de millones COP,16731
1995-10-01,spnf_balance,205.4000,trimestral,miles de millones COP,16731
1996-01-01,spnf_balance,443.6300,trimestral,miles de millones COP,16731
1996-04-01,spnf_balance,253.7400,trimestral,miles de millones COP,16731
1996-07-01,spnf_balance,1323.0000,trimestral,miles de millones COP,16731
1996-10-01,spnf_balance,781.3300,trimestral,miles de millones COP,16731
1997-01-01,spnf_balance,414.0600,trimestral,miles de millones COP,16731
1997-04-01,spnf_balance,1159.8900,trimestral,miles de millones COP,16731
1997-07-01,spnf_balance,1045.3000,trimestral,miles de millones COP,16731
1997-10-01,spnf_balance,821.0900,trimestral,miles de millones COP,16731
1998-01-01,spnf_balance,393.4000,trimestral,miles de millones COP,16731
1998-04-01,spnf_balance,204.3000,trimestral,miles de millones COP,16731
1998-07-01,spnf_balance,-201.0000,trimestral,miles de millones COP,16731
1998-10-01,spnf_balance,-679.5000,trimestral,miles de millones COP,16731
1999-01-01,spnf_balance,876.4100,trimestral,miles de millones COP,16731
1999-04-01,spnf_balance,700.1000,trimestral,miles de millones COP,16731
1999-07-01,spnf_balance,-419.3400,trimestral,miles de millones COP,16731
1999-10-01,spnf_balance,-229.6500,trimestral,miles de millones COP,16731
2000-01-01,spnf_balance,683.6900,trimestral,miles de millones COP,16731
2000-04-01,spnf_balance,913.9300,trimestral,miles de millones COP,16731
2000-07-01,spnf_balance,166.4600,trimestral,miles de millones COP,16731
2000-10-01,spnf_balance,-830.6900,trimestral,miles de millones COP,16731
2001-01-01,spnf_balance,1405.9200,trimestral,miles de millones COP,16731
2001-04-01,spnf_balance,586.5600,trimestral,miles de millones COP,16731
2001-07-01,spnf_balance,90.3400,trimestral,miles de millones COP,16731
2001-10-01,spnf_balance,-681.6200,trimestral,miles de millones COP,16731
2002-01-01,spnf_balance,1237.6600,trimestral,miles de millones COP,16731
2002-04-01,spnf_balance,606.5300,trimestral,miles de millones COP,16731
2002-07-01,spnf_balance,-51.9000,trimestral,miles de millones COP,16731
2002-10-01,spnf_balance,-363.1500,trimestral,miles de millones COP,16731
2003-01-01,spnf_balance,1446.8200,trimestral,miles de millones COP,16731
2003-04-01,spnf_balance,594.2300,trimestral,miles de millones COP,16731
2003-07-01,spnf_balance,512.3300,trimestral,miles de millones COP,16731
2003-10-01,spnf_balance,-371.6300,trimestral,miles de millones COP,16731
2004-01-01,spnf_balance,1650.4400,trimestral,miles de millones COP,16731
2004-04-01,spnf_balance,1472.3800,trimestral,miles de millones COP,16731
2004-07-01,spnf_balance,956.5000,trimestral,miles de millones COP,16731
2004-10-01,spnf_balance,-1585.2700,trimestral,miles de millones COP,16731
2005-01-01,spnf_balance,2068.8900,trimestral,miles de millones COP,16731
2005-04-01,spnf_balance,529.4700,trimestral,miles de millones COP,16731
2005-07-01,spnf_balance,703.6500,trimestral,miles de millones COP,16731
2005-10-01,spnf_balance,-632.1700,trimestral,miles de millones COP,16731
2006-01-01,spnf_balance,2552.5800,trimestral,miles de millones COP,16731
2006-04-01,spnf_balance,1282.0400,trimestral,miles de millones COP,16731
2006-07-01,spnf_balance,194.5900,trimestral,miles de millones COP,16731
2006-10-01,spnf_balance,-518.0400,trimestral,miles de millones COP,16731
2007-01-01,spnf_balance,2594.0700,trimestral,miles de millones COP,16731
2007-04-01,spnf_balance,880.5300,trimestral,miles de millones COP,16731
2007-07-01,spnf_balance,-288.0000,trimestral,miles de millones COP,16731
2007-10-01,spnf_balance,2069.9100,trimestral,miles de millones COP,16731
2008-01-01,spnf_balance,201.6600,trimestral,miles de millones COP,16731
2008-04-01,spnf_balance,890.8200,trimestral,miles de millones COP,16731
2008-07-01,spnf_balance,833.2600,trimestral,miles de millones COP,16731
2008-10-01,spnf_balance,-575.3900,trimestral,miles de millones COP,16731
2009-01-01,spnf_balance,483.2300,trimestral,miles de millones COP,16731
2009-04-01,spnf_balance,127.8700,trimestral,miles de millones COP,16731
2009-07-01,spnf_balance,425.5400,trimestral,miles de millones COP,16731
2009-10-01,spnf_balance,-273.5900,trimestral,miles de millones COP,16731
2010-01-01,spnf_balance,-743.5500,trimestral,miles de millones COP,16731
2010-04-01,spnf_balance,-511.7700,trimestral,miles de millones COP,16731
2010-07-01,spnf_balance,376.8400,trimestral,miles de millones COP,16731
2010-10-01,spnf_balance,-850.9800,trimestral,miles de millones COP,16731
2011-01-01,spnf_balance,-1313.9100,trimestral,miles de millones COP,16731
2011-04-01,spnf_balance,656.2700,trimestral,miles de millones COP,16731
2011-07-01,spnf_balance,318.4200,trimestral,miles de millones COP,16731
2011-10-01,spnf_balance,784.7600,trimestral,miles de millones COP,16731
2012-01-01,spnf_balance,1340.1700,trimestral,miles de millones COP,16731
2012-04-01,spnf_balance,1712.2400,trimestral,miles de millones COP,16731
2012-07-01,spnf_balance,1458.5900,trimestral,miles de millones COP,16731
2012-10-01,spnf_balance,2922.6500,trimestral,miles de millones COP,16731
2013-01-01,spnf_balance,434.9700,trimestral,miles de millones COP,16731
2013-04-01,spnf_balance,-190.3600,trimestral,miles de millones COP,16731
2013-07-01,spnf_balance,906.6800,trimestral,miles de millones COP,16731
2013-10-01,spnf_balance,978.5800,trimestral,miles de millones COP,16731
2014-01-01,spnf_balance,276.6600,trimestral,miles de millones COP,16731
2014-04-01,spnf_balance,-1692.2800,trimestral,miles de millones COP,16731
2014-07-01,spnf_balance,431.7600,trimestral,miles de millones COP,16731
2014-10-01,spnf_balance,2767.0400,trimestral,miles de millones COP,16731
2015-01-01,spnf_balance,-3723.6300,trimestral,miles de millones COP,16731
2015-04-01,spnf_balance,-1762.8400,trimestral,miles de millones COP,16731
2015-07-01,spnf_balance,-2214.9900,trimestral,miles de millones COP,16731
2015-10-01,spnf_balance,8568.5100,trimestral,miles de millones COP,16731
2016-01-01,spnf_balance,-1627.5300,trimestral,miles de millones COP,16731
2016-04-01,spnf_balance,-45.4800,trimestral,miles de millones COP,16731
2016-07-01,spnf_balance,2131.9900,trimestral,miles de millones COP,16731
2016-10-01,spnf_balance,872.8500,trimestral,miles de millones COP,16731
2017-01-01,spnf_balance,303.4100,trimestral,miles de millones COP,16731
2017-04-01,spnf_balance,-2071.8600,trimestral,miles de millones COP,16731
2017-07-01,spnf_balance,222.0200,trimestral,miles de millones COP,16731
2017-10-01,spnf_balance,-1787.5100,trimestral,miles de millones COP,16731
2018-01-01,spnf_balance,313.3300,trimestral,miles de millones COP,16731
2018-04-01,spnf_balance,594.5400,trimestral,miles de millones COP,16731
2018-07-01,spnf_balance,-481.2600,trimestral,miles de millones COP,16731
2018-10-01,spnf_balance,4267.5400,trimestral,miles de millones COP,16731
2019-01-01,spnf_balance,-1280.4600,trimestral,miles de millones COP,16731
2019-04-01,spnf_balance,-93.3300,trimestral,miles de millones COP,16731
2019-07-01,spnf_balance,192.0600,trimestral,miles de millones COP,16731
2019-10-01,spnf_balance,-1632.8500,trimestral,miles de millones COP,16731
2020-01-01,spnf_balance,362.7500,trimestral,miles de millones COP,16731
2020-04-01,spnf_balance,-2097.1000,trimestral,miles de millones COP,16731
2020-07-01,spnf_balance,108.3100,trimestral,miles de millones COP,16731
2020-10-01,spnf_balance,-1461.5700,trimestral,miles de millones COP,16731
2021-01-01,spnf_balance,-1578.0500,trimestral,miles de millones COP,16731
2021-04-01,spnf_balance,-2303.7800,trimestral,miles de millones COP,16731
2021-07-01,spnf_balance,-3578.1700,trimestral,miles de millones COP,16731
2021-10-01,spnf_balance,-1160.4600,trimestral,miles de millones COP,16731
2022-01-01,spnf_balance,-4471.5700,trimestral,miles de millones COP,16731
2022-04-01,spnf_balance,-3342.1600,trimestral,miles de millones COP,16731
2022-07-01,spnf_balance,-3761.4300,trimestral,miles de millones COP,16731
2022-10-01,spnf_balance,-6483.4500,trimestral,miles de millones COP,16731
2023-01-01,spnf_balance,-8635.0100,trimestral,miles de millones COP,16731
2023-04-01,spnf_balance,3085.6600,trimestral,miles de millones COP,16731
2023-07-01,spnf_balance,5280.8200,trimestral,miles de millones COP,16731
2023-10-01,spnf_balance,3256.6000,trimestral,miles de millones COP,16731
2024-01-01,spnf_balance,-1153.8700,trimestral,miles de millones COP,16731
2024-04-01,spnf_balance,10740.7700,trimestral,miles de millones COP,16731
2024-07-01,spnf_balance,4564.6100,trimestral,miles de millones COP,16731
2024-10-01,spnf_balance,-733.0500,trimestral,miles de millones COP,16731
2025-01-01,spnf_balance,591.0200,trimestral,miles de millones COP,16731
2025-04-01,spnf_balance,4725.1700,trimestral,miles de millones COP,16731
2025-07-01,spnf_balance,-56.1800,trimestral,miles de millones COP,16731
2025-10-01,spnf_balance,-2527.0500,trimestral,miles de millones COP,16731
1995-01-01,spnf_empresas_publicas,-445.3800,trimestral,miles de millones COP,16734
1995-04-01,spnf_empresas_publicas,-297.3000,trimestral,miles de millones COP,16734
1995-07-01,spnf_empresas_publicas,-545.6000,trimestral,miles de millones COP,16734
1995-10-01,spnf_empresas_publicas,-572.8000,trimestral,miles de millones COP,16734
1996-01-01,spnf_empresas_publicas,-1075.8900,trimestral,miles de millones COP,16734
1996-04-01,spnf_empresas_publicas,-543.5100,trimestral,miles de millones COP,16734
1996-07-01,spnf_empresas_publicas,-1186.6900,trimestral,miles de millones COP,16734
1996-10-01,spnf_empresas_publicas,-1075.9300,trimestral,miles de millones COP,16734
1997-01-01,spnf_empresas_publicas,-1483.2200,trimestral,miles de millones COP,16734
1997-04-01,spnf_empresas_publicas,-984.6500,trimestral,miles de millones COP,16734
1997-07-01,spnf_empresas_publicas,-961.7600,trimestral,miles de millones COP,16734
1997-10-01,spnf_empresas_publicas,-1094.5200,trimestral,miles de millones COP,16734
1998-01-01,spnf_empresas_publicas,-767.1000,trimestral,miles de millones COP,16734
1998-04-01,spnf_empresas_publicas,-961.5000,trimestral,miles de millones COP,16734
1998-07-01,spnf_empresas_publicas,-1843.3000,trimestral,miles de millones COP,16734
1998-10-01,spnf_empresas_publicas,-1584.7000,trimestral,miles de millones COP,16734
1999-01-01,spnf_empresas_publicas,540.5100,trimestral,miles de millones COP,16734
1999-04-01,spnf_empresas_publicas,-1200.0200,trimestral,miles de millones COP,16734
1999-07-01,spnf_empresas_publicas,-1777.8800,trimestral,miles de millones COP,16734
1999-10-01,spnf_empresas_publicas,-3745.6600,trimestral,miles de millones COP,16734
2000-01-01,spnf_empresas_publicas,341.2700,trimestral,miles de millones COP,16734
2000-04-01,spnf_empresas_publicas,-685.5000,trimestral,miles de millones COP,16734
2000-07-01,spnf_empresas_publicas,-981.4400,trimestral,miles de millones COP,16734
2000-10-01,spnf_empresas_publicas,-6006.4500,trimestral,miles de millones COP,16734
2001-01-01,spnf_empresas_publicas,640.9100,trimestral,miles de millones COP,16734
2001-04-01,spnf_empresas_publicas,-1319.8600,trimestral,miles de millones COP,16734
2001-07-01,spnf_empresas_publicas,-257.4000,trimestral,miles de millones COP,16734
2001-10-01,spnf_empresas_publicas,-7222.0000,trimestral,miles de millones COP,16734
2002-01-01,spnf_empresas_publicas,668.1700,trimestral,miles de millones COP,16734
2002-04-01,spnf_empresas_publicas,-3284.3800,trimestral,miles de millones COP,16734
2002-07-01,spnf_empresas_publicas,-964.7900,trimestral,miles de millones COP,16734
2002-10-01,spnf_empresas_publicas,-3684.0000,trimestral,miles de millones COP,16734
2003-01-01,spnf_empresas_publicas,380.4600,trimestral,miles de millones COP,16734
2003-04-01,spnf_empresas_publicas,-1660.5500,trimestral,miles de millones COP,16734
2003-07-01,spnf_empresas_publicas,-1473.4800,trimestral,miles de millones COP,16734
2003-10-01,spnf_empresas_publicas,-3229.9200,trimestral,miles de millones COP,16734
2004-01-01,spnf_empresas_publicas,866.9700,trimestral,miles de millones COP,16734
2004-04-01,spnf_empresas_publicas,2169.9200,trimestral,miles de millones COP,16734
2004-07-01,spnf_empresas_publicas,823.9200,trimestral,miles de millones COP,16734
2004-10-01,spnf_empresas_publicas,-5489.3200,trimestral,miles de millones COP,16734
2005-01-01,spnf_empresas_publicas,929.9200,trimestral,miles de millones COP,16734
2005-04-01,spnf_empresas_publicas,1963.8900,trimestral,miles de millones COP,16734
2005-07-01,spnf_empresas_publicas,-2267.6700,trimestral,miles de millones COP,16734
2005-10-01,spnf_empresas_publicas,-2127.2800,trimestral,miles de millones COP,16734
2006-01-01,spnf_empresas_publicas,2878.0100,trimestral,miles de millones COP,16734
2006-04-01,spnf_empresas_publicas,3280.9900,trimestral,miles de millones COP,16734
2006-07-01,spnf_empresas_publicas,1502.4600,trimestral,miles de millones COP,16734
2006-10-01,spnf_empresas_publicas,-9212.1200,trimestral,miles de millones COP,16734
2007-01-01,spnf_empresas_publicas,2989.8500,trimestral,miles de millones COP,16734
2007-04-01,spnf_empresas_publicas,4187.3800,trimestral,miles de millones COP,16734
2007-07-01,spnf_empresas_publicas,-792.4700,trimestral,miles de millones COP,16734
2007-10-01,spnf_empresas_publicas,-11067.5600,trimestral,miles de millones COP,16734
2008-01-01,spnf_empresas_publicas,3895.6500,trimestral,miles de millones COP,16734
2008-04-01,spnf_empresas_publicas,4671.5500,trimestral,miles de millones COP,16734
2008-07-01,spnf_empresas_publicas,3261.6100,trimestral,miles de millones COP,16734
2008-10-01,spnf_empresas_publicas,-9634.2700,trimestral,miles de millones COP,16734
2009-01-01,spnf_empresas_publicas,-444.8300,trimestral,miles de millones COP,16734
2009-04-01,spnf_empresas_publicas,2968.4900,trimestral,miles de millones COP,16734
2009-07-01,spnf_empresas_publicas,-574.5800,trimestral,miles de millones COP,16734
2009-10-01,spnf_empresas_publicas,-12865.7800,trimestral,miles de millones COP,16734
2010-01-01,spnf_empresas_publicas,-1175.5000,trimestral,miles de millones COP,16734
2010-04-01,spnf_empresas_publicas,563.2300,trimestral,miles de millones COP,16734
2010-07-01,spnf_empresas_publicas,-1088.7100,trimestral,miles de millones COP,16734
2010-10-01,spnf_empresas_publicas,-12991.3700,trimestral,miles de millones COP,16734
2011-01-01,spnf_empresas_publicas,3492.7600,trimestral,miles de millones COP,16734
2011-04-01,spnf_empresas_publicas,8773.7700,trimestral,miles de millones COP,16734
2011-07-01,spnf_empresas_publicas,647.7500,trimestral,miles de millones COP,16734
2011-10-01,spnf_empresas_publicas,-17381.3900,trimestral,miles de millones COP,16734
2012-01-01,spnf_empresas_publicas,5186.6200,trimestral,miles de millones COP,16734
2012-04-01,spnf_empresas_publicas,18741.6500,trimestral,miles de millones COP,16734
2012-07-01,spnf_empresas_publicas,2027.0800,trimestral,miles de millones COP,16734
2012-10-01,spnf_empresas_publicas,-17889.8000,trimestral,miles de millones COP,16734
2013-01-01,spnf_empresas_publicas,7871.0800,trimestral,miles de millones COP,16734
2013-04-01,spnf_empresas_publicas,6765.9100,trimestral,miles de millones COP,16734
2013-07-01,spnf_empresas_publicas,-2456.7100,trimestral,miles de millones COP,16734
2013-10-01,spnf_empresas_publicas,-16750.7900,trimestral,miles de millones COP,16734
2014-01-01,spnf_empresas_publicas,-4566.5700,trimestral,miles de millones COP,16734
2014-04-01,spnf_empresas_publicas,-1324.7900,trimestral,miles de millones COP,16734
2014-07-01,spnf_empresas_publicas,-5966.6000,trimestral,miles de millones COP,16734
2014-10-01,spnf_empresas_publicas,-6557.2200,trimestral,miles de millones COP,16734
2015-01-01,spnf_empresas_publicas,-11006.7800,trimestral,miles de millones COP,16734
2015-04-01,spnf_empresas_publicas,-4127.3500,trimestral,miles de millones COP,16734
2015-07-01,spnf_empresas_publicas,-1419.4200,trimestral,miles de millones COP,16734
2015-10-01,spnf_empresas_publicas,-8280.0400,trimestral,miles de millones COP,16734
2016-01-01,spnf_empresas_publicas,6145.3200,trimestral,miles de millones COP,16734
2016-04-01,spnf_empresas_publicas,604.4000,trimestral,miles de millones COP,16734
2016-07-01,spnf_empresas_publicas,-3287.6600,trimestral,miles de millones COP,16734
2016-10-01,spnf_empresas_publicas,-21505.9900,trimestral,miles de millones COP,16734
2017-01-01,spnf_empresas_publicas,-2927.5400,trimestral,miles de millones COP,16734
2017-04-01,spnf_empresas_publicas,9568.6800,trimestral,miles de millones COP,16734
2017-07-01,spnf_empresas_publicas,6572.6800,trimestral,miles de millones COP,16734
2017-10-01,spnf_empresas_publicas,-33888.1300,trimestral,miles de millones COP,16734
2018-01-01,spnf_empresas_publicas,-1064.1800,trimestral,miles de millones COP,16734
2018-04-01,spnf_empresas_publicas,-3798.3300,trimestral,miles de millones COP,16734
2018-07-01,spnf_empresas_publicas,-52245.3400,trimestral,miles de millones COP,16734
2018-10-01,spnf_empresas_publicas,33811.7900,trimestral,miles de millones COP,16734
2019-01-01,spnf_empresas_publicas,6671.1800,trimestral,miles de millones COP,16734
2019-04-01,spnf_empresas_publicas,6567.7700,trimestral,miles de millones COP,16734
2019-07-01,spnf_empresas_publicas,-6155.0400,trimestral,miles de millones COP,16734
2019-10-01,spnf_empresas_publicas,-20818.9900,trimestral,miles de millones COP,16734
2020-01-01,spnf_empresas_publicas,-623.3400,trimestral,miles de millones COP,16734
2020-04-01,spnf_empresas_publicas,-25834.7200,trimestral,miles de millones COP,16734
2020-07-01,spnf_empresas_publicas,-22413.1700,trimestral,miles de millones COP,16734
2020-10-01,spnf_empresas_publicas,-33494.1200,trimestral,miles de millones COP,16734
2021-01-01,spnf_empresas_publicas,-9693.9900,trimestral,miles de millones COP,16734
2021-04-01,spnf_empresas_publicas,-14170.1400,trimestral,miles de millones COP,16734
2021-07-01,spnf_empresas_publicas,7990.1400,trimestral,miles de millones COP,16734
2021-10-01,spnf_empresas_publicas,-52352.1400,trimestral,miles de millones COP,16734
2022-01-01,spnf_empresas_publicas,1856.1600,trimestral,miles de millones COP,16734
2022-04-01,spnf_empresas_publicas,-21794.3000,trimestral,miles de millones COP,16734
2022-07-01,spnf_empresas_publicas,-10292.8000,trimestral,miles de millones COP,16734
2022-10-01,spnf_empresas_publicas,-35068.9600,trimestral,miles de millones COP,16734
2023-01-01,spnf_empresas_publicas,28521.3300,trimestral,miles de millones COP,16734
2023-04-01,spnf_empresas_publicas,10917.1200,trimestral,miles de millones COP,16734
2023-07-01,spnf_empresas_publicas,2187.3400,trimestral,miles de millones COP,16734
2023-10-01,spnf_empresas_publicas,-60628.0900,trimestral,miles de millones COP,16734
2024-01-01,spnf_empresas_publicas,11027.5600,trimestral,miles de millones COP,16734
2024-04-01,spnf_empresas_publicas,-10736.7900,trimestral,miles de millones COP,16734
2024-07-01,spnf_empresas_publicas,-754.9700,trimestral,miles de millones COP,16734
2024-10-01,spnf_empresas_publicas,-64622.4700,trimestral,miles de millones COP,16734
2025-01-01,spnf_empresas_publicas,-12150.8300,trimestral,miles de millones COP,16734
2025-04-01,spnf_empresas_publicas,9633.7000,trimestral,miles de millones COP,16734
2025-07-01,spnf_empresas_publicas,-16770.8600,trimestral,miles de millones COP,16734
2025-10-01,spnf_empresas_publicas,-83564.0000,trimestral,miles de millones COP,16734
1995-01-01,spnf_fin_externo,-56.3000,trimestral,miles de millones COP,16733
1995-04-01,spnf_fin_externo,-112.6000,trimestral,miles de millones COP,16733
1995-07-01,spnf_fin_externo,23.8000,trimestral,miles de millones COP,16733
1995-10-01,spnf_fin_externo,367.4000,trimestral,miles de millones COP,16733
1996-01-01,spnf_fin_externo,632.2600,trimestral,miles de millones COP,16733
1996-04-01,spnf_fin_externo,289.7700,trimestral,miles de millones COP,16733
1996-07-01,spnf_fin_externo,-136.3200,trimestral,miles de millones COP,16733
1996-10-01,spnf_fin_externo,294.6000,trimestral,miles de millones COP,16733
1997-01-01,spnf_fin_externo,1069.1600,trimestral,miles de millones COP,16733
1997-04-01,spnf_fin_externo,-175.2400,trimestral,miles de millones COP,16733
1997-07-01,spnf_fin_externo,-83.5500,trimestral,miles de millones COP,16733
1997-10-01,spnf_fin_externo,273.4300,trimestral,miles de millones COP,16733
1998-01-01,spnf_fin_externo,310.3600,trimestral,miles de millones COP,16733
1998-04-01,spnf_fin_externo,1572.0000,trimestral,miles de millones COP,16733
1998-07-01,spnf_fin_externo,907.0000,trimestral,miles de millones COP,16733
1998-10-01,spnf_fin_externo,405.5000,trimestral,miles de millones COP,16733
1999-01-01,spnf_fin_externo,766.3600,trimestral,miles de millones COP,16733
1999-04-01,spnf_fin_externo,597.1100,trimestral,miles de millones COP,16733
1999-07-01,spnf_fin_externo,-404.0600,trimestral,miles de millones COP,16733
1999-10-01,spnf_fin_externo,1790.6500,trimestral,miles de millones COP,16733
2000-01-01,spnf_fin_externo,1189.7700,trimestral,miles de millones COP,16733
2000-04-01,spnf_fin_externo,88.6000,trimestral,miles de millones COP,16733
2000-07-01,spnf_fin_externo,533.7500,trimestral,miles de millones COP,16733
2000-10-01,spnf_fin_externo,966.9100,trimestral,miles de millones COP,16733
2001-01-01,spnf_fin_externo,1557.3100,trimestral,miles de millones COP,16733
2001-04-01,spnf_fin_externo,3131.9200,trimestral,miles de millones COP,16733
2001-07-01,spnf_fin_externo,857.1700,trimestral,miles de millones COP,16733
2001-10-01,spnf_fin_externo,2546.9400,trimestral,miles de millones COP,16733
2002-01-01,spnf_fin_externo,-3016.3300,trimestral,miles de millones COP,16733
2002-04-01,spnf_fin_externo,-700.1900,trimestral,miles de millones COP,16733
2002-07-01,spnf_fin_externo,-643.2300,trimestral,miles de millones COP,16733
2002-10-01,spnf_fin_externo,1495.2700,trimestral,miles de millones COP,16733
2003-01-01,spnf_fin_externo,1583.6500,trimestral,miles de millones COP,16733
2003-04-01,spnf_fin_externo,499.0400,trimestral,miles de millones COP,16733
2003-07-01,spnf_fin_externo,1068.1300,trimestral,miles de millones COP,16733
2003-10-01,spnf_fin_externo,1187.2700,trimestral,miles de millones COP,16733
2004-01-01,spnf_fin_externo,-786.2700,trimestral,miles de millones COP,16733
2004-04-01,spnf_fin_externo,551.0700,trimestral,miles de millones COP,16733
2004-07-01,spnf_fin_externo,569.0500,trimestral,miles de millones COP,16733
2004-10-01,spnf_fin_externo,720.1200,trimestral,miles de millones COP,16733
2005-01-01,spnf_fin_externo,-2339.9900,trimestral,miles de millones COP,16733
2005-04-01,spnf_fin_externo,-798.3200,trimestral,miles de millones COP,16733
2005-07-01,spnf_fin_externo,-202.1900,trimestral,miles de millones COP,16733
2005-10-01,spnf_fin_externo,-1535.3100,trimestral,miles de millones COP,16733
2006-01-01,spnf_fin_externo,-299.2100,trimestral,miles de millones COP,16733
2006-04-01,spnf_fin_externo,-175.2600,trimestral,miles de millones COP,16733
2006-07-01,spnf_fin_externo,2301.2000,trimestral,miles de millones COP,16733
2006-10-01,spnf_fin_externo,2049.3300,trimestral,miles de millones COP,16733
2007-01-01,spnf_fin_externo,1496.2100,trimestral,miles de millones COP,16733
2007-04-01,spnf_fin_externo,-1193.6500,trimestral,miles de millones COP,16733
2007-07-01,spnf_fin_externo,666.5700,trimestral,miles de millones COP,16733
2007-10-01,spnf_fin_externo,941.9900,trimestral,miles de millones COP,16733
2008-01-01,spnf_fin_externo,1304.0900,trimestral,miles de millones COP,16733
2008-04-01,spnf_fin_externo,50.9600,trimestral,miles de millones COP,16733
2008-07-01,spnf_fin_externo,824.4800,trimestral,miles de millones COP,16733
2008-10-01,spnf_fin_externo,718.8600,trimestral,miles de millones COP,16733
2009-01-01,spnf_fin_externo,1867.2100,trimestral,miles de millones COP,16733
2009-04-01,spnf_fin_externo,2133.7500,trimestral,miles de millones COP,16733
2009-07-01,spnf_fin_externo,1826.3600,trimestral,miles de millones COP,16733
2009-10-01,spnf_fin_externo,838.5800,trimestral,miles de millones COP,16733
2010-01-01,spnf_fin_externo,1551.2800,trimestral,miles de millones COP,16733
2010-04-01,spnf_fin_externo,2167.5900,trimestral,miles de millones COP,16733
2010-07-01,spnf_fin_externo,2444.0900,trimestral,miles de millones COP,16733
2010-10-01,spnf_fin_externo,1046.1500,trimestral,miles de millones COP,16733
2011-01-01,spnf_fin_externo,1430.8300,trimestral,miles de millones COP,16733
2011-04-01,spnf_fin_externo,334.0200,trimestral,miles de millones COP,16733
2011-07-01,spnf_fin_externo,961.8000,trimestral,miles de millones COP,16733
2011-10-01,spnf_fin_externo,1223.0200,trimestral,miles de millones COP,16733
2012-01-01,spnf_fin_externo,395.2100,trimestral,miles de millones COP,16733
2012-04-01,spnf_fin_externo,-271.1400,trimestral,miles de millones COP,16733
2012-07-01,spnf_fin_externo,230.2800,trimestral,miles de millones COP,16733
2012-10-01,spnf_fin_externo,462.0000,trimestral,miles de millones COP,16733
2013-01-01,spnf_fin_externo,272.5900,trimestral,miles de millones COP,16733
2013-04-01,spnf_fin_externo,965.0000,trimestral,miles de millones COP,16733
2013-07-01,spnf_fin_externo,1013.9200,trimestral,miles de millones COP,16733
2013-10-01,spnf_fin_externo,1560.1600,trimestral,miles de millones COP,16733
2014-01-01,spnf_fin_externo,1028.4500,trimestral,miles de millones COP,16733
2014-04-01,spnf_fin_externo,105.6700,trimestral,miles de millones COP,16733
2014-07-01,spnf_fin_externo,2882.3100,trimestral,miles de millones COP,16733
2014-10-01,spnf_fin_externo,1037.4600,trimestral,miles de millones COP,16733
2015-01-01,spnf_fin_externo,2103.5100,trimestral,miles de millones COP,16733
2015-04-01,spnf_fin_externo,2637.6400,trimestral,miles de millones COP,16733
2015-07-01,spnf_fin_externo,2327.9200,trimestral,miles de millones COP,16733
2015-10-01,spnf_fin_externo,3768.6300,trimestral,miles de millones COP,16733
2016-01-01,spnf_fin_externo,625.5600,trimestral,miles de millones COP,16733
2016-04-01,spnf_fin_externo,3361.8800,trimestral,miles de millones COP,16733
2016-07-01,spnf_fin_externo,2248.4700,trimestral,miles de millones COP,16733
2016-10-01,spnf_fin_externo,1136.4200,trimestral,miles de millones COP,16733
2017-01-01,spnf_fin_externo,3764.6600,trimestral,miles de millones COP,16733
2017-04-01,spnf_fin_externo,4205.7700,trimestral,miles de millones COP,16733
2017-07-01,spnf_fin_externo,200.1400,trimestral,miles de millones COP,16733
2017-10-01,spnf_fin_externo,1178.9100,trimestral,miles de millones COP,16733
2018-01-01,spnf_fin_externo,2753.3400,trimestral,miles de millones COP,16733
2018-04-01,spnf_fin_externo,1684.4500,trimestral,miles de millones COP,16733
2018-07-01,spnf_fin_externo,2561.7600,trimestral,miles de millones COP,16733
2018-10-01,spnf_fin_externo,766.3200,trimestral,miles de millones COP,16733
2019-01-01,spnf_fin_externo,4038.7100,trimestral,miles de millones COP,16733
2019-04-01,spnf_fin_externo,-564.6200,trimestral,miles de millones COP,16733
2019-07-01,spnf_fin_externo,242.6700,trimestral,miles de millones COP,16733
2019-10-01,spnf_fin_externo,2088.3900,trimestral,miles de millones COP,16733
2020-01-01,spnf_fin_externo,6593.4000,trimestral,miles de millones COP,16733
2020-04-01,spnf_fin_externo,16488.5200,trimestral,miles de millones COP,16733
2020-07-01,spnf_fin_externo,11115.3000,trimestral,miles de millones COP,16733
2020-10-01,spnf_fin_externo,7441.8400,trimestral,miles de millones COP,16733
2021-01-01,spnf_fin_externo,12080.9200,trimestral,miles de millones COP,16733
2021-04-01,spnf_fin_externo,8789.1400,trimestral,miles de millones COP,16733
2021-07-01,spnf_fin_externo,-7208.7200,trimestral,miles de millones COP,16733
2021-10-01,spnf_fin_externo,29132.5200,trimestral,miles de millones COP,16733
2022-01-01,spnf_fin_externo,6054.0500,trimestral,miles de millones COP,16733
2022-04-01,spnf_fin_externo,6883.7500,trimestral,miles de millones COP,16733
2022-07-01,spnf_fin_externo,4721.1400,trimestral,miles de millones COP,16733
2022-10-01,spnf_fin_externo,1748.9300,trimestral,miles de millones COP,16733
2023-01-01,spnf_fin_externo,1529.2000,trimestral,miles de millones COP,16733
2023-04-01,spnf_fin_externo,5045.0300,trimestral,miles de millones COP,16733
2023-07-01,spnf_fin_externo,1986.1200,trimestral,miles de millones COP,16733
2023-10-01,spnf_fin_externo,6151.5800,trimestral,miles de millones COP,16733
2024-01-01,spnf_fin_externo,-2361.6700,trimestral,miles de millones COP,16733
2024-04-01,spnf_fin_externo,1769.4800,trimestral,miles de millones COP,16733
2024-07-01,spnf_fin_externo,3007.9800,trimestral,miles de millones COP,16733
2024-10-01,spnf_fin_externo,3853.1800,trimestral,miles de millones COP,16733
2025-01-01,spnf_fin_externo,4256.8800,trimestral,miles de millones COP,16733
2025-04-01,spnf_fin_externo,6505.0000,trimestral,miles de millones COP,16733
2025-07-01,spnf_fin_externo,-3459.8000,trimestral,miles de millones COP,16733
2025-10-01,spnf_fin_externo,11320.2800,trimestral,miles de millones COP,16733
1995-01-01,spnf_fin_interno,501.6800,trimestral,miles de millones COP,16732
1995-04-01,spnf_fin_interno,409.9000,trimestral,miles de millones COP,16732
1995-07-01,spnf_fin_interno,521.8000,trimestral,miles de millones COP,16732
1995-10-01,spnf_fin_interno,205.4000,trimestral,miles de millones COP,16732
1996-01-01,spnf_fin_interno,443.6300,trimestral,miles de millones COP,16732
1996-04-01,spnf_fin_interno,253.7400,trimestral,miles de millones COP,16732
1996-07-01,spnf_fin_interno,1323.0000,trimestral,miles de millones COP,16732
1996-10-01,spnf_fin_interno,781.3300,trimestral,miles de millones COP,16732
1997-01-01,spnf_fin_interno,414.0600,trimestral,miles de millones COP,16732
1997-04-01,spnf_fin_interno,1159.8900,trimestral,miles de millones COP,16732
1997-07-01,spnf_fin_interno,1045.3000,trimestral,miles de millones COP,16732
1997-10-01,spnf_fin_interno,821.0900,trimestral,miles de millones COP,16732
1998-01-01,spnf_fin_interno,456.7400,trimestral,miles de millones COP,16732
1998-04-01,spnf_fin_interno,-610.5000,trimestral,miles de millones COP,16732
1998-07-01,spnf_fin_interno,936.3000,trimestral,miles de millones COP,16732
1998-10-01,spnf_fin_interno,1179.2000,trimestral,miles de millones COP,16732
1999-01-01,spnf_fin_interno,-1306.8700,trimestral,miles de millones COP,16732
1999-04-01,spnf_fin_interno,602.9100,trimestral,miles de millones COP,16732
1999-07-01,spnf_fin_interno,2181.9300,trimestral,miles de millones COP,16732
1999-10-01,spnf_fin_interno,1955.0000,trimestral,miles de millones COP,16732
2000-01-01,spnf_fin_interno,-1531.0400,trimestral,miles de millones COP,16732
2000-04-01,spnf_fin_interno,596.9100,trimestral,miles de millones COP,16732
2000-07-01,spnf_fin_interno,447.6900,trimestral,miles de millones COP,16732
2000-10-01,spnf_fin_interno,5039.5400,trimestral,miles de millones COP,16732
2001-01-01,spnf_fin_interno,-2198.2200,trimestral,miles de millones COP,16732
2001-04-01,spnf_fin_interno,-1812.0600,trimestral,miles de millones COP,16732
2001-07-01,spnf_fin_interno,-599.7700,trimestral,miles de millones COP,16732
2001-10-01,spnf_fin_interno,4675.0600,trimestral,miles de millones COP,16732
2002-01-01,spnf_fin_interno,2348.1600,trimestral,miles de millones COP,16732
2002-04-01,spnf_fin_interno,3984.5700,trimestral,miles de millones COP,16732
2002-07-01,spnf_fin_interno,1608.0200,trimestral,miles de millones COP,16732
2002-10-01,spnf_fin_interno,2188.7300,trimestral,miles de millones COP,16732
2003-01-01,spnf_fin_interno,-1964.1000,trimestral,miles de millones COP,16732
2003-04-01,spnf_fin_interno,1161.5200,trimestral,miles de millones COP,16732
2003-07-01,spnf_fin_interno,405.3600,trimestral,miles de millones COP,16732
2003-10-01,spnf_fin_interno,2042.6500,trimestral,miles de millones COP,16732
2004-01-01,spnf_fin_interno,-80.7100,trimestral,miles de millones COP,16732
2004-04-01,spnf_fin_interno,-2720.9800,trimestral,miles de millones COP,16732
2004-07-01,spnf_fin_interno,-1392.9700,trimestral,miles de millones COP,16732
2004-10-01,spnf_fin_interno,4769.1900,trimestral,miles de millones COP,16732
2005-01-01,spnf_fin_interno,1410.0600,trimestral,miles de millones COP,16732
2005-04-01,spnf_fin_interno,-1165.5700,trimestral,miles de millones COP,16732
2005-07-01,spnf_fin_interno,2469.8700,trimestral,miles de millones COP,16732
2005-10-01,spnf_fin_interno,3662.5900,trimestral,miles de millones COP,16732
2006-01-01,spnf_fin_interno,-2578.8000,trimestral,miles de millones COP,16732
2006-04-01,spnf_fin_interno,-3105.7300,trimestral,miles de millones COP,16732
2006-07-01,spnf_fin_interno,-3803.6600,trimestral,miles de millones COP,16732
2006-10-01,spnf_fin_interno,7162.7900,trimestral,miles de millones COP,16732
2007-01-01,spnf_fin_interno,-4486.0600,trimestral,miles de millones COP,16732
2007-04-01,spnf_fin_interno,-2993.7300,trimestral,miles de millones COP,16732
2007-07-01,spnf_fin_interno,125.9000,trimestral,miles de millones COP,16732
2007-10-01,spnf_fin_interno,10125.5700,trimestral,miles de millones COP,16732
2008-01-01,spnf_fin_interno,-5199.7300,trimestral,miles de millones COP,16732
2008-04-01,spnf_fin_interno,-4722.5100,trimestral,miles de millones COP,16732
2008-07-01,spnf_fin_interno,-4086.0900,trimestral,miles de millones COP,16732
2008-10-01,spnf_fin_interno,8915.4100,trimestral,miles de millones COP,16732
2009-01-01,spnf_fin_interno,-1422.3900,trimestral,miles de millones COP,16732
2009-04-01,spnf_fin_interno,-5102.2300,trimestral,miles de millones COP,16732
2009-07-01,spnf_fin_interno,-1251.7800,trimestral,miles de millones COP,16732
2009-10-01,spnf_fin_interno,12027.2000,trimestral,miles de millones COP,16732
2010-01-01,spnf_fin_interno,-375.7900,trimestral,miles de millones COP,16732
2010-04-01,spnf_fin_interno,-2730.8200,trimestral,miles de millones COP,16732
2010-07-01,spnf_fin_interno,-1355.3800,trimestral,miles de millones COP,16732
2010-10-01,spnf_fin_interno,11945.2200,trimestral,miles de millones COP,16732
2011-01-01,spnf_fin_interno,-4923.5900,trimestral,miles de millones COP,16732
2011-04-01,spnf_fin_interno,-9107.8000,trimestral,miles de millones COP,16732
2011-07-01,spnf_fin_interno,-1609.5500,trimestral,miles de millones COP,16732
2011-10-01,spnf_fin_interno,16158.3700,trimestral,miles de millones COP,16732
2012-01-01,spnf_fin_interno,-5581.8300,trimestral,miles de millones COP,16732
2012-04-01,spnf_fin_interno,-18470.5100,trimestral,miles de millones COP,16732
2012-07-01,spnf_fin_interno,-2257.3600,trimestral,miles de millones COP,16732
2012-10-01,spnf_fin_interno,17427.8000,trimestral,miles de millones COP,16732
2013-01-01,spnf_fin_interno,-8143.6700,trimestral,miles de millones COP,16732
2013-04-01,spnf_fin_interno,-7730.9100,trimestral,miles de millones COP,16732
2013-07-01,spnf_fin_interno,1442.7900,trimestral,miles de millones COP,16732
2013-10-01,spnf_fin_interno,15190.6300,trimestral,miles de millones COP,16732
2014-01-01,spnf_fin_interno,3538.1300,trimestral,miles de millones COP,16732
2014-04-01,spnf_fin_interno,1219.1200,trimestral,miles de millones COP,16732
2014-07-01,spnf_fin_interno,3084.2900,trimestral,miles de millones COP,16732
2014-10-01,spnf_fin_interno,5519.7600,trimestral,miles de millones COP,16732
2015-01-01,spnf_fin_interno,8903.2800,trimestral,miles de millones COP,16732
2015-04-01,spnf_fin_interno,1489.7000,trimestral,miles de millones COP,16732
2015-07-01,spnf_fin_interno,-908.5000,trimestral,miles de millones COP,16732
2015-10-01,spnf_fin_interno,4511.4100,trimestral,miles de millones COP,16732
2016-01-01,spnf_fin_interno,-6770.8800,trimestral,miles de millones COP,16732
2016-04-01,spnf_fin_interno,-3966.2800,trimestral,miles de millones COP,16732
2016-07-01,spnf_fin_interno,1039.2000,trimestral,miles de millones COP,16732
2016-10-01,spnf_fin_interno,20369.5600,trimestral,miles de millones COP,16732
2017-01-01,spnf_fin_interno,-837.1300,trimestral,miles de millones COP,16732
2017-04-01,spnf_fin_interno,-13774.4500,trimestral,miles de millones COP,16732
2017-07-01,spnf_fin_interno,-6772.8200,trimestral,miles de millones COP,16732
2017-10-01,spnf_fin_interno,32709.2200,trimestral,miles de millones COP,16732
2018-01-01,spnf_fin_interno,-1689.1600,trimestral,miles de millones COP,16732
2018-04-01,spnf_fin_interno,2113.8700,trimestral,miles de millones COP,16732
2018-07-01,spnf_fin_interno,49683.5700,trimestral,miles de millones COP,16732
2018-10-01,spnf_fin_interno,-34578.1100,trimestral,miles de millones COP,16732
2019-01-01,spnf_fin_interno,-10709.8900,trimestral,miles de millones COP,16732
2019-04-01,spnf_fin_interno,-6003.1600,trimestral,miles de millones COP,16732
2019-07-01,spnf_fin_interno,5912.3600,trimestral,miles de millones COP,16732
2019-10-01,spnf_fin_interno,18730.6000,trimestral,miles de millones COP,16732
2020-01-01,spnf_fin_interno,-5970.0700,trimestral,miles de millones COP,16732
2020-04-01,spnf_fin_interno,9346.2100,trimestral,miles de millones COP,16732
2020-07-01,spnf_fin_interno,11297.8700,trimestral,miles de millones COP,16732
2020-10-01,spnf_fin_interno,26052.2800,trimestral,miles de millones COP,16732
2021-01-01,spnf_fin_interno,-2386.9400,trimestral,miles de millones COP,16732
2021-04-01,spnf_fin_interno,5381.0000,trimestral,miles de millones COP,16732
2021-07-01,spnf_fin_interno,-781.4200,trimestral,miles de millones COP,16732
2021-10-01,spnf_fin_interno,23219.6200,trimestral,miles de millones COP,16732
2022-01-01,spnf_fin_interno,-7910.2100,trimestral,miles de millones COP,16732
2022-04-01,spnf_fin_interno,14910.5500,trimestral,miles de millones COP,16732
2022-07-01,spnf_fin_interno,5571.6600,trimestral,miles de millones COP,16732
2022-10-01,spnf_fin_interno,33320.0300,trimestral,miles de millones COP,16732
2023-01-01,spnf_fin_interno,-30050.5300,trimestral,miles de millones COP,16732
2023-04-01,spnf_fin_interno,-15962.1500,trimestral,miles de millones COP,16732
2023-07-01,spnf_fin_interno,-4173.4600,trimestral,miles de millones COP,16732
2023-10-01,spnf_fin_interno,54476.5100,trimestral,miles de millones COP,16732
2024-01-01,spnf_fin_interno,-8665.8900,trimestral,miles de millones COP,16732
2024-04-01,spnf_fin_interno,8967.3000,trimestral,miles de millones COP,16732
2024-07-01,spnf_fin_interno,-2253.0100,trimestral,miles de millones COP,16732
2024-10-01,spnf_fin_interno,60769.2900,trimestral,miles de millones COP,16732
2025-01-01,spnf_fin_interno,7893.9500,trimestral,miles de millones COP,16732
2025-04-01,spnf_fin_interno,-16138.7000,trimestral,miles de millones COP,16732
2025-07-01,spnf_fin_interno,20230.6600,trimestral,miles de millones COP,16732
2025-10-01,spnf_fin_interno,72243.7100,trimestral,miles de millones COP,16732
1995-01-01,spnf_gastos,2517.1000,trimestral,miles de millones COP,16729
1995-04-01,spnf_gastos,2799.9000,trimestral,miles de millones COP,16729
1995-07-01,spnf_gastos,3127.9000,trimestral,miles de millones COP,16729
1995-10-01,spnf_gastos,3016.1000,trimestral,miles de millones COP,16729
1996-01-01,spnf_gastos,3750.0900,trimestral,miles de millones COP,16729
1996-04-01,spnf_gastos,3557.6900,trimestral,miles de millones COP,16729
1996-07-01,spnf_gastos,4077.0500,trimestral,miles de millones COP,16729
1996-10-01,spnf_gastos,4032.1300,trimestral,miles de millones COP,16729
1997-01-01,spnf_gastos,4664.5900,trimestral,miles de millones COP,16729
1997-04-01,spnf_gastos,4678.1200,trimestral,miles de millones COP,16729
1997-07-01,spnf_gastos,5265.6400,trimestral,miles de millones COP,16729
1997-10-01,spnf_gastos,5198.4500,trimestral,miles de millones COP,16729
1998-01-01,spnf_gastos,10997.6800,trimestral,miles de millones COP,16729
1998-04-01,spnf_gastos,11299.7100,trimestral,miles de millones COP,16729
1998-07-01,spnf_gastos,13227.4100,trimestral,miles de millones COP,16729
1998-10-01,spnf_gastos,12527.5000,trimestral,miles de millones COP,16729
1999-01-01,spnf_gastos,12068.8800,trimestral,miles de millones COP,16729
1999-04-01,spnf_gastos,13843.0900,trimestral,miles de millones COP,16729
1999-07-01,spnf_gastos,14293.4500,trimestral,miles de millones COP,16729
1999-10-01,spnf_gastos,17315.5700,trimestral,miles de millones COP,16729
2000-01-01,spnf_gastos,14623.4800,trimestral,miles de millones COP,16729
2000-04-01,spnf_gastos,15251.4300,trimestral,miles de millones COP,16729
2000-07-01,spnf_gastos,15551.1600,trimestral,miles de millones COP,16729
2000-10-01,spnf_gastos,20462.0800,trimestral,miles de millones COP,16729
2001-01-01,spnf_gastos,16628.0100,trimestral,miles de millones COP,16729
2001-04-01,spnf_gastos,17875.9000,trimestral,miles de millones COP,16729
2001-07-01,spnf_gastos,15698.4600,trimestral,miles de millones COP,16729
2001-10-01,spnf_gastos,23559.9500,trimestral,miles de millones COP,16729
2002-01-01,spnf_gastos,15670.9200,trimestral,miles de millones COP,16729
2002-04-01,spnf_gastos,20758.9300,trimestral,miles de millones COP,16729
2002-07-01,spnf_gastos,18288.6200,trimestral,miles de millones COP,16729
2002-10-01,spnf_gastos,23671.9800,trimestral,miles de millones COP,16729
2003-01-01,spnf_gastos,19853.2000,trimestral,miles de millones COP,16729
2003-04-01,spnf_gastos,20831.9500,trimestral,miles de millones COP,16729
2003-07-01,spnf_gastos,21926.3100,trimestral,miles de millones COP,16729
2003-10-01,spnf_gastos,25115.1300,trimestral,miles de millones COP,16729
2004-01-01,spnf_gastos,21032.6400,trimestral,miles de millones COP,16729
2004-04-01,spnf_gastos,23249.5100,trimestral,miles de millones COP,16729
2004-07-01,spnf_gastos,22510.5000,trimestral,miles de millones COP,16729
2004-10-01,spnf_gastos,28796.6900,trimestral,miles de millones COP,16729
2005-01-01,spnf_gastos,22232.2800,trimestral,miles de millones COP,16729
2005-04-01,spnf_gastos,23628.7000,trimestral,miles de millones COP,16729
2005-07-01,spnf_gastos,26298.9200,trimestral,miles de millones COP,16729
2005-10-01,spnf_gastos,28197.9500,trimestral,miles de millones COP,16729
2006-01-01,spnf_gastos,24578.0500,trimestral,miles de millones COP,16729
2006-04-01,spnf_gastos,27575.7000,trimestral,miles de millones COP,16729
2006-07-01,spnf_gastos,28236.4700,trimestral,miles de millones COP,16729
2006-10-01,spnf_gastos,36896.4900,trimestral,miles de millones COP,16729
2007-01-01,spnf_gastos,27243.6900,trimestral,miles de millones COP,16729
2007-04-01,spnf_gastos,31299.1200,trimestral,miles de millones COP,16729
2007-07-01,spnf_gastos,34581.1400,trimestral,miles de millones COP,16729
2007-10-01,spnf_gastos,43805.9000,trimestral,miles de millones COP,16729
2008-01-01,spnf_gastos,27939.3500,trimestral,miles de millones COP,16729
2008-04-01,spnf_gastos,29690.6400,trimestral,miles de millones COP,16729
2008-07-01,spnf_gastos,29639.0300,trimestral,miles de millones COP,16729
2008-10-01,spnf_gastos,41209.3200,trimestral,miles de millones COP,16729
2009-01-01,spnf_gastos,32223.6100,trimestral,miles de millones COP,16729
2009-04-01,spnf_gastos,35353.8900,trimestral,miles de millones COP,16729
2009-07-01,spnf_gastos,36847.6400,trimestral,miles de millones COP,16729
2009-10-01,spnf_gastos,45473.7300,trimestral,miles de millones COP,16729
2010-01-01,spnf_gastos,36138.6900,trimestral,miles de millones COP,16729
2010-04-01,spnf_gastos,34471.8000,trimestral,miles de millones COP,16729
2010-07-01,spnf_gastos,23224.7600,trimestral,miles de millones COP,16729
2010-10-01,spnf_gastos,67753.3900,trimestral,miles de millones COP,16729
2011-01-01,spnf_gastos,35545.6600,trimestral,miles de millones COP,16729
2011-04-01,spnf_gastos,40329.3300,trimestral,miles de millones COP,16729
2011-07-01,spnf_gastos,42215.4300,trimestral,miles de millones COP,16729
2011-10-01,spnf_gastos,57589.6700,trimestral,miles de millones COP,16729
2012-01-01,spnf_gastos,37807.7900,trimestral,miles de millones COP,16729
2012-04-01,spnf_gastos,42463.3800,trimestral,miles de millones COP,16729
2012-07-01,spnf_gastos,44671.5500,trimestral,miles de millones COP,16729
2012-10-01,spnf_gastos,60790.1800,trimestral,miles de millones COP,16729
2013-01-01,spnf_gastos,42489.1700,trimestral,miles de millones COP,16729
2013-04-01,spnf_gastos,49419.6600,trimestral,miles de millones COP,16729
2013-07-01,spnf_gastos,50943.7500,trimestral,miles de millones COP,16729
2013-10-01,spnf_gastos,68539.1600,trimestral,miles de millones COP,16729
2014-01-01,spnf_gastos,58199.7700,trimestral,miles de millones COP,16729
2014-04-01,spnf_gastos,59343.6400,trimestral,miles de millones COP,16729
2014-07-01,spnf_gastos,59569.4900,trimestral,miles de millones COP,16729
2014-10-01,spnf_gastos,64315.6500,trimestral,miles de millones COP,16729
2015-01-01,spnf_gastos,58913.5500,trimestral,miles de millones COP,16729
2015-04-01,spnf_gastos,62587.2600,trimestral,miles de millones COP,16729
2015-07-01,spnf_gastos,57509.8900,trimestral,miles de millones COP,16729
2015-10-01,spnf_gastos,59952.5200,trimestral,miles de millones COP,16729
2016-01-01,spnf_gastos,53817.0100,trimestral,miles de millones COP,16729
2016-04-01,spnf_gastos,74781.2000,trimestral,miles de millones COP,16729
2016-07-01,spnf_gastos,54608.5800,trimestral,miles de millones COP,16729
2016-10-01,spnf_gastos,72689.1800,trimestral,miles de millones COP,16729
2017-01-01,spnf_gastos,55267.3500,trimestral,miles de millones COP,16729
2017-04-01,spnf_gastos,58984.2200,trimestral,miles de millones COP,16729
2017-07-01,spnf_gastos,56075.5000,trimestral,miles de millones COP,16729
2017-10-01,spnf_gastos,96535.3500,trimestral,miles de millones COP,16729
2018-01-01,spnf_gastos,64884.7000,trimestral,miles de millones COP,16729
2018-04-01,spnf_gastos,77075.9500,trimestral,miles de millones COP,16729
2018-07-01,spnf_gastos,120731.5700,trimestral,miles de millones COP,16729
2018-10-01,spnf_gastos,54884.4600,trimestral,miles de millones COP,16729
2019-01-01,spnf_gastos,65312.0900,trimestral,miles de millones COP,16729
2019-04-01,spnf_gastos,79096.0000,trimestral,miles de millones COP,16729
2019-07-01,spnf_gastos,82169.8300,trimestral,miles de millones COP,16729
2019-10-01,spnf_gastos,98161.7900,trimestral,miles de millones COP,16729
2020-01-01,spnf_gastos,80037.8200,trimestral,miles de millones COP,16729
2020-04-01,spnf_gastos,91191.4700,trimestral,miles de millones COP,16729
2020-07-01,spnf_gastos,87112.9300,trimestral,miles de millones COP,16729
2020-10-01,spnf_gastos,106956.5200,trimestral,miles de millones COP,16729
2021-01-01,spnf_gastos,91447.1200,trimestral,miles de millones COP,16729
2021-04-01,spnf_gastos,95430.8400,trimestral,miles de millones COP,16729
2021-07-01,spnf_gastos,85821.3700,trimestral,miles de millones COP,16729
2021-10-01,spnf_gastos,135373.7600,trimestral,miles de millones COP,16729
2022-01-01,spnf_gastos,93468.6100,trimestral,miles de millones COP,16729
2022-04-01,spnf_gastos,130649.5800,trimestral,miles de millones COP,16729
2022-07-01,spnf_gastos,119170.5300,trimestral,miles de millones COP,16729
2022-10-01,spnf_gastos,143704.9300,trimestral,miles de millones COP,16729
2023-01-01,spnf_gastos,95866.1600,trimestral,miles de millones COP,16729
2023-04-01,spnf_gastos,136423.8400,trimestral,miles de millones COP,16729
2023-07-01,spnf_gastos,130785.0600,trimestral,miles de millones COP,16729
2023-10-01,spnf_gastos,176721.2200,trimestral,miles de millones COP,16729
2024-01-01,spnf_gastos,115812.8700,trimestral,miles de millones COP,16729
2024-04-01,spnf_gastos,143478.2100,trimestral,miles de millones COP,16729
2024-07-01,spnf_gastos,130839.6200,trimestral,miles de millones COP,16729
2024-10-01,spnf_gastos,181992.0800,trimestral,miles de millones COP,16729
2025-01-01,spnf_gastos,144749.8200,trimestral,miles de millones COP,16729
2025-04-01,spnf_gastos,133460.5700,trimestral,miles de millones COP,16729
2025-07-01,spnf_gastos,157151.3400,trimestral,miles de millones COP,16729
2025-10-01,spnf_gastos,209262.9700,trimestral,miles de millones COP,16729
1995-01-01,spnf_ingresos,2071.7200,trimestral,miles de millones COP,16728
1995-04-01,spnf_ingresos,2502.6000,trimestral,miles de millones COP,16728
1995-07-01,spnf_ingresos,2582.3000,trimestral,miles de millones COP,16728
1995-10-01,spnf_ingresos,2443.3000,trimestral,miles de millones COP,16728
1996-01-01,spnf_ingresos,2674.2000,trimestral,miles de millones COP,16728
1996-04-01,spnf_ingresos,3014.1800,trimestral,miles de millones COP,16728
1996-07-01,spnf_ingresos,2890.3600,trimestral,miles de millones COP,16728
1996-10-01,spnf_ingresos,2956.2000,trimestral,miles de millones COP,16728
1997-01-01,spnf_ingresos,3181.3700,trimestral,miles de millones COP,16728
1997-04-01,spnf_ingresos,3693.4700,trimestral,miles de millones COP,16728
1997-07-01,spnf_ingresos,4303.8800,trimestral,miles de millones COP,16728
1997-10-01,spnf_ingresos,4103.9300,trimestral,miles de millones COP,16728
1998-01-01,spnf_ingresos,10230.5700,trimestral,miles de millones COP,16728
1998-04-01,spnf_ingresos,10338.2100,trimestral,miles de millones COP,16728
1998-07-01,spnf_ingresos,11384.1100,trimestral,miles de millones COP,16728
1998-10-01,spnf_ingresos,10942.8100,trimestral,miles de millones COP,16728
1999-01-01,spnf_ingresos,12609.3900,trimestral,miles de millones COP,16728
1999-04-01,spnf_ingresos,12643.0700,trimestral,miles de millones COP,16728
1999-07-01,spnf_ingresos,12515.5700,trimestral,miles de millones COP,16728
1999-10-01,spnf_ingresos,13569.9200,trimestral,miles de millones COP,16728
2000-01-01,spnf_ingresos,14964.7500,trimestral,miles de millones COP,16728
2000-04-01,spnf_ingresos,14565.9300,trimestral,miles de millones COP,16728
2000-07-01,spnf_ingresos,14569.7200,trimestral,miles de millones COP,16728
2000-10-01,spnf_ingresos,14455.6300,trimestral,miles de millones COP,16728
2001-01-01,spnf_ingresos,17268.9200,trimestral,miles de millones COP,16728
2001-04-01,spnf_ingresos,16556.0400,trimestral,miles de millones COP,16728
2001-07-01,spnf_ingresos,15441.0600,trimestral,miles de millones COP,16728
2001-10-01,spnf_ingresos,16337.9500,trimestral,miles de millones COP,16728
2002-01-01,spnf_ingresos,16339.0800,trimestral,miles de millones COP,16728
2002-04-01,spnf_ingresos,17474.5500,trimestral,miles de millones COP,16728
2002-07-01,spnf_ingresos,17323.8300,trimestral,miles de millones COP,16728
2002-10-01,spnf_ingresos,19987.9800,trimestral,miles de millones COP,16728
2003-01-01,spnf_ingresos,20233.6500,trimestral,miles de millones COP,16728
2003-04-01,spnf_ingresos,19171.4000,trimestral,miles de millones COP,16728
2003-07-01,spnf_ingresos,20452.8200,trimestral,miles de millones COP,16728
2003-10-01,spnf_ingresos,21885.2100,trimestral,miles de millones COP,16728
2004-01-01,spnf_ingresos,21899.6100,trimestral,miles de millones COP,16728
2004-04-01,spnf_ingresos,25419.4300,trimestral,miles de millones COP,16728
2004-07-01,spnf_ingresos,23334.4200,trimestral,miles de millones COP,16728
2004-10-01,spnf_ingresos,23307.3700,trimestral,miles de millones COP,16728
2005-01-01,spnf_ingresos,23162.2000,trimestral,miles de millones COP,16728
2005-04-01,spnf_ingresos,25592.5900,trimestral,miles de millones COP,16728
2005-07-01,spnf_ingresos,24031.2500,trimestral,miles de millones COP,16728
2005-10-01,spnf_ingresos,26070.6700,trimestral,miles de millones COP,16728
2006-01-01,spnf_ingresos,27456.0600,trimestral,miles de millones COP,16728
2006-04-01,spnf_ingresos,30856.6800,trimestral,miles de millones COP,16728
2006-07-01,spnf_ingresos,29738.9300,trimestral,miles de millones COP,16728
2006-10-01,spnf_ingresos,27684.3700,trimestral,miles de millones COP,16728
2007-01-01,spnf_ingresos,30233.5400,trimestral,miles de millones COP,16728
2007-04-01,spnf_ingresos,35486.5000,trimestral,miles de millones COP,16728
2007-07-01,spnf_ingresos,33788.6700,trimestral,miles de millones COP,16728
2007-10-01,spnf_ingresos,32738.3400,trimestral,miles de millones COP,16728
2008-01-01,spnf_ingresos,31835.0000,trimestral,miles de millones COP,16728
2008-04-01,spnf_ingresos,34362.1900,trimestral,miles de millones COP,16728
2008-07-01,spnf_ingresos,32900.6400,trimestral,miles de millones COP,16728
2008-10-01,spnf_ingresos,31575.0500,trimestral,miles de millones COP,16728
2009-01-01,spnf_ingresos,31778.7900,trimestral,miles de millones COP,16728
2009-04-01,spnf_ingresos,38322.3800,trimestral,miles de millones COP,16728
2009-07-01,spnf_ingresos,36273.0600,trimestral,miles de millones COP,16728
2009-10-01,spnf_ingresos,32607.9500,trimestral,miles de millones COP,16728
2010-01-01,spnf_ingresos,34963.2000,trimestral,miles de millones COP,16728
2010-04-01,spnf_ingresos,35035.0300,trimestral,miles de millones COP,16728
2010-07-01,spnf_ingresos,22136.0500,trimestral,miles de millones COP,16728
2010-10-01,spnf_ingresos,54762.0200,trimestral,miles de millones COP,16728
2011-01-01,spnf_ingresos,39038.4200,trimestral,miles de millones COP,16728
2011-04-01,spnf_ingresos,49103.1100,trimestral,miles de millones COP,16728
2011-07-01,spnf_ingresos,42863.1700,trimestral,miles de millones COP,16728
2011-10-01,spnf_ingresos,40208.2800,trimestral,miles de millones COP,16728
2012-01-01,spnf_ingresos,42994.4100,trimestral,miles de millones COP,16728
2012-04-01,spnf_ingresos,61205.0300,trimestral,miles de millones COP,16728
2012-07-01,spnf_ingresos,46698.6300,trimestral,miles de millones COP,16728
2012-10-01,spnf_ingresos,42900.3900,trimestral,miles de millones COP,16728
2013-01-01,spnf_ingresos,50360.2500,trimestral,miles de millones COP,16728
2013-04-01,spnf_ingresos,56185.5700,trimestral,miles de millones COP,16728
2013-07-01,spnf_ingresos,48487.0400,trimestral,miles de millones COP,16728
2013-10-01,spnf_ingresos,51788.3700,trimestral,miles de millones COP,16728
2014-01-01,spnf_ingresos,53633.1900,trimestral,miles de millones COP,16728
2014-04-01,spnf_ingresos,58018.8500,trimestral,miles de millones COP,16728
2014-07-01,spnf_ingresos,53602.9000,trimestral,miles de millones COP,16728
2014-10-01,spnf_ingresos,57758.4300,trimestral,miles de millones COP,16728
2015-01-01,spnf_ingresos,47906.7600,trimestral,miles de millones COP,16728
2015-04-01,spnf_ingresos,58459.9100,trimestral,miles de millones COP,16728
2015-07-01,spnf_ingresos,56090.4700,trimestral,miles de millones COP,16728
2015-10-01,spnf_ingresos,51672.4800,trimestral,miles de millones COP,16728
2016-01-01,spnf_ingresos,59962.3300,trimestral,miles de millones COP,16728
2016-04-01,spnf_ingresos,75385.6000,trimestral,miles de millones COP,16728
2016-07-01,spnf_ingresos,51320.9200,trimestral,miles de millones COP,16728
2016-10-01,spnf_ingresos,51183.1900,trimestral,miles de millones COP,16728
2017-01-01,spnf_ingresos,52339.8100,trimestral,miles de millones COP,16728
2017-04-01,spnf_ingresos,68552.9000,trimestral,miles de millones COP,16728
2017-07-01,spnf_ingresos,62648.1800,trimestral,miles de millones COP,16728
2017-10-01,spnf_ingresos,62647.2200,trimestral,miles de millones COP,16728
2018-01-01,spnf_ingresos,63820.5200,trimestral,miles de millones COP,16728
2018-04-01,spnf_ingresos,73277.6200,trimestral,miles de millones COP,16728
2018-07-01,spnf_ingresos,68486.2400,trimestral,miles de millones COP,16728
2018-10-01,spnf_ingresos,88696.2500,trimestral,miles de millones COP,16728
2019-01-01,spnf_ingresos,71983.2700,trimestral,miles de millones COP,16728
2019-04-01,spnf_ingresos,85663.7700,trimestral,miles de millones COP,16728
2019-07-01,spnf_ingresos,76014.7900,trimestral,miles de millones COP,16728
2019-10-01,spnf_ingresos,77342.8000,trimestral,miles de millones COP,16728
2020-01-01,spnf_ingresos,79414.4800,trimestral,miles de millones COP,16728
2020-04-01,spnf_ingresos,65356.7500,trimestral,miles de millones COP,16728
2020-07-01,spnf_ingresos,64699.7700,trimestral,miles de millones COP,16728
2020-10-01,spnf_ingresos,73462.4000,trimestral,miles de millones COP,16728
2021-01-01,spnf_ingresos,81753.1400,trimestral,miles de millones COP,16728
2021-04-01,spnf_ingresos,81260.7100,trimestral,miles de millones COP,16728
2021-07-01,spnf_ingresos,93811.5100,trimestral,miles de millones COP,16728
2021-10-01,spnf_ingresos,83021.6200,trimestral,miles de millones COP,16728
2022-01-01,spnf_ingresos,95324.7700,trimestral,miles de millones COP,16728
2022-04-01,spnf_ingresos,108855.2800,trimestral,miles de millones COP,16728
2022-07-01,spnf_ingresos,108877.7200,trimestral,miles de millones COP,16728
2022-10-01,spnf_ingresos,108635.9700,trimestral,miles de millones COP,16728
2023-01-01,spnf_ingresos,124387.4900,trimestral,miles de millones COP,16728
2023-04-01,spnf_ingresos,147340.9500,trimestral,miles de millones COP,16728
2023-07-01,spnf_ingresos,132972.4000,trimestral,miles de millones COP,16728
2023-10-01,spnf_ingresos,116093.1300,trimestral,miles de millones COP,16728
2024-01-01,spnf_ingresos,126840.4300,trimestral,miles de millones COP,16728
2024-04-01,spnf_ingresos,132741.4200,trimestral,miles de millones COP,16728
2024-07-01,spnf_ingresos,130084.6500,trimestral,miles de millones COP,16728
2024-10-01,spnf_ingresos,117369.6100,trimestral,miles de millones COP,16728
2025-01-01,spnf_ingresos,132598.9800,trimestral,miles de millones COP,16728
2025-04-01,spnf_ingresos,143094.2700,trimestral,miles de millones COP,16728
2025-07-01,spnf_ingresos,140380.4800,trimestral,miles de millones COP,16728
2025-10-01,spnf_ingresos,125698.9800,trimestral,miles de millones COP,16728
1995-01-01,spnf_intereses,187.6000,trimestral,miles de millones COP,16730
1995-04-01,spnf_intereses,236.5000,trimestral,miles de millones COP,16730
1995-07-01,spnf_intereses,362.8000,trimestral,miles de millones COP,16730
1995-10-01,spnf_intereses,249.2000,trimestral,miles de millones COP,16730
1996-01-01,spnf_intereses,413.1800,trimestral,miles de millones COP,16730
1996-04-01,spnf_intereses,404.4600,trimestral,miles de millones COP,16730
1996-07-01,spnf_intereses,573.9800,trimestral,miles de millones COP,16730
1996-10-01,spnf_intereses,486.9000,trimestral,miles de millones COP,16730
1997-01-01,spnf_intereses,521.9600,trimestral,miles de millones COP,16730
1997-04-01,spnf_intereses,471.3300,trimestral,miles de millones COP,16730
1997-07-01,spnf_intereses,891.9900,trimestral,miles de millones COP,16730
1997-10-01,spnf_intereses,577.3400,trimestral,miles de millones COP,16730
1998-01-01,spnf_intereses,1915.8000,trimestral,miles de millones COP,16730
1998-04-01,spnf_intereses,1305.0000,trimestral,miles de millones COP,16730
1998-07-01,spnf_intereses,1341.3000,trimestral,miles de millones COP,16730
1998-10-01,spnf_intereses,1876.9000,trimestral,miles de millones COP,16730
1999-01-01,spnf_intereses,1476.5300,trimestral,miles de millones COP,16730
1999-04-01,spnf_intereses,1405.0600,trimestral,miles de millones COP,16730
1999-07-01,spnf_intereses,1521.5200,trimestral,miles de millones COP,16730
1999-10-01,spnf_intereses,1258.8800,trimestral,miles de millones COP,16730
2000-01-01,spnf_intereses,2095.8800,trimestral,miles de millones COP,16730
2000-04-01,spnf_intereses,1939.0500,trimestral,miles de millones COP,16730
2000-07-01,spnf_intereses,1856.5000,trimestral,miles de millones COP,16730
2000-10-01,spnf_intereses,2007.1000,trimestral,miles de millones COP,16730
2001-01-01,spnf_intereses,2415.4100,trimestral,miles de millones COP,16730
2001-04-01,spnf_intereses,3055.0400,trimestral,miles de millones COP,16730
2001-07-01,spnf_intereses,1890.5300,trimestral,miles de millones COP,16730
2001-10-01,spnf_intereses,2011.2800,trimestral,miles de millones COP,16730
2002-01-01,spnf_intereses,2252.4300,trimestral,miles de millones COP,16730
2002-04-01,spnf_intereses,2896.6400,trimestral,miles de millones COP,16730
2002-07-01,spnf_intereses,2340.7200,trimestral,miles de millones COP,16730
2002-10-01,spnf_intereses,1693.7000,trimestral,miles de millones COP,16730
2003-01-01,spnf_intereses,3440.8400,trimestral,miles de millones COP,16730
2003-04-01,spnf_intereses,3249.5600,trimestral,miles de millones COP,16730
2003-07-01,spnf_intereses,2529.5600,trimestral,miles de millones COP,16730
2003-10-01,spnf_intereses,1573.9300,trimestral,miles de millones COP,16730
2004-01-01,spnf_intereses,3484.1100,trimestral,miles de millones COP,16730
2004-04-01,spnf_intereses,3198.0900,trimestral,miles de millones COP,16730
2004-07-01,spnf_intereses,2902.8200,trimestral,miles de millones COP,16730
2004-10-01,spnf_intereses,1821.0300,trimestral,miles de millones COP,16730
2005-01-01,spnf_intereses,3487.7300,trimestral,miles de millones COP,16730
2005-04-01,spnf_intereses,2636.1700,trimestral,miles de millones COP,16730
2005-07-01,spnf_intereses,4098.7800,trimestral,miles de millones COP,16730
2005-10-01,spnf_intereses,1098.3600,trimestral,miles de millones COP,16730
2006-01-01,spnf_intereses,3898.7200,trimestral,miles de millones COP,16730
2006-04-01,spnf_intereses,3173.4200,trimestral,miles de millones COP,16730
2006-07-01,spnf_intereses,5200.9900,trimestral,miles de millones COP,16730
2006-10-01,spnf_intereses,2568.5500,trimestral,miles de millones COP,16730
2007-01-01,spnf_intereses,4563.7100,trimestral,miles de millones COP,16730
2007-04-01,spnf_intereses,3689.8500,trimestral,miles de millones COP,16730
2007-07-01,spnf_intereses,5329.0000,trimestral,miles de millones COP,16730
2007-10-01,spnf_intereses,3027.9400,trimestral,miles de millones COP,16730
2008-01-01,spnf_intereses,3216.4300,trimestral,miles de millones COP,16730
2008-04-01,spnf_intereses,3590.2600,trimestral,miles de millones COP,16730
2008-07-01,spnf_intereses,4921.7000,trimestral,miles de millones COP,16730
2008-10-01,spnf_intereses,3509.2300,trimestral,miles de millones COP,16730
2009-01-01,spnf_intereses,3267.2300,trimestral,miles de millones COP,16730
2009-04-01,spnf_intereses,3752.5900,trimestral,miles de millones COP,16730
2009-07-01,spnf_intereses,5309.6800,trimestral,miles de millones COP,16730
2009-10-01,spnf_intereses,3640.7600,trimestral,miles de millones COP,16730
2010-01-01,spnf_intereses,2808.0900,trimestral,miles de millones COP,16730
2010-04-01,spnf_intereses,4384.7300,trimestral,miles de millones COP,16730
2010-07-01,spnf_intereses,5153.7100,trimestral,miles de millones COP,16730
2010-10-01,spnf_intereses,3293.4300,trimestral,miles de millones COP,16730
2011-01-01,spnf_intereses,2888.6300,trimestral,miles de millones COP,16730
2011-04-01,spnf_intereses,5441.9000,trimestral,miles de millones COP,16730
2011-07-01,spnf_intereses,5345.4400,trimestral,miles de millones COP,16730
2011-10-01,spnf_intereses,4035.0300,trimestral,miles de millones COP,16730
2012-01-01,spnf_intereses,3274.6700,trimestral,miles de millones COP,16730
2012-04-01,spnf_intereses,4440.9400,trimestral,miles de millones COP,16730
2012-07-01,spnf_intereses,5620.2500,trimestral,miles de millones COP,16730
2012-10-01,spnf_intereses,3971.8300,trimestral,miles de millones COP,16730
2013-01-01,spnf_intereses,3137.8600,trimestral,miles de millones COP,16730
2013-04-01,spnf_intereses,4763.6500,trimestral,miles de millones COP,16730
2013-07-01,spnf_intereses,5098.6000,trimestral,miles de millones COP,16730
2013-10-01,spnf_intereses,4370.5100,trimestral,miles de millones COP,16730
2014-01-01,spnf_intereses,2916.9700,trimestral,miles de millones COP,16730
2014-04-01,spnf_intereses,4461.8200,trimestral,miles de millones COP,16730
2014-07-01,spnf_intereses,6220.9900,trimestral,miles de millones COP,16730
2014-10-01,spnf_intereses,3750.8300,trimestral,miles de millones COP,16730
2015-01-01,spnf_intereses,3173.8100,trimestral,miles de millones COP,16730
2015-04-01,spnf_intereses,4124.8000,trimestral,miles de millones COP,16730
2015-07-01,spnf_intereses,7800.2800,trimestral,miles de millones COP,16730
2015-10-01,spnf_intereses,5112.4700,trimestral,miles de millones COP,16730
2016-01-01,spnf_intereses,4093.9800,trimestral,miles de millones COP,16730
2016-04-01,spnf_intereses,5224.9800,trimestral,miles de millones COP,16730
2016-07-01,spnf_intereses,10451.3900,trimestral,miles de millones COP,16730
2016-10-01,spnf_intereses,3725.9900,trimestral,miles de millones COP,16730
2017-01-01,spnf_intereses,4051.1800,trimestral,miles de millones COP,16730
2017-04-01,spnf_intereses,7013.2800,trimestral,miles de millones COP,16730
2017-07-01,spnf_intereses,11352.8100,trimestral,miles de millones COP,16730
2017-10-01,spnf_intereses,2906.9100,trimestral,miles de millones COP,16730
2018-01-01,spnf_intereses,4280.9200,trimestral,miles de millones COP,16730
2018-04-01,spnf_intereses,6127.5700,trimestral,miles de millones COP,16730
2018-07-01,spnf_intereses,12678.8800,trimestral,miles de millones COP,16730
2018-10-01,spnf_intereses,3957.1400,trimestral,miles de millones COP,16730
2019-01-01,spnf_intereses,5569.0300,trimestral,miles de millones COP,16730
2019-04-01,spnf_intereses,7338.7900,trimestral,miles de millones COP,16730
2019-07-01,spnf_intereses,12047.9200,trimestral,miles de millones COP,16730
2019-10-01,spnf_intereses,4547.3100,trimestral,miles de millones COP,16730
2020-01-01,spnf_intereses,5337.3500,trimestral,miles de millones COP,16730
2020-04-01,spnf_intereses,9377.1600,trimestral,miles de millones COP,16730
2020-07-01,spnf_intereses,8120.2100,trimestral,miles de millones COP,16730
2020-10-01,spnf_intereses,5861.6100,trimestral,miles de millones COP,16730
2021-01-01,spnf_intereses,5942.2700,trimestral,miles de millones COP,16730
2021-04-01,spnf_intereses,10566.8900,trimestral,miles de millones COP,16730
2021-07-01,spnf_intereses,10675.1700,trimestral,miles de millones COP,16730
2021-10-01,spnf_intereses,9207.5600,trimestral,miles de millones COP,16730
2022-01-01,spnf_intereses,8372.9900,trimestral,miles de millones COP,16730
2022-04-01,spnf_intereses,13974.1800,trimestral,miles de millones COP,16730
2022-07-01,spnf_intereses,16138.9800,trimestral,miles de millones COP,16730
2022-10-01,spnf_intereses,11451.2600,trimestral,miles de millones COP,16730
2023-01-01,spnf_intereses,12231.2500,trimestral,miles de millones COP,16730
2023-04-01,spnf_intereses,15359.3900,trimestral,miles de millones COP,16730
2023-07-01,spnf_intereses,12589.2300,trimestral,miles de millones COP,16730
2023-10-01,spnf_intereses,11948.5700,trimestral,miles de millones COP,16730
2024-01-01,spnf_intereses,13932.3900,trimestral,miles de millones COP,16730
2024-04-01,spnf_intereses,21665.0700,trimestral,miles de millones COP,16730
2024-07-01,spnf_intereses,15698.4200,trimestral,miles de millones COP,16730
2024-10-01,spnf_intereses,20464.6500,trimestral,miles de millones COP,16730
2025-01-01,spnf_intereses,5536.0100,trimestral,miles de millones COP,16730
2025-04-01,spnf_intereses,6056.9100,trimestral,miles de millones COP,16730
2025-07-01,spnf_intereses,26375.6300,trimestral,miles de millones COP,16730
2025-10-01,spnf_intereses,12328.3800,trimestral,miles de millones COP,16730
