fecha,pais,valor
2010-01-01,Alemania,94223.600
2010-02-01,Alemania,145607.526
2010-03-01,Alemania,177829.223
2010-04-01,Alemania,102598.355
2010-05-01,Alemania,97654.225
2010-06-01,Alemania,117360.336
2010-07-01,Alemania,119347.766
2010-08-01,Alemania,126082.978
2010-09-01,Alemania,147115.101
2010-10-01,Alemania,188468.413
2010-11-01,Alemania,130790.138
2010-12-01,Alemania,164349.816
2011-01-01,Alemania,144351.343
2011-02-01,Alemania,129266.332
2011-03-01,Alemania,139652.441
2011-04-01,Alemania,144942.646
2011-05-01,Alemania,238185.171
2011-06-01,Alemania,196015.978
2011-07-01,Alemania,187176.369
2011-08-01,Alemania,213716.286
2011-09-01,Alemania,227010.738
2011-10-01,Alemania,181614.980
2011-11-01,Alemania,177928.195
2011-12-01,Alemania,167412.032
2012-01-01,Alemania,137304.544
2012-02-01,Alemania,169381.516
2012-03-01,Alemania,169363.354
2012-04-01,Alemania,153753.485
2012-05-01,Alemania,257428.244
2012-06-01,Alemania,155153.865
2012-07-01,Alemania,176184.318
2012-08-01,Alemania,256917.561
2012-09-01,Alemania,160324.796
2012-10-01,Alemania,188909.933
2012-11-01,Alemania,258490.560
2012-12-01,Alemania,183320.211
2013-01-01,Alemania,167271.368
2013-02-01,Alemania,149543.965
2013-03-01,Alemania,197473.512
2013-04-01,Alemania,214313.333
2013-05-01,Alemania,172448.768
2013-06-01,Alemania,173495.359
2013-07-01,Alemania,218976.144
2013-08-01,Alemania,177546.027
2013-09-01,Alemania,186563.090
2013-10-01,Alemania,193180.027
2013-11-01,Alemania,171350.636
2013-12-01,Alemania,184746.800
2014-01-01,Alemania,153991.742
2014-02-01,Alemania,200782.070
2014-03-01,Alemania,172289.907
2014-04-01,Alemania,216127.217
2014-05-01,Alemania,213573.247
2014-06-01,Alemania,156195.893
2014-07-01,Alemania,333836.762
2014-08-01,Alemania,180699.748
2014-09-01,Alemania,246332.426
2014-10-01,Alemania,175942.429
2014-11-01,Alemania,220622.226
2014-12-01,Alemania,260583.872
2015-01-01,Alemania,185971.775
2015-02-01,Alemania,165542.610
2015-03-01,Alemania,174016.161
2015-04-01,Alemania,182721.633
2015-05-01,Alemania,188164.289
2015-06-01,Alemania,155220.503
2015-07-01,Alemania,252464.252
2015-08-01,Alemania,156145.344
2015-09-01,Alemania,241226.764
2015-10-01,Alemania,204777.290
2015-11-01,Alemania,202170.925
2015-12-01,Alemania,159032.571
2016-01-01,Alemania,124609.906
2016-02-01,Alemania,122708.821
2016-03-01,Alemania,139927.163
2016-04-01,Alemania,143228.980
2016-05-01,Alemania,148447.625
2016-06-01,Alemania,135991.814
2016-07-01,Alemania,122358.335
2016-08-01,Alemania,147794.552
2016-09-01,Alemania,198368.004
2016-10-01,Alemania,146071.859
2016-11-01,Alemania,152824.424
2016-12-01,Alemania,125350.967
2017-01-01,Alemania,119296.076
2017-02-01,Alemania,144616.842
2017-03-01,Alemania,151719.731
2017-04-01,Alemania,147913.914
2017-05-01,Alemania,150962.296
2017-06-01,Alemania,153678.283
2017-07-01,Alemania,145667.192
2017-08-01,Alemania,155959.570
2017-09-01,Alemania,208685.769
2017-10-01,Alemania,197305.871
2017-11-01,Alemania,157683.900
2017-12-01,Alemania,140508.193
2018-01-01,Alemania,150712.105
2018-02-01,Alemania,144651.670
2018-03-01,Alemania,134442.445
2018-04-01,Alemania,173949.017
2018-05-01,Alemania,278352.545
2018-06-01,Alemania,161723.306
2018-07-01,Alemania,200903.234
2018-08-01,Alemania,208069.985
2018-09-01,Alemania,152088.364
2018-10-01,Alemania,214325.749
2018-11-01,Alemania,155945.560
2018-12-01,Alemania,198090.360
2019-01-01,Alemania,196493.966
2019-02-01,Alemania,198081.650
2019-03-01,Alemania,159476.256
2019-04-01,Alemania,218737.653
2019-05-01,Alemania,167323.647
2019-06-01,Alemania,150608.404
2019-07-01,Alemania,157183.992
2019-08-01,Alemania,168998.256
2019-09-01,Alemania,164170.800
2019-10-01,Alemania,182632.295
2019-11-01,Alemania,261169.336
2019-12-01,Alemania,147784.391
2020-01-01,Alemania,150152.848
2020-02-01,Alemania,136556.743
2020-03-01,Alemania,152349.861
2020-04-01,Alemania,135312.503
2020-05-01,Alemania,116000.880
2020-06-01,Alemania,138565.808
2020-07-01,Alemania,124164.244
2020-08-01,Alemania,134077.456
2020-09-01,Alemania,125339.432
2020-10-01,Alemania,139398.273
2020-11-01,Alemania,135675.059
2020-12-01,Alemania,156297.589
2021-01-01,Alemania,135819.354
2021-02-01,Alemania,122152.000
2021-03-01,Alemania,155734.239
2021-04-01,Alemania,179846.067
2021-05-01,Alemania,155942.417
2021-06-01,Alemania,183477.436
2021-07-01,Alemania,177450.932
2021-08-01,Alemania,189584.210
2021-09-01,Alemania,143954.522
2021-10-01,Alemania,173999.350
2021-11-01,Alemania,232306.270
2021-12-01,Alemania,214908.776
2022-01-01,Alemania,184411.376
2022-02-01,Alemania,191835.906
2022-03-01,Alemania,175529.663
2022-04-01,Alemania,223599.288
2022-05-01,Alemania,160543.639
2022-06-01,Alemania,193375.602
2022-07-01,Alemania,234199.067
2022-08-01,Alemania,245583.809
2022-09-01,Alemania,194762.001
2022-10-01,Alemania,184673.719
2022-11-01,Alemania,183330.109
2022-12-01,Alemania,181073.689
2023-01-01,Alemania,183612.667
2023-02-01,Alemania,175679.721
2023-03-01,Alemania,317042.754
2023-04-01,Alemania,178579.784
2023-05-01,Alemania,221312.312
2023-06-01,Alemania,178789.038
2023-07-01,Alemania,166148.332
2023-08-01,Alemania,176900.735
2023-09-01,Alemania,184265.245
2023-10-01,Alemania,204131.661
2023-11-01,Alemania,170039.409
2023-12-01,Alemania,190532.894
2024-01-01,Alemania,163562.070
2024-02-01,Alemania,178077.401
2024-03-01,Alemania,159369.952
2024-04-01,Alemania,211093.562
2024-05-01,Alemania,185620.411
2024-06-01,Alemania,147172.976
2024-07-01,Alemania,199994.387
2024-08-01,Alemania,199989.646
2024-09-01,Alemania,176226.754
2024-10-01,Alemania,189795.892
2024-11-01,Alemania,175913.963
2024-12-01,Alemania,172941.410
2025-01-01,Alemania,166854.390
2025-02-01,Alemania,165282.063
2025-03-01,Alemania,195030.322
2025-04-01,Alemania,185455.512
2025-05-01,Alemania,201126.360
2025-06-01,Alemania,199186.643
2025-07-01,Alemania,207950.126
2025-08-01,Alemania,201491.438
2025-09-01,Alemania,200026.718
2025-10-01,Alemania,210293.723
2025-11-01,Alemania,192152.426
2025-12-01,Alemania,196055.869
2026-01-01,Alemania,210077.107
2026-02-01,Alemania,171468.375
2026-03-01,Alemania,221402.698
2026-04-01,Alemania,252964.658
2026-05-01,Alemania,224363.831
2026-06-01,Alemania,223846.577
2026-07-01,Alemania,228421.943
2010-01-01,Argentina,132903.345
2010-02-01,Argentina,89657.293
2010-03-01,Argentina,95530.900
2010-04-01,Argentina,120782.835
2010-05-01,Argentina,114572.389
2010-06-01,Argentina,149428.997
2010-07-01,Argentina,132944.501
2010-08-01,Argentina,148097.487
2010-09-01,Argentina,149077.719
2010-10-01,Argentina,124981.290
2010-11-01,Argentina,136820.154
2010-12-01,Argentina,114466.125
2011-01-01,Argentina,119697.281
2011-02-01,Argentina,96372.630
2011-03-01,Argentina,133762.263
2011-04-01,Argentina,135335.421
2011-05-01,Argentina,210690.665
2011-06-01,Argentina,230293.362
2011-07-01,Argentina,178974.097
2011-08-01,Argentina,159541.713
2011-09-01,Argentina,206839.063
2011-10-01,Argentina,141628.492
2011-11-01,Argentina,169217.904
2011-12-01,Argentina,89547.293
2012-01-01,Argentina,163339.913
2012-02-01,Argentina,213721.790
2012-03-01,Argentina,268644.598
2012-04-01,Argentina,164692.966
2012-05-01,Argentina,243126.895
2012-06-01,Argentina,224976.226
2012-07-01,Argentina,179923.468
2012-08-01,Argentina,186709.616
2012-09-01,Argentina,193631.061
2012-10-01,Argentina,190307.553
2012-11-01,Argentina,225124.978
2012-12-01,Argentina,142103.439
2013-01-01,Argentina,171306.092
2013-02-01,Argentina,148447.046
2013-03-01,Argentina,139847.025
2013-04-01,Argentina,233967.994
2013-05-01,Argentina,136543.489
2013-06-01,Argentina,136842.025
2013-07-01,Argentina,217830.072
2013-08-01,Argentina,201204.734
2013-09-01,Argentina,113811.137
2013-10-01,Argentina,113238.349
2013-11-01,Argentina,71307.232
2013-12-01,Argentina,49199.873
2014-01-01,Argentina,44270.660
2014-02-01,Argentina,54900.582
2014-03-01,Argentina,61750.878
2014-04-01,Argentina,65238.907
2014-05-01,Argentina,93958.251
2014-06-01,Argentina,110916.325
2014-07-01,Argentina,143184.502
2014-08-01,Argentina,133765.641
2014-09-01,Argentina,89883.115
2014-10-01,Argentina,81437.872
2014-11-01,Argentina,56964.133
2014-12-01,Argentina,73062.763
2015-01-01,Argentina,27389.635
2015-02-01,Argentina,30223.539
2015-03-01,Argentina,47563.399
2015-04-01,Argentina,48078.404
2015-05-01,Argentina,38009.967
2015-06-01,Argentina,34508.563
2015-07-01,Argentina,36997.387
2015-08-01,Argentina,45436.511
2015-09-01,Argentina,49142.943
2015-10-01,Argentina,73637.729
2015-11-01,Argentina,44498.008
2015-12-01,Argentina,26001.577
2016-01-01,Argentina,24729.375
2016-02-01,Argentina,28108.936
2016-03-01,Argentina,25705.710
2016-04-01,Argentina,41651.292
2016-05-01,Argentina,52514.292
2016-06-01,Argentina,35980.213
2016-07-01,Argentina,53810.844
2016-08-01,Argentina,61280.582
2016-09-01,Argentina,45674.526
2016-10-01,Argentina,44989.538
2016-11-01,Argentina,39499.086
2016-12-01,Argentina,56976.877
2017-01-01,Argentina,37174.304
2017-02-01,Argentina,39989.202
2017-03-01,Argentina,44859.974
2017-04-01,Argentina,60231.383
2017-05-01,Argentina,38339.431
2017-06-01,Argentina,37487.955
2017-07-01,Argentina,45487.066
2017-08-01,Argentina,49496.711
2017-09-01,Argentina,43722.953
2017-10-01,Argentina,46337.802
2017-11-01,Argentina,46391.355
2017-12-01,Argentina,61814.618
2018-01-01,Argentina,49309.301
2018-02-01,Argentina,24795.630
2018-03-01,Argentina,64110.162
2018-04-01,Argentina,59581.005
2018-05-01,Argentina,50674.981
2018-06-01,Argentina,102304.305
2018-07-01,Argentina,58559.730
2018-08-01,Argentina,56957.156
2018-09-01,Argentina,59189.700
2018-10-01,Argentina,77530.102
2018-11-01,Argentina,62136.314
2018-12-01,Argentina,66927.589
2019-01-01,Argentina,78151.987
2019-02-01,Argentina,50546.693
2019-03-01,Argentina,40624.826
2019-04-01,Argentina,65178.480
2019-05-01,Argentina,67006.698
2019-06-01,Argentina,70365.174
2019-07-01,Argentina,72807.491
2019-08-01,Argentina,167019.655
2019-09-01,Argentina,155907.269
2019-10-01,Argentina,85444.680
2019-11-01,Argentina,73504.919
2019-12-01,Argentina,80533.118
2020-01-01,Argentina,62617.046
2020-02-01,Argentina,45444.647
2020-03-01,Argentina,82252.781
2020-04-01,Argentina,41880.759
2020-05-01,Argentina,41629.652
2020-06-01,Argentina,36371.896
2020-07-01,Argentina,47487.588
2020-08-01,Argentina,72221.532
2020-09-01,Argentina,58857.638
2020-10-01,Argentina,81106.021
2020-11-01,Argentina,80318.649
2020-12-01,Argentina,74274.017
2021-01-01,Argentina,17393.846
2021-02-01,Argentina,45059.048
2021-03-01,Argentina,47605.101
2021-04-01,Argentina,94188.437
2021-05-01,Argentina,78687.414
2021-06-01,Argentina,112559.968
2021-07-01,Argentina,197509.374
2021-08-01,Argentina,219227.927
2021-09-01,Argentina,143469.593
2021-10-01,Argentina,148635.352
2021-11-01,Argentina,98556.976
2021-12-01,Argentina,97492.755
2022-01-01,Argentina,105696.760
2022-02-01,Argentina,79190.841
2022-03-01,Argentina,125572.943
2022-04-01,Argentina,94549.195
2022-05-01,Argentina,118211.892
2022-06-01,Argentina,116953.310
2022-07-01,Argentina,96199.183
2022-08-01,Argentina,169041.839
2022-09-01,Argentina,202422.796
2022-10-01,Argentina,167167.751
2022-11-01,Argentina,141748.878
2022-12-01,Argentina,223759.315
2023-01-01,Argentina,69911.186
2023-02-01,Argentina,190407.536
2023-03-01,Argentina,147383.746
2023-04-01,Argentina,123488.219
2023-05-01,Argentina,127303.614
2023-06-01,Argentina,111618.862
2023-07-01,Argentina,116578.695
2023-08-01,Argentina,205036.920
2023-09-01,Argentina,101118.755
2023-10-01,Argentina,78763.151
2023-11-01,Argentina,64294.634
2023-12-01,Argentina,74741.827
2024-01-01,Argentina,92024.351
2024-02-01,Argentina,84849.555
2024-03-01,Argentina,98088.590
2024-04-01,Argentina,74205.857
2024-05-01,Argentina,84003.222
2024-06-01,Argentina,89807.930
2024-07-01,Argentina,67016.983
2024-08-01,Argentina,54042.124
2024-09-01,Argentina,83378.141
2024-10-01,Argentina,83184.002
2024-11-01,Argentina,83192.036
2024-12-01,Argentina,49474.792
2025-01-01,Argentina,57724.711
2025-02-01,Argentina,72548.864
2025-03-01,Argentina,83291.350
2025-04-01,Argentina,73877.226
2025-05-01,Argentina,71254.558
2025-06-01,Argentina,94932.358
2025-07-01,Argentina,76845.280
2025-08-01,Argentina,97910.863
2025-09-01,Argentina,95091.291
2025-10-01,Argentina,90694.700
2025-11-01,Argentina,78039.359
2025-12-01,Argentina,75627.582
2026-01-01,Argentina,85351.411
2026-02-01,Argentina,72063.746
2026-03-01,Argentina,64211.050
2026-04-01,Argentina,110244.343
2026-05-01,Argentina,82871.841
2026-06-01,Argentina,93794.589
2026-07-01,Argentina,140050.507
2010-01-01,Austria,7678.568
2010-02-01,Austria,6739.161
2010-03-01,Austria,9682.381
2010-04-01,Austria,8356.719
2010-05-01,Austria,11556.099
2010-06-01,Austria,8990.842
2010-07-01,Austria,7184.907
2010-08-01,Austria,10775.953
2010-09-01,Austria,8213.438
2010-10-01,Austria,13033.803
2010-11-01,Austria,14785.261
2010-12-01,Austria,13287.893
2011-01-01,Austria,8288.490
2011-02-01,Austria,13933.620
2011-03-01,Austria,10218.166
2011-04-01,Austria,11678.078
2011-05-01,Austria,15403.663
2011-06-01,Austria,14537.318
2011-07-01,Austria,16297.080
2011-08-01,Austria,15084.892
2011-09-01,Austria,12753.556
2011-10-01,Austria,15060.442
2011-11-01,Austria,12284.362
2011-12-01,Austria,17374.469
2012-01-01,Austria,14676.417
2012-02-01,Austria,10890.622
2012-03-01,Austria,13279.505
2012-04-01,Austria,17188.330
2012-05-01,Austria,17501.780
2012-06-01,Austria,11545.682
2012-07-01,Austria,16555.815
2012-08-01,Austria,12861.469
2012-09-01,Austria,11663.922
2012-10-01,Austria,12763.317
2012-11-01,Austria,10763.153
2012-12-01,Austria,12219.366
2013-01-01,Austria,11649.109
2013-02-01,Austria,10517.910
2013-03-01,Austria,14920.262
2013-04-01,Austria,19304.481
2013-05-01,Austria,16280.787
2013-06-01,Austria,15785.704
2013-07-01,Austria,22470.678
2013-08-01,Austria,16561.269
2013-09-01,Austria,17263.428
2013-10-01,Austria,11917.732
2013-11-01,Austria,14195.987
2013-12-01,Austria,12229.773
2014-01-01,Austria,21562.079
2014-02-01,Austria,17364.546
2014-03-01,Austria,12051.135
2014-04-01,Austria,15367.081
2014-05-01,Austria,16856.402
2014-06-01,Austria,13701.758
2014-07-01,Austria,16810.515
2014-08-01,Austria,12669.923
2014-09-01,Austria,16066.314
2014-10-01,Austria,12925.285
2014-11-01,Austria,12131.840
2014-12-01,Austria,13649.980
2015-01-01,Austria,13750.993
2015-02-01,Austria,13802.371
2015-03-01,Austria,27009.732
2015-04-01,Austria,12571.552
2015-05-01,Austria,15326.108
2015-06-01,Austria,14085.559
2015-07-01,Austria,14397.982
2015-08-01,Austria,16720.253
2015-09-01,Austria,12760.148
2015-10-01,Austria,12383.976
2015-11-01,Austria,10243.962
2015-12-01,Austria,12195.360
2016-01-01,Austria,9536.262
2016-02-01,Austria,12678.920
2016-03-01,Austria,10626.824
2016-04-01,Austria,9128.877
2016-05-01,Austria,9225.561
2016-06-01,Austria,15295.365
2016-07-01,Austria,9176.983
2016-08-01,Austria,11532.210
2016-09-01,Austria,12369.798
2016-10-01,Austria,11417.283
2016-11-01,Austria,13880.278
2016-12-01,Austria,16675.718
2017-01-01,Austria,11321.607
2017-02-01,Austria,10800.073
2017-03-01,Austria,12424.845
2017-04-01,Austria,10106.171
2017-05-01,Austria,13309.775
2017-06-01,Austria,21880.658
2017-07-01,Austria,14105.989
2017-08-01,Austria,14292.425
2017-09-01,Austria,17473.425
2017-10-01,Austria,13458.917
2017-11-01,Austria,16142.000
2017-12-01,Austria,16213.440
2018-01-01,Austria,10580.899
2018-02-01,Austria,12618.290
2018-03-01,Austria,11407.527
2018-04-01,Austria,12582.846
2018-05-01,Austria,10792.548
2018-06-01,Austria,8359.049
2018-07-01,Austria,15396.924
2018-08-01,Austria,10882.247
2018-09-01,Austria,13283.010
2018-10-01,Austria,14959.046
2018-11-01,Austria,11464.790
2018-12-01,Austria,17527.963
2019-01-01,Austria,14092.117
2019-02-01,Austria,9402.977
2019-03-01,Austria,13318.796
2019-04-01,Austria,10900.097
2019-05-01,Austria,11319.657
2019-06-01,Austria,10471.301
2019-07-01,Austria,14879.721
2019-08-01,Austria,14543.588
2019-09-01,Austria,12918.235
2019-10-01,Austria,14268.022
2019-11-01,Austria,14561.780
2019-12-01,Austria,12284.966
2020-01-01,Austria,11321.593
2020-02-01,Austria,13254.418
2020-03-01,Austria,9524.090
2020-04-01,Austria,8777.667
2020-05-01,Austria,10357.629
2020-06-01,Austria,8238.371
2020-07-01,Austria,9614.110
2020-08-01,Austria,8044.720
2020-09-01,Austria,9854.284
2020-10-01,Austria,9085.309
2020-11-01,Austria,8923.288
2020-12-01,Austria,9988.750
2021-01-01,Austria,9114.977
2021-02-01,Austria,9679.762
2021-03-01,Austria,12562.051
2021-04-01,Austria,19282.310
2021-05-01,Austria,9531.689
2021-06-01,Austria,11539.273
2021-07-01,Austria,13731.621
2021-08-01,Austria,11223.896
2021-09-01,Austria,12910.748
2021-10-01,Austria,12467.370
2021-11-01,Austria,16318.706
2021-12-01,Austria,11935.673
2022-01-01,Austria,9793.671
2022-02-01,Austria,15747.293
2022-03-01,Austria,11141.831
2022-04-01,Austria,13576.627
2022-05-01,Austria,10763.113
2022-06-01,Austria,11086.796
2022-07-01,Austria,13010.584
2022-08-01,Austria,15433.295
2022-09-01,Austria,18180.404
2022-10-01,Austria,13361.212
2022-11-01,Austria,15428.023
2022-12-01,Austria,17967.915
2023-01-01,Austria,14340.566
2023-02-01,Austria,12870.884
2023-03-01,Austria,11929.330
2023-04-01,Austria,13039.628
2023-05-01,Austria,15915.892
2023-06-01,Austria,16637.923
2023-07-01,Austria,21247.815
2023-08-01,Austria,13359.369
2023-09-01,Austria,14606.952
2023-10-01,Austria,15391.339
2023-11-01,Austria,17427.884
2023-12-01,Austria,12605.786
2024-01-01,Austria,12727.418
2024-02-01,Austria,17705.600
2024-03-01,Austria,15685.480
2024-04-01,Austria,24699.551
2024-05-01,Austria,14237.751
2024-06-01,Austria,11225.602
2024-07-01,Austria,10273.420
2024-08-01,Austria,15975.910
2024-09-01,Austria,14222.556
2024-10-01,Austria,14794.550
2024-11-01,Austria,23248.972
2024-12-01,Austria,18881.693
2025-01-01,Austria,8843.605
2025-02-01,Austria,13559.143
2025-03-01,Austria,13442.240
2025-04-01,Austria,19199.889
2025-05-01,Austria,19113.683
2025-06-01,Austria,12640.768
2025-07-01,Austria,13553.172
2025-08-01,Austria,16859.876
2025-09-01,Austria,16545.910
2025-10-01,Austria,13884.936
2025-11-01,Austria,11531.239
2025-12-01,Austria,15492.980
2026-01-01,Austria,18930.787
2026-02-01,Austria,14006.121
2026-03-01,Austria,14944.349
2026-04-01,Austria,13682.081
2026-05-01,Austria,15548.442
2026-06-01,Austria,15211.775
2026-07-01,Austria,14939.497
2010-01-01,Bolivia,27527.022
2010-02-01,Bolivia,16806.031
2010-03-01,Bolivia,23729.899
2010-04-01,Bolivia,12803.244
2010-05-01,Bolivia,13999.619
2010-06-01,Bolivia,21235.473
2010-07-01,Bolivia,18576.375
2010-08-01,Bolivia,24676.523
2010-09-01,Bolivia,24523.098
2010-10-01,Bolivia,36592.094
2010-11-01,Bolivia,27997.059
2010-12-01,Bolivia,20365.118
2011-01-01,Bolivia,17965.319
2011-02-01,Bolivia,12493.861
2011-03-01,Bolivia,10308.337
2011-04-01,Bolivia,4291.103
2011-05-01,Bolivia,10311.427
2011-06-01,Bolivia,3710.969
2011-07-01,Bolivia,6462.020
2011-08-01,Bolivia,9552.072
2011-09-01,Bolivia,10457.364
2011-10-01,Bolivia,23991.257
2011-11-01,Bolivia,29046.097
2011-12-01,Bolivia,28448.069
2012-01-01,Bolivia,14240.833
2012-02-01,Bolivia,12382.585
2012-03-01,Bolivia,10049.296
2012-04-01,Bolivia,22099.711
2012-05-01,Bolivia,26660.110
2012-06-01,Bolivia,19742.922
2012-07-01,Bolivia,16381.568
2012-08-01,Bolivia,27918.295
2012-09-01,Bolivia,22727.498
2012-10-01,Bolivia,53589.386
2012-11-01,Bolivia,28596.201
2012-12-01,Bolivia,28147.643
2013-01-01,Bolivia,35472.679
2013-02-01,Bolivia,14972.189
2013-03-01,Bolivia,15950.168
2013-04-01,Bolivia,25198.078
2013-05-01,Bolivia,46934.048
2013-06-01,Bolivia,52994.883
2013-07-01,Bolivia,50618.381
2013-08-01,Bolivia,60713.013
2013-09-01,Bolivia,51853.457
2013-10-01,Bolivia,80966.185
2013-11-01,Bolivia,61630.337
2013-12-01,Bolivia,50436.705
2014-01-01,Bolivia,54026.979
2014-02-01,Bolivia,29206.740
2014-03-01,Bolivia,39870.748
2014-04-01,Bolivia,37298.514
2014-05-01,Bolivia,48301.204
2014-06-01,Bolivia,47654.136
2014-07-01,Bolivia,60594.945
2014-08-01,Bolivia,42485.686
2014-09-01,Bolivia,59834.757
2014-10-01,Bolivia,62580.939
2014-11-01,Bolivia,38780.064
2014-12-01,Bolivia,30981.378
2015-01-01,Bolivia,11740.478
2015-02-01,Bolivia,19612.608
2015-03-01,Bolivia,13691.245
2015-04-01,Bolivia,21312.486
2015-05-01,Bolivia,22733.615
2015-06-01,Bolivia,33276.905
2015-07-01,Bolivia,59920.565
2015-08-01,Bolivia,73213.550
2015-09-01,Bolivia,29910.134
2015-10-01,Bolivia,42933.721
2015-11-01,Bolivia,61638.806
2015-12-01,Bolivia,42432.059
2016-01-01,Bolivia,37466.445
2016-02-01,Bolivia,30960.362
2016-03-01,Bolivia,14840.946
2016-04-01,Bolivia,31564.927
2016-05-01,Bolivia,35332.272
2016-06-01,Bolivia,39981.599
2016-07-01,Bolivia,53166.771
2016-08-01,Bolivia,65851.275
2016-09-01,Bolivia,82360.907
2016-10-01,Bolivia,51589.091
2016-11-01,Bolivia,49271.141
2016-12-01,Bolivia,41770.432
2017-01-01,Bolivia,22501.536
2017-02-01,Bolivia,30537.077
2017-03-01,Bolivia,21959.605
2017-04-01,Bolivia,15918.837
2017-05-01,Bolivia,17831.928
2017-06-01,Bolivia,23087.293
2017-07-01,Bolivia,21267.505
2017-08-01,Bolivia,50026.593
2017-09-01,Bolivia,33587.943
2017-10-01,Bolivia,36180.332
2017-11-01,Bolivia,54589.917
2017-12-01,Bolivia,25820.430
2018-01-01,Bolivia,18080.140
2018-02-01,Bolivia,15646.025
2018-03-01,Bolivia,19583.283
2018-04-01,Bolivia,15060.300
2018-05-01,Bolivia,30626.082
2018-06-01,Bolivia,45604.830
2018-07-01,Bolivia,37361.598
2018-08-01,Bolivia,40139.792
2018-09-01,Bolivia,19485.653
2018-10-01,Bolivia,38404.296
2018-11-01,Bolivia,25305.301
2018-12-01,Bolivia,25131.643
2019-01-01,Bolivia,16097.931
2019-02-01,Bolivia,21220.195
2019-03-01,Bolivia,16900.358
2019-04-01,Bolivia,29359.357
2019-05-01,Bolivia,35358.428
2019-06-01,Bolivia,42751.665
2019-07-01,Bolivia,52168.726
2019-08-01,Bolivia,41965.585
2019-09-01,Bolivia,53621.653
2019-10-01,Bolivia,43238.266
2019-11-01,Bolivia,38540.184
2019-12-01,Bolivia,34028.024
2020-01-01,Bolivia,20811.899
2020-02-01,Bolivia,20788.354
2020-03-01,Bolivia,18432.865
2020-04-01,Bolivia,31140.080
2020-05-01,Bolivia,18397.458
2020-06-01,Bolivia,33135.267
2020-07-01,Bolivia,25792.624
2020-08-01,Bolivia,15444.436
2020-09-01,Bolivia,38002.272
2020-10-01,Bolivia,42814.085
2020-11-01,Bolivia,28508.064
2020-12-01,Bolivia,33733.054
2021-01-01,Bolivia,19842.522
2021-02-01,Bolivia,42653.477
2021-03-01,Bolivia,41403.855
2021-04-01,Bolivia,32025.638
2021-05-01,Bolivia,49258.759
2021-06-01,Bolivia,38323.509
2021-07-01,Bolivia,56839.972
2021-08-01,Bolivia,33286.402
2021-09-01,Bolivia,51545.095
2021-10-01,Bolivia,48244.109
2021-11-01,Bolivia,53400.713
2021-12-01,Bolivia,57042.172
2022-01-01,Bolivia,54504.978
2022-02-01,Bolivia,36716.688
2022-03-01,Bolivia,52296.743
2022-04-01,Bolivia,41602.143
2022-05-01,Bolivia,38158.878
2022-06-01,Bolivia,49992.394
2022-07-01,Bolivia,55611.806
2022-08-01,Bolivia,47697.414
2022-09-01,Bolivia,55324.947
2022-10-01,Bolivia,55246.687
2022-11-01,Bolivia,33864.571
2022-12-01,Bolivia,35736.930
2023-01-01,Bolivia,50040.456
2023-02-01,Bolivia,30807.914
2023-03-01,Bolivia,17906.530
2023-04-01,Bolivia,11953.115
2023-05-01,Bolivia,33068.116
2023-06-01,Bolivia,25550.855
2023-07-01,Bolivia,41261.815
2023-08-01,Bolivia,67549.381
2023-09-01,Bolivia,26453.357
2023-10-01,Bolivia,70016.349
2023-11-01,Bolivia,43509.660
2023-12-01,Bolivia,40033.361
2024-01-01,Bolivia,59343.051
2024-02-01,Bolivia,36644.441
2024-03-01,Bolivia,19507.842
2024-04-01,Bolivia,17814.807
2024-05-01,Bolivia,55808.886
2024-06-01,Bolivia,43455.893
2024-07-01,Bolivia,39913.876
2024-08-01,Bolivia,27319.281
2024-09-01,Bolivia,55111.478
2024-10-01,Bolivia,43210.259
2024-11-01,Bolivia,30173.634
2024-12-01,Bolivia,17628.915
2025-01-01,Bolivia,26955.768
2025-02-01,Bolivia,23056.501
2025-03-01,Bolivia,24361.733
2025-04-01,Bolivia,14799.257
2025-05-01,Bolivia,35505.575
2025-06-01,Bolivia,32040.691
2025-07-01,Bolivia,31201.678
2025-08-01,Bolivia,48172.238
2025-09-01,Bolivia,45360.975
2025-10-01,Bolivia,42348.797
2025-11-01,Bolivia,45925.169
2025-12-01,Bolivia,39257.376
2026-01-01,Bolivia,52679.963
2026-02-01,Bolivia,30003.400
2026-03-01,Bolivia,16045.743
2026-04-01,Bolivia,30190.320
2026-05-01,Bolivia,27358.426
2026-06-01,Bolivia,44257.254
2026-07-01,Bolivia,33970.698
2010-01-01,Brasil,138091.187
2010-02-01,Brasil,204723.033
2010-03-01,Brasil,260555.817
2010-04-01,Brasil,162875.511
2010-05-01,Brasil,207833.645
2010-06-01,Brasil,182668.619
2010-07-01,Brasil,142289.273
2010-08-01,Brasil,243330.323
2010-09-01,Brasil,194232.276
2010-10-01,Brasil,210849.577
2010-11-01,Brasil,208862.815
2010-12-01,Brasil,213324.463
2011-01-01,Brasil,198938.342
2011-02-01,Brasil,186350.069
2011-03-01,Brasil,259132.007
2011-04-01,Brasil,185597.666
2011-05-01,Brasil,274769.051
2011-06-01,Brasil,264402.820
2011-07-01,Brasil,240268.668
2011-08-01,Brasil,247319.932
2011-09-01,Brasil,247815.280
2011-10-01,Brasil,197642.115
2011-11-01,Brasil,233277.961
2011-12-01,Brasil,204734.154
2012-01-01,Brasil,246364.636
2012-02-01,Brasil,211517.920
2012-03-01,Brasil,259304.731
2012-04-01,Brasil,207055.647
2012-05-01,Brasil,236833.361
2012-06-01,Brasil,243850.932
2012-07-01,Brasil,233086.098
2012-08-01,Brasil,280214.436
2012-09-01,Brasil,212859.683
2012-10-01,Brasil,245352.553
2012-11-01,Brasil,253572.966
2012-12-01,Brasil,221304.360
2013-01-01,Brasil,254883.239
2013-02-01,Brasil,204585.271
2013-03-01,Brasil,198670.532
2013-04-01,Brasil,242604.589
2013-05-01,Brasil,201421.681
2013-06-01,Brasil,172152.597
2013-07-01,Brasil,212294.330
2013-08-01,Brasil,199293.242
2013-09-01,Brasil,243346.352
2013-10-01,Brasil,227344.589
2013-11-01,Brasil,245119.686
2013-12-01,Brasil,188763.434
2014-01-01,Brasil,257681.265
2014-02-01,Brasil,191961.296
2014-03-01,Brasil,182857.849
2014-04-01,Brasil,219995.682
2014-05-01,Brasil,184285.302
2014-06-01,Brasil,167487.918
2014-07-01,Brasil,245574.913
2014-08-01,Brasil,227600.022
2014-09-01,Brasil,204191.064
2014-10-01,Brasil,212887.439
2014-11-01,Brasil,163497.197
2014-12-01,Brasil,207539.119
2015-01-01,Brasil,144948.708
2015-02-01,Brasil,152880.955
2015-03-01,Brasil,156315.007
2015-04-01,Brasil,166354.917
2015-05-01,Brasil,174913.393
2015-06-01,Brasil,174681.170
2015-07-01,Brasil,208866.046
2015-08-01,Brasil,138929.201
2015-09-01,Brasil,170371.736
2015-10-01,Brasil,185355.027
2015-11-01,Brasil,202758.069
2015-12-01,Brasil,207935.784
2016-01-01,Brasil,156137.624
2016-02-01,Brasil,143254.842
2016-03-01,Brasil,161651.295
2016-04-01,Brasil,173318.061
2016-05-01,Brasil,159836.500
2016-06-01,Brasil,202208.592
2016-07-01,Brasil,172345.653
2016-08-01,Brasil,201554.800
2016-09-01,Brasil,180886.512
2016-10-01,Brasil,163565.862
2016-11-01,Brasil,188954.358
2016-12-01,Brasil,213637.006
2017-01-01,Brasil,181549.101
2017-02-01,Brasil,172139.967
2017-03-01,Brasil,192161.910
2017-04-01,Brasil,170683.031
2017-05-01,Brasil,206868.746
2017-06-01,Brasil,195566.955
2017-07-01,Brasil,184341.548
2017-08-01,Brasil,198825.895
2017-09-01,Brasil,178347.666
2017-10-01,Brasil,201218.791
2017-11-01,Brasil,203969.331
2017-12-01,Brasil,200339.765
2018-01-01,Brasil,241302.376
2018-02-01,Brasil,201661.105
2018-03-01,Brasil,195534.781
2018-04-01,Brasil,250476.505
2018-05-01,Brasil,238383.026
2018-06-01,Brasil,171433.936
2018-07-01,Brasil,253381.089
2018-08-01,Brasil,273890.155
2018-09-01,Brasil,240266.005
2018-10-01,Brasil,279027.525
2018-11-01,Brasil,239514.232
2018-12-01,Brasil,243333.946
2019-01-01,Brasil,275269.163
2019-02-01,Brasil,200228.339
2019-03-01,Brasil,241744.572
2019-04-01,Brasil,257437.737
2019-05-01,Brasil,291145.534
2019-06-01,Brasil,222499.996
2019-07-01,Brasil,272136.601
2019-08-01,Brasil,320703.733
2019-09-01,Brasil,265275.118
2019-10-01,Brasil,262851.616
2019-11-01,Brasil,281801.217
2019-12-01,Brasil,282900.390
2020-01-01,Brasil,202322.597
2020-02-01,Brasil,175994.199
2020-03-01,Brasil,220363.176
2020-04-01,Brasil,174604.060
2020-05-01,Brasil,138699.349
2020-06-01,Brasil,138790.972
2020-07-01,Brasil,178510.160
2020-08-01,Brasil,195061.871
2020-09-01,Brasil,208473.993
2020-10-01,Brasil,224460.832
2020-11-01,Brasil,273232.463
2020-12-01,Brasil,304975.828
2021-01-01,Brasil,186947.421
2021-02-01,Brasil,194793.596
2021-03-01,Brasil,257362.158
2021-04-01,Brasil,254276.533
2021-05-01,Brasil,312351.353
2021-06-01,Brasil,313771.742
2021-07-01,Brasil,235300.779
2021-08-01,Brasil,312548.648
2021-09-01,Brasil,407662.350
2021-10-01,Brasil,335579.741
2021-11-01,Brasil,362633.003
2021-12-01,Brasil,329089.718
2022-01-01,Brasil,350979.209
2022-02-01,Brasil,310099.413
2022-03-01,Brasil,408834.057
2022-04-01,Brasil,361431.517
2022-05-01,Brasil,447717.843
2022-06-01,Brasil,396062.568
2022-07-01,Brasil,546387.902
2022-08-01,Brasil,644443.086
2022-09-01,Brasil,537005.630
2022-10-01,Brasil,509622.765
2022-11-01,Brasil,523386.784
2022-12-01,Brasil,459178.740
2023-01-01,Brasil,515167.089
2023-02-01,Brasil,396735.161
2023-03-01,Brasil,359994.421
2023-04-01,Brasil,286178.897
2023-05-01,Brasil,354290.616
2023-06-01,Brasil,344558.120
2023-07-01,Brasil,366458.306
2023-08-01,Brasil,376707.837
2023-09-01,Brasil,237828.837
2023-10-01,Brasil,251153.650
2023-11-01,Brasil,292803.724
2023-12-01,Brasil,263008.719
2024-01-01,Brasil,275590.864
2024-02-01,Brasil,226902.681
2024-03-01,Brasil,282408.628
2024-04-01,Brasil,301451.437
2024-05-01,Brasil,291507.667
2024-06-01,Brasil,246271.178
2024-07-01,Brasil,335036.061
2024-08-01,Brasil,243615.665
2024-09-01,Brasil,284952.820
2024-10-01,Brasil,295678.041
2024-11-01,Brasil,303721.264
2024-12-01,Brasil,271613.724
2025-01-01,Brasil,239020.052
2025-02-01,Brasil,237291.549
2025-03-01,Brasil,261155.646
2025-04-01,Brasil,273371.383
2025-05-01,Brasil,313365.232
2025-06-01,Brasil,299499.596
2025-07-01,Brasil,355141.751
2025-08-01,Brasil,348684.058
2025-09-01,Brasil,378853.581
2025-10-01,Brasil,262362.748
2025-11-01,Brasil,275162.741
2025-12-01,Brasil,271727.678
2026-01-01,Brasil,268634.510
2026-02-01,Brasil,229507.523
2026-03-01,Brasil,293511.070
2026-04-01,Brasil,412917.070
2026-05-01,Brasil,374177.601
2026-06-01,Brasil,367461.457
2026-07-01,Brasil,379272.235
2010-01-01,Bélgica,12480.318
2010-02-01,Bélgica,9523.547
2010-03-01,Bélgica,12348.741
2010-04-01,Bélgica,10133.627
2010-05-01,Bélgica,13875.431
2010-06-01,Bélgica,12669.265
2010-07-01,Bélgica,13946.639
2010-08-01,Bélgica,13857.811
2010-09-01,Bélgica,15434.126
2010-10-01,Bélgica,15988.033
2010-11-01,Bélgica,16980.763
2010-12-01,Bélgica,14506.404
2011-01-01,Bélgica,18660.392
2011-02-01,Bélgica,15477.738
2011-03-01,Bélgica,18611.151
2011-04-01,Bélgica,12795.871
2011-05-01,Bélgica,17559.197
2011-06-01,Bélgica,15752.084
2011-07-01,Bélgica,16532.873
2011-08-01,Bélgica,17712.217
2011-09-01,Bélgica,20968.549
2011-10-01,Bélgica,33662.607
2011-11-01,Bélgica,21061.808
2011-12-01,Bélgica,14591.914
2012-01-01,Bélgica,18049.301
2012-02-01,Bélgica,15354.709
2012-03-01,Bélgica,35319.922
2012-04-01,Bélgica,17356.909
2012-05-01,Bélgica,25817.995
2012-06-01,Bélgica,21902.284
2012-07-01,Bélgica,31525.910
2012-08-01,Bélgica,18917.840
2012-09-01,Bélgica,35726.841
2012-10-01,Bélgica,24646.703
2012-11-01,Bélgica,21716.017
2012-12-01,Bélgica,35037.267
2013-01-01,Bélgica,21278.347
2013-02-01,Bélgica,23036.588
2013-03-01,Bélgica,23092.119
2013-04-01,Bélgica,31902.013
2013-05-01,Bélgica,26922.578
2013-06-01,Bélgica,21037.485
2013-07-01,Bélgica,29964.704
2013-08-01,Bélgica,19152.784
2013-09-01,Bélgica,19132.329
2013-10-01,Bélgica,23228.476
2013-11-01,Bélgica,31414.942
2013-12-01,Bélgica,24650.861
2014-01-01,Bélgica,20800.918
2014-02-01,Bélgica,26760.638
2014-03-01,Bélgica,15948.876
2014-04-01,Bélgica,23925.580
2014-05-01,Bélgica,20533.937
2014-06-01,Bélgica,14307.310
2014-07-01,Bélgica,34820.942
2014-08-01,Bélgica,15808.577
2014-09-01,Bélgica,21766.579
2014-10-01,Bélgica,16038.517
2014-11-01,Bélgica,20028.916
2014-12-01,Bélgica,29586.118
2015-01-01,Bélgica,17807.832
2015-02-01,Bélgica,21984.402
2015-03-01,Bélgica,20825.570
2015-04-01,Bélgica,16074.151
2015-05-01,Bélgica,15874.124
2015-06-01,Bélgica,18056.063
2015-07-01,Bélgica,17684.048
2015-08-01,Bélgica,18046.745
2015-09-01,Bélgica,18420.701
2015-10-01,Bélgica,21979.699
2015-11-01,Bélgica,21784.327
2015-12-01,Bélgica,15108.498
2016-01-01,Bélgica,15036.196
2016-02-01,Bélgica,13241.375
2016-03-01,Bélgica,15389.475
2016-04-01,Bélgica,21161.298
2016-05-01,Bélgica,12204.687
2016-06-01,Bélgica,13844.616
2016-07-01,Bélgica,21524.503
2016-08-01,Bélgica,14741.791
2016-09-01,Bélgica,23840.996
2016-10-01,Bélgica,24417.183
2016-11-01,Bélgica,13713.594
2016-12-01,Bélgica,12761.776
2017-01-01,Bélgica,18436.284
2017-02-01,Bélgica,17091.184
2017-03-01,Bélgica,17049.123
2017-04-01,Bélgica,13944.914
2017-05-01,Bélgica,18465.774
2017-06-01,Bélgica,21428.629
2017-07-01,Bélgica,26101.291
2017-08-01,Bélgica,27068.833
2017-09-01,Bélgica,18848.360
2017-10-01,Bélgica,19650.179
2017-11-01,Bélgica,22839.336
2017-12-01,Bélgica,18309.733
2018-01-01,Bélgica,20717.355
2018-02-01,Bélgica,17500.052
2018-03-01,Bélgica,18804.099
2018-04-01,Bélgica,32032.845
2018-05-01,Bélgica,20643.189
2018-06-01,Bélgica,17681.420
2018-07-01,Bélgica,23675.624
2018-08-01,Bélgica,28947.788
2018-09-01,Bélgica,16249.286
2018-10-01,Bélgica,20224.909
2018-11-01,Bélgica,17783.892
2018-12-01,Bélgica,28682.290
2019-01-01,Bélgica,26172.631
2019-02-01,Bélgica,19772.981
2019-03-01,Bélgica,15568.358
2019-04-01,Bélgica,17517.905
2019-05-01,Bélgica,23099.245
2019-06-01,Bélgica,27154.908
2019-07-01,Bélgica,30418.004
2019-08-01,Bélgica,20400.162
2019-09-01,Bélgica,23150.375
2019-10-01,Bélgica,32907.332
2019-11-01,Bélgica,20016.275
2019-12-01,Bélgica,30283.627
2020-01-01,Bélgica,24531.322
2020-02-01,Bélgica,17045.950
2020-03-01,Bélgica,17123.697
2020-04-01,Bélgica,19642.273
2020-05-01,Bélgica,19569.419
2020-06-01,Bélgica,16049.442
2020-07-01,Bélgica,21069.112
2020-08-01,Bélgica,14174.465
2020-09-01,Bélgica,23691.616
2020-10-01,Bélgica,18983.536
2020-11-01,Bélgica,25169.510
2020-12-01,Bélgica,18691.844
2021-01-01,Bélgica,20840.256
2021-02-01,Bélgica,21848.812
2021-03-01,Bélgica,30555.514
2021-04-01,Bélgica,69421.509
2021-05-01,Bélgica,51175.851
2021-06-01,Bélgica,57410.521
2021-07-01,Bélgica,28041.916
2021-08-01,Bélgica,29302.940
2021-09-01,Bélgica,24228.846
2021-10-01,Bélgica,31866.226
2021-11-01,Bélgica,34441.697
2021-12-01,Bélgica,35648.124
2022-01-01,Bélgica,32889.607
2022-02-01,Bélgica,63997.779
2022-03-01,Bélgica,118781.889
2022-04-01,Bélgica,115636.657
2022-05-01,Bélgica,68127.273
2022-06-01,Bélgica,48352.883
2022-07-01,Bélgica,39190.204
2022-08-01,Bélgica,33133.966
2022-09-01,Bélgica,27865.305
2022-10-01,Bélgica,31098.080
2022-11-01,Bélgica,38314.330
2022-12-01,Bélgica,26566.952
2023-01-01,Bélgica,32941.719
2023-02-01,Bélgica,26242.096
2023-03-01,Bélgica,37412.014
2023-04-01,Bélgica,89906.489
2023-05-01,Bélgica,91109.543
2023-06-01,Bélgica,59864.681
2023-07-01,Bélgica,68939.153
2023-08-01,Bélgica,55144.627
2023-09-01,Bélgica,24675.972
2023-10-01,Bélgica,33791.147
2023-11-01,Bélgica,25149.487
2023-12-01,Bélgica,35028.010
2024-01-01,Bélgica,36542.165
2024-02-01,Bélgica,53015.763
2024-03-01,Bélgica,26806.565
2024-04-01,Bélgica,31720.135
2024-05-01,Bélgica,102415.470
2024-06-01,Bélgica,28107.017
2024-07-01,Bélgica,50280.964
2024-08-01,Bélgica,38406.848
2024-09-01,Bélgica,26525.175
2024-10-01,Bélgica,68138.676
2024-11-01,Bélgica,30954.802
2024-12-01,Bélgica,40448.169
2025-01-01,Bélgica,28720.315
2025-02-01,Bélgica,29273.924
2025-03-01,Bélgica,82915.576
2025-04-01,Bélgica,93133.367
2025-05-01,Bélgica,87710.715
2025-06-01,Bélgica,51320.647
2025-07-01,Bélgica,35577.213
2025-08-01,Bélgica,34637.353
2025-09-01,Bélgica,52553.200
2025-10-01,Bélgica,67005.034
2025-11-01,Bélgica,42733.007
2025-12-01,Bélgica,55164.961
2026-01-01,Bélgica,23791.982
2026-02-01,Bélgica,31872.893
2026-03-01,Bélgica,43666.053
2026-04-01,Bélgica,69395.867
2026-05-01,Bélgica,39421.046
2026-06-01,Bélgica,37670.544
2026-07-01,Bélgica,119344.605
2010-01-01,Canadá,60297.270
2010-02-01,Canadá,55313.223
2010-03-01,Canadá,66756.575
2010-04-01,Canadá,77122.742
2010-05-01,Canadá,63589.479
2010-06-01,Canadá,56248.743
2010-07-01,Canadá,81727.721
2010-08-01,Canadá,90700.517
2010-09-01,Canadá,53681.379
2010-10-01,Canadá,65299.692
2010-11-01,Canadá,73045.181
2010-12-01,Canadá,79659.667
2011-01-01,Canadá,78689.358
2011-02-01,Canadá,63894.815
2011-03-01,Canadá,64612.194
2011-04-01,Canadá,60027.202
2011-05-01,Canadá,81980.190
2011-06-01,Canadá,76575.746
2011-07-01,Canadá,68933.424
2011-08-01,Canadá,85070.186
2011-09-01,Canadá,58279.283
2011-10-01,Canadá,100040.963
2011-11-01,Canadá,113486.912
2011-12-01,Canadá,108154.479
2012-01-01,Canadá,80432.952
2012-02-01,Canadá,94826.374
2012-03-01,Canadá,93187.147
2012-04-01,Canadá,95220.833
2012-05-01,Canadá,96207.502
2012-06-01,Canadá,89141.525
2012-07-01,Canadá,86308.814
2012-08-01,Canadá,123644.472
2012-09-01,Canadá,81796.652
2012-10-01,Canadá,116722.358
2012-11-01,Canadá,93334.558
2012-12-01,Canadá,90911.183
2013-01-01,Canadá,66808.679
2013-02-01,Canadá,68696.109
2013-03-01,Canadá,50023.273
2013-04-01,Canadá,109143.102
2013-05-01,Canadá,108699.246
2013-06-01,Canadá,83652.248
2013-07-01,Canadá,92058.515
2013-08-01,Canadá,88122.851
2013-09-01,Canadá,63726.153
2013-10-01,Canadá,72498.975
2013-11-01,Canadá,96673.674
2013-12-01,Canadá,101124.603
2014-01-01,Canadá,68388.628
2014-02-01,Canadá,91899.774
2014-03-01,Canadá,67573.302
2014-04-01,Canadá,117627.541
2014-05-01,Canadá,82849.846
2014-06-01,Canadá,123626.323
2014-07-01,Canadá,119521.472
2014-08-01,Canadá,113153.162
2014-09-01,Canadá,104396.553
2014-10-01,Canadá,106694.215
2014-11-01,Canadá,86402.795
2014-12-01,Canadá,82498.024
2015-01-01,Canadá,70715.450
2015-02-01,Canadá,67506.317
2015-03-01,Canadá,75569.504
2015-04-01,Canadá,90665.827
2015-05-01,Canadá,64687.770
2015-06-01,Canadá,82784.007
2015-07-01,Canadá,60497.190
2015-08-01,Canadá,82140.719
2015-09-01,Canadá,66622.891
2015-10-01,Canadá,78096.956
2015-11-01,Canadá,69319.445
2015-12-01,Canadá,68549.306
2016-01-01,Canadá,48231.710
2016-02-01,Canadá,60081.303
2016-03-01,Canadá,56233.987
2016-04-01,Canadá,74923.688
2016-05-01,Canadá,65783.115
2016-06-01,Canadá,61561.591
2016-07-01,Canadá,62810.704
2016-08-01,Canadá,60841.970
2016-09-01,Canadá,72056.684
2016-10-01,Canadá,68487.633
2016-11-01,Canadá,76049.998
2016-12-01,Canadá,59782.180
2017-01-01,Canadá,64666.230
2017-02-01,Canadá,51816.919
2017-03-01,Canadá,92629.834
2017-04-01,Canadá,57334.090
2017-05-01,Canadá,60529.063
2017-06-01,Canadá,79004.657
2017-07-01,Canadá,51158.132
2017-08-01,Canadá,56319.487
2017-09-01,Canadá,73102.537
2017-10-01,Canadá,74946.057
2017-11-01,Canadá,73057.187
2017-12-01,Canadá,56501.231
2018-01-01,Canadá,36941.854
2018-02-01,Canadá,69379.289
2018-03-01,Canadá,59712.975
2018-04-01,Canadá,71714.794
2018-05-01,Canadá,86078.036
2018-06-01,Canadá,73741.637
2018-07-01,Canadá,71900.412
2018-08-01,Canadá,74113.525
2018-09-01,Canadá,76901.200
2018-10-01,Canadá,78888.263
2018-11-01,Canadá,79872.064
2018-12-01,Canadá,66390.373
2019-01-01,Canadá,52723.045
2019-02-01,Canadá,85837.290
2019-03-01,Canadá,89616.767
2019-04-01,Canadá,96456.894
2019-05-01,Canadá,82401.457
2019-06-01,Canadá,103707.632
2019-07-01,Canadá,50741.461
2019-08-01,Canadá,68226.377
2019-09-01,Canadá,59199.074
2019-10-01,Canadá,56816.385
2019-11-01,Canadá,75634.410
2019-12-01,Canadá,66978.329
2020-01-01,Canadá,76602.773
2020-02-01,Canadá,59831.652
2020-03-01,Canadá,41331.616
2020-04-01,Canadá,64210.669
2020-05-01,Canadá,83614.951
2020-06-01,Canadá,55381.300
2020-07-01,Canadá,72729.616
2020-08-01,Canadá,65001.966
2020-09-01,Canadá,66072.221
2020-10-01,Canadá,52688.497
2020-11-01,Canadá,47961.869
2020-12-01,Canadá,65710.251
2021-01-01,Canadá,29951.839
2021-02-01,Canadá,77418.281
2021-03-01,Canadá,89147.142
2021-04-01,Canadá,86494.350
2021-05-01,Canadá,84980.527
2021-06-01,Canadá,85471.179
2021-07-01,Canadá,67034.586
2021-08-01,Canadá,103666.541
2021-09-01,Canadá,84695.752
2021-10-01,Canadá,85373.236
2021-11-01,Canadá,47023.649
2021-12-01,Canadá,135466.658
2022-01-01,Canadá,69841.354
2022-02-01,Canadá,57782.351
2022-03-01,Canadá,84879.113
2022-04-01,Canadá,105474.468
2022-05-01,Canadá,86073.889
2022-06-01,Canadá,128234.238
2022-07-01,Canadá,126114.225
2022-08-01,Canadá,89915.212
2022-09-01,Canadá,62882.585
2022-10-01,Canadá,129773.876
2022-11-01,Canadá,103689.018
2022-12-01,Canadá,131744.340
2023-01-01,Canadá,75162.292
2023-02-01,Canadá,93325.541
2023-03-01,Canadá,123536.159
2023-04-01,Canadá,91467.540
2023-05-01,Canadá,95489.704
2023-06-01,Canadá,82276.524
2023-07-01,Canadá,80118.064
2023-08-01,Canadá,74460.949
2023-09-01,Canadá,64914.638
2023-10-01,Canadá,63227.097
2023-11-01,Canadá,113379.450
2023-12-01,Canadá,92263.232
2024-01-01,Canadá,85419.704
2024-02-01,Canadá,91812.452
2024-03-01,Canadá,83764.177
2024-04-01,Canadá,118075.698
2024-05-01,Canadá,92557.914
2024-06-01,Canadá,67420.159
2024-07-01,Canadá,64289.726
2024-08-01,Canadá,83036.897
2024-09-01,Canadá,51098.902
2024-10-01,Canadá,89201.594
2024-11-01,Canadá,105785.347
2024-12-01,Canadá,107655.933
2025-01-01,Canadá,75070.468
2025-02-01,Canadá,101576.654
2025-03-01,Canadá,106721.806
2025-04-01,Canadá,85238.633
2025-05-01,Canadá,90378.774
2025-06-01,Canadá,85348.915
2025-07-01,Canadá,77979.491
2025-08-01,Canadá,71430.762
2025-09-01,Canadá,54156.182
2025-10-01,Canadá,92343.590
2025-11-01,Canadá,70160.606
2025-12-01,Canadá,89287.228
2026-01-01,Canadá,83497.875
2026-02-01,Canadá,72108.374
2026-03-01,Canadá,91288.592
2026-04-01,Canadá,89256.927
2026-05-01,Canadá,112086.349
2026-06-01,Canadá,119737.561
2026-07-01,Canadá,118968.906
2010-01-01,Chile,41610.103
2010-02-01,Chile,52142.131
2010-03-01,Chile,50983.520
2010-04-01,Chile,54536.441
2010-05-01,Chile,59753.306
2010-06-01,Chile,59758.854
2010-07-01,Chile,70258.891
2010-08-01,Chile,69399.817
2010-09-01,Chile,75396.609
2010-10-01,Chile,64627.457
2010-11-01,Chile,69806.458
2010-12-01,Chile,68229.353
2011-01-01,Chile,54543.516
2011-02-01,Chile,60434.541
2011-03-01,Chile,75575.475
2011-04-01,Chile,91032.104
2011-05-01,Chile,91916.906
2011-06-01,Chile,65439.996
2011-07-01,Chile,76693.172
2011-08-01,Chile,89340.545
2011-09-01,Chile,81979.703
2011-10-01,Chile,68230.200
2011-11-01,Chile,76866.814
2011-12-01,Chile,69578.436
2012-01-01,Chile,63582.491
2012-02-01,Chile,68316.880
2012-03-01,Chile,92180.489
2012-04-01,Chile,88587.387
2012-05-01,Chile,83795.690
2012-06-01,Chile,86258.264
2012-07-01,Chile,73531.098
2012-08-01,Chile,93255.529
2012-09-01,Chile,84252.892
2012-10-01,Chile,67130.674
2012-11-01,Chile,87383.454
2012-12-01,Chile,77325.815
2013-01-01,Chile,67450.116
2013-02-01,Chile,70924.718
2013-03-01,Chile,73827.154
2013-04-01,Chile,66839.010
2013-05-01,Chile,91020.496
2013-06-01,Chile,76661.617
2013-07-01,Chile,88999.869
2013-08-01,Chile,77592.013
2013-09-01,Chile,72567.212
2013-10-01,Chile,83876.693
2013-11-01,Chile,67079.785
2013-12-01,Chile,67000.274
2014-01-01,Chile,54352.009
2014-02-01,Chile,67607.384
2014-03-01,Chile,93054.195
2014-04-01,Chile,82591.953
2014-05-01,Chile,78651.261
2014-06-01,Chile,69102.778
2014-07-01,Chile,90560.447
2014-08-01,Chile,82966.231
2014-09-01,Chile,83261.739
2014-10-01,Chile,84823.984
2014-11-01,Chile,74705.469
2014-12-01,Chile,67530.543
2015-01-01,Chile,51515.828
2015-02-01,Chile,79002.704
2015-03-01,Chile,73867.267
2015-04-01,Chile,75195.983
2015-05-01,Chile,59404.393
2015-06-01,Chile,70237.119
2015-07-01,Chile,74770.856
2015-08-01,Chile,52819.307
2015-09-01,Chile,65025.449
2015-10-01,Chile,61555.355
2015-11-01,Chile,65936.409
2015-12-01,Chile,51320.122
2016-01-01,Chile,43299.373
2016-02-01,Chile,51264.524
2016-03-01,Chile,63397.558
2016-04-01,Chile,56739.481
2016-05-01,Chile,60044.691
2016-06-01,Chile,58690.054
2016-07-01,Chile,59490.533
2016-08-01,Chile,67373.684
2016-09-01,Chile,65584.053
2016-10-01,Chile,71575.858
2016-11-01,Chile,68730.557
2016-12-01,Chile,54861.764
2017-01-01,Chile,46006.709
2017-02-01,Chile,55447.154
2017-03-01,Chile,71797.699
2017-04-01,Chile,57940.405
2017-05-01,Chile,46274.535
2017-06-01,Chile,56633.479
2017-07-01,Chile,58525.270
2017-08-01,Chile,67281.986
2017-09-01,Chile,66749.325
2017-10-01,Chile,55595.010
2017-11-01,Chile,62600.677
2017-12-01,Chile,50409.965
2018-01-01,Chile,42263.048
2018-02-01,Chile,46447.776
2018-03-01,Chile,55329.721
2018-04-01,Chile,63024.525
2018-05-01,Chile,63141.891
2018-06-01,Chile,60634.771
2018-07-01,Chile,70061.396
2018-08-01,Chile,73795.042
2018-09-01,Chile,56790.380
2018-10-01,Chile,78067.151
2018-11-01,Chile,68350.056
2018-12-01,Chile,48192.325
2019-01-01,Chile,39747.627
2019-02-01,Chile,54460.130
2019-03-01,Chile,63237.409
2019-04-01,Chile,58202.149
2019-05-01,Chile,57136.669
2019-06-01,Chile,55102.578
2019-07-01,Chile,54856.667
2019-08-01,Chile,59935.058
2019-09-01,Chile,65341.095
2019-10-01,Chile,53031.149
2019-11-01,Chile,40349.835
2019-12-01,Chile,52274.732
2020-01-01,Chile,45522.770
2020-02-01,Chile,46763.670
2020-03-01,Chile,63747.591
2020-04-01,Chile,43112.190
2020-05-01,Chile,46542.202
2020-06-01,Chile,46068.071
2020-07-01,Chile,58849.652
2020-08-01,Chile,45486.327
2020-09-01,Chile,52562.532
2020-10-01,Chile,56353.464
2020-11-01,Chile,47694.907
2020-12-01,Chile,51773.922
2021-01-01,Chile,40365.645
2021-02-01,Chile,53670.762
2021-03-01,Chile,60775.291
2021-04-01,Chile,53501.407
2021-05-01,Chile,50697.867
2021-06-01,Chile,39588.742
2021-07-01,Chile,41360.493
2021-08-01,Chile,75471.131
2021-09-01,Chile,86278.073
2021-10-01,Chile,77713.798
2021-11-01,Chile,86233.376
2021-12-01,Chile,86017.959
2022-01-01,Chile,65874.514
2022-02-01,Chile,63257.373
2022-03-01,Chile,98394.779
2022-04-01,Chile,86159.924
2022-05-01,Chile,104358.553
2022-06-01,Chile,86214.240
2022-07-01,Chile,77740.580
2022-08-01,Chile,91744.018
2022-09-01,Chile,93385.202
2022-10-01,Chile,81580.361
2022-11-01,Chile,66436.747
2022-12-01,Chile,62043.847
2023-01-01,Chile,63144.453
2023-02-01,Chile,67936.218
2023-03-01,Chile,82198.928
2023-04-01,Chile,64203.466
2023-05-01,Chile,61771.968
2023-06-01,Chile,68305.320
2023-07-01,Chile,51351.830
2023-08-01,Chile,60379.471
2023-09-01,Chile,62258.690
2023-10-01,Chile,56823.322
2023-11-01,Chile,52886.300
2023-12-01,Chile,47867.200
2024-01-01,Chile,52930.260
2024-02-01,Chile,63021.401
2024-03-01,Chile,69006.991
2024-04-01,Chile,78091.540
2024-05-01,Chile,69683.766
2024-06-01,Chile,72150.511
2024-07-01,Chile,74970.635
2024-08-01,Chile,85065.044
2024-09-01,Chile,67941.943
2024-10-01,Chile,75373.660
2024-11-01,Chile,75234.415
2024-12-01,Chile,57280.805
2025-01-01,Chile,73913.500
2025-02-01,Chile,70428.527
2025-03-01,Chile,72743.041
2025-04-01,Chile,82882.626
2025-05-01,Chile,91916.260
2025-06-01,Chile,57713.514
2025-07-01,Chile,81438.933
2025-08-01,Chile,61993.185
2025-09-01,Chile,81594.688
2025-10-01,Chile,70901.324
2025-11-01,Chile,71092.399
2025-12-01,Chile,61317.817
2026-01-01,Chile,65862.298
2026-02-01,Chile,59900.232
2026-03-01,Chile,87005.630
2026-04-01,Chile,97012.667
2026-05-01,Chile,80727.329
2026-06-01,Chile,76233.560
2026-07-01,Chile,97846.687
2010-01-01,China,309617.419
2010-02-01,China,317282.233
2010-03-01,China,381214.974
2010-04-01,China,379736.235
2010-05-01,China,389398.171
2010-06-01,China,426215.417
2010-07-01,China,487166.929
2010-08-01,China,531395.550
2010-09-01,China,554694.775
2010-10-01,China,576721.290
2010-11-01,China,582502.576
2010-12-01,China,541491.228
2011-01-01,China,458441.857
2011-02-01,China,455703.849
2011-03-01,China,645653.412
2011-04-01,China,522584.033
2011-05-01,China,729676.581
2011-06-01,China,658504.857
2011-07-01,China,707505.036
2011-08-01,China,761582.519
2011-09-01,China,805052.808
2011-10-01,China,785520.625
2011-11-01,China,848251.869
2011-12-01,China,797962.273
2012-01-01,China,719547.416
2012-02-01,China,741262.811
2012-03-01,China,705086.929
2012-04-01,China,722815.284
2012-05-01,China,810756.600
2012-06-01,China,788150.326
2012-07-01,China,884697.756
2012-08-01,China,924958.079
2012-09-01,China,805840.218
2012-10-01,China,954113.290
2012-11-01,China,870368.785
2012-12-01,China,894753.469
2013-01-01,China,828840.348
2013-02-01,China,783488.428
2013-03-01,China,733525.574
2013-04-01,China,810897.427
2013-05-01,China,813993.522
2013-06-01,China,757115.001
2013-07-01,China,879753.941
2013-08-01,China,925652.462
2013-09-01,China,888190.982
2013-10-01,China,1053076.123
2013-11-01,China,868100.353
2013-12-01,China,1020154.452
2014-01-01,China,899781.070
2014-02-01,China,853574.426
2014-03-01,China,803312.965
2014-04-01,China,921011.929
2014-05-01,China,962439.751
2014-06-01,China,885541.381
2014-07-01,China,1109517.573
2014-08-01,China,1021952.126
2014-09-01,China,1074397.876
2014-10-01,China,1098675.518
2014-11-01,China,1048611.657
2014-12-01,China,1111569.078
2015-01-01,China,802879.143
2015-02-01,China,924130.069
2015-03-01,China,808103.439
2015-04-01,China,778586.477
2015-05-01,China,770270.622
2015-06-01,China,768595.865
2015-07-01,China,895215.431
2015-08-01,China,892758.925
2015-09-01,China,872813.361
2015-10-01,China,916531.910
2015-11-01,China,857489.022
2015-12-01,China,745114.533
2016-01-01,China,670576.314
2016-02-01,China,653377.361
2016-03-01,China,628991.204
2016-04-01,China,630678.121
2016-05-01,China,678717.687
2016-06-01,China,698458.122
2016-07-01,China,691533.406
2016-08-01,China,886860.823
2016-09-01,China,773286.427
2016-10-01,China,721607.553
2016-11-01,China,778055.879
2016-12-01,China,819277.674
2017-01-01,China,682921.153
2017-02-01,China,658991.299
2017-03-01,China,642415.805
2017-04-01,China,638211.431
2017-05-01,China,652065.648
2017-06-01,China,794226.367
2017-07-01,China,768027.888
2017-08-01,China,805790.883
2017-09-01,China,749128.870
2017-10-01,China,798438.607
2017-11-01,China,843144.800
2017-12-01,China,721100.207
2018-01-01,China,812998.160
2018-02-01,China,745809.185
2018-03-01,China,731228.669
2018-04-01,China,786629.225
2018-05-01,China,838342.360
2018-06-01,China,886840.115
2018-07-01,China,903443.772
2018-08-01,China,992214.000
2018-09-01,China,866175.245
2018-10-01,China,1142277.426
2018-11-01,China,1024966.394
2018-12-01,China,813804.116
2019-01-01,China,953838.386
2019-02-01,China,872722.846
2019-03-01,China,833016.573
2019-04-01,China,837237.747
2019-05-01,China,924216.036
2019-06-01,China,786338.970
2019-07-01,China,978465.446
2019-08-01,China,1018602.088
2019-09-01,China,876517.830
2019-10-01,China,987017.475
2019-11-01,China,953721.524
2019-12-01,China,945066.646
2020-01-01,China,1025402.814
2020-02-01,China,856099.392
2020-03-01,China,543812.016
2020-04-01,China,549694.606
2020-05-01,China,672376.923
2020-06-01,China,856569.373
2020-07-01,China,1135582.461
2020-08-01,China,1010285.744
2020-09-01,China,850596.155
2020-10-01,China,866856.418
2020-11-01,China,1001590.077
2020-12-01,China,1030016.164
2021-01-01,China,943443.829
2021-02-01,China,967493.673
2021-03-01,China,1186111.551
2021-04-01,China,1148569.282
2021-05-01,China,935081.503
2021-06-01,China,1168775.761
2021-07-01,China,1172641.562
2021-08-01,China,1244901.275
2021-09-01,China,1443432.850
2021-10-01,China,1453021.587
2021-11-01,China,1495259.113
2021-12-01,China,1637214.337
2022-01-01,China,1757863.694
2022-02-01,China,1611577.999
2022-03-01,China,1669684.908
2022-04-01,China,1364744.970
2022-05-01,China,1359975.713
2022-06-01,China,1494797.618
2022-07-01,China,1632718.106
2022-08-01,China,1778554.603
2022-09-01,China,1681020.496
2022-10-01,China,1484397.693
2022-11-01,China,1440354.072
2022-12-01,China,1423050.894
2023-01-01,China,1178316.421
2023-02-01,China,1141458.588
2023-03-01,China,1058043.919
2023-04-01,China,1048573.259
2023-05-01,China,1125825.463
2023-06-01,China,1094845.529
2023-07-01,China,1106001.125
2023-08-01,China,1159567.599
2023-09-01,China,1114542.868
2023-10-01,China,1158101.657
2023-11-01,China,1223447.732
2023-12-01,China,1158131.216
2024-01-01,China,1282522.307
2024-02-01,China,1171482.141
2024-03-01,China,955519.517
2024-04-01,China,1260414.013
2024-05-01,China,1216909.981
2024-06-01,China,1119787.635
2024-07-01,China,1504916.839
2024-08-01,China,1498622.732
2024-09-01,China,1376597.681
2024-10-01,China,1511066.162
2024-11-01,China,1589530.442
2024-12-01,China,1448727.918
2025-01-01,China,1528669.065
2025-02-01,China,1409266.271
2025-03-01,China,1339016.217
2025-04-01,China,1488760.049
2025-05-01,China,1623555.468
2025-06-01,China,1398109.049
2025-07-01,China,1823466.623
2025-08-01,China,1721276.432
2025-09-01,China,1740721.174
2025-10-01,China,1865028.725
2025-11-01,China,1696145.648
2025-12-01,China,1741890.993
2026-01-01,China,1829517.029
2026-02-01,China,1754005.350
2026-03-01,China,1814029.490
2026-04-01,China,1722274.073
2026-05-01,China,1829676.778
2026-06-01,China,1887691.786
2026-07-01,China,2417217.358
2010-01-01,Corea,56301.614
2010-02-01,Corea,51834.134
2010-03-01,Corea,85638.160
2010-04-01,Corea,89400.133
2010-05-01,Corea,77887.277
2010-06-01,Corea,73472.785
2010-07-01,Corea,70561.304
2010-08-01,Corea,92889.397
2010-09-01,Corea,81127.545
2010-10-01,Corea,92431.162
2010-11-01,Corea,82947.583
2010-12-01,Corea,86008.673
2011-01-01,Corea,78077.229
2011-02-01,Corea,75240.510
2011-03-01,Corea,105983.092
2011-04-01,Corea,100537.722
2011-05-01,Corea,124429.687
2011-06-01,Corea,94704.025
2011-07-01,Corea,114708.904
2011-08-01,Corea,101229.081
2011-09-01,Corea,97228.364
2011-10-01,Corea,98118.821
2011-11-01,Corea,121782.149
2011-12-01,Corea,121936.984
2012-01-01,Corea,90392.611
2012-02-01,Corea,103065.732
2012-03-01,Corea,152395.723
2012-04-01,Corea,111042.147
2012-05-01,Corea,138450.231
2012-06-01,Corea,105406.752
2012-07-01,Corea,107704.745
2012-08-01,Corea,122738.308
2012-09-01,Corea,83698.268
2012-10-01,Corea,106591.984
2012-11-01,Corea,98465.563
2012-12-01,Corea,93122.892
2013-01-01,Corea,110477.742
2013-02-01,Corea,93792.808
2013-03-01,Corea,104684.805
2013-04-01,Corea,105950.502
2013-05-01,Corea,123942.100
2013-06-01,Corea,98307.664
2013-07-01,Corea,109226.310
2013-08-01,Corea,100498.578
2013-09-01,Corea,89460.039
2013-10-01,Corea,122991.126
2013-11-01,Corea,106227.263
2013-12-01,Corea,130849.053
2014-01-01,Corea,113568.666
2014-02-01,Corea,94408.641
2014-03-01,Corea,108634.633
2014-04-01,Corea,181234.466
2014-05-01,Corea,110177.250
2014-06-01,Corea,108221.192
2014-07-01,Corea,110483.925
2014-08-01,Corea,96972.142
2014-09-01,Corea,105719.788
2014-10-01,Corea,186542.759
2014-11-01,Corea,133803.582
2014-12-01,Corea,150711.397
2015-01-01,Corea,104575.193
2015-02-01,Corea,99120.447
2015-03-01,Corea,108515.919
2015-04-01,Corea,115048.014
2015-05-01,Corea,123062.168
2015-06-01,Corea,78635.030
2015-07-01,Corea,82769.362
2015-08-01,Corea,87181.390
2015-09-01,Corea,78205.747
2015-10-01,Corea,78358.103
2015-11-01,Corea,99507.430
2015-12-01,Corea,100385.549
2016-01-01,Corea,69341.060
2016-02-01,Corea,62075.219
2016-03-01,Corea,71610.718
2016-04-01,Corea,84664.082
2016-05-01,Corea,79492.192
2016-06-01,Corea,63284.533
2016-07-01,Corea,58508.896
2016-08-01,Corea,83426.941
2016-09-01,Corea,68829.208
2016-10-01,Corea,71945.293
2016-11-01,Corea,63866.739
2016-12-01,Corea,111859.007
2017-01-01,Corea,62847.721
2017-02-01,Corea,79767.946
2017-03-01,Corea,87744.791
2017-04-01,Corea,80169.855
2017-05-01,Corea,74415.693
2017-06-01,Corea,59810.510
2017-07-01,Corea,62141.755
2017-08-01,Corea,56955.115
2017-09-01,Corea,49254.839
2017-10-01,Corea,59028.123
2017-11-01,Corea,64752.958
2017-12-01,Corea,54629.338
2018-01-01,Corea,58273.187
2018-02-01,Corea,66396.978
2018-03-01,Corea,65843.539
2018-04-01,Corea,66711.390
2018-05-01,Corea,65102.711
2018-06-01,Corea,65527.257
2018-07-01,Corea,66264.167
2018-08-01,Corea,73605.655
2018-09-01,Corea,43666.911
2018-10-01,Corea,79575.477
2018-11-01,Corea,57911.211
2018-12-01,Corea,110394.416
2019-01-01,Corea,61573.027
2019-02-01,Corea,55821.902
2019-03-01,Corea,60271.851
2019-04-01,Corea,63923.508
2019-05-01,Corea,67242.286
2019-06-01,Corea,50629.061
2019-07-01,Corea,59173.882
2019-08-01,Corea,65128.445
2019-09-01,Corea,47194.591
2019-10-01,Corea,45573.420
2019-11-01,Corea,47593.051
2019-12-01,Corea,62967.792
2020-01-01,Corea,58321.379
2020-02-01,Corea,54779.465
2020-03-01,Corea,50165.485
2020-04-01,Corea,60754.161
2020-05-01,Corea,49375.266
2020-06-01,Corea,47900.856
2020-07-01,Corea,46095.645
2020-08-01,Corea,46109.750
2020-09-01,Corea,49216.664
2020-10-01,Corea,52885.429
2020-11-01,Corea,100295.328
2020-12-01,Corea,60475.765
2021-01-01,Corea,66388.920
2021-02-01,Corea,58324.734
2021-03-01,Corea,64994.217
2021-04-01,Corea,87215.021
2021-05-01,Corea,72672.711
2021-06-01,Corea,85006.072
2021-07-01,Corea,76694.925
2021-08-01,Corea,72807.750
2021-09-01,Corea,94715.702
2021-10-01,Corea,81383.265
2021-11-01,Corea,118946.315
2021-12-01,Corea,89740.746
2022-01-01,Corea,80037.695
2022-02-01,Corea,77190.370
2022-03-01,Corea,108226.413
2022-04-01,Corea,91715.093
2022-05-01,Corea,90640.193
2022-06-01,Corea,100746.539
2022-07-01,Corea,77453.787
2022-08-01,Corea,108958.921
2022-09-01,Corea,97882.356
2022-10-01,Corea,71457.685
2022-11-01,Corea,67756.477
2022-12-01,Corea,78908.525
2023-01-01,Corea,63282.031
2023-02-01,Corea,80788.265
2023-03-01,Corea,78027.900
2023-04-01,Corea,82642.869
2023-05-01,Corea,85729.105
2023-06-01,Corea,74798.219
2023-07-01,Corea,65846.552
2023-08-01,Corea,62569.534
2023-09-01,Corea,62253.416
2023-10-01,Corea,63753.653
2023-11-01,Corea,73070.099
2023-12-01,Corea,64157.792
2024-01-01,Corea,75358.056
2024-02-01,Corea,76038.184
2024-03-01,Corea,65814.011
2024-04-01,Corea,88160.101
2024-05-01,Corea,84429.820
2024-06-01,Corea,78204.866
2024-07-01,Corea,81332.150
2024-08-01,Corea,80082.543
2024-09-01,Corea,83658.267
2024-10-01,Corea,86209.343
2024-11-01,Corea,86460.773
2024-12-01,Corea,103293.194
2025-01-01,Corea,109801.267
2025-02-01,Corea,97975.441
2025-03-01,Corea,73012.309
2025-04-01,Corea,103164.111
2025-05-01,Corea,105398.351
2025-06-01,Corea,106155.837
2025-07-01,Corea,152950.405
2025-08-01,Corea,111123.517
2025-09-01,Corea,110276.280
2025-10-01,Corea,158458.052
2025-11-01,Corea,122037.395
2025-12-01,Corea,142848.455
2026-01-01,Corea,174119.842
2026-02-01,Corea,100057.399
2026-03-01,Corea,189798.289
2026-04-01,Corea,125033.121
2026-05-01,Corea,151765.827
2026-06-01,Corea,134089.820
2026-07-01,Corea,161288.951
2010-01-01,Ecuador,59468.104
2010-02-01,Ecuador,61355.217
2010-03-01,Ecuador,72173.399
2010-04-01,Ecuador,62250.795
2010-05-01,Ecuador,54261.102
2010-06-01,Ecuador,61272.528
2010-07-01,Ecuador,70216.005
2010-08-01,Ecuador,84704.383
2010-09-01,Ecuador,89996.278
2010-10-01,Ecuador,67788.573
2010-11-01,Ecuador,76066.106
2010-12-01,Ecuador,75383.244
2011-01-01,Ecuador,82867.068
2011-02-01,Ecuador,72437.482
2011-03-01,Ecuador,84260.958
2011-04-01,Ecuador,73754.722
2011-05-01,Ecuador,89188.665
2011-06-01,Ecuador,87601.302
2011-07-01,Ecuador,99272.680
2011-08-01,Ecuador,98968.232
2011-09-01,Ecuador,109036.207
2011-10-01,Ecuador,79791.740
2011-11-01,Ecuador,88446.136
2011-12-01,Ecuador,100220.330
2012-01-01,Ecuador,85693.171
2012-02-01,Ecuador,87420.500
2012-03-01,Ecuador,83709.951
2012-04-01,Ecuador,68147.508
2012-05-01,Ecuador,78507.417
2012-06-01,Ecuador,102148.402
2012-07-01,Ecuador,80691.705
2012-08-01,Ecuador,115055.568
2012-09-01,Ecuador,112583.117
2012-10-01,Ecuador,95859.161
2012-11-01,Ecuador,96677.378
2012-12-01,Ecuador,83411.833
2013-01-01,Ecuador,76482.504
2013-02-01,Ecuador,76465.271
2013-03-01,Ecuador,57847.666
2013-04-01,Ecuador,80205.001
2013-05-01,Ecuador,73491.246
2013-06-01,Ecuador,77005.386
2013-07-01,Ecuador,71210.291
2013-08-01,Ecuador,67787.401
2013-09-01,Ecuador,63839.385
2013-10-01,Ecuador,81601.765
2013-11-01,Ecuador,75879.136
2013-12-01,Ecuador,79871.747
2014-01-01,Ecuador,69649.219
2014-02-01,Ecuador,66017.446
2014-03-01,Ecuador,65951.790
2014-04-01,Ecuador,76063.699
2014-05-01,Ecuador,71379.950
2014-06-01,Ecuador,67926.897
2014-07-01,Ecuador,92822.162
2014-08-01,Ecuador,81758.139
2014-09-01,Ecuador,80871.311
2014-10-01,Ecuador,80797.133
2014-11-01,Ecuador,82602.750
2014-12-01,Ecuador,82451.039
2015-01-01,Ecuador,63845.350
2015-02-01,Ecuador,80855.727
2015-03-01,Ecuador,63824.976
2015-04-01,Ecuador,66272.232
2015-05-01,Ecuador,66118.656
2015-06-01,Ecuador,60795.645
2015-07-01,Ecuador,61213.364
2015-08-01,Ecuador,65926.650
2015-09-01,Ecuador,60854.243
2015-10-01,Ecuador,61265.945
2015-11-01,Ecuador,65701.152
2015-12-01,Ecuador,66408.862
2016-01-01,Ecuador,41722.587
2016-02-01,Ecuador,59942.905
2016-03-01,Ecuador,67293.866
2016-04-01,Ecuador,85725.684
2016-05-01,Ecuador,65320.857
2016-06-01,Ecuador,56675.537
2016-07-01,Ecuador,55390.026
2016-08-01,Ecuador,79992.148
2016-09-01,Ecuador,77382.249
2016-10-01,Ecuador,60857.243
2016-11-01,Ecuador,74924.916
2016-12-01,Ecuador,79556.473
2017-01-01,Ecuador,66042.813
2017-02-01,Ecuador,57857.215
2017-03-01,Ecuador,72965.744
2017-04-01,Ecuador,54397.837
2017-05-01,Ecuador,59393.126
2017-06-01,Ecuador,57053.042
2017-07-01,Ecuador,49576.471
2017-08-01,Ecuador,56500.937
2017-09-01,Ecuador,64773.401
2017-10-01,Ecuador,52459.806
2017-11-01,Ecuador,60445.326
2017-12-01,Ecuador,63919.769
2018-01-01,Ecuador,62924.245
2018-02-01,Ecuador,67167.707
2018-03-01,Ecuador,71579.692
2018-04-01,Ecuador,72608.259
2018-05-01,Ecuador,74482.551
2018-06-01,Ecuador,74730.202
2018-07-01,Ecuador,75387.095
2018-08-01,Ecuador,68387.187
2018-09-01,Ecuador,59168.970
2018-10-01,Ecuador,66898.566
2018-11-01,Ecuador,57999.269
2018-12-01,Ecuador,60600.722
2019-01-01,Ecuador,66491.139
2019-02-01,Ecuador,79901.980
2019-03-01,Ecuador,71765.604
2019-04-01,Ecuador,68175.511
2019-05-01,Ecuador,82954.990
2019-06-01,Ecuador,62502.954
2019-07-01,Ecuador,64994.878
2019-08-01,Ecuador,62419.617
2019-09-01,Ecuador,59905.618
2019-10-01,Ecuador,61680.312
2019-11-01,Ecuador,68152.922
2019-12-01,Ecuador,75229.629
2020-01-01,Ecuador,67101.561
2020-02-01,Ecuador,89593.325
2020-03-01,Ecuador,54326.031
2020-04-01,Ecuador,37411.563
2020-05-01,Ecuador,55180.265
2020-06-01,Ecuador,76554.993
2020-07-01,Ecuador,88839.295
2020-08-01,Ecuador,62730.103
2020-09-01,Ecuador,62345.964
2020-10-01,Ecuador,64747.868
2020-11-01,Ecuador,62096.946
2020-12-01,Ecuador,68973.762
2021-01-01,Ecuador,50287.281
2021-02-01,Ecuador,55088.704
2021-03-01,Ecuador,65667.651
2021-04-01,Ecuador,66734.302
2021-05-01,Ecuador,38925.151
2021-06-01,Ecuador,57045.028
2021-07-01,Ecuador,86650.700
2021-08-01,Ecuador,87193.903
2021-09-01,Ecuador,81570.088
2021-10-01,Ecuador,71606.171
2021-11-01,Ecuador,77083.931
2021-12-01,Ecuador,92427.605
2022-01-01,Ecuador,76136.310
2022-02-01,Ecuador,66927.914
2022-03-01,Ecuador,81163.485
2022-04-01,Ecuador,81008.636
2022-05-01,Ecuador,86411.116
2022-06-01,Ecuador,68103.574
2022-07-01,Ecuador,83503.933
2022-08-01,Ecuador,88383.470
2022-09-01,Ecuador,86988.213
2022-10-01,Ecuador,70142.416
2022-11-01,Ecuador,72485.179
2022-12-01,Ecuador,80112.045
2023-01-01,Ecuador,59465.120
2023-02-01,Ecuador,71442.558
2023-03-01,Ecuador,68102.082
2023-04-01,Ecuador,53790.206
2023-05-01,Ecuador,64304.175
2023-06-01,Ecuador,66406.499
2023-07-01,Ecuador,61752.074
2023-08-01,Ecuador,79158.517
2023-09-01,Ecuador,58254.050
2023-10-01,Ecuador,59343.608
2023-11-01,Ecuador,55377.761
2023-12-01,Ecuador,62917.831
2024-01-01,Ecuador,68809.222
2024-02-01,Ecuador,56349.775
2024-03-01,Ecuador,57526.373
2024-04-01,Ecuador,71666.857
2024-05-01,Ecuador,70614.121
2024-06-01,Ecuador,66456.430
2024-07-01,Ecuador,65887.796
2024-08-01,Ecuador,65515.777
2024-09-01,Ecuador,65423.496
2024-10-01,Ecuador,75641.936
2024-11-01,Ecuador,70277.945
2024-12-01,Ecuador,67995.072
2025-01-01,Ecuador,70423.211
2025-02-01,Ecuador,66021.666
2025-03-01,Ecuador,70774.781
2025-04-01,Ecuador,66466.973
2025-05-01,Ecuador,70303.774
2025-06-01,Ecuador,61967.796
2025-07-01,Ecuador,85580.648
2025-08-01,Ecuador,74145.547
2025-09-01,Ecuador,63480.144
2025-10-01,Ecuador,73495.723
2025-11-01,Ecuador,74808.526
2025-12-01,Ecuador,80443.329
2026-01-01,Ecuador,84851.612
2026-02-01,Ecuador,61593.703
2026-03-01,Ecuador,47252.146
2026-04-01,Ecuador,76750.091
2026-05-01,Ecuador,41819.218
2026-06-01,Ecuador,53535.627
2026-07-01,Ecuador,82663.251
2010-01-01,España,33420.714
2010-02-01,España,25563.609
2010-03-01,España,41417.211
2010-04-01,España,35883.956
2010-05-01,España,34170.033
2010-06-01,España,39177.421
2010-07-01,España,40423.367
2010-08-01,España,75892.197
2010-09-01,España,44075.510
2010-10-01,España,41584.484
2010-11-01,España,42530.737
2010-12-01,España,47423.133
2011-01-01,España,42329.642
2011-02-01,España,37934.276
2011-03-01,España,54556.968
2011-04-01,España,39983.297
2011-05-01,España,50954.930
2011-06-01,España,45417.777
2011-07-01,España,48090.223
2011-08-01,España,62625.392
2011-09-01,España,52255.267
2011-10-01,España,57066.736
2011-11-01,España,66684.553
2011-12-01,España,55807.336
2012-01-01,España,59427.513
2012-02-01,España,54113.680
2012-03-01,España,51765.041
2012-04-01,España,53780.871
2012-05-01,España,59673.479
2012-06-01,España,59090.237
2012-07-01,España,96928.273
2012-08-01,España,102367.720
2012-09-01,España,51162.138
2012-10-01,España,79997.587
2012-11-01,España,68773.077
2012-12-01,España,52072.481
2013-01-01,España,95398.590
2013-02-01,España,62549.495
2013-03-01,España,88834.016
2013-04-01,España,82295.967
2013-05-01,España,103202.701
2013-06-01,España,57041.120
2013-07-01,España,79029.222
2013-08-01,España,70218.934
2013-09-01,España,73173.480
2013-10-01,España,92414.151
2013-11-01,España,86332.413
2013-12-01,España,72820.142
2014-01-01,España,67579.607
2014-02-01,España,65382.217
2014-03-01,España,71025.960
2014-04-01,España,85658.256
2014-05-01,España,97129.780
2014-06-01,España,70147.551
2014-07-01,España,98162.322
2014-08-01,España,80233.114
2014-09-01,España,71179.748
2014-10-01,España,96261.922
2014-11-01,España,83926.598
2014-12-01,España,80171.334
2015-01-01,España,89806.788
2015-02-01,España,68138.864
2015-03-01,España,66184.226
2015-04-01,España,74684.169
2015-05-01,España,73619.012
2015-06-01,España,62522.060
2015-07-01,España,96335.534
2015-08-01,España,70961.171
2015-09-01,España,76307.353
2015-10-01,España,75845.642
2015-11-01,España,85727.837
2015-12-01,España,75118.724
2016-01-01,España,74730.931
2016-02-01,España,68094.033
2016-03-01,España,72045.113
2016-04-01,España,70735.047
2016-05-01,España,82296.660
2016-06-01,España,74669.182
2016-07-01,España,67879.626
2016-08-01,España,80425.997
2016-09-01,España,67134.096
2016-10-01,España,69555.460
2016-11-01,España,94879.224
2016-12-01,España,96048.441
2017-01-01,España,80812.793
2017-02-01,España,66103.492
2017-03-01,España,92531.304
2017-04-01,España,76396.753
2017-05-01,España,80175.881
2017-06-01,España,82137.867
2017-07-01,España,87439.263
2017-08-01,España,86036.724
2017-09-01,España,65057.178
2017-10-01,España,81552.428
2017-11-01,España,84116.490
2017-12-01,España,85079.555
2018-01-01,España,72036.454
2018-02-01,España,79113.358
2018-03-01,España,72846.019
2018-04-01,España,89873.941
2018-05-01,España,88986.354
2018-06-01,España,80209.032
2018-07-01,España,81001.924
2018-08-01,España,88942.351
2018-09-01,España,83045.451
2018-10-01,España,88746.330
2018-11-01,España,84147.088
2018-12-01,España,82669.283
2019-01-01,España,91186.639
2019-02-01,España,75755.936
2019-03-01,España,92805.131
2019-04-01,España,88668.024
2019-05-01,España,79044.874
2019-06-01,España,76345.034
2019-07-01,España,98309.996
2019-08-01,España,88825.899
2019-09-01,España,73028.040
2019-10-01,España,91636.941
2019-11-01,España,92921.651
2019-12-01,España,81803.574
2020-01-01,España,86556.101
2020-02-01,España,66254.109
2020-03-01,España,77451.451
2020-04-01,España,62655.150
2020-05-01,España,50810.078
2020-06-01,España,50727.762
2020-07-01,España,61289.480
2020-08-01,España,62833.726
2020-09-01,España,55101.466
2020-10-01,España,74549.711
2020-11-01,España,65218.107
2020-12-01,España,84615.508
2021-01-01,España,75476.899
2021-02-01,España,87692.108
2021-03-01,España,102088.245
2021-04-01,España,111909.181
2021-05-01,España,113141.430
2021-06-01,España,128451.954
2021-07-01,España,102393.485
2021-08-01,España,101721.148
2021-09-01,España,123933.970
2021-10-01,España,101022.271
2021-11-01,España,111024.576
2021-12-01,España,130468.736
2022-01-01,España,106776.455
2022-02-01,España,100742.236
2022-03-01,España,147528.165
2022-04-01,España,136396.861
2022-05-01,España,106037.635
2022-06-01,España,135028.606
2022-07-01,España,184688.337
2022-08-01,España,121392.885
2022-09-01,España,100214.593
2022-10-01,España,107449.477
2022-11-01,España,112815.731
2022-12-01,España,108607.941
2023-01-01,España,101026.150
2023-02-01,España,105191.666
2023-03-01,España,143332.857
2023-04-01,España,122514.422
2023-05-01,España,95095.125
2023-06-01,España,167720.252
2023-07-01,España,85391.254
2023-08-01,España,100232.282
2023-09-01,España,79315.696
2023-10-01,España,91182.339
2023-11-01,España,80796.392
2023-12-01,España,84550.957
2024-01-01,España,92021.439
2024-02-01,España,84085.087
2024-03-01,España,70837.475
2024-04-01,España,97951.029
2024-05-01,España,92424.771
2024-06-01,España,94443.934
2024-07-01,España,98462.075
2024-08-01,España,108036.021
2024-09-01,España,91804.342
2024-10-01,España,95116.468
2024-11-01,España,105573.870
2024-12-01,España,92093.321
2025-01-01,España,105687.526
2025-02-01,España,71949.416
2025-03-01,España,108886.959
2025-04-01,España,99479.093
2025-05-01,España,106825.889
2025-06-01,España,105488.053
2025-07-01,España,129402.346
2025-08-01,España,112523.622
2025-09-01,España,112016.891
2025-10-01,España,104631.030
2025-11-01,España,101591.486
2025-12-01,España,110976.036
2026-01-01,España,104041.249
2026-02-01,España,76657.296
2026-03-01,España,101528.900
2026-04-01,España,100540.844
2026-05-01,España,87877.843
2026-06-01,España,93196.917
2026-07-01,España,127643.451
2010-01-01,Estados Unidos,668785.614
2010-02-01,Estados Unidos,811865.471
2010-03-01,Estados Unidos,903383.884
2010-04-01,Estados Unidos,965160.110
2010-05-01,Estados Unidos,901342.666
2010-06-01,Estados Unidos,729161.057
2010-07-01,Estados Unidos,900932.031
2010-08-01,Estados Unidos,838542.538
2010-09-01,Estados Unidos,899021.671
2010-10-01,Estados Unidos,810618.181
2010-11-01,Estados Unidos,900449.491
2010-12-01,Estados Unidos,1107886.737
2011-01-01,Estados Unidos,1096573.433
2011-02-01,Estados Unidos,1116827.968
2011-03-01,Estados Unidos,1207611.145
2011-04-01,Estados Unidos,1222055.297
2011-05-01,Estados Unidos,1304137.201
2011-06-01,Estados Unidos,1112850.981
2011-07-01,Estados Unidos,1075196.326
2011-08-01,Estados Unidos,983823.036
2011-09-01,Estados Unidos,1242545.448
2011-10-01,Estados Unidos,1079027.572
2011-11-01,Estados Unidos,1171619.159
2011-12-01,Estados Unidos,936650.169
2012-01-01,Estados Unidos,1169371.362
2012-02-01,Estados Unidos,1086240.282
2012-03-01,Estados Unidos,1077973.091
2012-04-01,Estados Unidos,1010852.816
2012-05-01,Estados Unidos,1340978.777
2012-06-01,Estados Unidos,1311744.699
2012-07-01,Estados Unidos,1214370.894
2012-08-01,Estados Unidos,1153229.388
2012-09-01,Estados Unidos,1168150.022
2012-10-01,Estados Unidos,1202126.356
2012-11-01,Estados Unidos,1401932.826
2012-12-01,Estados Unidos,1041379.354
2013-01-01,Estados Unidos,1498670.238
2013-02-01,Estados Unidos,1352752.381
2013-03-01,Estados Unidos,1349584.007
2013-04-01,Estados Unidos,1339139.092
2013-05-01,Estados Unidos,1496586.100
2013-06-01,Estados Unidos,1128588.520
2013-07-01,Estados Unidos,1381126.078
2013-08-01,Estados Unidos,1277399.720
2013-09-01,Estados Unidos,1466710.204
2013-10-01,Estados Unidos,1448447.493
2013-11-01,Estados Unidos,1286493.980
2013-12-01,Estados Unidos,1311175.058
2014-01-01,Estados Unidos,1498792.362
2014-02-01,Estados Unidos,1699009.703
2014-03-01,Estados Unidos,1586481.783
2014-04-01,Estados Unidos,1503324.680
2014-05-01,Estados Unidos,1604777.185
2014-06-01,Estados Unidos,1499115.872
2014-07-01,Estados Unidos,1578530.125
2014-08-01,Estados Unidos,1144040.283
2014-09-01,Estados Unidos,1661968.552
2014-10-01,Estados Unidos,1472440.801
2014-11-01,Estados Unidos,1502809.535
2014-12-01,Estados Unidos,1441337.856
2015-01-01,Estados Unidos,1823054.676
2015-02-01,Estados Unidos,1031064.906
2015-03-01,Estados Unidos,1465569.194
2015-04-01,Estados Unidos,1272722.250
2015-05-01,Estados Unidos,1329301.427
2015-06-01,Estados Unidos,1199780.784
2015-07-01,Estados Unidos,1408514.206
2015-08-01,Estados Unidos,1224267.321
2015-09-01,Estados Unidos,1276769.397
2015-10-01,Estados Unidos,1225025.255
2015-11-01,Estados Unidos,1081120.098
2015-12-01,Estados Unidos,1175212.542
2016-01-01,Estados Unidos,1107580.619
2016-02-01,Estados Unidos,981171.552
2016-03-01,Estados Unidos,1023180.371
2016-04-01,Estados Unidos,999233.879
2016-05-01,Estados Unidos,858989.852
2016-06-01,Estados Unidos,868426.845
2016-07-01,Estados Unidos,815876.636
2016-08-01,Estados Unidos,1123946.680
2016-09-01,Estados Unidos,981686.122
2016-10-01,Estados Unidos,887096.886
2016-11-01,Estados Unidos,1168720.956
2016-12-01,Estados Unidos,1062033.738
2017-01-01,Estados Unidos,945274.335
2017-02-01,Estados Unidos,1084906.896
2017-03-01,Estados Unidos,1208904.750
2017-04-01,Estados Unidos,1317820.904
2017-05-01,Estados Unidos,1030277.904
2017-06-01,Estados Unidos,844905.262
2017-07-01,Estados Unidos,936963.450
2017-08-01,Estados Unidos,1018788.694
2017-09-01,Estados Unidos,820254.530
2017-10-01,Estados Unidos,954126.397
2017-11-01,Estados Unidos,926527.808
2017-12-01,Estados Unidos,925746.621
2018-01-01,Estados Unidos,992715.320
2018-02-01,Estados Unidos,871374.755
2018-03-01,Estados Unidos,1142414.045
2018-04-01,Estados Unidos,999440.330
2018-05-01,Estados Unidos,1168826.859
2018-06-01,Estados Unidos,1137079.201
2018-07-01,Estados Unidos,1078601.821
2018-08-01,Estados Unidos,1086596.739
2018-09-01,Estados Unidos,994054.238
2018-10-01,Estados Unidos,1283685.243
2018-11-01,Estados Unidos,1118380.473
2018-12-01,Estados Unidos,1112851.670
2019-01-01,Estados Unidos,1182619.473
2019-02-01,Estados Unidos,1003459.536
2019-03-01,Estados Unidos,1136141.800
2019-04-01,Estados Unidos,1156684.082
2019-05-01,Estados Unidos,1186810.293
2019-06-01,Estados Unidos,961261.991
2019-07-01,Estados Unidos,1180445.618
2019-08-01,Estados Unidos,1284811.771
2019-09-01,Estados Unidos,964363.956
2019-10-01,Estados Unidos,958512.217
2019-11-01,Estados Unidos,1299470.383
2019-12-01,Estados Unidos,962259.094
2020-01-01,Estados Unidos,1191381.084
2020-02-01,Estados Unidos,1052775.654
2020-03-01,Estados Unidos,1009042.711
2020-04-01,Estados Unidos,948214.106
2020-05-01,Estados Unidos,756407.838
2020-06-01,Estados Unidos,586860.092
2020-07-01,Estados Unidos,755688.921
2020-08-01,Estados Unidos,828231.770
2020-09-01,Estados Unidos,840267.266
2020-10-01,Estados Unidos,817784.340
2020-11-01,Estados Unidos,939323.016
2020-12-01,Estados Unidos,813780.206
2021-01-01,Estados Unidos,1021763.205
2021-02-01,Estados Unidos,947462.348
2021-03-01,Estados Unidos,1222514.395
2021-04-01,Estados Unidos,1012333.930
2021-05-01,Estados Unidos,1034159.993
2021-06-01,Estados Unidos,1162214.690
2021-07-01,Estados Unidos,937603.692
2021-08-01,Estados Unidos,1027841.847
2021-09-01,Estados Unidos,1152016.662
2021-10-01,Estados Unidos,1452302.425
2021-11-01,Estados Unidos,1678813.223
2021-12-01,Estados Unidos,1422229.854
2022-01-01,Estados Unidos,1427181.372
2022-02-01,Estados Unidos,1284540.928
2022-03-01,Estados Unidos,1841526.482
2022-04-01,Estados Unidos,1759858.807
2022-05-01,Estados Unidos,2025322.713
2022-06-01,Estados Unidos,1627568.244
2022-07-01,Estados Unidos,1824035.376
2022-08-01,Estados Unidos,1638206.401
2022-09-01,Estados Unidos,1430593.964
2022-10-01,Estados Unidos,1304892.931
2022-11-01,Estados Unidos,1413444.869
2022-12-01,Estados Unidos,1261894.702
2023-01-01,Estados Unidos,1632583.753
2023-02-01,Estados Unidos,1135668.381
2023-03-01,Estados Unidos,1652181.453
2023-04-01,Estados Unidos,1251587.658
2023-05-01,Estados Unidos,1355731.138
2023-06-01,Estados Unidos,1059323.938
2023-07-01,Estados Unidos,1155157.674
2023-08-01,Estados Unidos,1190401.387
2023-09-01,Estados Unidos,1314957.574
2023-10-01,Estados Unidos,1394381.712
2023-11-01,Estados Unidos,1366683.183
2023-12-01,Estados Unidos,1488992.230
2024-01-01,Estados Unidos,1206863.513
2024-02-01,Estados Unidos,1116366.162
2024-03-01,Estados Unidos,1389093.204
2024-04-01,Estados Unidos,1624668.141
2024-05-01,Estados Unidos,1496499.034
2024-06-01,Estados Unidos,1171786.629
2024-07-01,Estados Unidos,1326480.874
2024-08-01,Estados Unidos,1438083.448
2024-09-01,Estados Unidos,1221173.591
2024-10-01,Estados Unidos,1412873.086
2024-11-01,Estados Unidos,1571158.987
2024-12-01,Estados Unidos,1489522.557
2025-01-01,Estados Unidos,1335946.782
2025-02-01,Estados Unidos,1291645.077
2025-03-01,Estados Unidos,1347472.333
2025-04-01,Estados Unidos,1544902.394
2025-05-01,Estados Unidos,1524077.565
2025-06-01,Estados Unidos,1208148.457
2025-07-01,Estados Unidos,1447825.649
2025-08-01,Estados Unidos,1167159.010
2025-09-01,Estados Unidos,1318432.790
2025-10-01,Estados Unidos,1423544.789
2025-11-01,Estados Unidos,1248240.550
2025-12-01,Estados Unidos,1318108.273
2026-01-01,Estados Unidos,1240869.107
2026-02-01,Estados Unidos,1262767.449
2026-03-01,Estados Unidos,1321905.859
2026-04-01,Estados Unidos,1544921.872
2026-05-01,Estados Unidos,1761947.977
2026-06-01,Estados Unidos,1606130.485
2026-07-01,Estados Unidos,1787507.607
2010-01-01,Francia,193465.722
2010-02-01,Francia,40130.512
2010-03-01,Francia,43022.082
2010-04-01,Francia,32810.177
2010-05-01,Francia,153196.014
2010-06-01,Francia,35098.582
2010-07-01,Francia,92352.372
2010-08-01,Francia,41327.482
2010-09-01,Francia,225679.684
2010-10-01,Francia,41183.706
2010-11-01,Francia,101045.096
2010-12-01,Francia,63590.173
2011-01-01,Francia,70137.185
2011-02-01,Francia,146961.655
2011-03-01,Francia,232093.768
2011-04-01,Francia,52138.035
2011-05-01,Francia,58026.018
2011-06-01,Francia,78051.506
2011-07-01,Francia,96264.705
2011-08-01,Francia,101681.545
2011-09-01,Francia,104383.945
2011-10-01,Francia,170111.808
2011-11-01,Francia,93547.664
2011-12-01,Francia,273614.528
2012-01-01,Francia,50185.929
2012-02-01,Francia,68059.461
2012-03-01,Francia,146441.011
2012-04-01,Francia,92200.463
2012-05-01,Francia,135764.250
2012-06-01,Francia,106264.500
2012-07-01,Francia,180333.453
2012-08-01,Francia,54561.551
2012-09-01,Francia,53468.311
2012-10-01,Francia,97603.341
2012-11-01,Francia,55647.095
2012-12-01,Francia,88368.567
2013-01-01,Francia,255045.514
2013-02-01,Francia,84102.617
2013-03-01,Francia,98892.107
2013-04-01,Francia,69117.397
2013-05-01,Francia,101100.375
2013-06-01,Francia,47764.503
2013-07-01,Francia,61514.033
2013-08-01,Francia,138109.666
2013-09-01,Francia,159369.734
2013-10-01,Francia,81462.346
2013-11-01,Francia,188404.910
2013-12-01,Francia,147809.365
2014-01-01,Francia,93120.013
2014-02-01,Francia,59175.964
2014-03-01,Francia,74466.360
2014-04-01,Francia,187269.490
2014-05-01,Francia,138941.543
2014-06-01,Francia,101374.714
2014-07-01,Francia,234933.799
2014-08-01,Francia,116574.917
2014-09-01,Francia,264717.512
2014-10-01,Francia,273031.259
2014-11-01,Francia,178567.135
2014-12-01,Francia,117540.530
2015-01-01,Francia,256553.851
2015-02-01,Francia,371737.161
2015-03-01,Francia,199413.147
2015-04-01,Francia,90689.604
2015-05-01,Francia,97733.317
2015-06-01,Francia,141964.492
2015-07-01,Francia,152557.828
2015-08-01,Francia,143464.178
2015-09-01,Francia,75550.472
2015-10-01,Francia,102653.049
2015-11-01,Francia,75094.518
2015-12-01,Francia,206628.939
2016-01-01,Francia,49962.326
2016-02-01,Francia,45155.100
2016-03-01,Francia,45476.401
2016-04-01,Francia,99538.706
2016-05-01,Francia,60367.607
2016-06-01,Francia,134123.169
2016-07-01,Francia,61614.073
2016-08-01,Francia,69358.944
2016-09-01,Francia,65663.279
2016-10-01,Francia,54101.536
2016-11-01,Francia,87775.055
2016-12-01,Francia,54224.174
2017-01-01,Francia,63356.134
2017-02-01,Francia,44749.337
2017-03-01,Francia,123016.388
2017-04-01,Francia,116676.086
2017-05-01,Francia,63264.709
2017-06-01,Francia,56697.089
2017-07-01,Francia,51879.896
2017-08-01,Francia,165456.005
2017-09-01,Francia,89113.844
2017-10-01,Francia,53148.339
2017-11-01,Francia,73279.721
2017-12-01,Francia,47829.291
2018-01-01,Francia,68171.405
2018-02-01,Francia,57877.159
2018-03-01,Francia,61551.214
2018-04-01,Francia,67290.831
2018-05-01,Francia,127161.896
2018-06-01,Francia,68041.663
2018-07-01,Francia,90720.618
2018-08-01,Francia,89829.955
2018-09-01,Francia,114899.579
2018-10-01,Francia,217937.413
2018-11-01,Francia,105846.626
2018-12-01,Francia,102480.208
2019-01-01,Francia,55013.118
2019-02-01,Francia,72124.726
2019-03-01,Francia,148270.813
2019-04-01,Francia,162434.131
2019-05-01,Francia,268930.486
2019-06-01,Francia,160912.352
2019-07-01,Francia,69913.565
2019-08-01,Francia,126275.978
2019-09-01,Francia,54540.312
2019-10-01,Francia,60151.582
2019-11-01,Francia,164347.068
2019-12-01,Francia,81868.144
2020-01-01,Francia,63463.880
2020-02-01,Francia,63252.170
2020-03-01,Francia,53566.559
2020-04-01,Francia,41995.541
2020-05-01,Francia,73810.975
2020-06-01,Francia,32014.351
2020-07-01,Francia,41861.921
2020-08-01,Francia,50983.051
2020-09-01,Francia,44258.294
2020-10-01,Francia,115199.129
2020-11-01,Francia,219519.019
2020-12-01,Francia,157930.989
2021-01-01,Francia,56251.519
2021-02-01,Francia,46964.669
2021-03-01,Francia,178304.325
2021-04-01,Francia,57589.572
2021-05-01,Francia,107897.164
2021-06-01,Francia,110717.395
2021-07-01,Francia,70256.085
2021-08-01,Francia,155390.875
2021-09-01,Francia,198118.835
2021-10-01,Francia,102705.028
2021-11-01,Francia,251611.358
2021-12-01,Francia,137899.699
2022-01-01,Francia,231022.094
2022-02-01,Francia,229706.922
2022-03-01,Francia,321208.113
2022-04-01,Francia,165068.731
2022-05-01,Francia,259255.589
2022-06-01,Francia,71636.912
2022-07-01,Francia,150070.530
2022-08-01,Francia,297457.989
2022-09-01,Francia,211845.590
2022-10-01,Francia,197338.230
2022-11-01,Francia,197212.832
2022-12-01,Francia,126906.668
2023-01-01,Francia,87017.519
2023-02-01,Francia,153314.468
2023-03-01,Francia,234959.173
2023-04-01,Francia,92608.473
2023-05-01,Francia,157301.973
2023-06-01,Francia,244226.627
2023-07-01,Francia,179609.623
2023-08-01,Francia,118780.859
2023-09-01,Francia,232511.027
2023-10-01,Francia,283347.501
2023-11-01,Francia,81116.799
2023-12-01,Francia,208874.956
2024-01-01,Francia,120227.397
2024-02-01,Francia,111776.580
2024-03-01,Francia,263455.305
2024-04-01,Francia,67560.676
2024-05-01,Francia,67290.065
2024-06-01,Francia,53987.548
2024-07-01,Francia,123884.102
2024-08-01,Francia,67564.825
2024-09-01,Francia,68535.714
2024-10-01,Francia,64129.921
2024-11-01,Francia,63354.105
2024-12-01,Francia,122231.300
2025-01-01,Francia,70822.648
2025-02-01,Francia,54919.156
2025-03-01,Francia,130259.575
2025-04-01,Francia,63366.568
2025-05-01,Francia,67942.219
2025-06-01,Francia,59596.335
2025-07-01,Francia,81438.550
2025-08-01,Francia,142417.843
2025-09-01,Francia,76620.514
2025-10-01,Francia,75073.174
2025-11-01,Francia,67853.325
2025-12-01,Francia,72722.532
2026-01-01,Francia,69424.238
2026-02-01,Francia,60691.856
2026-03-01,Francia,70980.639
2026-04-01,Francia,78404.599
2026-05-01,Francia,78654.525
2026-06-01,Francia,73726.296
2026-07-01,Francia,89104.373
2010-01-01,India,43851.602
2010-02-01,India,46209.156
2010-03-01,India,37926.980
2010-04-01,India,48229.955
2010-05-01,India,59016.058
2010-06-01,India,53956.994
2010-07-01,India,63253.074
2010-08-01,India,66185.622
2010-09-01,India,72517.649
2010-10-01,India,72463.045
2010-11-01,India,60797.569
2010-12-01,India,61849.317
2011-01-01,India,65565.292
2011-02-01,India,71163.598
2011-03-01,India,67169.524
2011-04-01,India,64897.228
2011-05-01,India,83099.918
2011-06-01,India,89144.911
2011-07-01,India,78025.009
2011-08-01,India,88810.256
2011-09-01,India,103387.524
2011-10-01,India,83950.834
2011-11-01,India,90484.244
2011-12-01,India,89930.315
2012-01-01,India,90298.938
2012-02-01,India,103861.028
2012-03-01,India,110871.825
2012-04-01,India,72563.601
2012-05-01,India,101052.177
2012-06-01,India,91891.119
2012-07-01,India,87831.531
2012-08-01,India,104084.498
2012-09-01,India,109340.883
2012-10-01,India,101200.554
2012-11-01,India,89382.283
2012-12-01,India,83823.810
2013-01-01,India,82480.070
2013-02-01,India,93903.538
2013-03-01,India,84946.245
2013-04-01,India,99125.359
2013-05-01,India,104842.718
2013-06-01,India,83367.591
2013-07-01,India,99527.095
2013-08-01,India,96834.245
2013-09-01,India,103383.346
2013-10-01,India,117539.305
2013-11-01,India,87025.621
2013-12-01,India,90867.890
2014-01-01,India,88093.920
2014-02-01,India,118033.528
2014-03-01,India,108409.066
2014-04-01,India,122524.199
2014-05-01,India,123662.418
2014-06-01,India,106586.468
2014-07-01,India,127646.201
2014-08-01,India,119613.101
2014-09-01,India,118658.329
2014-10-01,India,116135.154
2014-11-01,India,115098.605
2014-12-01,India,104335.630
2015-01-01,India,87981.125
2015-02-01,India,105456.189
2015-03-01,India,111649.636
2015-04-01,India,114045.728
2015-05-01,India,108856.179
2015-06-01,India,105587.623
2015-07-01,India,112573.724
2015-08-01,India,105841.829
2015-09-01,India,103682.625
2015-10-01,India,95369.775
2015-11-01,India,74724.184
2015-12-01,India,73463.637
2016-01-01,India,69085.226
2016-02-01,India,78750.643
2016-03-01,India,75657.104
2016-04-01,India,83815.967
2016-05-01,India,80319.283
2016-06-01,India,79876.840
2016-07-01,India,69304.116
2016-08-01,India,93334.736
2016-09-01,India,80733.324
2016-10-01,India,78349.993
2016-11-01,India,81629.849
2016-12-01,India,75044.002
2017-01-01,India,78877.746
2017-02-01,India,71693.762
2017-03-01,India,79247.682
2017-04-01,India,81065.541
2017-05-01,India,75959.083
2017-06-01,India,87527.002
2017-07-01,India,83364.543
2017-08-01,India,95381.761
2017-09-01,India,92017.323
2017-10-01,India,103388.673
2017-11-01,India,103691.205
2017-12-01,India,89837.187
2018-01-01,India,92816.007
2018-02-01,India,87171.158
2018-03-01,India,76179.103
2018-04-01,India,96925.257
2018-05-01,India,105409.931
2018-06-01,India,103855.689
2018-07-01,India,98466.844
2018-08-01,India,115463.438
2018-09-01,India,100650.352
2018-10-01,India,122232.333
2018-11-01,India,97109.039
2018-12-01,India,87155.509
2019-01-01,India,97551.623
2019-02-01,India,96563.249
2019-03-01,India,92003.737
2019-04-01,India,111009.824
2019-05-01,India,105366.043
2019-06-01,India,90978.898
2019-07-01,India,96390.667
2019-08-01,India,103042.556
2019-09-01,India,92880.519
2019-10-01,India,102669.517
2019-11-01,India,93428.112
2019-12-01,India,85534.258
2020-01-01,India,97507.070
2020-02-01,India,94784.278
2020-03-01,India,85348.483
2020-04-01,India,63506.319
2020-05-01,India,64334.332
2020-06-01,India,57355.978
2020-07-01,India,69722.718
2020-08-01,India,69734.507
2020-09-01,India,78098.759
2020-10-01,India,80748.841
2020-11-01,India,86435.539
2020-12-01,India,89413.599
2021-01-01,India,74251.166
2021-02-01,India,97480.278
2021-03-01,India,108663.998
2021-04-01,India,100214.727
2021-05-01,India,91676.889
2021-06-01,India,119329.667
2021-07-01,India,141445.127
2021-08-01,India,135612.037
2021-09-01,India,113326.327
2021-10-01,India,140012.559
2021-11-01,India,127722.550
2021-12-01,India,128660.938
2022-01-01,India,116228.578
2022-02-01,India,134478.750
2022-03-01,India,150869.478
2022-04-01,India,138475.334
2022-05-01,India,164734.666
2022-06-01,India,168300.865
2022-07-01,India,125337.367
2022-08-01,India,158430.628
2022-09-01,India,183620.094
2022-10-01,India,141220.843
2022-11-01,India,124216.727
2022-12-01,India,114325.041
2023-01-01,India,101948.685
2023-02-01,India,112390.763
2023-03-01,India,127941.943
2023-04-01,India,106062.487
2023-05-01,India,130009.275
2023-06-01,India,134069.875
2023-07-01,India,126999.249
2023-08-01,India,130870.957
2023-09-01,India,108066.698
2023-10-01,India,119391.485
2023-11-01,India,111408.328
2023-12-01,India,99377.300
2024-01-01,India,105060.943
2024-02-01,India,95817.311
2024-03-01,India,98764.639
2024-04-01,India,131263.240
2024-05-01,India,141980.507
2024-06-01,India,121578.522
2024-07-01,India,183260.252
2024-08-01,India,137806.387
2024-09-01,India,123823.255
2024-10-01,India,134548.673
2024-11-01,India,127941.860
2024-12-01,India,128126.069
2025-01-01,India,132968.282
2025-02-01,India,142401.383
2025-03-01,India,150726.764
2025-04-01,India,142988.692
2025-05-01,India,150800.167
2025-06-01,India,151396.007
2025-07-01,India,156914.807
2025-08-01,India,121115.287
2025-09-01,India,145454.118
2025-10-01,India,155343.212
2025-11-01,India,162546.044
2025-12-01,India,133950.030
2026-01-01,India,139849.023
2026-02-01,India,153992.906
2026-03-01,India,161371.651
2026-04-01,India,179665.380
2026-05-01,India,156297.274
2026-06-01,India,180990.816
2026-07-01,India,187303.374
2010-01-01,Indonesia,8707.308
2010-02-01,Indonesia,6382.064
2010-03-01,Indonesia,10050.547
2010-04-01,Indonesia,10068.624
2010-05-01,Indonesia,10406.478
2010-06-01,Indonesia,11271.382
2010-07-01,Indonesia,9833.275
2010-08-01,Indonesia,11150.748
2010-09-01,Indonesia,8189.213
2010-10-01,Indonesia,10367.166
2010-11-01,Indonesia,15591.959
2010-12-01,Indonesia,10908.211
2011-01-01,Indonesia,17133.470
2011-02-01,Indonesia,8681.762
2011-03-01,Indonesia,11324.858
2011-04-01,Indonesia,9980.431
2011-05-01,Indonesia,11878.908
2011-06-01,Indonesia,12156.701
2011-07-01,Indonesia,18897.315
2011-08-01,Indonesia,14921.577
2011-09-01,Indonesia,18702.106
2011-10-01,Indonesia,29307.232
2011-11-01,Indonesia,23346.218
2011-12-01,Indonesia,22078.184
2012-01-01,Indonesia,11252.788
2012-02-01,Indonesia,22941.301
2012-03-01,Indonesia,36757.420
2012-04-01,Indonesia,15789.924
2012-05-01,Indonesia,26780.379
2012-06-01,Indonesia,14480.828
2012-07-01,Indonesia,19281.914
2012-08-01,Indonesia,27894.265
2012-09-01,Indonesia,20867.697
2012-10-01,Indonesia,20779.884
2012-11-01,Indonesia,24665.593
2012-12-01,Indonesia,22223.101
2013-01-01,Indonesia,16219.746
2013-02-01,Indonesia,20381.441
2013-03-01,Indonesia,15636.213
2013-04-01,Indonesia,17710.657
2013-05-01,Indonesia,23737.901
2013-06-01,Indonesia,13586.764
2013-07-01,Indonesia,28661.842
2013-08-01,Indonesia,15664.444
2013-09-01,Indonesia,17446.705
2013-10-01,Indonesia,15988.943
2013-11-01,Indonesia,19995.550
2013-12-01,Indonesia,14969.260
2014-01-01,Indonesia,16993.704
2014-02-01,Indonesia,14714.066
2014-03-01,Indonesia,16466.560
2014-04-01,Indonesia,19380.239
2014-05-01,Indonesia,18044.851
2014-06-01,Indonesia,15079.858
2014-07-01,Indonesia,20791.963
2014-08-01,Indonesia,18129.230
2014-09-01,Indonesia,31866.327
2014-10-01,Indonesia,16360.253
2014-11-01,Indonesia,21807.576
2014-12-01,Indonesia,16520.762
2015-01-01,Indonesia,17265.996
2015-02-01,Indonesia,14205.219
2015-03-01,Indonesia,16471.574
2015-04-01,Indonesia,17812.829
2015-05-01,Indonesia,29722.298
2015-06-01,Indonesia,16783.322
2015-07-01,Indonesia,20797.918
2015-08-01,Indonesia,18148.488
2015-09-01,Indonesia,16465.975
2015-10-01,Indonesia,23140.165
2015-11-01,Indonesia,12311.689
2015-12-01,Indonesia,15261.975
2016-01-01,Indonesia,12464.647
2016-02-01,Indonesia,14715.107
2016-03-01,Indonesia,14641.008
2016-04-01,Indonesia,13321.293
2016-05-01,Indonesia,16045.983
2016-06-01,Indonesia,17560.215
2016-07-01,Indonesia,17315.735
2016-08-01,Indonesia,15718.001
2016-09-01,Indonesia,17728.186
2016-10-01,Indonesia,13997.948
2016-11-01,Indonesia,14224.541
2016-12-01,Indonesia,13525.586
2017-01-01,Indonesia,17481.124
2017-02-01,Indonesia,13498.242
2017-03-01,Indonesia,16399.603
2017-04-01,Indonesia,14154.767
2017-05-01,Indonesia,15746.571
2017-06-01,Indonesia,15832.447
2017-07-01,Indonesia,17042.113
2017-08-01,Indonesia,16707.292
2017-09-01,Indonesia,17229.266
2017-10-01,Indonesia,13300.989
2017-11-01,Indonesia,15120.278
2017-12-01,Indonesia,13551.683
2018-01-01,Indonesia,13627.703
2018-02-01,Indonesia,12972.990
2018-03-01,Indonesia,14393.309
2018-04-01,Indonesia,16609.613
2018-05-01,Indonesia,15792.691
2018-06-01,Indonesia,20870.323
2018-07-01,Indonesia,22655.174
2018-08-01,Indonesia,17731.331
2018-09-01,Indonesia,19075.140
2018-10-01,Indonesia,21024.797
2018-11-01,Indonesia,17327.933
2018-12-01,Indonesia,18163.781
2019-01-01,Indonesia,14780.040
2019-02-01,Indonesia,14388.285
2019-03-01,Indonesia,12954.509
2019-04-01,Indonesia,18949.488
2019-05-01,Indonesia,19849.498
2019-06-01,Indonesia,15453.538
2019-07-01,Indonesia,18377.270
2019-08-01,Indonesia,17735.858
2019-09-01,Indonesia,17835.597
2019-10-01,Indonesia,24559.122
2019-11-01,Indonesia,18704.934
2019-12-01,Indonesia,17743.908
2020-01-01,Indonesia,16595.818
2020-02-01,Indonesia,17555.729
2020-03-01,Indonesia,14462.526
2020-04-01,Indonesia,18051.057
2020-05-01,Indonesia,19090.439
2020-06-01,Indonesia,9797.121
2020-07-01,Indonesia,10017.742
2020-08-01,Indonesia,9808.652
2020-09-01,Indonesia,15949.325
2020-10-01,Indonesia,17497.200
2020-11-01,Indonesia,17148.683
2020-12-01,Indonesia,17827.076
2021-01-01,Indonesia,17924.330
2021-02-01,Indonesia,17897.811
2021-03-01,Indonesia,34448.857
2021-04-01,Indonesia,31803.381
2021-05-01,Indonesia,31187.343
2021-06-01,Indonesia,27663.849
2021-07-01,Indonesia,33378.175
2021-08-01,Indonesia,26565.096
2021-09-01,Indonesia,23239.368
2021-10-01,Indonesia,34373.436
2021-11-01,Indonesia,32713.196
2021-12-01,Indonesia,50647.752
2022-01-01,Indonesia,44070.890
2022-02-01,Indonesia,41501.340
2022-03-01,Indonesia,36208.188
2022-04-01,Indonesia,39069.657
2022-05-01,Indonesia,32941.879
2022-06-01,Indonesia,29706.193
2022-07-01,Indonesia,23274.781
2022-08-01,Indonesia,38706.803
2022-09-01,Indonesia,45813.525
2022-10-01,Indonesia,27561.868
2022-11-01,Indonesia,26714.170
2022-12-01,Indonesia,25300.813
2023-01-01,Indonesia,20677.494
2023-02-01,Indonesia,19364.266
2023-03-01,Indonesia,18671.493
2023-04-01,Indonesia,23091.087
2023-05-01,Indonesia,20957.014
2023-06-01,Indonesia,22038.487
2023-07-01,Indonesia,21127.831
2023-08-01,Indonesia,21610.954
2023-09-01,Indonesia,20891.730
2023-10-01,Indonesia,27179.526
2023-11-01,Indonesia,21779.540
2023-12-01,Indonesia,19605.559
2024-01-01,Indonesia,22046.032
2024-02-01,Indonesia,22165.256
2024-03-01,Indonesia,16347.830
2024-04-01,Indonesia,44592.733
2024-05-01,Indonesia,32032.892
2024-06-01,Indonesia,23309.164
2024-07-01,Indonesia,20877.201
2024-08-01,Indonesia,26716.409
2024-09-01,Indonesia,29697.749
2024-10-01,Indonesia,36108.445
2024-11-01,Indonesia,28991.054
2024-12-01,Indonesia,39533.075
2025-01-01,Indonesia,24946.966
2025-02-01,Indonesia,25459.690
2025-03-01,Indonesia,41982.325
2025-04-01,Indonesia,25419.441
2025-05-01,Indonesia,34749.971
2025-06-01,Indonesia,27957.639
2025-07-01,Indonesia,36914.158
2025-08-01,Indonesia,28810.927
2025-09-01,Indonesia,34834.038
2025-10-01,Indonesia,38371.994
2025-11-01,Indonesia,35998.944
2025-12-01,Indonesia,32828.140
2026-01-01,Indonesia,31035.688
2026-02-01,Indonesia,29700.870
2026-03-01,Indonesia,28567.414
2026-04-01,Indonesia,35365.895
2026-05-01,Indonesia,33538.545
2026-06-01,Indonesia,32165.838
2026-07-01,Indonesia,42675.565
2010-01-01,Israel,47598.462
2010-02-01,Israel,15361.500
2010-03-01,Israel,13084.306
2010-04-01,Israel,13367.062
2010-05-01,Israel,22182.342
2010-06-01,Israel,9292.484
2010-07-01,Israel,17234.428
2010-08-01,Israel,10700.981
2010-09-01,Israel,11628.366
2010-10-01,Israel,11676.148
2010-11-01,Israel,69092.359
2010-12-01,Israel,27210.185
2011-01-01,Israel,32492.457
2011-02-01,Israel,7073.164
2011-03-01,Israel,14834.244
2011-04-01,Israel,6263.318
2011-05-01,Israel,10151.043
2011-06-01,Israel,11012.848
2011-07-01,Israel,8911.189
2011-08-01,Israel,14000.987
2011-09-01,Israel,11903.124
2011-10-01,Israel,9637.428
2011-11-01,Israel,7379.647
2011-12-01,Israel,14303.534
2012-01-01,Israel,10636.065
2012-02-01,Israel,9226.493
2012-03-01,Israel,16979.198
2012-04-01,Israel,23724.513
2012-05-01,Israel,13328.454
2012-06-01,Israel,11420.888
2012-07-01,Israel,13572.161
2012-08-01,Israel,12123.968
2012-09-01,Israel,9556.031
2012-10-01,Israel,10475.237
2012-11-01,Israel,15286.690
2012-12-01,Israel,19682.122
2013-01-01,Israel,15789.572
2013-02-01,Israel,10618.716
2013-03-01,Israel,10898.798
2013-04-01,Israel,13483.103
2013-05-01,Israel,10151.434
2013-06-01,Israel,16721.419
2013-07-01,Israel,16096.768
2013-08-01,Israel,9705.401
2013-09-01,Israel,12376.626
2013-10-01,Israel,12694.629
2013-11-01,Israel,11443.351
2013-12-01,Israel,96575.893
2014-01-01,Israel,11204.163
2014-02-01,Israel,11601.432
2014-03-01,Israel,16833.525
2014-04-01,Israel,14362.373
2014-05-01,Israel,8148.844
2014-06-01,Israel,17157.537
2014-07-01,Israel,43973.312
2014-08-01,Israel,14447.089
2014-09-01,Israel,31098.961
2014-10-01,Israel,67128.462
2014-11-01,Israel,27961.034
2014-12-01,Israel,64290.439
2015-01-01,Israel,15566.113
2015-02-01,Israel,18595.601
2015-03-01,Israel,12722.611
2015-04-01,Israel,22055.082
2015-05-01,Israel,12323.524
2015-06-01,Israel,8739.885
2015-07-01,Israel,10370.589
2015-08-01,Israel,13531.489
2015-09-01,Israel,12933.821
2015-10-01,Israel,10794.689
2015-11-01,Israel,13569.807
2015-12-01,Israel,14243.329
2016-01-01,Israel,7263.988
2016-02-01,Israel,10947.360
2016-03-01,Israel,10663.898
2016-04-01,Israel,14294.323
2016-05-01,Israel,10374.547
2016-06-01,Israel,7013.888
2016-07-01,Israel,7099.692
2016-08-01,Israel,8222.370
2016-09-01,Israel,8004.286
2016-10-01,Israel,18894.023
2016-11-01,Israel,19020.719
2016-12-01,Israel,20871.900
2017-01-01,Israel,8187.357
2017-02-01,Israel,5902.830
2017-03-01,Israel,19617.271
2017-04-01,Israel,5306.933
2017-05-01,Israel,8004.928
2017-06-01,Israel,10802.876
2017-07-01,Israel,8026.052
2017-08-01,Israel,13189.804
2017-09-01,Israel,7246.442
2017-10-01,Israel,10085.429
2017-11-01,Israel,11245.994
2017-12-01,Israel,20953.868
2018-01-01,Israel,9264.554
2018-02-01,Israel,9853.917
2018-03-01,Israel,5444.564
2018-04-01,Israel,7316.230
2018-05-01,Israel,14334.575
2018-06-01,Israel,6511.998
2018-07-01,Israel,9095.725
2018-08-01,Israel,10105.357
2018-09-01,Israel,6446.692
2018-10-01,Israel,6211.823
2018-11-01,Israel,10150.708
2018-12-01,Israel,8316.215
2019-01-01,Israel,5781.269
2019-02-01,Israel,5635.820
2019-03-01,Israel,7568.216
2019-04-01,Israel,6091.680
2019-05-01,Israel,8716.460
2019-06-01,Israel,5496.896
2019-07-01,Israel,6005.770
2019-08-01,Israel,7277.446
2019-09-01,Israel,7443.143
2019-10-01,Israel,8680.427
2019-11-01,Israel,7447.223
2019-12-01,Israel,11835.798
2020-01-01,Israel,8802.299
2020-02-01,Israel,5255.632
2020-03-01,Israel,6724.993
2020-04-01,Israel,6063.143
2020-05-01,Israel,7593.905
2020-06-01,Israel,5325.322
2020-07-01,Israel,5052.386
2020-08-01,Israel,5250.449
2020-09-01,Israel,5637.893
2020-10-01,Israel,7704.746
2020-11-01,Israel,8132.394
2020-12-01,Israel,6881.501
2021-01-01,Israel,9238.082
2021-02-01,Israel,5823.922
2021-03-01,Israel,7603.148
2021-04-01,Israel,7241.280
2021-05-01,Israel,18690.870
2021-06-01,Israel,7897.232
2021-07-01,Israel,7203.340
2021-08-01,Israel,7537.174
2021-09-01,Israel,9329.802
2021-10-01,Israel,8424.816
2021-11-01,Israel,10001.521
2021-12-01,Israel,12019.682
2022-01-01,Israel,16085.459
2022-02-01,Israel,10003.386
2022-03-01,Israel,15459.308
2022-04-01,Israel,10744.514
2022-05-01,Israel,10486.246
2022-06-01,Israel,17199.114
2022-07-01,Israel,17224.068
2022-08-01,Israel,12764.283
2022-09-01,Israel,15408.166
2022-10-01,Israel,13022.419
2022-11-01,Israel,10717.005
2022-12-01,Israel,26410.183
2023-01-01,Israel,6365.221
2023-02-01,Israel,9521.088
2023-03-01,Israel,8145.975
2023-04-01,Israel,8645.254
2023-05-01,Israel,5744.305
2023-06-01,Israel,9257.507
2023-07-01,Israel,4948.379
2023-08-01,Israel,7320.961
2023-09-01,Israel,8632.337
2023-10-01,Israel,7097.101
2023-11-01,Israel,7129.654
2023-12-01,Israel,12519.301
2024-01-01,Israel,7728.841
2024-02-01,Israel,7087.562
2024-03-01,Israel,6343.268
2024-04-01,Israel,9250.448
2024-05-01,Israel,8250.296
2024-06-01,Israel,7639.252
2024-07-01,Israel,8217.032
2024-08-01,Israel,9319.845
2024-09-01,Israel,14552.122
2024-10-01,Israel,6237.040
2024-11-01,Israel,8747.813
2024-12-01,Israel,8584.146
2025-01-01,Israel,6950.838
2025-02-01,Israel,6405.585
2025-03-01,Israel,8073.918
2025-04-01,Israel,5972.049
2025-05-01,Israel,8382.382
2025-06-01,Israel,5915.187
2025-07-01,Israel,10499.472
2025-08-01,Israel,5652.054
2025-09-01,Israel,6457.975
2025-10-01,Israel,94034.225
2025-11-01,Israel,9134.138
2025-12-01,Israel,12294.522
2026-01-01,Israel,7782.557
2026-02-01,Israel,9884.156
2026-03-01,Israel,6887.025
2026-04-01,Israel,8360.927
2026-05-01,Israel,9119.462
2026-06-01,Israel,6802.736
2026-07-01,Israel,9514.035
2010-01-01,Italia,38482.786
2010-02-01,Italia,35803.796
2010-03-01,Italia,44174.810
2010-04-01,Italia,52684.832
2010-05-01,Italia,44616.801
2010-06-01,Italia,46902.248
2010-07-01,Italia,58846.802
2010-08-01,Italia,59833.586
2010-09-01,Italia,51310.327
2010-10-01,Italia,61141.734
2010-11-01,Italia,57399.037
2010-12-01,Italia,89182.869
2011-01-01,Italia,65046.168
2011-02-01,Italia,50635.633
2011-03-01,Italia,57821.658
2011-04-01,Italia,69709.127
2011-05-01,Italia,63712.739
2011-06-01,Italia,70342.054
2011-07-01,Italia,72775.497
2011-08-01,Italia,82196.847
2011-09-01,Italia,73441.057
2011-10-01,Italia,59229.675
2011-11-01,Italia,63691.212
2011-12-01,Italia,65449.998
2012-01-01,Italia,65800.168
2012-02-01,Italia,63215.447
2012-03-01,Italia,64250.981
2012-04-01,Italia,71337.637
2012-05-01,Italia,80854.402
2012-06-01,Italia,84241.118
2012-07-01,Italia,104389.689
2012-08-01,Italia,96219.637
2012-09-01,Italia,64919.921
2012-10-01,Italia,98622.101
2012-11-01,Italia,84250.178
2012-12-01,Italia,83352.079
2013-01-01,Italia,87946.457
2013-02-01,Italia,71030.981
2013-03-01,Italia,62117.446
2013-04-01,Italia,98726.617
2013-05-01,Italia,74030.795
2013-06-01,Italia,79863.868
2013-07-01,Italia,74266.412
2013-08-01,Italia,132388.027
2013-09-01,Italia,76829.063
2013-10-01,Italia,84007.300
2013-11-01,Italia,91926.501
2013-12-01,Italia,77472.616
2014-01-01,Italia,82940.130
2014-02-01,Italia,58242.474
2014-03-01,Italia,67932.251
2014-04-01,Italia,82216.933
2014-05-01,Italia,79595.295
2014-06-01,Italia,73133.876
2014-07-01,Italia,92572.032
2014-08-01,Italia,79297.667
2014-09-01,Italia,94811.401
2014-10-01,Italia,113205.856
2014-11-01,Italia,81184.434
2014-12-01,Italia,76815.416
2015-01-01,Italia,69740.674
2015-02-01,Italia,68523.390
2015-03-01,Italia,57500.659
2015-04-01,Italia,74764.796
2015-05-01,Italia,62321.215
2015-06-01,Italia,61831.770
2015-07-01,Italia,87847.974
2015-08-01,Italia,63563.294
2015-09-01,Italia,64793.178
2015-10-01,Italia,72819.161
2015-11-01,Italia,74096.214
2015-12-01,Italia,65877.624
2016-01-01,Italia,58865.774
2016-02-01,Italia,57807.392
2016-03-01,Italia,70343.362
2016-04-01,Italia,62365.447
2016-05-01,Italia,58556.683
2016-06-01,Italia,75624.193
2016-07-01,Italia,57144.387
2016-08-01,Italia,87100.840
2016-09-01,Italia,55000.894
2016-10-01,Italia,54128.741
2016-11-01,Italia,57490.904
2016-12-01,Italia,66858.941
2017-01-01,Italia,57418.337
2017-02-01,Italia,54439.749
2017-03-01,Italia,62132.529
2017-04-01,Italia,54648.892
2017-05-01,Italia,62512.565
2017-06-01,Italia,62156.903
2017-07-01,Italia,61387.743
2017-08-01,Italia,70245.158
2017-09-01,Italia,63758.750
2017-10-01,Italia,60826.432
2017-11-01,Italia,74189.846
2017-12-01,Italia,70885.539
2018-01-01,Italia,64474.638
2018-02-01,Italia,62124.576
2018-03-01,Italia,58635.714
2018-04-01,Italia,97363.707
2018-05-01,Italia,71717.718
2018-06-01,Italia,63250.301
2018-07-01,Italia,75801.655
2018-08-01,Italia,74908.273
2018-09-01,Italia,57412.304
2018-10-01,Italia,68570.995
2018-11-01,Italia,66905.929
2018-12-01,Italia,65496.188
2019-01-01,Italia,67074.065
2019-02-01,Italia,58185.297
2019-03-01,Italia,59686.816
2019-04-01,Italia,67638.519
2019-05-01,Italia,70505.236
2019-06-01,Italia,54750.965
2019-07-01,Italia,78435.244
2019-08-01,Italia,83306.331
2019-09-01,Italia,66442.534
2019-10-01,Italia,69163.838
2019-11-01,Italia,78276.310
2019-12-01,Italia,68702.242
2020-01-01,Italia,67075.821
2020-02-01,Italia,60368.526
2020-03-01,Italia,54799.025
2020-04-01,Italia,56850.756
2020-05-01,Italia,47934.503
2020-06-01,Italia,41335.104
2020-07-01,Italia,55483.086
2020-08-01,Italia,52281.535
2020-09-01,Italia,45359.242
2020-10-01,Italia,57226.425
2020-11-01,Italia,64307.626
2020-12-01,Italia,76172.202
2021-01-01,Italia,62411.672
2021-02-01,Italia,57254.752
2021-03-01,Italia,61589.071
2021-04-01,Italia,68711.467
2021-05-01,Italia,69322.866
2021-06-01,Italia,81492.024
2021-07-01,Italia,76976.322
2021-08-01,Italia,77992.873
2021-09-01,Italia,81306.159
2021-10-01,Italia,90528.695
2021-11-01,Italia,74562.310
2021-12-01,Italia,96613.962
2022-01-01,Italia,82468.544
2022-02-01,Italia,101411.658
2022-03-01,Italia,100988.969
2022-04-01,Italia,80634.102
2022-05-01,Italia,104063.702
2022-06-01,Italia,110011.241
2022-07-01,Italia,97114.873
2022-08-01,Italia,105376.303
2022-09-01,Italia,148590.399
2022-10-01,Italia,104375.002
2022-11-01,Italia,96834.321
2022-12-01,Italia,103572.838
2023-01-01,Italia,103793.267
2023-02-01,Italia,80189.350
2023-03-01,Italia,93124.451
2023-04-01,Italia,107925.266
2023-05-01,Italia,87205.033
2023-06-01,Italia,82825.990
2023-07-01,Italia,79594.887
2023-08-01,Italia,104863.050
2023-09-01,Italia,94172.991
2023-10-01,Italia,78553.805
2023-11-01,Italia,96551.070
2023-12-01,Italia,100397.566
2024-01-01,Italia,85987.207
2024-02-01,Italia,89879.856
2024-03-01,Italia,62937.005
2024-04-01,Italia,119742.026
2024-05-01,Italia,87778.429
2024-06-01,Italia,86771.843
2024-07-01,Italia,110744.765
2024-08-01,Italia,102289.104
2024-09-01,Italia,88116.259
2024-10-01,Italia,84630.357
2024-11-01,Italia,90630.040
2024-12-01,Italia,79636.436
2025-01-01,Italia,102768.137
2025-02-01,Italia,90648.273
2025-03-01,Italia,87711.099
2025-04-01,Italia,92871.373
2025-05-01,Italia,93200.502
2025-06-01,Italia,87981.983
2025-07-01,Italia,107469.052
2025-08-01,Italia,100053.758
2025-09-01,Italia,87918.317
2025-10-01,Italia,109923.364
2025-11-01,Italia,93345.511
2025-12-01,Italia,114740.330
2026-01-01,Italia,102247.935
2026-02-01,Italia,98296.010
2026-03-01,Italia,122756.310
2026-04-01,Italia,116026.532
2026-05-01,Italia,120596.119
2026-06-01,Italia,115792.854
2026-07-01,Italia,130576.873
2010-01-01,Japón,78277.104
2010-02-01,Japón,67814.489
2010-03-01,Japón,79850.105
2010-04-01,Japón,81353.772
2010-05-01,Japón,95890.462
2010-06-01,Japón,99551.350
2010-07-01,Japón,112036.436
2010-08-01,Japón,110436.919
2010-09-01,Japón,100986.700
2010-10-01,Japón,89349.733
2010-11-01,Japón,124704.668
2010-12-01,Japón,116390.838
2011-01-01,Japón,124479.256
2011-02-01,Japón,79917.077
2011-03-01,Japón,162516.527
2011-04-01,Japón,119207.016
2011-05-01,Japón,99864.131
2011-06-01,Japón,120275.272
2011-07-01,Japón,121440.440
2011-08-01,Japón,126744.625
2011-09-01,Japón,102715.510
2011-10-01,Japón,127376.738
2011-11-01,Japón,121121.523
2011-12-01,Japón,132050.421
2012-01-01,Japón,139540.773
2012-02-01,Japón,147360.461
2012-03-01,Japón,135794.875
2012-04-01,Japón,122412.250
2012-05-01,Japón,166587.282
2012-06-01,Japón,138309.877
2012-07-01,Japón,145174.418
2012-08-01,Japón,148756.433
2012-09-01,Japón,114696.096
2012-10-01,Japón,148887.034
2012-11-01,Japón,143003.058
2012-12-01,Japón,126789.327
2013-01-01,Japón,125693.610
2013-02-01,Japón,92128.139
2013-03-01,Japón,146214.766
2013-04-01,Japón,125261.529
2013-05-01,Japón,101361.086
2013-06-01,Japón,137194.317
2013-07-01,Japón,122275.912
2013-08-01,Japón,123448.659
2013-09-01,Japón,121995.937
2013-10-01,Japón,124693.647
2013-11-01,Japón,136584.154
2013-12-01,Japón,121952.618
2014-01-01,Japón,115633.101
2014-02-01,Japón,127253.299
2014-03-01,Japón,117423.507
2014-04-01,Japón,152286.522
2014-05-01,Japón,111121.354
2014-06-01,Japón,111023.393
2014-07-01,Japón,142183.788
2014-08-01,Japón,116125.962
2014-09-01,Japón,128849.805
2014-10-01,Japón,158491.118
2014-11-01,Japón,130925.241
2014-12-01,Japón,114129.026
2015-01-01,Japón,119582.379
2015-02-01,Japón,101374.653
2015-03-01,Japón,131854.248
2015-04-01,Japón,110196.750
2015-05-01,Japón,101579.040
2015-06-01,Japón,98291.934
2015-07-01,Japón,118978.547
2015-08-01,Japón,89275.835
2015-09-01,Japón,88879.196
2015-10-01,Japón,88161.249
2015-11-01,Japón,87884.922
2015-12-01,Japón,91395.379
2016-01-01,Japón,73413.233
2016-02-01,Japón,92531.439
2016-03-01,Japón,87152.339
2016-04-01,Japón,92583.442
2016-05-01,Japón,85882.213
2016-06-01,Japón,91351.747
2016-07-01,Japón,74418.214
2016-08-01,Japón,102397.210
2016-09-01,Japón,100994.779
2016-10-01,Japón,97718.924
2016-11-01,Japón,97916.191
2016-12-01,Japón,119270.445
2017-01-01,Japón,111801.861
2017-02-01,Japón,108691.434
2017-03-01,Japón,129685.503
2017-04-01,Japón,111179.403
2017-05-01,Japón,78422.526
2017-06-01,Japón,89550.366
2017-07-01,Japón,97573.513
2017-08-01,Japón,107972.060
2017-09-01,Japón,93992.579
2017-10-01,Japón,106462.269
2017-11-01,Japón,100983.572
2017-12-01,Japón,94948.735
2018-01-01,Japón,117402.621
2018-02-01,Japón,87303.099
2018-03-01,Japón,111935.796
2018-04-01,Japón,110719.750
2018-05-01,Japón,112380.277
2018-06-01,Japón,94935.013
2018-07-01,Japón,115140.315
2018-08-01,Japón,97874.374
2018-09-01,Japón,92238.363
2018-10-01,Japón,138226.716
2018-11-01,Japón,120157.399
2018-12-01,Japón,90251.289
2019-01-01,Japón,99367.743
2019-02-01,Japón,94223.265
2019-03-01,Japón,101265.860
2019-04-01,Japón,111238.981
2019-05-01,Japón,98791.508
2019-06-01,Japón,109388.875
2019-07-01,Japón,127997.880
2019-08-01,Japón,106363.883
2019-09-01,Japón,93136.381
2019-10-01,Japón,101550.559
2019-11-01,Japón,94392.706
2019-12-01,Japón,97262.044
2020-01-01,Japón,104774.915
2020-02-01,Japón,94509.660
2020-03-01,Japón,103095.687
2020-04-01,Japón,56402.008
2020-05-01,Japón,57625.744
2020-06-01,Japón,52885.063
2020-07-01,Japón,81303.634
2020-08-01,Japón,57315.816
2020-09-01,Japón,50499.933
2020-10-01,Japón,63038.295
2020-11-01,Japón,67058.897
2020-12-01,Japón,90614.061
2021-01-01,Japón,92704.013
2021-02-01,Japón,81260.967
2021-03-01,Japón,104319.987
2021-04-01,Japón,96708.287
2021-05-01,Japón,114511.863
2021-06-01,Japón,89111.748
2021-07-01,Japón,85149.443
2021-08-01,Japón,141750.501
2021-09-01,Japón,116736.799
2021-10-01,Japón,115900.514
2021-11-01,Japón,124263.221
2021-12-01,Japón,106521.006
2022-01-01,Japón,80500.844
2022-02-01,Japón,96692.358
2022-03-01,Japón,116597.127
2022-04-01,Japón,109000.433
2022-05-01,Japón,127134.025
2022-06-01,Japón,106225.069
2022-07-01,Japón,124111.084
2022-08-01,Japón,157244.230
2022-09-01,Japón,153628.789
2022-10-01,Japón,129722.547
2022-11-01,Japón,120340.845
2022-12-01,Japón,114753.361
2023-01-01,Japón,163372.380
2023-02-01,Japón,85115.374
2023-03-01,Japón,109727.707
2023-04-01,Japón,133628.944
2023-05-01,Japón,135352.845
2023-06-01,Japón,123447.606
2023-07-01,Japón,113502.801
2023-08-01,Japón,122978.073
2023-09-01,Japón,101430.458
2023-10-01,Japón,94693.627
2023-11-01,Japón,90212.295
2023-12-01,Japón,87329.393
2024-01-01,Japón,117154.382
2024-02-01,Japón,107643.653
2024-03-01,Japón,97740.994
2024-04-01,Japón,161259.073
2024-05-01,Japón,153396.012
2024-06-01,Japón,96595.178
2024-07-01,Japón,110250.176
2024-08-01,Japón,134592.051
2024-09-01,Japón,143422.118
2024-10-01,Japón,114463.718
2024-11-01,Japón,130422.903
2024-12-01,Japón,85768.346
2025-01-01,Japón,116027.340
2025-02-01,Japón,118068.607
2025-03-01,Japón,133846.086
2025-04-01,Japón,163439.965
2025-05-01,Japón,123172.184
2025-06-01,Japón,121084.255
2025-07-01,Japón,181679.828
2025-08-01,Japón,148673.429
2025-09-01,Japón,133467.010
2025-10-01,Japón,150140.462
2025-11-01,Japón,138408.840
2025-12-01,Japón,154531.831
2026-01-01,Japón,147156.465
2026-02-01,Japón,167039.446
2026-03-01,Japón,132865.202
2026-04-01,Japón,207128.128
2026-05-01,Japón,147125.828
2026-06-01,Japón,155969.623
2026-07-01,Japón,151212.247
2010-01-01,Malasia,6098.891
2010-02-01,Malasia,9716.319
2010-03-01,Malasia,8065.530
2010-04-01,Malasia,6161.286
2010-05-01,Malasia,6575.607
2010-06-01,Malasia,11735.149
2010-07-01,Malasia,10581.099
2010-08-01,Malasia,12359.814
2010-09-01,Malasia,23859.268
2010-10-01,Malasia,14633.673
2010-11-01,Malasia,12041.954
2010-12-01,Malasia,17342.583
2011-01-01,Malasia,15244.195
2011-02-01,Malasia,16435.514
2011-03-01,Malasia,13774.675
2011-04-01,Malasia,12499.522
2011-05-01,Malasia,28156.903
2011-06-01,Malasia,15395.946
2011-07-01,Malasia,19782.172
2011-08-01,Malasia,21940.570
2011-09-01,Malasia,22596.705
2011-10-01,Malasia,18151.076
2011-11-01,Malasia,17611.330
2011-12-01,Malasia,12771.336
2012-01-01,Malasia,17446.275
2012-02-01,Malasia,15300.174
2012-03-01,Malasia,14025.195
2012-04-01,Malasia,12551.792
2012-05-01,Malasia,21308.325
2012-06-01,Malasia,19954.725
2012-07-01,Malasia,18871.255
2012-08-01,Malasia,19352.567
2012-09-01,Malasia,15667.143
2012-10-01,Malasia,18102.176
2012-11-01,Malasia,20639.573
2012-12-01,Malasia,14170.979
2013-01-01,Malasia,15079.683
2013-02-01,Malasia,12260.544
2013-03-01,Malasia,11333.716
2013-04-01,Malasia,13973.147
2013-05-01,Malasia,14821.996
2013-06-01,Malasia,16477.172
2013-07-01,Malasia,18184.837
2013-08-01,Malasia,15850.123
2013-09-01,Malasia,20057.785
2013-10-01,Malasia,20150.248
2013-11-01,Malasia,22837.455
2013-12-01,Malasia,17343.437
2014-01-01,Malasia,17370.547
2014-02-01,Malasia,15230.049
2014-03-01,Malasia,13304.341
2014-04-01,Malasia,14601.868
2014-05-01,Malasia,16287.677
2014-06-01,Malasia,19069.721
2014-07-01,Malasia,24238.086
2014-08-01,Malasia,19778.498
2014-09-01,Malasia,21828.765
2014-10-01,Malasia,22578.118
2014-11-01,Malasia,21125.050
2014-12-01,Malasia,20331.116
2015-01-01,Malasia,13968.717
2015-02-01,Malasia,13998.415
2015-03-01,Malasia,13833.794
2015-04-01,Malasia,12544.598
2015-05-01,Malasia,13702.599
2015-06-01,Malasia,12902.580
2015-07-01,Malasia,17120.295
2015-08-01,Malasia,13118.167
2015-09-01,Malasia,16296.968
2015-10-01,Malasia,16117.484
2015-11-01,Malasia,15682.040
2015-12-01,Malasia,10839.806
2016-01-01,Malasia,11604.273
2016-02-01,Malasia,12147.698
2016-03-01,Malasia,9014.290
2016-04-01,Malasia,15053.964
2016-05-01,Malasia,10644.913
2016-06-01,Malasia,13346.918
2016-07-01,Malasia,10067.865
2016-08-01,Malasia,12289.742
2016-09-01,Malasia,20097.432
2016-10-01,Malasia,17552.351
2016-11-01,Malasia,12964.027
2016-12-01,Malasia,17771.202
2017-01-01,Malasia,12823.681
2017-02-01,Malasia,10195.857
2017-03-01,Malasia,14520.970
2017-04-01,Malasia,13484.050
2017-05-01,Malasia,14334.707
2017-06-01,Malasia,13287.494
2017-07-01,Malasia,13960.162
2017-08-01,Malasia,18669.081
2017-09-01,Malasia,15195.261
2017-10-01,Malasia,11422.489
2017-11-01,Malasia,15119.599
2017-12-01,Malasia,18503.022
2018-01-01,Malasia,13264.286
2018-02-01,Malasia,12860.505
2018-03-01,Malasia,11049.853
2018-04-01,Malasia,18083.720
2018-05-01,Malasia,15781.739
2018-06-01,Malasia,16874.036
2018-07-01,Malasia,16711.469
2018-08-01,Malasia,16840.889
2018-09-01,Malasia,18844.323
2018-10-01,Malasia,21544.350
2018-11-01,Malasia,19560.047
2018-12-01,Malasia,20537.084
2019-01-01,Malasia,17473.812
2019-02-01,Malasia,14426.216
2019-03-01,Malasia,16167.712
2019-04-01,Malasia,14544.145
2019-05-01,Malasia,18970.698
2019-06-01,Malasia,13357.254
2019-07-01,Malasia,21820.090
2019-08-01,Malasia,18321.066
2019-09-01,Malasia,15473.489
2019-10-01,Malasia,22868.880
2019-11-01,Malasia,17395.530
2019-12-01,Malasia,19416.105
2020-01-01,Malasia,19347.936
2020-02-01,Malasia,19081.658
2020-03-01,Malasia,13344.710
2020-04-01,Malasia,15388.743
2020-05-01,Malasia,14059.655
2020-06-01,Malasia,9152.915
2020-07-01,Malasia,13213.305
2020-08-01,Malasia,12273.037
2020-09-01,Malasia,12430.822
2020-10-01,Malasia,13098.194
2020-11-01,Malasia,17200.857
2020-12-01,Malasia,18446.530
2021-01-01,Malasia,16710.389
2021-02-01,Malasia,15303.256
2021-03-01,Malasia,28571.343
2021-04-01,Malasia,22591.170
2021-05-01,Malasia,14716.691
2021-06-01,Malasia,18869.327
2021-07-01,Malasia,27911.873
2021-08-01,Malasia,23587.244
2021-09-01,Malasia,16899.999
2021-10-01,Malasia,23346.155
2021-11-01,Malasia,22979.117
2021-12-01,Malasia,23773.443
2022-01-01,Malasia,19471.222
2022-02-01,Malasia,16546.465
2022-03-01,Malasia,20615.040
2022-04-01,Malasia,21860.861
2022-05-01,Malasia,17105.947
2022-06-01,Malasia,30205.134
2022-07-01,Malasia,20408.297
2022-08-01,Malasia,22582.180
2022-09-01,Malasia,25983.952
2022-10-01,Malasia,16065.081
2022-11-01,Malasia,16172.334
2022-12-01,Malasia,17566.869
2023-01-01,Malasia,15852.096
2023-02-01,Malasia,14293.955
2023-03-01,Malasia,13601.024
2023-04-01,Malasia,11536.225
2023-05-01,Malasia,15013.403
2023-06-01,Malasia,12163.278
2023-07-01,Malasia,13843.610
2023-08-01,Malasia,12599.700
2023-09-01,Malasia,12128.760
2023-10-01,Malasia,14759.836
2023-11-01,Malasia,14597.056
2023-12-01,Malasia,25097.035
2024-01-01,Malasia,13203.667
2024-02-01,Malasia,23528.104
2024-03-01,Malasia,10296.220
2024-04-01,Malasia,16238.545
2024-05-01,Malasia,12443.935
2024-06-01,Malasia,20981.189
2024-07-01,Malasia,16411.079
2024-08-01,Malasia,13419.375
2024-09-01,Malasia,15298.858
2024-10-01,Malasia,24454.649
2024-11-01,Malasia,19122.737
2024-12-01,Malasia,15475.536
2025-01-01,Malasia,18411.615
2025-02-01,Malasia,17499.973
2025-03-01,Malasia,16265.334
2025-04-01,Malasia,15567.531
2025-05-01,Malasia,15050.758
2025-06-01,Malasia,12406.056
2025-07-01,Malasia,18356.857
2025-08-01,Malasia,13801.566
2025-09-01,Malasia,17486.503
2025-10-01,Malasia,19300.576
2025-11-01,Malasia,14628.892
2025-12-01,Malasia,16478.068
2026-01-01,Malasia,17124.089
2026-02-01,Malasia,16183.758
2026-03-01,Malasia,14512.107
2026-04-01,Malasia,17238.557
2026-05-01,Malasia,13899.018
2026-06-01,Malasia,13447.618
2026-07-01,Malasia,15459.872
2010-01-01,México,196212.799
2010-02-01,México,274842.489
2010-03-01,México,291331.513
2010-04-01,México,313340.590
2010-05-01,México,288000.143
2010-06-01,México,319657.029
2010-07-01,México,326998.026
2010-08-01,México,327584.407
2010-09-01,México,359842.427
2010-10-01,México,376122.706
2010-11-01,México,369221.852
2010-12-01,México,413520.143
2011-01-01,México,344504.076
2011-02-01,México,376178.758
2011-03-01,México,441751.986
2011-04-01,México,494756.918
2011-05-01,México,496852.115
2011-06-01,México,566664.396
2011-07-01,México,508654.735
2011-08-01,México,622292.443
2011-09-01,México,542109.322
2011-10-01,México,625140.638
2011-11-01,México,595350.389
2011-12-01,México,444771.437
2012-01-01,México,469242.131
2012-02-01,México,503220.647
2012-03-01,México,605232.708
2012-04-01,México,563525.487
2012-05-01,México,671326.706
2012-06-01,México,657965.325
2012-07-01,México,565425.268
2012-08-01,México,467788.108
2012-09-01,México,561114.892
2012-10-01,México,510287.658
2012-11-01,México,471214.776
2012-12-01,México,406396.841
2013-01-01,México,408676.871
2013-02-01,México,417810.218
2013-03-01,México,365717.576
2013-04-01,México,486852.789
2013-05-01,México,579953.467
2013-06-01,México,411666.633
2013-07-01,México,481221.075
2013-08-01,México,429253.241
2013-09-01,México,538052.953
2013-10-01,México,497049.779
2013-11-01,México,520965.990
2013-12-01,México,358736.912
2014-01-01,México,320868.317
2014-02-01,México,390954.058
2014-03-01,México,406400.103
2014-04-01,México,442808.778
2014-05-01,México,477472.458
2014-06-01,México,397060.629
2014-07-01,México,493084.975
2014-08-01,México,427166.768
2014-09-01,México,431810.641
2014-10-01,México,506389.945
2014-11-01,México,457164.655
2014-12-01,México,521450.319
2015-01-01,México,285769.780
2015-02-01,México,353980.284
2015-03-01,México,302195.759
2015-04-01,México,350173.519
2015-05-01,México,326649.136
2015-06-01,México,313472.797
2015-07-01,México,366243.738
2015-08-01,México,326378.204
2015-09-01,México,316803.259
2015-10-01,México,286889.918
2015-11-01,México,346350.234
2015-12-01,México,278033.023
2016-01-01,México,229822.053
2016-02-01,México,268319.766
2016-03-01,México,300924.539
2016-04-01,México,277285.132
2016-05-01,México,297360.121
2016-06-01,México,301610.656
2016-07-01,México,253480.391
2016-08-01,México,295382.056
2016-09-01,México,303562.757
2016-10-01,México,273435.144
2016-11-01,México,323832.958
2016-12-01,México,285721.791
2017-01-01,México,275414.621
2017-02-01,México,265046.967
2017-03-01,México,300666.140
2017-04-01,México,289971.699
2017-05-01,México,288538.138
2017-06-01,México,292785.308
2017-07-01,México,283850.764
2017-08-01,México,308228.411
2017-09-01,México,286801.184
2017-10-01,México,332263.981
2017-11-01,México,257237.427
2017-12-01,México,256090.043
2018-01-01,México,255322.153
2018-02-01,México,308800.106
2018-03-01,México,293639.982
2018-04-01,México,402447.318
2018-05-01,México,359297.420
2018-06-01,México,340715.193
2018-07-01,México,312643.811
2018-08-01,México,338089.595
2018-09-01,México,343036.981
2018-10-01,México,388040.093
2018-11-01,México,324946.001
2018-12-01,México,280415.024
2019-01-01,México,290152.299
2019-02-01,México,297627.222
2019-03-01,México,369590.081
2019-04-01,México,327800.266
2019-05-01,México,337150.951
2019-06-01,México,275208.759
2019-07-01,México,306388.708
2019-08-01,México,316491.921
2019-09-01,México,358025.955
2019-10-01,México,369921.964
2019-11-01,México,330027.624
2019-12-01,México,301236.105
2020-01-01,México,285381.364
2020-02-01,México,319149.673
2020-03-01,México,297881.771
2020-04-01,México,208813.169
2020-05-01,México,120381.878
2020-06-01,México,162781.166
2020-07-01,México,220963.375
2020-08-01,México,236086.811
2020-09-01,México,236649.761
2020-10-01,México,258634.759
2020-11-01,México,297119.693
2020-12-01,México,281983.080
2021-01-01,México,217940.836
2021-02-01,México,271409.872
2021-03-01,México,297183.800
2021-04-01,México,314235.862
2021-05-01,México,267172.795
2021-06-01,México,273788.748
2021-07-01,México,295917.875
2021-08-01,México,347104.264
2021-09-01,México,393228.625
2021-10-01,México,345207.748
2021-11-01,México,399754.942
2021-12-01,México,377535.054
2022-01-01,México,282123.910
2022-02-01,México,276181.336
2022-03-01,México,375126.475
2022-04-01,México,359269.520
2022-05-01,México,328223.305
2022-06-01,México,363922.900
2022-07-01,México,383542.327
2022-08-01,México,366022.738
2022-09-01,México,410072.015
2022-10-01,México,344757.377
2022-11-01,México,341146.863
2022-12-01,México,344357.303
2023-01-01,México,238121.965
2023-02-01,México,259774.252
2023-03-01,México,304388.968
2023-04-01,México,226949.420
2023-05-01,México,275183.065
2023-06-01,México,260387.503
2023-07-01,México,231154.458
2023-08-01,México,261745.730
2023-09-01,México,276561.417
2023-10-01,México,237464.929
2023-11-01,México,256033.952
2023-12-01,México,262589.306
2024-01-01,México,252474.448
2024-02-01,México,300682.818
2024-03-01,México,218232.104
2024-04-01,México,292375.224
2024-05-01,México,313054.120
2024-06-01,México,218015.141
2024-07-01,México,281179.238
2024-08-01,México,249678.047
2024-09-01,México,279518.361
2024-10-01,México,287977.390
2024-11-01,México,279189.548
2024-12-01,México,272722.547
2025-01-01,México,237889.017
2025-02-01,México,248298.057
2025-03-01,México,287709.303
2025-04-01,México,294269.620
2025-05-01,México,291037.032
2025-06-01,México,270075.780
2025-07-01,México,321700.548
2025-08-01,México,271733.102
2025-09-01,México,324530.866
2025-10-01,México,352052.927
2025-11-01,México,307476.526
2025-12-01,México,328553.911
2026-01-01,México,275951.586
2026-02-01,México,297209.699
2026-03-01,México,316494.740
2026-04-01,México,317505.419
2026-05-01,México,332604.824
2026-06-01,México,330474.429
2026-07-01,México,394297.880
2010-01-01,Paraguay,17919.284
2010-02-01,Paraguay,18.791
2010-03-01,Paraguay,36.292
2010-04-01,Paraguay,0.000
2010-05-01,Paraguay,31.645
2010-06-01,Paraguay,17061.038
2010-07-01,Paraguay,0.000
2010-08-01,Paraguay,12.620
2010-09-01,Paraguay,0.000
2010-10-01,Paraguay,223.113
2010-11-01,Paraguay,0.000
2010-12-01,Paraguay,0.000
2011-01-01,Paraguay,5.028
2011-02-01,Paraguay,7.251
2011-03-01,Paraguay,11.311
2011-04-01,Paraguay,24646.398
2011-05-01,Paraguay,12.923
2011-06-01,Paraguay,13276.353
2011-07-01,Paraguay,15478.816
2011-08-01,Paraguay,26667.529
2011-09-01,Paraguay,20624.832
2011-10-01,Paraguay,37825.023
2011-11-01,Paraguay,36625.349
2011-12-01,Paraguay,7297.877
2012-01-01,Paraguay,7207.800
2012-02-01,Paraguay,6594.445
2012-03-01,Paraguay,50138.881
2012-04-01,Paraguay,5.473
2012-05-01,Paraguay,0.000
2012-06-01,Paraguay,75.987
2012-07-01,Paraguay,9865.665
2012-08-01,Paraguay,24978.131
2012-09-01,Paraguay,15.113
2012-10-01,Paraguay,8.313
2012-11-01,Paraguay,19.128
2012-12-01,Paraguay,19.540
2013-01-01,Paraguay,403.059
2013-02-01,Paraguay,7.659
2013-03-01,Paraguay,929.845
2013-04-01,Paraguay,12533.460
2013-05-01,Paraguay,0.000
2013-06-01,Paraguay,0.000
2013-07-01,Paraguay,20527.388
2013-08-01,Paraguay,2.292
2013-09-01,Paraguay,27117.847
2013-10-01,Paraguay,25.081
2013-11-01,Paraguay,6.769
2013-12-01,Paraguay,25753.877
2014-01-01,Paraguay,1117.082
2014-02-01,Paraguay,8517.522
2014-03-01,Paraguay,3680.036
2014-04-01,Paraguay,1140.293
2014-05-01,Paraguay,5435.428
2014-06-01,Paraguay,2013.947
2014-07-01,Paraguay,3701.306
2014-08-01,Paraguay,1432.279
2014-09-01,Paraguay,10512.957
2014-10-01,Paraguay,10090.245
2014-11-01,Paraguay,2275.956
2014-12-01,Paraguay,6584.230
2015-01-01,Paraguay,8920.633
2015-02-01,Paraguay,5697.554
2015-03-01,Paraguay,3434.682
2015-04-01,Paraguay,4991.004
2015-05-01,Paraguay,1761.770
2015-06-01,Paraguay,1066.530
2015-07-01,Paraguay,1592.076
2015-08-01,Paraguay,2164.881
2015-09-01,Paraguay,488.553
2015-10-01,Paraguay,839.408
2015-11-01,Paraguay,1327.327
2015-12-01,Paraguay,1281.647
2016-01-01,Paraguay,683.085
2016-02-01,Paraguay,811.459
2016-03-01,Paraguay,488.226
2016-04-01,Paraguay,5392.007
2016-05-01,Paraguay,3721.777
2016-06-01,Paraguay,4803.900
2016-07-01,Paraguay,2524.183
2016-08-01,Paraguay,1804.614
2016-09-01,Paraguay,1611.794
2016-10-01,Paraguay,1808.318
2016-11-01,Paraguay,1585.639
2016-12-01,Paraguay,2129.673
2017-01-01,Paraguay,619.799
2017-02-01,Paraguay,737.648
2017-03-01,Paraguay,405.546
2017-04-01,Paraguay,491.174
2017-05-01,Paraguay,1128.950
2017-06-01,Paraguay,1891.619
2017-07-01,Paraguay,1773.932
2017-08-01,Paraguay,1054.759
2017-09-01,Paraguay,417.179
2017-10-01,Paraguay,702.581
2017-11-01,Paraguay,657.592
2017-12-01,Paraguay,1567.416
2018-01-01,Paraguay,577.664
2018-02-01,Paraguay,702.994
2018-03-01,Paraguay,472.308
2018-04-01,Paraguay,1229.414
2018-05-01,Paraguay,1460.740
2018-06-01,Paraguay,1093.784
2018-07-01,Paraguay,629.656
2018-08-01,Paraguay,1432.608
2018-09-01,Paraguay,1945.298
2018-10-01,Paraguay,1493.505
2018-11-01,Paraguay,1514.299
2018-12-01,Paraguay,1184.805
2019-01-01,Paraguay,932.277
2019-02-01,Paraguay,597.708
2019-03-01,Paraguay,1217.704
2019-04-01,Paraguay,1079.720
2019-05-01,Paraguay,1432.208
2019-06-01,Paraguay,1122.887
2019-07-01,Paraguay,3747.674
2019-08-01,Paraguay,3965.701
2019-09-01,Paraguay,2051.887
2019-10-01,Paraguay,1597.134
2019-11-01,Paraguay,1418.658
2019-12-01,Paraguay,1402.470
2020-01-01,Paraguay,1792.853
2020-02-01,Paraguay,797.318
2020-03-01,Paraguay,2035.424
2020-04-01,Paraguay,1258.525
2020-05-01,Paraguay,954.323
2020-06-01,Paraguay,1123.872
2020-07-01,Paraguay,1619.809
2020-08-01,Paraguay,2035.866
2020-09-01,Paraguay,1782.502
2020-10-01,Paraguay,2352.763
2020-11-01,Paraguay,1152.918
2020-12-01,Paraguay,9556.957
2021-01-01,Paraguay,1271.452
2021-02-01,Paraguay,875.428
2021-03-01,Paraguay,1395.121
2021-04-01,Paraguay,1138.626
2021-05-01,Paraguay,995.137
2021-06-01,Paraguay,2403.932
2021-07-01,Paraguay,1820.115
2021-08-01,Paraguay,1431.490
2021-09-01,Paraguay,1407.612
2021-10-01,Paraguay,987.762
2021-11-01,Paraguay,1580.954
2021-12-01,Paraguay,1436.690
2022-01-01,Paraguay,4428.069
2022-02-01,Paraguay,2803.054
2022-03-01,Paraguay,1896.726
2022-04-01,Paraguay,3547.798
2022-05-01,Paraguay,1732.753
2022-06-01,Paraguay,2385.463
2022-07-01,Paraguay,2222.472
2022-08-01,Paraguay,6171.400
2022-09-01,Paraguay,6076.258
2022-10-01,Paraguay,2736.038
2022-11-01,Paraguay,2457.537
2022-12-01,Paraguay,3349.459
2023-01-01,Paraguay,1468.102
2023-02-01,Paraguay,11586.431
2023-03-01,Paraguay,2709.042
2023-04-01,Paraguay,3183.967
2023-05-01,Paraguay,2281.105
2023-06-01,Paraguay,1892.992
2023-07-01,Paraguay,1668.281
2023-08-01,Paraguay,2085.378
2023-09-01,Paraguay,1861.350
2023-10-01,Paraguay,2056.246
2023-11-01,Paraguay,2617.405
2023-12-01,Paraguay,21757.136
2024-01-01,Paraguay,2298.740
2024-02-01,Paraguay,1907.046
2024-03-01,Paraguay,1820.713
2024-04-01,Paraguay,2709.981
2024-05-01,Paraguay,2942.137
2024-06-01,Paraguay,2586.985
2024-07-01,Paraguay,3806.952
2024-08-01,Paraguay,2540.466
2024-09-01,Paraguay,2444.674
2024-10-01,Paraguay,1922.843
2024-11-01,Paraguay,4390.651
2024-12-01,Paraguay,3236.307
2025-01-01,Paraguay,2691.080
2025-02-01,Paraguay,2642.331
2025-03-01,Paraguay,1640.966
2025-04-01,Paraguay,4103.639
2025-05-01,Paraguay,2277.553
2025-06-01,Paraguay,4033.253
2025-07-01,Paraguay,2897.442
2025-08-01,Paraguay,3219.433
2025-09-01,Paraguay,2570.061
2025-10-01,Paraguay,2951.376
2025-11-01,Paraguay,2315.908
2025-12-01,Paraguay,4639.455
2026-01-01,Paraguay,2177.889
2026-02-01,Paraguay,3055.897
2026-03-01,Paraguay,2997.226
2026-04-01,Paraguay,4150.843
2026-05-01,Paraguay,4319.021
2026-06-01,Paraguay,5258.362
2026-07-01,Paraguay,5867.652
2010-01-01,Países Bajos,13183.068
2010-02-01,Países Bajos,25264.857
2010-03-01,Países Bajos,18311.686
2010-04-01,Países Bajos,16837.199
2010-05-01,Países Bajos,14093.584
2010-06-01,Países Bajos,14919.289
2010-07-01,Países Bajos,21193.531
2010-08-01,Países Bajos,32901.764
2010-09-01,Países Bajos,42760.784
2010-10-01,Países Bajos,19195.725
2010-11-01,Países Bajos,24009.364
2010-12-01,Países Bajos,18049.307
2011-01-01,Países Bajos,17870.170
2011-02-01,Países Bajos,23438.244
2011-03-01,Países Bajos,21609.028
2011-04-01,Países Bajos,21547.601
2011-05-01,Países Bajos,22840.586
2011-06-01,Países Bajos,24884.458
2011-07-01,Países Bajos,25394.468
2011-08-01,Países Bajos,24898.041
2011-09-01,Países Bajos,30767.740
2011-10-01,Países Bajos,20055.667
2011-11-01,Países Bajos,23842.630
2011-12-01,Países Bajos,24466.984
2012-01-01,Países Bajos,16817.870
2012-02-01,Países Bajos,15681.293
2012-03-01,Países Bajos,37960.539
2012-04-01,Países Bajos,19366.772
2012-05-01,Países Bajos,32815.419
2012-06-01,Países Bajos,32428.547
2012-07-01,Países Bajos,23086.113
2012-08-01,Países Bajos,25742.540
2012-09-01,Países Bajos,16955.216
2012-10-01,Países Bajos,15569.986
2012-11-01,Países Bajos,22017.620
2012-12-01,Países Bajos,20869.142
2013-01-01,Países Bajos,19071.696
2013-02-01,Países Bajos,18061.108
2013-03-01,Países Bajos,42187.808
2013-04-01,Países Bajos,33679.725
2013-05-01,Países Bajos,21412.530
2013-06-01,Países Bajos,18871.084
2013-07-01,Países Bajos,21447.919
2013-08-01,Países Bajos,19878.989
2013-09-01,Países Bajos,17756.638
2013-10-01,Países Bajos,20392.421
2013-11-01,Países Bajos,71889.037
2013-12-01,Países Bajos,22110.060
2014-01-01,Países Bajos,22694.660
2014-02-01,Países Bajos,36902.052
2014-03-01,Países Bajos,22512.368
2014-04-01,Países Bajos,19673.635
2014-05-01,Países Bajos,21195.193
2014-06-01,Países Bajos,21241.612
2014-07-01,Países Bajos,30645.620
2014-08-01,Países Bajos,27848.955
2014-09-01,Países Bajos,24247.715
2014-10-01,Países Bajos,21203.087
2014-11-01,Países Bajos,26503.896
2014-12-01,Países Bajos,19540.669
2015-01-01,Países Bajos,15164.349
2015-02-01,Países Bajos,19056.566
2015-03-01,Países Bajos,21833.932
2015-04-01,Países Bajos,16489.945
2015-05-01,Países Bajos,46046.968
2015-06-01,Países Bajos,32342.190
2015-07-01,Países Bajos,20081.685
2015-08-01,Países Bajos,21500.644
2015-09-01,Países Bajos,45335.098
2015-10-01,Países Bajos,63402.025
2015-11-01,Países Bajos,43041.130
2015-12-01,Países Bajos,15081.596
2016-01-01,Países Bajos,24899.676
2016-02-01,Países Bajos,22589.838
2016-03-01,Países Bajos,21370.086
2016-04-01,Países Bajos,20367.569
2016-05-01,Países Bajos,25794.877
2016-06-01,Países Bajos,17679.826
2016-07-01,Países Bajos,20589.959
2016-08-01,Países Bajos,19473.926
2016-09-01,Países Bajos,25312.422
2016-10-01,Países Bajos,39296.236
2016-11-01,Países Bajos,53001.786
2016-12-01,Países Bajos,20925.530
2017-01-01,Países Bajos,17947.277
2017-02-01,Países Bajos,19199.047
2017-03-01,Países Bajos,22461.889
2017-04-01,Países Bajos,19067.570
2017-05-01,Países Bajos,16323.216
2017-06-01,Países Bajos,38772.416
2017-07-01,Países Bajos,56610.159
2017-08-01,Países Bajos,19710.665
2017-09-01,Países Bajos,19731.838
2017-10-01,Países Bajos,22078.641
2017-11-01,Países Bajos,21914.867
2017-12-01,Países Bajos,17372.184
2018-01-01,Países Bajos,26738.351
2018-02-01,Países Bajos,19531.635
2018-03-01,Países Bajos,20036.013
2018-04-01,Países Bajos,18936.450
2018-05-01,Países Bajos,19440.125
2018-06-01,Países Bajos,18698.056
2018-07-01,Países Bajos,17599.567
2018-08-01,Países Bajos,25568.028
2018-09-01,Países Bajos,19545.549
2018-10-01,Países Bajos,21274.579
2018-11-01,Países Bajos,21911.860
2018-12-01,Países Bajos,16705.774
2019-01-01,Países Bajos,24861.008
2019-02-01,Países Bajos,15522.056
2019-03-01,Países Bajos,25326.087
2019-04-01,Países Bajos,19607.058
2019-05-01,Países Bajos,25860.185
2019-06-01,Países Bajos,22349.174
2019-07-01,Países Bajos,20278.572
2019-08-01,Países Bajos,26051.627
2019-09-01,Países Bajos,16377.750
2019-10-01,Países Bajos,27464.476
2019-11-01,Países Bajos,24905.631
2019-12-01,Países Bajos,18151.839
2020-01-01,Países Bajos,31145.473
2020-02-01,Países Bajos,22990.956
2020-03-01,Países Bajos,21438.807
2020-04-01,Países Bajos,18192.595
2020-05-01,Países Bajos,14431.683
2020-06-01,Países Bajos,14192.444
2020-07-01,Países Bajos,21053.813
2020-08-01,Países Bajos,20705.906
2020-09-01,Países Bajos,16694.486
2020-10-01,Países Bajos,24082.475
2020-11-01,Países Bajos,23062.569
2020-12-01,Países Bajos,22997.537
2021-01-01,Países Bajos,35002.826
2021-02-01,Países Bajos,24407.292
2021-03-01,Países Bajos,26559.129
2021-04-01,Países Bajos,51667.167
2021-05-01,Países Bajos,39690.362
2021-06-01,Países Bajos,29043.060
2021-07-01,Países Bajos,28756.218
2021-08-01,Países Bajos,57995.881
2021-09-01,Países Bajos,53672.250
2021-10-01,Países Bajos,54051.164
2021-11-01,Países Bajos,54893.522
2021-12-01,Países Bajos,32973.564
2022-01-01,Países Bajos,31954.884
2022-02-01,Países Bajos,35008.273
2022-03-01,Países Bajos,46404.244
2022-04-01,Países Bajos,37237.905
2022-05-01,Países Bajos,26263.124
2022-06-01,Países Bajos,50762.156
2022-07-01,Países Bajos,44546.039
2022-08-01,Países Bajos,102954.903
2022-09-01,Países Bajos,73443.041
2022-10-01,Países Bajos,35935.911
2022-11-01,Países Bajos,30561.265
2022-12-01,Países Bajos,29959.552
2023-01-01,Países Bajos,32272.174
2023-02-01,Países Bajos,37300.230
2023-03-01,Países Bajos,30944.801
2023-04-01,Países Bajos,73558.589
2023-05-01,Países Bajos,38094.286
2023-06-01,Países Bajos,60908.134
2023-07-01,Países Bajos,26689.919
2023-08-01,Países Bajos,32385.522
2023-09-01,Países Bajos,32854.882
2023-10-01,Países Bajos,140560.780
2023-11-01,Países Bajos,74369.780
2023-12-01,Países Bajos,26991.222
2024-01-01,Países Bajos,32086.543
2024-02-01,Países Bajos,31292.894
2024-03-01,Países Bajos,28372.381
2024-04-01,Países Bajos,32352.301
2024-05-01,Países Bajos,69795.467
2024-06-01,Países Bajos,21111.150
2024-07-01,Países Bajos,55912.794
2024-08-01,Países Bajos,65661.834
2024-09-01,Países Bajos,23485.169
2024-10-01,Países Bajos,52652.418
2024-11-01,Países Bajos,26015.877
2024-12-01,Países Bajos,31394.504
2025-01-01,Países Bajos,23442.620
2025-02-01,Países Bajos,31229.211
2025-03-01,Países Bajos,56123.728
2025-04-01,Países Bajos,35368.026
2025-05-01,Países Bajos,78983.894
2025-06-01,Países Bajos,31214.621
2025-07-01,Países Bajos,29773.536
2025-08-01,Países Bajos,36461.021
2025-09-01,Países Bajos,25266.697
2025-10-01,Países Bajos,26710.299
2025-11-01,Países Bajos,37868.279
2025-12-01,Países Bajos,35903.955
2026-01-01,Países Bajos,24929.408
2026-02-01,Países Bajos,28331.543
2026-03-01,Países Bajos,35031.551
2026-04-01,Países Bajos,26467.186
2026-05-01,Países Bajos,52765.394
2026-06-01,Países Bajos,28036.984
2026-07-01,Países Bajos,35517.336
2010-01-01,Perú,48697.231
2010-02-01,Perú,54169.455
2010-03-01,Perú,72428.117
2010-04-01,Perú,68157.706
2010-05-01,Perú,43498.692
2010-06-01,Perú,69668.570
2010-07-01,Perú,60991.537
2010-08-01,Perú,66530.911
2010-09-01,Perú,75624.238
2010-10-01,Perú,71879.673
2010-11-01,Perú,75078.850
2010-12-01,Perú,79523.854
2011-01-01,Perú,65658.052
2011-02-01,Perú,74256.460
2011-03-01,Perú,110924.089
2011-04-01,Perú,72105.467
2011-05-01,Perú,115513.745
2011-06-01,Perú,73680.197
2011-07-01,Perú,77788.091
2011-08-01,Perú,78794.227
2011-09-01,Perú,92598.011
2011-10-01,Perú,84607.386
2011-11-01,Perú,90566.683
2011-12-01,Perú,88047.032
2012-01-01,Perú,72192.361
2012-02-01,Perú,79298.810
2012-03-01,Perú,83303.631
2012-04-01,Perú,69339.436
2012-05-01,Perú,83266.935
2012-06-01,Perú,85127.376
2012-07-01,Perú,62857.411
2012-08-01,Perú,86895.201
2012-09-01,Perú,65573.464
2012-10-01,Perú,88492.132
2012-11-01,Perú,78892.060
2012-12-01,Perú,73595.753
2013-01-01,Perú,81356.817
2013-02-01,Perú,52741.841
2013-03-01,Perú,57784.438
2013-04-01,Perú,67578.966
2013-05-01,Perú,77472.626
2013-06-01,Perú,64854.657
2013-07-01,Perú,72975.757
2013-08-01,Perú,59478.194
2013-09-01,Perú,73673.621
2013-10-01,Perú,89656.804
2013-11-01,Perú,68153.466
2013-12-01,Perú,104454.211
2014-01-01,Perú,76534.070
2014-02-01,Perú,73435.956
2014-03-01,Perú,94387.796
2014-04-01,Perú,132064.265
2014-05-01,Perú,108992.611
2014-06-01,Perú,101730.054
2014-07-01,Perú,60463.390
2014-08-01,Perú,80157.408
2014-09-01,Perú,104168.925
2014-10-01,Perú,116261.994
2014-11-01,Perú,98524.230
2014-12-01,Perú,158089.974
2015-01-01,Perú,92627.184
2015-02-01,Perú,68790.295
2015-03-01,Perú,71414.442
2015-04-01,Perú,87060.848
2015-05-01,Perú,74994.518
2015-06-01,Perú,100784.986
2015-07-01,Perú,103088.788
2015-08-01,Perú,64665.288
2015-09-01,Perú,85755.236
2015-10-01,Perú,63598.081
2015-11-01,Perú,61794.279
2015-12-01,Perú,62651.715
2016-01-01,Perú,57596.820
2016-02-01,Perú,52465.094
2016-03-01,Perú,54437.843
2016-04-01,Perú,58829.124
2016-05-01,Perú,55305.079
2016-06-01,Perú,47945.788
2016-07-01,Perú,42561.732
2016-08-01,Perú,55893.320
2016-09-01,Perú,72010.972
2016-10-01,Perú,54216.977
2016-11-01,Perú,62627.890
2016-12-01,Perú,68362.849
2017-01-01,Perú,57155.260
2017-02-01,Perú,58992.659
2017-03-01,Perú,67570.668
2017-04-01,Perú,52919.826
2017-05-01,Perú,42083.912
2017-06-01,Perú,50875.089
2017-07-01,Perú,41028.707
2017-08-01,Perú,56212.087
2017-09-01,Perú,61821.179
2017-10-01,Perú,53994.542
2017-11-01,Perú,64317.338
2017-12-01,Perú,55619.778
2018-01-01,Perú,56793.545
2018-02-01,Perú,57906.389
2018-03-01,Perú,63448.333
2018-04-01,Perú,63720.962
2018-05-01,Perú,58478.194
2018-06-01,Perú,61348.932
2018-07-01,Perú,57166.474
2018-08-01,Perú,73606.265
2018-09-01,Perú,50773.434
2018-10-01,Perú,76858.648
2018-11-01,Perú,69834.690
2018-12-01,Perú,60715.851
2019-01-01,Perú,65336.896
2019-02-01,Perú,55693.907
2019-03-01,Perú,58182.395
2019-04-01,Perú,72570.270
2019-05-01,Perú,47408.954
2019-06-01,Perú,64125.751
2019-07-01,Perú,70364.280
2019-08-01,Perú,64024.986
2019-09-01,Perú,61229.055
2019-10-01,Perú,66074.525
2019-11-01,Perú,65899.421
2019-12-01,Perú,58521.169
2020-01-01,Perú,73198.052
2020-02-01,Perú,69032.534
2020-03-01,Perú,56627.489
2020-04-01,Perú,37745.383
2020-05-01,Perú,36243.516
2020-06-01,Perú,33698.725
2020-07-01,Perú,52452.519
2020-08-01,Perú,49257.403
2020-09-01,Perú,60840.178
2020-10-01,Perú,70082.308
2020-11-01,Perú,68232.814
2020-12-01,Perú,73535.841
2021-01-01,Perú,62471.366
2021-02-01,Perú,63353.205
2021-03-01,Perú,73378.073
2021-04-01,Perú,56239.829
2021-05-01,Perú,44954.597
2021-06-01,Perú,47146.203
2021-07-01,Perú,76565.012
2021-08-01,Perú,80687.278
2021-09-01,Perú,92380.892
2021-10-01,Perú,67004.170
2021-11-01,Perú,115318.568
2021-12-01,Perú,76747.424
2022-01-01,Perú,63555.907
2022-02-01,Perú,79966.217
2022-03-01,Perú,99267.426
2022-04-01,Perú,83886.751
2022-05-01,Perú,109235.149
2022-06-01,Perú,94334.828
2022-07-01,Perú,70925.438
2022-08-01,Perú,87235.070
2022-09-01,Perú,80847.506
2022-10-01,Perú,93427.145
2022-11-01,Perú,81369.797
2022-12-01,Perú,77269.294
2023-01-01,Perú,78963.016
2023-02-01,Perú,66843.535
2023-03-01,Perú,93856.871
2023-04-01,Perú,52764.402
2023-05-01,Perú,57134.903
2023-06-01,Perú,57284.290
2023-07-01,Perú,49121.009
2023-08-01,Perú,55203.567
2023-09-01,Perú,55997.419
2023-10-01,Perú,87425.185
2023-11-01,Perú,67204.954
2023-12-01,Perú,72297.509
2024-01-01,Perú,55339.606
2024-02-01,Perú,69086.989
2024-03-01,Perú,56847.709
2024-04-01,Perú,78785.754
2024-05-01,Perú,69507.275
2024-06-01,Perú,79697.734
2024-07-01,Perú,70936.769
2024-08-01,Perú,81353.251
2024-09-01,Perú,59381.611
2024-10-01,Perú,89966.861
2024-11-01,Perú,86806.983
2024-12-01,Perú,74967.340
2025-01-01,Perú,67110.449
2025-02-01,Perú,104787.621
2025-03-01,Perú,79962.386
2025-04-01,Perú,77052.991
2025-05-01,Perú,88643.220
2025-06-01,Perú,69648.920
2025-07-01,Perú,94249.463
2025-08-01,Perú,96090.007
2025-09-01,Perú,103852.103
2025-10-01,Perú,109659.223
2025-11-01,Perú,115850.622
2025-12-01,Perú,99953.014
2026-01-01,Perú,91301.265
2026-02-01,Perú,96191.295
2026-03-01,Perú,87300.819
2026-04-01,Perú,103749.722
2026-05-01,Perú,93522.947
2026-06-01,Perú,93171.699
2026-07-01,Perú,138065.873
2010-01-01,Reino Unido,20545.804
2010-02-01,Reino Unido,21598.081
2010-03-01,Reino Unido,72408.094
2010-04-01,Reino Unido,23535.359
2010-05-01,Reino Unido,33925.724
2010-06-01,Reino Unido,27307.863
2010-07-01,Reino Unido,85142.207
2010-08-01,Reino Unido,22874.579
2010-09-01,Reino Unido,30242.980
2010-10-01,Reino Unido,28149.930
2010-11-01,Reino Unido,24248.654
2010-12-01,Reino Unido,26389.566
2011-01-01,Reino Unido,26361.451
2011-02-01,Reino Unido,33992.473
2011-03-01,Reino Unido,39296.413
2011-04-01,Reino Unido,36096.679
2011-05-01,Reino Unido,37084.929
2011-06-01,Reino Unido,33247.652
2011-07-01,Reino Unido,34197.802
2011-08-01,Reino Unido,42345.971
2011-09-01,Reino Unido,46421.364
2011-10-01,Reino Unido,49329.922
2011-11-01,Reino Unido,29558.241
2011-12-01,Reino Unido,38555.546
2012-01-01,Reino Unido,35167.501
2012-02-01,Reino Unido,35522.075
2012-03-01,Reino Unido,38112.332
2012-04-01,Reino Unido,57048.738
2012-05-01,Reino Unido,54301.430
2012-06-01,Reino Unido,41232.536
2012-07-01,Reino Unido,49761.771
2012-08-01,Reino Unido,63729.891
2012-09-01,Reino Unido,49858.826
2012-10-01,Reino Unido,53111.249
2012-11-01,Reino Unido,44965.366
2012-12-01,Reino Unido,44777.231
2013-01-01,Reino Unido,40966.228
2013-02-01,Reino Unido,31349.241
2013-03-01,Reino Unido,33964.017
2013-04-01,Reino Unido,44006.116
2013-05-01,Reino Unido,45961.348
2013-06-01,Reino Unido,42969.599
2013-07-01,Reino Unido,43682.680
2013-08-01,Reino Unido,43340.506
2013-09-01,Reino Unido,49253.560
2013-10-01,Reino Unido,53438.616
2013-11-01,Reino Unido,44848.230
2013-12-01,Reino Unido,37114.673
2014-01-01,Reino Unido,38665.029
2014-02-01,Reino Unido,47841.910
2014-03-01,Reino Unido,45761.478
2014-04-01,Reino Unido,57974.006
2014-05-01,Reino Unido,43220.154
2014-06-01,Reino Unido,47991.427
2014-07-01,Reino Unido,47653.368
2014-08-01,Reino Unido,60608.701
2014-09-01,Reino Unido,51108.362
2014-10-01,Reino Unido,65885.382
2014-11-01,Reino Unido,47324.597
2014-12-01,Reino Unido,44446.921
2015-01-01,Reino Unido,37413.528
2015-02-01,Reino Unido,79948.101
2015-03-01,Reino Unido,37181.491
2015-04-01,Reino Unido,55987.025
2015-05-01,Reino Unido,38389.706
2015-06-01,Reino Unido,34312.929
2015-07-01,Reino Unido,41770.833
2015-08-01,Reino Unido,43078.207
2015-09-01,Reino Unido,37197.597
2015-10-01,Reino Unido,61636.856
2015-11-01,Reino Unido,36795.627
2015-12-01,Reino Unido,32425.588
2016-01-01,Reino Unido,26634.371
2016-02-01,Reino Unido,28076.943
2016-03-01,Reino Unido,44492.468
2016-04-01,Reino Unido,29056.723
2016-05-01,Reino Unido,29179.331
2016-06-01,Reino Unido,31416.523
2016-07-01,Reino Unido,27827.745
2016-08-01,Reino Unido,27349.987
2016-09-01,Reino Unido,46718.243
2016-10-01,Reino Unido,29711.413
2016-11-01,Reino Unido,39843.884
2016-12-01,Reino Unido,55310.125
2017-01-01,Reino Unido,24941.324
2017-02-01,Reino Unido,51623.074
2017-03-01,Reino Unido,46690.904
2017-04-01,Reino Unido,27899.561
2017-05-01,Reino Unido,28590.490
2017-06-01,Reino Unido,30325.317
2017-07-01,Reino Unido,34978.573
2017-08-01,Reino Unido,44888.545
2017-09-01,Reino Unido,52048.436
2017-10-01,Reino Unido,58450.953
2017-11-01,Reino Unido,30475.489
2017-12-01,Reino Unido,31740.271
2018-01-01,Reino Unido,32250.579
2018-02-01,Reino Unido,62589.447
2018-03-01,Reino Unido,80751.666
2018-04-01,Reino Unido,65915.438
2018-05-01,Reino Unido,29572.184
2018-06-01,Reino Unido,31077.512
2018-07-01,Reino Unido,29717.665
2018-08-01,Reino Unido,40608.784
2018-09-01,Reino Unido,37696.618
2018-10-01,Reino Unido,39629.097
2018-11-01,Reino Unido,43980.865
2018-12-01,Reino Unido,32282.613
2019-01-01,Reino Unido,31393.682
2019-02-01,Reino Unido,35178.544
2019-03-01,Reino Unido,62305.680
2019-04-01,Reino Unido,79681.513
2019-05-01,Reino Unido,87928.602
2019-06-01,Reino Unido,28360.048
2019-07-01,Reino Unido,39517.714
2019-08-01,Reino Unido,45579.177
2019-09-01,Reino Unido,46172.223
2019-10-01,Reino Unido,39568.445
2019-11-01,Reino Unido,66886.384
2019-12-01,Reino Unido,34659.681
2020-01-01,Reino Unido,42243.038
2020-02-01,Reino Unido,35296.858
2020-03-01,Reino Unido,32692.242
2020-04-01,Reino Unido,38224.774
2020-05-01,Reino Unido,38392.067
2020-06-01,Reino Unido,26860.402
2020-07-01,Reino Unido,31510.114
2020-08-01,Reino Unido,37671.613
2020-09-01,Reino Unido,48614.091
2020-10-01,Reino Unido,38288.386
2020-11-01,Reino Unido,37794.040
2020-12-01,Reino Unido,33545.276
2021-01-01,Reino Unido,47484.567
2021-02-01,Reino Unido,31398.148
2021-03-01,Reino Unido,39789.502
2021-04-01,Reino Unido,44838.078
2021-05-01,Reino Unido,33508.644
2021-06-01,Reino Unido,42151.673
2021-07-01,Reino Unido,46143.725
2021-08-01,Reino Unido,45143.251
2021-09-01,Reino Unido,45786.813
2021-10-01,Reino Unido,57891.677
2021-11-01,Reino Unido,42224.006
2021-12-01,Reino Unido,35032.382
2022-01-01,Reino Unido,63500.724
2022-02-01,Reino Unido,34698.084
2022-03-01,Reino Unido,115379.963
2022-04-01,Reino Unido,82283.892
2022-05-01,Reino Unido,164557.355
2022-06-01,Reino Unido,87393.547
2022-07-01,Reino Unido,38932.214
2022-08-01,Reino Unido,49948.386
2022-09-01,Reino Unido,46193.758
2022-10-01,Reino Unido,81513.544
2022-11-01,Reino Unido,86830.093
2022-12-01,Reino Unido,37269.984
2023-01-01,Reino Unido,33918.181
2023-02-01,Reino Unido,66133.562
2023-03-01,Reino Unido,72036.874
2023-04-01,Reino Unido,26502.340
2023-05-01,Reino Unido,106520.644
2023-06-01,Reino Unido,73155.852
2023-07-01,Reino Unido,41313.528
2023-08-01,Reino Unido,57889.121
2023-09-01,Reino Unido,77290.645
2023-10-01,Reino Unido,44077.637
2023-11-01,Reino Unido,36672.713
2023-12-01,Reino Unido,69136.492
2024-01-01,Reino Unido,32135.053
2024-02-01,Reino Unido,35253.943
2024-03-01,Reino Unido,25464.583
2024-04-01,Reino Unido,44169.974
2024-05-01,Reino Unido,71000.709
2024-06-01,Reino Unido,34113.526
2024-07-01,Reino Unido,48163.387
2024-08-01,Reino Unido,41604.341
2024-09-01,Reino Unido,56084.263
2024-10-01,Reino Unido,52973.861
2024-11-01,Reino Unido,54537.080
2024-12-01,Reino Unido,57557.055
2025-01-01,Reino Unido,44133.747
2025-02-01,Reino Unido,38660.743
2025-03-01,Reino Unido,32311.595
2025-04-01,Reino Unido,53417.566
2025-05-01,Reino Unido,41457.458
2025-06-01,Reino Unido,53482.332
2025-07-01,Reino Unido,61919.983
2025-08-01,Reino Unido,44673.290
2025-09-01,Reino Unido,46741.533
2025-10-01,Reino Unido,53802.013
2025-11-01,Reino Unido,42244.256
2025-12-01,Reino Unido,42522.894
2026-01-01,Reino Unido,34415.952
2026-02-01,Reino Unido,48969.642
2026-03-01,Reino Unido,43030.244
2026-04-01,Reino Unido,45908.150
2026-05-01,Reino Unido,40509.383
2026-06-01,Reino Unido,63013.203
2026-07-01,Reino Unido,63873.832
2010-01-01,Rusia,11363.405
2010-02-01,Rusia,5126.424
2010-03-01,Rusia,16319.485
2010-04-01,Rusia,11550.153
2010-05-01,Rusia,6259.581
2010-06-01,Rusia,26102.748
2010-07-01,Rusia,27235.678
2010-08-01,Rusia,28138.589
2010-09-01,Rusia,20218.175
2010-10-01,Rusia,7188.660
2010-11-01,Rusia,6765.659
2010-12-01,Rusia,16216.504
2011-01-01,Rusia,17217.857
2011-02-01,Rusia,7314.084
2011-03-01,Rusia,15290.007
2011-04-01,Rusia,20374.799
2011-05-01,Rusia,12787.736
2011-06-01,Rusia,10843.374
2011-07-01,Rusia,21166.903
2011-08-01,Rusia,46830.428
2011-09-01,Rusia,16948.903
2011-10-01,Rusia,25342.508
2011-11-01,Rusia,32133.991
2011-12-01,Rusia,20180.231
2012-01-01,Rusia,13031.543
2012-02-01,Rusia,27115.074
2012-03-01,Rusia,22825.758
2012-04-01,Rusia,16591.535
2012-05-01,Rusia,35158.715
2012-06-01,Rusia,43504.253
2012-07-01,Rusia,52551.630
2012-08-01,Rusia,39434.253
2012-09-01,Rusia,28654.601
2012-10-01,Rusia,46495.688
2012-11-01,Rusia,54881.008
2012-12-01,Rusia,24691.553
2013-01-01,Rusia,17283.905
2013-02-01,Rusia,35347.698
2013-03-01,Rusia,22063.285
2013-04-01,Rusia,37219.244
2013-05-01,Rusia,27508.454
2013-06-01,Rusia,34199.118
2013-07-01,Rusia,25226.483
2013-08-01,Rusia,26534.811
2013-09-01,Rusia,15747.263
2013-10-01,Rusia,18005.129
2013-11-01,Rusia,20222.658
2013-12-01,Rusia,25305.162
2014-01-01,Rusia,41214.678
2014-02-01,Rusia,25981.795
2014-03-01,Rusia,27360.528
2014-04-01,Rusia,35496.952
2014-05-01,Rusia,54156.997
2014-06-01,Rusia,37416.910
2014-07-01,Rusia,40315.222
2014-08-01,Rusia,24808.204
2014-09-01,Rusia,31711.161
2014-10-01,Rusia,28617.732
2014-11-01,Rusia,26646.926
2014-12-01,Rusia,30440.546
2015-01-01,Rusia,28807.942
2015-02-01,Rusia,21427.324
2015-03-01,Rusia,33493.096
2015-04-01,Rusia,37182.557
2015-05-01,Rusia,37092.459
2015-06-01,Rusia,41381.013
2015-07-01,Rusia,43219.852
2015-08-01,Rusia,47459.038
2015-09-01,Rusia,28660.849
2015-10-01,Rusia,24747.867
2015-11-01,Rusia,20345.728
2015-12-01,Rusia,39997.061
2016-01-01,Rusia,22107.920
2016-02-01,Rusia,34793.159
2016-03-01,Rusia,12400.363
2016-04-01,Rusia,18961.636
2016-05-01,Rusia,25801.996
2016-06-01,Rusia,29513.443
2016-07-01,Rusia,12133.742
2016-08-01,Rusia,20964.773
2016-09-01,Rusia,21987.390
2016-10-01,Rusia,18838.861
2016-11-01,Rusia,16225.591
2016-12-01,Rusia,22043.406
2017-01-01,Rusia,17078.406
2017-02-01,Rusia,20420.083
2017-03-01,Rusia,17346.231
2017-04-01,Rusia,15692.000
2017-05-01,Rusia,25656.617
2017-06-01,Rusia,49463.954
2017-07-01,Rusia,29767.574
2017-08-01,Rusia,35418.338
2017-09-01,Rusia,21051.508
2017-10-01,Rusia,16264.593
2017-11-01,Rusia,23381.013
2017-12-01,Rusia,14162.547
2018-01-01,Rusia,25455.974
2018-02-01,Rusia,22460.976
2018-03-01,Rusia,24523.296
2018-04-01,Rusia,34935.757
2018-05-01,Rusia,14736.011
2018-06-01,Rusia,23564.606
2018-07-01,Rusia,32643.184
2018-08-01,Rusia,36939.972
2018-09-01,Rusia,19244.772
2018-10-01,Rusia,19824.932
2018-11-01,Rusia,30102.558
2018-12-01,Rusia,26202.804
2019-01-01,Rusia,17147.514
2019-02-01,Rusia,21559.797
2019-03-01,Rusia,14127.837
2019-04-01,Rusia,21317.027
2019-05-01,Rusia,11491.009
2019-06-01,Rusia,18782.433
2019-07-01,Rusia,31745.951
2019-08-01,Rusia,23441.031
2019-09-01,Rusia,27871.688
2019-10-01,Rusia,12488.268
2019-11-01,Rusia,23262.653
2019-12-01,Rusia,14033.172
2020-01-01,Rusia,22722.170
2020-02-01,Rusia,17786.958
2020-03-01,Rusia,10980.229
2020-04-01,Rusia,25866.898
2020-05-01,Rusia,24494.070
2020-06-01,Rusia,12784.838
2020-07-01,Rusia,18294.628
2020-08-01,Rusia,15735.512
2020-09-01,Rusia,12119.870
2020-10-01,Rusia,21138.763
2020-11-01,Rusia,26950.252
2020-12-01,Rusia,21830.038
2021-01-01,Rusia,19257.711
2021-02-01,Rusia,9105.795
2021-03-01,Rusia,21970.423
2021-04-01,Rusia,30946.542
2021-05-01,Rusia,40656.636
2021-06-01,Rusia,25743.631
2021-07-01,Rusia,62067.556
2021-08-01,Rusia,33561.416
2021-09-01,Rusia,70485.956
2021-10-01,Rusia,73748.716
2021-11-01,Rusia,73213.094
2021-12-01,Rusia,72858.303
2022-01-01,Rusia,70117.617
2022-02-01,Rusia,71573.791
2022-03-01,Rusia,52444.037
2022-04-01,Rusia,21000.231
2022-05-01,Rusia,39640.427
2022-06-01,Rusia,16996.939
2022-07-01,Rusia,31990.625
2022-08-01,Rusia,31623.154
2022-09-01,Rusia,18340.116
2022-10-01,Rusia,36070.958
2022-11-01,Rusia,32802.106
2022-12-01,Rusia,28969.184
2023-01-01,Rusia,25468.100
2023-02-01,Rusia,34424.139
2023-03-01,Rusia,21030.547
2023-04-01,Rusia,40858.550
2023-05-01,Rusia,22642.018
2023-06-01,Rusia,8214.692
2023-07-01,Rusia,19918.546
2023-08-01,Rusia,40185.265
2023-09-01,Rusia,30458.521
2023-10-01,Rusia,19944.914
2023-11-01,Rusia,30428.456
2023-12-01,Rusia,32184.547
2024-01-01,Rusia,22096.801
2024-02-01,Rusia,27240.019
2024-03-01,Rusia,24106.303
2024-04-01,Rusia,25294.280
2024-05-01,Rusia,31128.833
2024-06-01,Rusia,28599.103
2024-07-01,Rusia,33903.144
2024-08-01,Rusia,16305.870
2024-09-01,Rusia,28080.205
2024-10-01,Rusia,22977.126
2024-11-01,Rusia,21559.764
2024-12-01,Rusia,28571.525
2025-01-01,Rusia,9427.802
2025-02-01,Rusia,31690.768
2025-03-01,Rusia,23436.255
2025-04-01,Rusia,27620.668
2025-05-01,Rusia,50485.046
2025-06-01,Rusia,25033.611
2025-07-01,Rusia,26917.167
2025-08-01,Rusia,27627.795
2025-09-01,Rusia,7120.748
2025-10-01,Rusia,25924.120
2025-11-01,Rusia,30076.455
2025-12-01,Rusia,31816.002
2026-01-01,Rusia,11544.767
2026-02-01,Rusia,11474.675
2026-03-01,Rusia,35160.943
2026-04-01,Rusia,31100.139
2026-05-01,Rusia,50909.162
2026-06-01,Rusia,50408.907
2026-07-01,Rusia,37717.522
2010-01-01,Suecia,14472.621
2010-02-01,Suecia,7680.764
2010-03-01,Suecia,16664.522
2010-04-01,Suecia,10887.539
2010-05-01,Suecia,9536.366
2010-06-01,Suecia,9071.715
2010-07-01,Suecia,14851.546
2010-08-01,Suecia,11694.440
2010-09-01,Suecia,9979.365
2010-10-01,Suecia,12451.374
2010-11-01,Suecia,13758.168
2010-12-01,Suecia,19991.773
2011-01-01,Suecia,29626.658
2011-02-01,Suecia,21792.521
2011-03-01,Suecia,28214.410
2011-04-01,Suecia,30837.989
2011-05-01,Suecia,19523.543
2011-06-01,Suecia,15447.148
2011-07-01,Suecia,20588.981
2011-08-01,Suecia,13107.236
2011-09-01,Suecia,19040.488
2011-10-01,Suecia,26722.323
2011-11-01,Suecia,19686.969
2011-12-01,Suecia,17957.202
2012-01-01,Suecia,17738.885
2012-02-01,Suecia,20215.212
2012-03-01,Suecia,23568.346
2012-04-01,Suecia,15512.013
2012-05-01,Suecia,15437.978
2012-06-01,Suecia,13108.706
2012-07-01,Suecia,13460.725
2012-08-01,Suecia,17435.403
2012-09-01,Suecia,12074.593
2012-10-01,Suecia,16929.936
2012-11-01,Suecia,13038.084
2012-12-01,Suecia,17114.399
2013-01-01,Suecia,13305.041
2013-02-01,Suecia,10997.339
2013-03-01,Suecia,11795.734
2013-04-01,Suecia,12059.060
2013-05-01,Suecia,14551.382
2013-06-01,Suecia,13617.936
2013-07-01,Suecia,20355.419
2013-08-01,Suecia,17643.610
2013-09-01,Suecia,9658.558
2013-10-01,Suecia,15169.923
2013-11-01,Suecia,12855.644
2013-12-01,Suecia,15501.116
2014-01-01,Suecia,8632.263
2014-02-01,Suecia,20530.742
2014-03-01,Suecia,11829.669
2014-04-01,Suecia,14707.016
2014-05-01,Suecia,11013.539
2014-06-01,Suecia,11044.223
2014-07-01,Suecia,15919.532
2014-08-01,Suecia,13150.611
2014-09-01,Suecia,13995.379
2014-10-01,Suecia,10834.485
2014-11-01,Suecia,13218.110
2014-12-01,Suecia,11091.387
2015-01-01,Suecia,11271.838
2015-02-01,Suecia,10083.310
2015-03-01,Suecia,10595.354
2015-04-01,Suecia,10469.566
2015-05-01,Suecia,8744.157
2015-06-01,Suecia,11097.949
2015-07-01,Suecia,21254.416
2015-08-01,Suecia,7488.105
2015-09-01,Suecia,8663.656
2015-10-01,Suecia,12106.289
2015-11-01,Suecia,12438.766
2015-12-01,Suecia,17745.953
2016-01-01,Suecia,18044.906
2016-02-01,Suecia,13683.169
2016-03-01,Suecia,9667.930
2016-04-01,Suecia,8528.253
2016-05-01,Suecia,9652.946
2016-06-01,Suecia,10684.275
2016-07-01,Suecia,9829.822
2016-08-01,Suecia,11203.619
2016-09-01,Suecia,8603.891
2016-10-01,Suecia,11198.809
2016-11-01,Suecia,10248.962
2016-12-01,Suecia,10556.027
2017-01-01,Suecia,8789.577
2017-02-01,Suecia,9813.304
2017-03-01,Suecia,13666.315
2017-04-01,Suecia,13956.221
2017-05-01,Suecia,14567.933
2017-06-01,Suecia,12465.363
2017-07-01,Suecia,10064.156
2017-08-01,Suecia,14876.418
2017-09-01,Suecia,12986.619
2017-10-01,Suecia,16495.456
2017-11-01,Suecia,11591.061
2017-12-01,Suecia,12463.853
2018-01-01,Suecia,12610.942
2018-02-01,Suecia,10628.621
2018-03-01,Suecia,11735.005
2018-04-01,Suecia,12533.763
2018-05-01,Suecia,10112.557
2018-06-01,Suecia,14169.830
2018-07-01,Suecia,13977.374
2018-08-01,Suecia,15015.213
2018-09-01,Suecia,12478.616
2018-10-01,Suecia,14883.040
2018-11-01,Suecia,13573.275
2018-12-01,Suecia,10231.484
2019-01-01,Suecia,11638.702
2019-02-01,Suecia,10884.590
2019-03-01,Suecia,12837.400
2019-04-01,Suecia,11080.789
2019-05-01,Suecia,13322.828
2019-06-01,Suecia,11592.404
2019-07-01,Suecia,14383.639
2019-08-01,Suecia,16312.644
2019-09-01,Suecia,10212.709
2019-10-01,Suecia,12491.905
2019-11-01,Suecia,12624.861
2019-12-01,Suecia,11972.975
2020-01-01,Suecia,19156.420
2020-02-01,Suecia,14622.400
2020-03-01,Suecia,22734.152
2020-04-01,Suecia,10638.430
2020-05-01,Suecia,13486.413
2020-06-01,Suecia,16332.638
2020-07-01,Suecia,13844.224
2020-08-01,Suecia,14729.648
2020-09-01,Suecia,10548.475
2020-10-01,Suecia,19628.901
2020-11-01,Suecia,13210.981
2020-12-01,Suecia,9008.916
2021-01-01,Suecia,11644.923
2021-02-01,Suecia,15643.365
2021-03-01,Suecia,18902.740
2021-04-01,Suecia,13810.815
2021-05-01,Suecia,15091.121
2021-06-01,Suecia,12275.466
2021-07-01,Suecia,16408.491
2021-08-01,Suecia,12130.662
2021-09-01,Suecia,20855.020
2021-10-01,Suecia,12834.796
2021-11-01,Suecia,18993.683
2021-12-01,Suecia,19568.195
2022-01-01,Suecia,13567.220
2022-02-01,Suecia,21807.320
2022-03-01,Suecia,13595.570
2022-04-01,Suecia,14371.649
2022-05-01,Suecia,17428.672
2022-06-01,Suecia,11450.200
2022-07-01,Suecia,27164.896
2022-08-01,Suecia,17695.670
2022-09-01,Suecia,30166.021
2022-10-01,Suecia,16342.066
2022-11-01,Suecia,21780.010
2022-12-01,Suecia,22090.143
2023-01-01,Suecia,23414.276
2023-02-01,Suecia,17220.422
2023-03-01,Suecia,16493.069
2023-04-01,Suecia,31861.045
2023-05-01,Suecia,18261.037
2023-06-01,Suecia,19907.054
2023-07-01,Suecia,23560.427
2023-08-01,Suecia,30883.521
2023-09-01,Suecia,14852.233
2023-10-01,Suecia,34376.389
2023-11-01,Suecia,33779.196
2023-12-01,Suecia,13643.050
2024-01-01,Suecia,26753.747
2024-02-01,Suecia,13898.448
2024-03-01,Suecia,14851.632
2024-04-01,Suecia,32662.918
2024-05-01,Suecia,16414.007
2024-06-01,Suecia,14207.917
2024-07-01,Suecia,21737.583
2024-08-01,Suecia,13598.303
2024-09-01,Suecia,20617.138
2024-10-01,Suecia,25773.073
2024-11-01,Suecia,12612.110
2024-12-01,Suecia,14978.297
2025-01-01,Suecia,15893.844
2025-02-01,Suecia,21895.598
2025-03-01,Suecia,11766.838
2025-04-01,Suecia,33443.035
2025-05-01,Suecia,12362.284
2025-06-01,Suecia,16238.764
2025-07-01,Suecia,21639.073
2025-08-01,Suecia,20141.932
2025-09-01,Suecia,17449.609
2025-10-01,Suecia,22002.046
2025-11-01,Suecia,38102.688
2025-12-01,Suecia,18361.299
2026-01-01,Suecia,15061.173
2026-02-01,Suecia,21305.714
2026-03-01,Suecia,23915.294
2026-04-01,Suecia,19703.399
2026-05-01,Suecia,25494.068
2026-06-01,Suecia,20855.742
2026-07-01,Suecia,15914.950
2010-01-01,Suiza,35408.751
2010-02-01,Suiza,25913.317
2010-03-01,Suiza,33126.091
2010-04-01,Suiza,37118.612
2010-05-01,Suiza,28517.627
2010-06-01,Suiza,35482.362
2010-07-01,Suiza,35415.167
2010-08-01,Suiza,35203.874
2010-09-01,Suiza,38747.789
2010-10-01,Suiza,34455.453
2010-11-01,Suiza,33568.933
2010-12-01,Suiza,36712.560
2011-01-01,Suiza,32229.850
2011-02-01,Suiza,33780.961
2011-03-01,Suiza,41351.166
2011-04-01,Suiza,38035.206
2011-05-01,Suiza,36364.352
2011-06-01,Suiza,33975.696
2011-07-01,Suiza,41664.479
2011-08-01,Suiza,36715.468
2011-09-01,Suiza,36238.001
2011-10-01,Suiza,34357.099
2011-11-01,Suiza,58506.557
2011-12-01,Suiza,37363.768
2012-01-01,Suiza,44340.074
2012-02-01,Suiza,30544.382
2012-03-01,Suiza,41354.200
2012-04-01,Suiza,39392.534
2012-05-01,Suiza,40826.298
2012-06-01,Suiza,43090.113
2012-07-01,Suiza,47139.614
2012-08-01,Suiza,52167.793
2012-09-01,Suiza,43986.062
2012-10-01,Suiza,42138.779
2012-11-01,Suiza,37192.304
2012-12-01,Suiza,50352.270
2013-01-01,Suiza,50309.202
2013-02-01,Suiza,41771.229
2013-03-01,Suiza,30264.687
2013-04-01,Suiza,51497.425
2013-05-01,Suiza,51469.035
2013-06-01,Suiza,36458.360
2013-07-01,Suiza,45847.790
2013-08-01,Suiza,37264.000
2013-09-01,Suiza,54262.616
2013-10-01,Suiza,38204.507
2013-11-01,Suiza,35703.243
2013-12-01,Suiza,33656.159
2014-01-01,Suiza,45691.256
2014-02-01,Suiza,47294.662
2014-03-01,Suiza,47415.439
2014-04-01,Suiza,45909.264
2014-05-01,Suiza,41093.984
2014-06-01,Suiza,38512.802
2014-07-01,Suiza,53025.731
2014-08-01,Suiza,39316.488
2014-09-01,Suiza,40771.097
2014-10-01,Suiza,36372.950
2014-11-01,Suiza,50920.172
2014-12-01,Suiza,30864.654
2015-01-01,Suiza,39145.018
2015-02-01,Suiza,32798.226
2015-03-01,Suiza,29508.111
2015-04-01,Suiza,31458.432
2015-05-01,Suiza,38540.092
2015-06-01,Suiza,30367.320
2015-07-01,Suiza,48379.872
2015-08-01,Suiza,31897.514
2015-09-01,Suiza,52076.749
2015-10-01,Suiza,38522.302
2015-11-01,Suiza,34854.569
2015-12-01,Suiza,23058.303
2016-01-01,Suiza,31725.247
2016-02-01,Suiza,37852.780
2016-03-01,Suiza,34568.582
2016-04-01,Suiza,30397.667
2016-05-01,Suiza,38244.617
2016-06-01,Suiza,34720.340
2016-07-01,Suiza,21956.263
2016-08-01,Suiza,35036.058
2016-09-01,Suiza,30082.521
2016-10-01,Suiza,31286.466
2016-11-01,Suiza,27474.943
2016-12-01,Suiza,31268.782
2017-01-01,Suiza,33472.627
2017-02-01,Suiza,31379.775
2017-03-01,Suiza,40227.527
2017-04-01,Suiza,29531.348
2017-05-01,Suiza,34413.916
2017-06-01,Suiza,32661.519
2017-07-01,Suiza,28732.850
2017-08-01,Suiza,49119.158
2017-09-01,Suiza,30224.839
2017-10-01,Suiza,41643.064
2017-11-01,Suiza,26630.417
2017-12-01,Suiza,32719.999
2018-01-01,Suiza,31484.616
2018-02-01,Suiza,49182.612
2018-03-01,Suiza,27413.301
2018-04-01,Suiza,58260.247
2018-05-01,Suiza,46063.589
2018-06-01,Suiza,36253.295
2018-07-01,Suiza,43876.782
2018-08-01,Suiza,37208.453
2018-09-01,Suiza,34422.532
2018-10-01,Suiza,38872.760
2018-11-01,Suiza,30299.739
2018-12-01,Suiza,26188.433
2019-01-01,Suiza,33507.389
2019-02-01,Suiza,42291.366
2019-03-01,Suiza,32604.746
2019-04-01,Suiza,44809.918
2019-05-01,Suiza,37905.468
2019-06-01,Suiza,37510.613
2019-07-01,Suiza,39530.128
2019-08-01,Suiza,37172.800
2019-09-01,Suiza,40802.747
2019-10-01,Suiza,43878.800
2019-11-01,Suiza,28304.146
2019-12-01,Suiza,28607.668
2020-01-01,Suiza,36461.773
2020-02-01,Suiza,44435.800
2020-03-01,Suiza,31396.693
2020-04-01,Suiza,30299.744
2020-05-01,Suiza,32060.419
2020-06-01,Suiza,29334.051
2020-07-01,Suiza,35789.046
2020-08-01,Suiza,30815.922
2020-09-01,Suiza,27409.540
2020-10-01,Suiza,27662.833
2020-11-01,Suiza,25507.147
2020-12-01,Suiza,27998.313
2021-01-01,Suiza,31739.836
2021-02-01,Suiza,33664.894
2021-03-01,Suiza,34546.008
2021-04-01,Suiza,34156.452
2021-05-01,Suiza,30196.922
2021-06-01,Suiza,48120.472
2021-07-01,Suiza,39059.656
2021-08-01,Suiza,30366.355
2021-09-01,Suiza,39962.979
2021-10-01,Suiza,34858.971
2021-11-01,Suiza,34551.115
2021-12-01,Suiza,29575.450
2022-01-01,Suiza,30170.083
2022-02-01,Suiza,29348.763
2022-03-01,Suiza,32836.233
2022-04-01,Suiza,34628.537
2022-05-01,Suiza,36862.648
2022-06-01,Suiza,29807.190
2022-07-01,Suiza,38921.551
2022-08-01,Suiza,35555.659
2022-09-01,Suiza,28053.061
2022-10-01,Suiza,31161.232
2022-11-01,Suiza,34433.776
2022-12-01,Suiza,36384.485
2023-01-01,Suiza,36539.891
2023-02-01,Suiza,27583.997
2023-03-01,Suiza,32771.431
2023-04-01,Suiza,48941.162
2023-05-01,Suiza,34882.236
2023-06-01,Suiza,37593.160
2023-07-01,Suiza,34877.051
2023-08-01,Suiza,37490.973
2023-09-01,Suiza,36022.048
2023-10-01,Suiza,36113.998
2023-11-01,Suiza,36786.637
2023-12-01,Suiza,47551.847
2024-01-01,Suiza,49900.652
2024-02-01,Suiza,34293.027
2024-03-01,Suiza,29517.969
2024-04-01,Suiza,51019.117
2024-05-01,Suiza,40207.286
2024-06-01,Suiza,29997.784
2024-07-01,Suiza,38655.112
2024-08-01,Suiza,34817.175
2024-09-01,Suiza,34594.315
2024-10-01,Suiza,41271.163
2024-11-01,Suiza,40985.102
2024-12-01,Suiza,36547.140
2025-01-01,Suiza,39600.067
2025-02-01,Suiza,49269.232
2025-03-01,Suiza,46285.448
2025-04-01,Suiza,49739.506
2025-05-01,Suiza,56861.399
2025-06-01,Suiza,40154.520
2025-07-01,Suiza,55168.845
2025-08-01,Suiza,38730.702
2025-09-01,Suiza,46487.761
2025-10-01,Suiza,47413.683
2025-11-01,Suiza,61513.437
2025-12-01,Suiza,37353.444
2026-01-01,Suiza,49580.027
2026-02-01,Suiza,49725.854
2026-03-01,Suiza,47284.229
2026-04-01,Suiza,48821.839
2026-05-01,Suiza,47184.417
2026-06-01,Suiza,70614.179
2026-07-01,Suiza,54735.291
2010-01-01,Tailandia,17890.000
2010-02-01,Tailandia,23341.499
2010-03-01,Tailandia,37560.345
2010-04-01,Tailandia,24146.588
2010-05-01,Tailandia,25401.332
2010-06-01,Tailandia,29885.005
2010-07-01,Tailandia,31722.338
2010-08-01,Tailandia,28757.340
2010-09-01,Tailandia,54621.216
2010-10-01,Tailandia,28370.005
2010-11-01,Tailandia,50717.077
2010-12-01,Tailandia,43723.614
2011-01-01,Tailandia,20760.827
2011-02-01,Tailandia,31056.552
2011-03-01,Tailandia,32625.453
2011-04-01,Tailandia,31582.628
2011-05-01,Tailandia,45149.105
2011-06-01,Tailandia,26385.214
2011-07-01,Tailandia,27268.131
2011-08-01,Tailandia,48527.038
2011-09-01,Tailandia,38672.989
2011-10-01,Tailandia,37716.769
2011-11-01,Tailandia,51178.131
2011-12-01,Tailandia,27000.918
2012-01-01,Tailandia,17951.403
2012-02-01,Tailandia,37463.579
2012-03-01,Tailandia,35669.752
2012-04-01,Tailandia,43854.097
2012-05-01,Tailandia,31877.918
2012-06-01,Tailandia,22071.917
2012-07-01,Tailandia,29716.752
2012-08-01,Tailandia,27070.417
2012-09-01,Tailandia,21363.742
2012-10-01,Tailandia,24135.641
2012-11-01,Tailandia,22087.094
2012-12-01,Tailandia,23974.338
2013-01-01,Tailandia,27884.410
2013-02-01,Tailandia,24428.073
2013-03-01,Tailandia,19421.017
2013-04-01,Tailandia,37548.680
2013-05-01,Tailandia,29831.083
2013-06-01,Tailandia,24043.625
2013-07-01,Tailandia,25030.893
2013-08-01,Tailandia,26207.489
2013-09-01,Tailandia,21596.743
2013-10-01,Tailandia,27288.665
2013-11-01,Tailandia,25003.311
2013-12-01,Tailandia,20915.953
2014-01-01,Tailandia,25203.629
2014-02-01,Tailandia,22538.158
2014-03-01,Tailandia,29700.255
2014-04-01,Tailandia,26780.589
2014-05-01,Tailandia,29154.874
2014-06-01,Tailandia,22508.129
2014-07-01,Tailandia,33429.628
2014-08-01,Tailandia,32699.311
2014-09-01,Tailandia,30868.562
2014-10-01,Tailandia,30602.069
2014-11-01,Tailandia,30929.821
2014-12-01,Tailandia,29227.064
2015-01-01,Tailandia,23398.165
2015-02-01,Tailandia,25751.108
2015-03-01,Tailandia,21239.333
2015-04-01,Tailandia,29124.716
2015-05-01,Tailandia,23587.667
2015-06-01,Tailandia,20827.144
2015-07-01,Tailandia,25062.250
2015-08-01,Tailandia,24685.118
2015-09-01,Tailandia,27620.267
2015-10-01,Tailandia,26047.430
2015-11-01,Tailandia,26801.137
2015-12-01,Tailandia,23338.344
2016-01-01,Tailandia,22475.193
2016-02-01,Tailandia,22115.289
2016-03-01,Tailandia,20049.137
2016-04-01,Tailandia,25497.308
2016-05-01,Tailandia,22961.207
2016-06-01,Tailandia,23756.766
2016-07-01,Tailandia,22274.664
2016-08-01,Tailandia,26506.078
2016-09-01,Tailandia,27037.753
2016-10-01,Tailandia,30122.318
2016-11-01,Tailandia,24461.921
2016-12-01,Tailandia,23990.540
2017-01-01,Tailandia,21779.917
2017-02-01,Tailandia,17337.174
2017-03-01,Tailandia,27267.540
2017-04-01,Tailandia,23587.637
2017-05-01,Tailandia,22369.904
2017-06-01,Tailandia,24937.416
2017-07-01,Tailandia,25886.778
2017-08-01,Tailandia,26431.689
2017-09-01,Tailandia,25110.169
2017-10-01,Tailandia,24986.959
2017-11-01,Tailandia,27785.368
2017-12-01,Tailandia,27366.639
2018-01-01,Tailandia,29990.421
2018-02-01,Tailandia,23187.592
2018-03-01,Tailandia,24179.080
2018-04-01,Tailandia,31606.011
2018-05-01,Tailandia,26912.033
2018-06-01,Tailandia,22144.001
2018-07-01,Tailandia,23113.801
2018-08-01,Tailandia,32814.753
2018-09-01,Tailandia,24498.939
2018-10-01,Tailandia,29179.039
2018-11-01,Tailandia,27324.370
2018-12-01,Tailandia,27086.951
2019-01-01,Tailandia,21013.717
2019-02-01,Tailandia,25166.597
2019-03-01,Tailandia,24099.647
2019-04-01,Tailandia,25533.132
2019-05-01,Tailandia,26878.787
2019-06-01,Tailandia,22739.631
2019-07-01,Tailandia,25813.973
2019-08-01,Tailandia,25443.713
2019-09-01,Tailandia,27818.984
2019-10-01,Tailandia,28310.100
2019-11-01,Tailandia,26432.670
2019-12-01,Tailandia,19091.298
2020-01-01,Tailandia,23694.963
2020-02-01,Tailandia,20377.056
2020-03-01,Tailandia,24718.427
2020-04-01,Tailandia,18711.906
2020-05-01,Tailandia,11684.113
2020-06-01,Tailandia,13464.697
2020-07-01,Tailandia,17306.870
2020-08-01,Tailandia,18160.313
2020-09-01,Tailandia,22778.648
2020-10-01,Tailandia,22158.629
2020-11-01,Tailandia,22156.486
2020-12-01,Tailandia,33319.175
2021-01-01,Tailandia,26543.055
2021-02-01,Tailandia,26766.718
2021-03-01,Tailandia,31694.048
2021-04-01,Tailandia,26642.315
2021-05-01,Tailandia,31771.294
2021-06-01,Tailandia,30283.343
2021-07-01,Tailandia,27509.261
2021-08-01,Tailandia,24057.086
2021-09-01,Tailandia,34703.144
2021-10-01,Tailandia,38563.729
2021-11-01,Tailandia,36072.083
2021-12-01,Tailandia,38467.703
2022-01-01,Tailandia,42014.690
2022-02-01,Tailandia,45636.600
2022-03-01,Tailandia,40569.013
2022-04-01,Tailandia,43380.088
2022-05-01,Tailandia,36599.734
2022-06-01,Tailandia,41455.299
2022-07-01,Tailandia,29791.812
2022-08-01,Tailandia,33877.833
2022-09-01,Tailandia,33977.822
2022-10-01,Tailandia,39246.992
2022-11-01,Tailandia,46792.548
2022-12-01,Tailandia,43633.408
2023-01-01,Tailandia,30414.530
2023-02-01,Tailandia,25020.119
2023-03-01,Tailandia,27836.710
2023-04-01,Tailandia,34896.983
2023-05-01,Tailandia,31954.825
2023-06-01,Tailandia,21434.358
2023-07-01,Tailandia,21096.241
2023-08-01,Tailandia,17448.721
2023-09-01,Tailandia,25321.760
2023-10-01,Tailandia,30286.673
2023-11-01,Tailandia,29120.683
2023-12-01,Tailandia,29065.539
2024-01-01,Tailandia,29217.700
2024-02-01,Tailandia,30444.534
2024-03-01,Tailandia,25803.217
2024-04-01,Tailandia,43202.847
2024-05-01,Tailandia,38412.955
2024-06-01,Tailandia,26722.935
2024-07-01,Tailandia,28477.519
2024-08-01,Tailandia,32768.062
2024-09-01,Tailandia,39299.112
2024-10-01,Tailandia,56247.125
2024-11-01,Tailandia,38734.174
2024-12-01,Tailandia,35820.765
2025-01-01,Tailandia,49525.579
2025-02-01,Tailandia,39805.352
2025-03-01,Tailandia,36067.080
2025-04-01,Tailandia,49803.938
2025-05-01,Tailandia,43020.540
2025-06-01,Tailandia,36607.436
2025-07-01,Tailandia,47974.546
2025-08-01,Tailandia,40495.181
2025-09-01,Tailandia,47356.297
2025-10-01,Tailandia,52203.671
2025-11-01,Tailandia,38605.518
2025-12-01,Tailandia,41185.043
2026-01-01,Tailandia,39299.355
2026-02-01,Tailandia,39524.913
2026-03-01,Tailandia,36765.314
2026-04-01,Tailandia,38779.960
2026-05-01,Tailandia,44208.660
2026-06-01,Tailandia,44920.442
2026-07-01,Tailandia,43163.166
2010-01-01,Taiwán,20491.746
2010-02-01,Taiwán,27017.168
2010-03-01,Taiwán,29793.201
2010-04-01,Taiwán,26432.186
2010-05-01,Taiwán,25091.951
2010-06-01,Taiwán,27453.776
2010-07-01,Taiwán,28969.191
2010-08-01,Taiwán,31978.906
2010-09-01,Taiwán,33749.841
2010-10-01,Taiwán,29530.445
2010-11-01,Taiwán,27564.924
2010-12-01,Taiwán,31191.388
2011-01-01,Taiwán,28232.990
2011-02-01,Taiwán,29191.074
2011-03-01,Taiwán,34056.272
2011-04-01,Taiwán,36535.745
2011-05-01,Taiwán,41393.892
2011-06-01,Taiwán,51505.535
2011-07-01,Taiwán,46582.458
2011-08-01,Taiwán,46890.896
2011-09-01,Taiwán,49444.199
2011-10-01,Taiwán,46306.644
2011-11-01,Taiwán,44146.753
2011-12-01,Taiwán,45842.332
2012-01-01,Taiwán,43394.222
2012-02-01,Taiwán,42518.549
2012-03-01,Taiwán,44167.307
2012-04-01,Taiwán,44461.039
2012-05-01,Taiwán,49391.499
2012-06-01,Taiwán,47737.415
2012-07-01,Taiwán,51366.351
2012-08-01,Taiwán,49988.438
2012-09-01,Taiwán,45427.343
2012-10-01,Taiwán,47483.300
2012-11-01,Taiwán,50966.763
2012-12-01,Taiwán,47580.821
2013-01-01,Taiwán,45317.858
2013-02-01,Taiwán,43821.834
2013-03-01,Taiwán,36787.378
2013-04-01,Taiwán,48949.832
2013-05-01,Taiwán,46097.749
2013-06-01,Taiwán,42018.548
2013-07-01,Taiwán,48524.674
2013-08-01,Taiwán,53142.306
2013-09-01,Taiwán,48515.103
2013-10-01,Taiwán,53375.573
2013-11-01,Taiwán,43047.003
2013-12-01,Taiwán,47604.955
2014-01-01,Taiwán,50330.114
2014-02-01,Taiwán,39594.303
2014-03-01,Taiwán,46185.219
2014-04-01,Taiwán,48120.621
2014-05-01,Taiwán,55553.945
2014-06-01,Taiwán,43938.768
2014-07-01,Taiwán,59848.069
2014-08-01,Taiwán,53728.832
2014-09-01,Taiwán,51843.250
2014-10-01,Taiwán,55849.298
2014-11-01,Taiwán,54404.678
2014-12-01,Taiwán,60855.961
2015-01-01,Taiwán,45385.005
2015-02-01,Taiwán,53675.389
2015-03-01,Taiwán,50975.870
2015-04-01,Taiwán,41949.445
2015-05-01,Taiwán,39588.442
2015-06-01,Taiwán,37891.138
2015-07-01,Taiwán,47363.297
2015-08-01,Taiwán,48405.276
2015-09-01,Taiwán,39293.005
2015-10-01,Taiwán,42221.343
2015-11-01,Taiwán,38398.444
2015-12-01,Taiwán,37996.096
2016-01-01,Taiwán,35790.334
2016-02-01,Taiwán,27754.748
2016-03-01,Taiwán,34387.095
2016-04-01,Taiwán,30221.238
2016-05-01,Taiwán,38061.620
2016-06-01,Taiwán,33933.735
2016-07-01,Taiwán,38158.416
2016-08-01,Taiwán,42120.455
2016-09-01,Taiwán,35620.313
2016-10-01,Taiwán,38211.708
2016-11-01,Taiwán,39781.982
2016-12-01,Taiwán,38784.109
2017-01-01,Taiwán,36176.275
2017-02-01,Taiwán,30863.121
2017-03-01,Taiwán,33264.523
2017-04-01,Taiwán,34105.245
2017-05-01,Taiwán,31828.416
2017-06-01,Taiwán,38027.598
2017-07-01,Taiwán,37667.660
2017-08-01,Taiwán,40364.995
2017-09-01,Taiwán,32896.189
2017-10-01,Taiwán,34663.653
2017-11-01,Taiwán,33933.771
2017-12-01,Taiwán,33906.607
2018-01-01,Taiwán,32756.698
2018-02-01,Taiwán,31807.067
2018-03-01,Taiwán,31974.488
2018-04-01,Taiwán,35319.235
2018-05-01,Taiwán,31252.433
2018-06-01,Taiwán,39459.866
2018-07-01,Taiwán,41952.199
2018-08-01,Taiwán,38062.350
2018-09-01,Taiwán,33831.852
2018-10-01,Taiwán,39780.721
2018-11-01,Taiwán,35321.223
2018-12-01,Taiwán,34239.960
2019-01-01,Taiwán,36441.465
2019-02-01,Taiwán,31688.552
2019-03-01,Taiwán,32067.169
2019-04-01,Taiwán,36169.481
2019-05-01,Taiwán,36744.217
2019-06-01,Taiwán,28268.354
2019-07-01,Taiwán,38761.033
2019-08-01,Taiwán,33077.876
2019-09-01,Taiwán,34487.089
2019-10-01,Taiwán,35089.017
2019-11-01,Taiwán,35022.293
2019-12-01,Taiwán,31625.876
2020-01-01,Taiwán,38155.349
2020-02-01,Taiwán,32812.362
2020-03-01,Taiwán,26623.393
2020-04-01,Taiwán,26542.501
2020-05-01,Taiwán,21547.979
2020-06-01,Taiwán,23596.626
2020-07-01,Taiwán,29127.368
2020-08-01,Taiwán,28544.002
2020-09-01,Taiwán,28352.014
2020-10-01,Taiwán,29470.059
2020-11-01,Taiwán,29704.586
2020-12-01,Taiwán,35178.072
2021-01-01,Taiwán,30231.145
2021-02-01,Taiwán,40227.999
2021-03-01,Taiwán,38681.165
2021-04-01,Taiwán,45958.207
2021-05-01,Taiwán,36818.472
2021-06-01,Taiwán,36917.208
2021-07-01,Taiwán,39575.162
2021-08-01,Taiwán,39105.527
2021-09-01,Taiwán,47140.490
2021-10-01,Taiwán,41546.377
2021-11-01,Taiwán,62239.928
2021-12-01,Taiwán,60887.014
2022-01-01,Taiwán,47731.947
2022-02-01,Taiwán,49480.386
2022-03-01,Taiwán,58529.021
2022-04-01,Taiwán,42029.030
2022-05-01,Taiwán,41829.890
2022-06-01,Taiwán,49470.493
2022-07-01,Taiwán,41677.778
2022-08-01,Taiwán,49330.957
2022-09-01,Taiwán,40510.479
2022-10-01,Taiwán,38762.145
2022-11-01,Taiwán,38426.771
2022-12-01,Taiwán,40733.786
2023-01-01,Taiwán,33179.350
2023-02-01,Taiwán,32073.224
2023-03-01,Taiwán,34194.882
2023-04-01,Taiwán,32122.731
2023-05-01,Taiwán,30359.909
2023-06-01,Taiwán,33929.426
2023-07-01,Taiwán,30157.414
2023-08-01,Taiwán,33020.424
2023-09-01,Taiwán,28890.648
2023-10-01,Taiwán,30265.210
2023-11-01,Taiwán,27978.585
2023-12-01,Taiwán,30587.364
2024-01-01,Taiwán,34162.769
2024-02-01,Taiwán,34147.000
2024-03-01,Taiwán,23510.762
2024-04-01,Taiwán,31436.986
2024-05-01,Taiwán,28277.215
2024-06-01,Taiwán,26878.035
2024-07-01,Taiwán,29413.987
2024-08-01,Taiwán,30747.080
2024-09-01,Taiwán,27989.159
2024-10-01,Taiwán,37252.663
2024-11-01,Taiwán,28768.501
2024-12-01,Taiwán,32979.068
2025-01-01,Taiwán,30894.845
2025-02-01,Taiwán,28677.053
2025-03-01,Taiwán,26251.708
2025-04-01,Taiwán,29951.295
2025-05-01,Taiwán,26949.258
2025-06-01,Taiwán,26236.282
2025-07-01,Taiwán,33307.947
2025-08-01,Taiwán,27070.929
2025-09-01,Taiwán,28947.555
2025-10-01,Taiwán,36085.527
2025-11-01,Taiwán,33424.944
2025-12-01,Taiwán,34210.001
2026-01-01,Taiwán,32993.127
2026-02-01,Taiwán,25486.016
2026-03-01,Taiwán,29387.192
2026-04-01,Taiwán,29223.589
2026-05-01,Taiwán,25728.999
2026-06-01,Taiwán,29614.080
2026-07-01,Taiwán,30794.329
2010-01-01,Trinidad y Tobago,10697.059
2010-02-01,Trinidad y Tobago,7587.462
2010-03-01,Trinidad y Tobago,24080.522
2010-04-01,Trinidad y Tobago,41299.899
2010-05-01,Trinidad y Tobago,12625.839
2010-06-01,Trinidad y Tobago,61970.430
2010-07-01,Trinidad y Tobago,24630.014
2010-08-01,Trinidad y Tobago,48629.815
2010-09-01,Trinidad y Tobago,54282.574
2010-10-01,Trinidad y Tobago,40110.150
2010-11-01,Trinidad y Tobago,21333.134
2010-12-01,Trinidad y Tobago,27126.182
2011-01-01,Trinidad y Tobago,62435.029
2011-02-01,Trinidad y Tobago,47917.118
2011-03-01,Trinidad y Tobago,6429.503
2011-04-01,Trinidad y Tobago,14971.297
2011-05-01,Trinidad y Tobago,18422.376
2011-06-01,Trinidad y Tobago,62252.645
2011-07-01,Trinidad y Tobago,54249.611
2011-08-01,Trinidad y Tobago,54858.939
2011-09-01,Trinidad y Tobago,69496.597
2011-10-01,Trinidad y Tobago,39990.252
2011-11-01,Trinidad y Tobago,106709.525
2011-12-01,Trinidad y Tobago,46288.208
2012-01-01,Trinidad y Tobago,93733.902
2012-02-01,Trinidad y Tobago,47012.093
2012-03-01,Trinidad y Tobago,43997.015
2012-04-01,Trinidad y Tobago,48299.586
2012-05-01,Trinidad y Tobago,54582.242
2012-06-01,Trinidad y Tobago,24031.932
2012-07-01,Trinidad y Tobago,45902.421
2012-08-01,Trinidad y Tobago,38224.750
2012-09-01,Trinidad y Tobago,15038.691
2012-10-01,Trinidad y Tobago,43864.269
2012-11-01,Trinidad y Tobago,16335.775
2012-12-01,Trinidad y Tobago,35781.884
2013-01-01,Trinidad y Tobago,68431.327
2013-02-01,Trinidad y Tobago,8480.948
2013-03-01,Trinidad y Tobago,38050.195
2013-04-01,Trinidad y Tobago,113330.532
2013-05-01,Trinidad y Tobago,11228.126
2013-06-01,Trinidad y Tobago,7522.423
2013-07-01,Trinidad y Tobago,37132.016
2013-08-01,Trinidad y Tobago,40924.943
2013-09-01,Trinidad y Tobago,40419.386
2013-10-01,Trinidad y Tobago,48647.497
2013-11-01,Trinidad y Tobago,16757.698
2013-12-01,Trinidad y Tobago,15998.895
2014-01-01,Trinidad y Tobago,53788.868
2014-02-01,Trinidad y Tobago,44566.131
2014-03-01,Trinidad y Tobago,41523.720
2014-04-01,Trinidad y Tobago,37324.430
2014-05-01,Trinidad y Tobago,46895.052
2014-06-01,Trinidad y Tobago,43908.350
2014-07-01,Trinidad y Tobago,47137.488
2014-08-01,Trinidad y Tobago,23568.403
2014-09-01,Trinidad y Tobago,50758.711
2014-10-01,Trinidad y Tobago,39685.236
2014-11-01,Trinidad y Tobago,17033.854
2014-12-01,Trinidad y Tobago,11626.747
2015-01-01,Trinidad y Tobago,22108.828
2015-02-01,Trinidad y Tobago,22183.973
2015-03-01,Trinidad y Tobago,13032.444
2015-04-01,Trinidad y Tobago,15779.488
2015-05-01,Trinidad y Tobago,43029.050
2015-06-01,Trinidad y Tobago,15951.284
2015-07-01,Trinidad y Tobago,25308.399
2015-08-01,Trinidad y Tobago,19235.688
2015-09-01,Trinidad y Tobago,34390.498
2015-10-01,Trinidad y Tobago,7479.467
2015-11-01,Trinidad y Tobago,11674.394
2015-12-01,Trinidad y Tobago,15950.194
2016-01-01,Trinidad y Tobago,15085.788
2016-02-01,Trinidad y Tobago,19637.347
2016-03-01,Trinidad y Tobago,26967.941
2016-04-01,Trinidad y Tobago,7735.538
2016-05-01,Trinidad y Tobago,9162.129
2016-06-01,Trinidad y Tobago,8859.127
2016-07-01,Trinidad y Tobago,5757.439
2016-08-01,Trinidad y Tobago,5668.000
2016-09-01,Trinidad y Tobago,3005.328
2016-10-01,Trinidad y Tobago,5282.568
2016-11-01,Trinidad y Tobago,4627.203
2016-12-01,Trinidad y Tobago,8414.386
2017-01-01,Trinidad y Tobago,2680.729
2017-02-01,Trinidad y Tobago,3249.527
2017-03-01,Trinidad y Tobago,4966.652
2017-04-01,Trinidad y Tobago,4238.988
2017-05-01,Trinidad y Tobago,5640.337
2017-06-01,Trinidad y Tobago,4345.063
2017-07-01,Trinidad y Tobago,4468.276
2017-08-01,Trinidad y Tobago,8011.913
2017-09-01,Trinidad y Tobago,11500.754
2017-10-01,Trinidad y Tobago,4747.471
2017-11-01,Trinidad y Tobago,6794.835
2017-12-01,Trinidad y Tobago,14561.969
2018-01-01,Trinidad y Tobago,7691.018
2018-02-01,Trinidad y Tobago,5838.655
2018-03-01,Trinidad y Tobago,6639.607
2018-04-01,Trinidad y Tobago,6384.533
2018-05-01,Trinidad y Tobago,5574.078
2018-06-01,Trinidad y Tobago,14229.022
2018-07-01,Trinidad y Tobago,7534.702
2018-08-01,Trinidad y Tobago,6131.130
2018-09-01,Trinidad y Tobago,3955.159
2018-10-01,Trinidad y Tobago,31212.983
2018-11-01,Trinidad y Tobago,15336.970
2018-12-01,Trinidad y Tobago,8649.684
2019-01-01,Trinidad y Tobago,8822.611
2019-02-01,Trinidad y Tobago,20790.157
2019-03-01,Trinidad y Tobago,6067.231
2019-04-01,Trinidad y Tobago,7903.059
2019-05-01,Trinidad y Tobago,5520.275
2019-06-01,Trinidad y Tobago,9656.159
2019-07-01,Trinidad y Tobago,8683.232
2019-08-01,Trinidad y Tobago,15824.477
2019-09-01,Trinidad y Tobago,18212.816
2019-10-01,Trinidad y Tobago,4442.848
2019-11-01,Trinidad y Tobago,6094.054
2019-12-01,Trinidad y Tobago,3974.428
2020-01-01,Trinidad y Tobago,9444.396
2020-02-01,Trinidad y Tobago,12150.543
2020-03-01,Trinidad y Tobago,18383.121
2020-04-01,Trinidad y Tobago,4689.259
2020-05-01,Trinidad y Tobago,5779.851
2020-06-01,Trinidad y Tobago,10880.023
2020-07-01,Trinidad y Tobago,8616.986
2020-08-01,Trinidad y Tobago,4267.872
2020-09-01,Trinidad y Tobago,8796.510
2020-10-01,Trinidad y Tobago,11885.796
2020-11-01,Trinidad y Tobago,10431.602
2020-12-01,Trinidad y Tobago,6738.765
2021-01-01,Trinidad y Tobago,23484.937
2021-02-01,Trinidad y Tobago,11619.858
2021-03-01,Trinidad y Tobago,24287.848
2021-04-01,Trinidad y Tobago,3138.921
2021-05-01,Trinidad y Tobago,15857.427
2021-06-01,Trinidad y Tobago,4944.267
2021-07-01,Trinidad y Tobago,46546.952
2021-08-01,Trinidad y Tobago,60870.932
2021-09-01,Trinidad y Tobago,10838.508
2021-10-01,Trinidad y Tobago,17916.181
2021-11-01,Trinidad y Tobago,32201.288
2021-12-01,Trinidad y Tobago,17344.235
2022-01-01,Trinidad y Tobago,16607.027
2022-02-01,Trinidad y Tobago,4787.934
2022-03-01,Trinidad y Tobago,13937.368
2022-04-01,Trinidad y Tobago,86441.368
2022-05-01,Trinidad y Tobago,20651.515
2022-06-01,Trinidad y Tobago,13391.379
2022-07-01,Trinidad y Tobago,4807.490
2022-08-01,Trinidad y Tobago,66932.066
2022-09-01,Trinidad y Tobago,2553.432
2022-10-01,Trinidad y Tobago,13269.606
2022-11-01,Trinidad y Tobago,4829.323
2022-12-01,Trinidad y Tobago,4506.212
2023-01-01,Trinidad y Tobago,8042.629
2023-02-01,Trinidad y Tobago,22085.209
2023-03-01,Trinidad y Tobago,8999.365
2023-04-01,Trinidad y Tobago,3416.765
2023-05-01,Trinidad y Tobago,6714.322
2023-06-01,Trinidad y Tobago,4688.366
2023-07-01,Trinidad y Tobago,14708.886
2023-08-01,Trinidad y Tobago,7374.301
2023-09-01,Trinidad y Tobago,4373.954
2023-10-01,Trinidad y Tobago,5075.747
2023-11-01,Trinidad y Tobago,5400.303
2023-12-01,Trinidad y Tobago,7267.466
2024-01-01,Trinidad y Tobago,10472.878
2024-02-01,Trinidad y Tobago,7098.812
2024-03-01,Trinidad y Tobago,6375.714
2024-04-01,Trinidad y Tobago,7976.050
2024-05-01,Trinidad y Tobago,9201.842
2024-06-01,Trinidad y Tobago,4147.131
2024-07-01,Trinidad y Tobago,3665.318
2024-08-01,Trinidad y Tobago,7364.643
2024-09-01,Trinidad y Tobago,48381.436
2024-10-01,Trinidad y Tobago,8260.807
2024-11-01,Trinidad y Tobago,12790.784
2024-12-01,Trinidad y Tobago,121880.862
2025-01-01,Trinidad y Tobago,91427.802
2025-02-01,Trinidad y Tobago,74837.063
2025-03-01,Trinidad y Tobago,72537.873
2025-04-01,Trinidad y Tobago,6455.067
2025-05-01,Trinidad y Tobago,19682.255
2025-06-01,Trinidad y Tobago,32785.045
2025-07-01,Trinidad y Tobago,62370.092
2025-08-01,Trinidad y Tobago,31250.914
2025-09-01,Trinidad y Tobago,48992.944
2025-10-01,Trinidad y Tobago,28633.705
2025-11-01,Trinidad y Tobago,41994.604
2025-12-01,Trinidad y Tobago,42899.262
2026-01-01,Trinidad y Tobago,49570.132
2026-02-01,Trinidad y Tobago,45490.001
2026-03-01,Trinidad y Tobago,33739.610
2026-04-01,Trinidad y Tobago,69925.059
2026-05-01,Trinidad y Tobago,79509.199
2026-06-01,Trinidad y Tobago,107418.157
2026-07-01,Trinidad y Tobago,97452.170
2010-01-01,Venezuela,31945.539
2010-02-01,Venezuela,22648.768
2010-03-01,Venezuela,19634.429
2010-04-01,Venezuela,21253.329
2010-05-01,Venezuela,22838.924
2010-06-01,Venezuela,23474.665
2010-07-01,Venezuela,16954.958
2010-08-01,Venezuela,13644.879
2010-09-01,Venezuela,17090.575
2010-10-01,Venezuela,35893.961
2010-11-01,Venezuela,30384.616
2010-12-01,Venezuela,48981.098
2011-01-01,Venezuela,50272.187
2011-02-01,Venezuela,59588.915
2011-03-01,Venezuela,57025.274
2011-04-01,Venezuela,78406.837
2011-05-01,Venezuela,37199.659
2011-06-01,Venezuela,35493.720
2011-07-01,Venezuela,48210.054
2011-08-01,Venezuela,31710.706
2011-09-01,Venezuela,38544.667
2011-10-01,Venezuela,40029.686
2011-11-01,Venezuela,48122.522
2011-12-01,Venezuela,38491.449
2012-01-01,Venezuela,42774.057
2012-02-01,Venezuela,51363.012
2012-03-01,Venezuela,58855.218
2012-04-01,Venezuela,46191.913
2012-05-01,Venezuela,52078.474
2012-06-01,Venezuela,39438.708
2012-07-01,Venezuela,39368.883
2012-08-01,Venezuela,43282.685
2012-09-01,Venezuela,36475.794
2012-10-01,Venezuela,43613.239
2012-11-01,Venezuela,28649.192
2012-12-01,Venezuela,50969.834
2013-01-01,Venezuela,27091.216
2013-02-01,Venezuela,34271.115
2013-03-01,Venezuela,26652.002
2013-04-01,Venezuela,38125.642
2013-05-01,Venezuela,47272.222
2013-06-01,Venezuela,27688.818
2013-07-01,Venezuela,32811.109
2013-08-01,Venezuela,41284.496
2013-09-01,Venezuela,41146.994
2013-10-01,Venezuela,35818.250
2013-11-01,Venezuela,42595.560
2013-12-01,Venezuela,36297.087
2014-01-01,Venezuela,48360.892
2014-02-01,Venezuela,41010.526
2014-03-01,Venezuela,35670.737
2014-04-01,Venezuela,53046.596
2014-05-01,Venezuela,44932.022
2014-06-01,Venezuela,47747.875
2014-07-01,Venezuela,41224.937
2014-08-01,Venezuela,23991.117
2014-09-01,Venezuela,13809.952
2014-10-01,Venezuela,34619.593
2014-11-01,Venezuela,35353.965
2014-12-01,Venezuela,19986.466
2015-01-01,Venezuela,22079.769
2015-02-01,Venezuela,23253.871
2015-03-01,Venezuela,30288.172
2015-04-01,Venezuela,16728.342
2015-05-01,Venezuela,20829.317
2015-06-01,Venezuela,24948.937
2015-07-01,Venezuela,22339.219
2015-08-01,Venezuela,24798.715
2015-09-01,Venezuela,23534.500
2015-10-01,Venezuela,21389.840
2015-11-01,Venezuela,20975.715
2015-12-01,Venezuela,40951.642
2016-01-01,Venezuela,23397.440
2016-02-01,Venezuela,15504.426
2016-03-01,Venezuela,14474.050
2016-04-01,Venezuela,22173.625
2016-05-01,Venezuela,14939.111
2016-06-01,Venezuela,13191.885
2016-07-01,Venezuela,15167.985
2016-08-01,Venezuela,13372.690
2016-09-01,Venezuela,10768.344
2016-10-01,Venezuela,14053.015
2016-11-01,Venezuela,19870.695
2016-12-01,Venezuela,12962.032
2017-01-01,Venezuela,17627.189
2017-02-01,Venezuela,20801.822
2017-03-01,Venezuela,20655.622
2017-04-01,Venezuela,20477.600
2017-05-01,Venezuela,14285.077
2017-06-01,Venezuela,18740.645
2017-07-01,Venezuela,9158.167
2017-08-01,Venezuela,17137.895
2017-09-01,Venezuela,15056.769
2017-10-01,Venezuela,14082.096
2017-11-01,Venezuela,27154.933
2017-12-01,Venezuela,24635.980
2018-01-01,Venezuela,14114.329
2018-02-01,Venezuela,7202.646
2018-03-01,Venezuela,19636.626
2018-04-01,Venezuela,10246.074
2018-05-01,Venezuela,12534.422
2018-06-01,Venezuela,8232.319
2018-07-01,Venezuela,12643.506
2018-08-01,Venezuela,12565.010
2018-09-01,Venezuela,9883.096
2018-10-01,Venezuela,7291.492
2018-11-01,Venezuela,11465.434
2018-12-01,Venezuela,11155.288
2019-01-01,Venezuela,5273.938
2019-02-01,Venezuela,2568.784
2019-03-01,Venezuela,4810.808
2019-04-01,Venezuela,7465.824
2019-05-01,Venezuela,3572.840
2019-06-01,Venezuela,4210.336
2019-07-01,Venezuela,3383.827
2019-08-01,Venezuela,2767.412
2019-09-01,Venezuela,2700.589
2019-10-01,Venezuela,2546.074
2019-11-01,Venezuela,2496.450
2019-12-01,Venezuela,3111.042
2020-01-01,Venezuela,1503.246
2020-02-01,Venezuela,2243.973
2020-03-01,Venezuela,2038.704
2020-04-01,Venezuela,846.734
2020-05-01,Venezuela,1446.352
2020-06-01,Venezuela,1534.471
2020-07-01,Venezuela,2468.862
2020-08-01,Venezuela,2273.932
2020-09-01,Venezuela,2918.217
2020-10-01,Venezuela,2686.696
2020-11-01,Venezuela,2528.831
2020-12-01,Venezuela,5065.565
2021-01-01,Venezuela,4245.842
2021-02-01,Venezuela,4144.581
2021-03-01,Venezuela,4205.062
2021-04-01,Venezuela,3168.591
2021-05-01,Venezuela,3749.594
2021-06-01,Venezuela,3394.945
2021-07-01,Venezuela,14469.619
2021-08-01,Venezuela,8500.755
2021-09-01,Venezuela,5969.524
2021-10-01,Venezuela,7000.615
2021-11-01,Venezuela,4850.264
2021-12-01,Venezuela,5678.213
2022-01-01,Venezuela,6895.729
2022-02-01,Venezuela,5589.609
2022-03-01,Venezuela,3810.686
2022-04-01,Venezuela,5679.680
2022-05-01,Venezuela,7521.234
2022-06-01,Venezuela,9959.653
2022-07-01,Venezuela,7484.348
2022-08-01,Venezuela,9454.228
2022-09-01,Venezuela,9631.467
2022-10-01,Venezuela,13312.227
2022-11-01,Venezuela,12422.210
2022-12-01,Venezuela,16512.710
2023-01-01,Venezuela,6682.441
2023-02-01,Venezuela,22024.401
2023-03-01,Venezuela,13511.220
2023-04-01,Venezuela,5723.825
2023-05-01,Venezuela,16086.280
2023-06-01,Venezuela,17277.320
2023-07-01,Venezuela,4425.942
2023-08-01,Venezuela,8418.702
2023-09-01,Venezuela,6982.896
2023-10-01,Venezuela,8565.807
2023-11-01,Venezuela,10334.546
2023-12-01,Venezuela,10858.224
2024-01-01,Venezuela,13881.044
2024-02-01,Venezuela,12151.880
2024-03-01,Venezuela,8625.619
2024-04-01,Venezuela,12339.229
2024-05-01,Venezuela,8153.760
2024-06-01,Venezuela,15155.061
2024-07-01,Venezuela,11566.212
2024-08-01,Venezuela,7060.859
2024-09-01,Venezuela,14452.896
2024-10-01,Venezuela,8691.545
2024-11-01,Venezuela,11333.687
2024-12-01,Venezuela,10688.122
2025-01-01,Venezuela,12797.440
2025-02-01,Venezuela,7543.344
2025-03-01,Venezuela,12726.266
2025-04-01,Venezuela,6179.398
2025-05-01,Venezuela,8517.552
2025-06-01,Venezuela,7564.809
2025-07-01,Venezuela,8648.715
2025-08-01,Venezuela,9932.629
2025-09-01,Venezuela,9346.812
2025-10-01,Venezuela,7322.438
2025-11-01,Venezuela,6331.320
2025-12-01,Venezuela,6868.579
2026-01-01,Venezuela,5252.763
2026-02-01,Venezuela,5950.514
2026-03-01,Venezuela,15762.001
2026-04-01,Venezuela,6808.132
2026-05-01,Venezuela,15039.104
2026-06-01,Venezuela,7591.687
2026-07-01,Venezuela,8855.321
2010-01-01,Vietnam,6019.092
2010-02-01,Vietnam,5631.881
2010-03-01,Vietnam,6180.263
2010-04-01,Vietnam,5454.165
2010-05-01,Vietnam,6466.073
2010-06-01,Vietnam,5453.540
2010-07-01,Vietnam,6622.956
2010-08-01,Vietnam,8554.795
2010-09-01,Vietnam,8334.884
2010-10-01,Vietnam,9119.036
2010-11-01,Vietnam,13099.042
2010-12-01,Vietnam,13121.974
2011-01-01,Vietnam,9717.287
2011-02-01,Vietnam,9063.263
2011-03-01,Vietnam,11554.315
2011-04-01,Vietnam,9564.634
2011-05-01,Vietnam,11918.002
2011-06-01,Vietnam,10051.917
2011-07-01,Vietnam,13449.417
2011-08-01,Vietnam,15263.099
2011-09-01,Vietnam,19695.505
2011-10-01,Vietnam,17345.821
2011-11-01,Vietnam,22800.903
2011-12-01,Vietnam,19358.386
2012-01-01,Vietnam,11764.862
2012-02-01,Vietnam,15106.917
2012-03-01,Vietnam,21451.681
2012-04-01,Vietnam,15700.609
2012-05-01,Vietnam,16463.428
2012-06-01,Vietnam,12079.873
2012-07-01,Vietnam,15788.898
2012-08-01,Vietnam,24334.186
2012-09-01,Vietnam,23493.813
2012-10-01,Vietnam,26711.421
2012-11-01,Vietnam,25778.004
2012-12-01,Vietnam,18527.701
2013-01-01,Vietnam,19175.741
2013-02-01,Vietnam,24239.683
2013-03-01,Vietnam,20711.003
2013-04-01,Vietnam,22223.062
2013-05-01,Vietnam,18560.153
2013-06-01,Vietnam,22484.132
2013-07-01,Vietnam,23893.357
2013-08-01,Vietnam,32789.080
2013-09-01,Vietnam,29802.338
2013-10-01,Vietnam,36477.273
2013-11-01,Vietnam,41502.208
2013-12-01,Vietnam,24192.630
2014-01-01,Vietnam,27721.924
2014-02-01,Vietnam,26371.624
2014-03-01,Vietnam,30511.959
2014-04-01,Vietnam,30386.794
2014-05-01,Vietnam,30786.871
2014-06-01,Vietnam,26819.964
2014-07-01,Vietnam,32362.312
2014-08-01,Vietnam,36567.919
2014-09-01,Vietnam,50889.846
2014-10-01,Vietnam,51166.540
2014-11-01,Vietnam,51289.831
2014-12-01,Vietnam,42946.678
2015-01-01,Vietnam,39552.231
2015-02-01,Vietnam,37335.375
2015-03-01,Vietnam,36264.044
2015-04-01,Vietnam,44595.354
2015-05-01,Vietnam,44925.464
2015-06-01,Vietnam,38460.505
2015-07-01,Vietnam,43425.375
2015-08-01,Vietnam,42748.867
2015-09-01,Vietnam,46342.545
2015-10-01,Vietnam,46365.185
2015-11-01,Vietnam,43460.856
2015-12-01,Vietnam,27693.303
2016-01-01,Vietnam,44735.335
2016-02-01,Vietnam,35755.739
2016-03-01,Vietnam,41766.717
2016-04-01,Vietnam,33689.634
2016-05-01,Vietnam,48951.056
2016-06-01,Vietnam,36392.371
2016-07-01,Vietnam,40855.850
2016-08-01,Vietnam,39451.827
2016-09-01,Vietnam,34931.124
2016-10-01,Vietnam,39951.822
2016-11-01,Vietnam,45479.398
2016-12-01,Vietnam,28770.973
2017-01-01,Vietnam,29599.023
2017-02-01,Vietnam,37481.856
2017-03-01,Vietnam,33907.621
2017-04-01,Vietnam,44172.236
2017-05-01,Vietnam,67394.455
2017-06-01,Vietnam,47926.799
2017-07-01,Vietnam,59736.283
2017-08-01,Vietnam,44491.422
2017-09-01,Vietnam,46864.911
2017-10-01,Vietnam,54473.168
2017-11-01,Vietnam,54392.977
2017-12-01,Vietnam,36550.310
2018-01-01,Vietnam,45868.618
2018-02-01,Vietnam,41220.552
2018-03-01,Vietnam,42194.451
2018-04-01,Vietnam,44046.351
2018-05-01,Vietnam,45658.694
2018-06-01,Vietnam,38520.840
2018-07-01,Vietnam,38686.126
2018-08-01,Vietnam,38604.128
2018-09-01,Vietnam,41651.880
2018-10-01,Vietnam,49410.148
2018-11-01,Vietnam,45715.980
2018-12-01,Vietnam,37306.535
2019-01-01,Vietnam,34371.699
2019-02-01,Vietnam,35154.480
2019-03-01,Vietnam,31498.634
2019-04-01,Vietnam,43855.629
2019-05-01,Vietnam,45582.350
2019-06-01,Vietnam,43049.623
2019-07-01,Vietnam,76912.360
2019-08-01,Vietnam,71133.171
2019-09-01,Vietnam,64176.460
2019-10-01,Vietnam,69401.806
2019-11-01,Vietnam,83963.942
2019-12-01,Vietnam,52544.532
2020-01-01,Vietnam,52862.066
2020-02-01,Vietnam,63903.668
2020-03-01,Vietnam,68930.632
2020-04-01,Vietnam,34381.426
2020-05-01,Vietnam,18989.479
2020-06-01,Vietnam,35249.666
2020-07-01,Vietnam,64870.590
2020-08-01,Vietnam,59592.384
2020-09-01,Vietnam,46601.060
2020-10-01,Vietnam,55742.861
2020-11-01,Vietnam,71786.029
2020-12-01,Vietnam,49658.971
2021-01-01,Vietnam,66900.188
2021-02-01,Vietnam,54082.248
2021-03-01,Vietnam,79065.797
2021-04-01,Vietnam,78868.935
2021-05-01,Vietnam,62288.448
2021-06-01,Vietnam,53397.892
2021-07-01,Vietnam,83097.912
2021-08-01,Vietnam,64648.884
2021-09-01,Vietnam,84021.584
2021-10-01,Vietnam,78796.154
2021-11-01,Vietnam,99942.987
2021-12-01,Vietnam,111056.565
2022-01-01,Vietnam,90888.988
2022-02-01,Vietnam,78853.861
2022-03-01,Vietnam,102012.844
2022-04-01,Vietnam,110477.327
2022-05-01,Vietnam,109856.933
2022-06-01,Vietnam,75739.614
2022-07-01,Vietnam,76860.944
2022-08-01,Vietnam,101453.674
2022-09-01,Vietnam,79375.742
2022-10-01,Vietnam,92996.185
2022-11-01,Vietnam,89229.937
2022-12-01,Vietnam,57626.532
2023-01-01,Vietnam,68087.031
2023-02-01,Vietnam,58882.561
2023-03-01,Vietnam,107380.991
2023-04-01,Vietnam,72034.012
2023-05-01,Vietnam,73729.988
2023-06-01,Vietnam,54984.911
2023-07-01,Vietnam,63202.190
2023-08-01,Vietnam,68826.053
2023-09-01,Vietnam,53547.551
2023-10-01,Vietnam,73081.530
2023-11-01,Vietnam,80611.474
2023-12-01,Vietnam,49897.760
2024-01-01,Vietnam,79961.085
2024-02-01,Vietnam,77645.258
2024-03-01,Vietnam,64869.542
2024-04-01,Vietnam,99222.595
2024-05-01,Vietnam,86456.969
2024-06-01,Vietnam,75344.998
2024-07-01,Vietnam,84963.486
2024-08-01,Vietnam,83982.259
2024-09-01,Vietnam,100902.381
2024-10-01,Vietnam,90525.840
2024-11-01,Vietnam,100753.014
2024-12-01,Vietnam,61058.104
2025-01-01,Vietnam,79016.584
2025-02-01,Vietnam,84007.729
2025-03-01,Vietnam,99525.685
2025-04-01,Vietnam,90452.296
2025-05-01,Vietnam,122732.710
2025-06-01,Vietnam,99398.087
2025-07-01,Vietnam,117033.726
2025-08-01,Vietnam,112955.238
2025-09-01,Vietnam,123063.693
2025-10-01,Vietnam,130200.324
2025-11-01,Vietnam,99678.563
2025-12-01,Vietnam,81833.920
2026-01-01,Vietnam,85766.865
2026-02-01,Vietnam,134634.923
2026-03-01,Vietnam,125540.768
2026-04-01,Vietnam,140959.126
2026-05-01,Vietnam,115306.213
2026-06-01,Vietnam,107402.830
2026-07-01,Vietnam,127829.424
