anio,codigo,departamento,rama,va_corriente
2005,00,Colombia,agro,25439.000
2006,00,Colombia,agro,27425.000
2007,00,Colombia,agro,29715.000
2008,00,Colombia,agro,31869.000
2009,00,Colombia,agro,33554.000
2010,00,Colombia,agro,34411.000
2011,00,Colombia,agro,37709.000
2012,00,Colombia,agro,37209.000
2013,00,Colombia,agro,38509.000
2014,00,Colombia,agro,41555.000
2015,00,Colombia,agro,48124.000
2016,00,Colombia,agro,57065.000
2017,00,Colombia,agro,58815.000
2018,00,Colombia,agro,61497.000
2019,00,Colombia,agro,67958.000
2020,00,Colombia,agro,74970.000
2021,00,Colombia,agro,92690.000
2022,00,Colombia,agro,129919.000
2023,00,Colombia,agro,139608.000
2024,00,Colombia,agro,162691.000
2025,00,Colombia,agro,184547.596
2005,00,Colombia,arte,8069.000
2006,00,Colombia,arte,8854.000
2007,00,Colombia,arte,9956.000
2008,00,Colombia,arte,10983.000
2009,00,Colombia,arte,11888.000
2010,00,Colombia,arte,13087.000
2011,00,Colombia,arte,14510.000
2012,00,Colombia,arte,15586.000
2013,00,Colombia,arte,16900.000
2014,00,Colombia,arte,18084.000
2015,00,Colombia,arte,18982.000
2016,00,Colombia,arte,20551.000
2017,00,Colombia,arte,22226.000
2018,00,Colombia,arte,23166.000
2019,00,Colombia,arte,27047.000
2020,00,Colombia,arte,24640.000
2021,00,Colombia,arte,33259.000
2022,00,Colombia,arte,45885.000
2023,00,Colombia,arte,55540.000
2024,00,Colombia,arte,64393.000
2025,00,Colombia,arte,74803.925
2005,00,Colombia,comercio,54918.000
2006,00,Colombia,comercio,62152.000
2007,00,Colombia,comercio,71392.000
2008,00,Colombia,comercio,75636.000
2009,00,Colombia,comercio,79703.000
2010,00,Colombia,comercio,84926.000
2011,00,Colombia,comercio,93024.000
2012,00,Colombia,comercio,98508.000
2013,00,Colombia,comercio,109807.000
2014,00,Colombia,comercio,120677.000
2015,00,Colombia,comercio,135429.000
2016,00,Colombia,comercio,152684.000
2017,00,Colombia,comercio,163052.000
2018,00,Colombia,comercio,173708.000
2019,00,Colombia,comercio,188266.000
2020,00,Colombia,comercio,170072.000
2021,00,Colombia,comercio,216640.000
2022,00,Colombia,comercio,272982.000
2023,00,Colombia,comercio,297746.000
2024,00,Colombia,comercio,318029.000
2025,00,Colombia,comercio,353006.780
2005,00,Colombia,construccion,14415.000
2006,00,Colombia,construccion,17575.000
2007,00,Colombia,construccion,20611.000
2008,00,Colombia,construccion,25288.000
2009,00,Colombia,construccion,29019.000
2010,00,Colombia,construccion,29776.000
2011,00,Colombia,construccion,34462.000
2012,00,Colombia,construccion,40385.000
2013,00,Colombia,construccion,48320.000
2014,00,Colombia,construccion,55568.000
2015,00,Colombia,construccion,58042.000
2016,00,Colombia,construccion,64325.000
2017,00,Colombia,construccion,64474.000
2018,00,Colombia,construccion,65110.000
2019,00,Colombia,construccion,65277.000
2020,00,Colombia,construccion,47384.000
2021,00,Colombia,construccion,50235.000
2022,00,Colombia,construccion,57772.000
2023,00,Colombia,construccion,64229.000
2024,00,Colombia,construccion,74469.000
2025,00,Colombia,construccion,77879.114
2005,00,Colombia,electricidad,12035.000
2006,00,Colombia,electricidad,13290.000
2007,00,Colombia,electricidad,14757.000
2008,00,Colombia,electricidad,15895.000
2009,00,Colombia,electricidad,16341.000
2010,00,Colombia,electricidad,17809.000
2011,00,Colombia,electricidad,19318.000
2012,00,Colombia,electricidad,20467.000
2013,00,Colombia,electricidad,21767.000
2014,00,Colombia,electricidad,22947.000
2015,00,Colombia,electricidad,24599.000
2016,00,Colombia,electricidad,27624.000
2017,00,Colombia,electricidad,29789.000
2018,00,Colombia,electricidad,32616.000
2019,00,Colombia,electricidad,36124.000
2020,00,Colombia,electricidad,38850.000
2021,00,Colombia,electricidad,44820.000
2022,00,Colombia,electricidad,54995.000
2023,00,Colombia,electricidad,65997.000
2024,00,Colombia,electricidad,74617.000
2025,00,Colombia,electricidad,73266.984
2005,00,Colombia,finanzas,11846.000
2006,00,Colombia,finanzas,12480.000
2007,00,Colombia,finanzas,14894.000
2008,00,Colombia,finanzas,17984.000
2009,00,Colombia,finanzas,19552.000
2010,00,Colombia,finanzas,21396.000
2011,00,Colombia,finanzas,24357.000
2012,00,Colombia,finanzas,27533.000
2013,00,Colombia,finanzas,29619.000
2014,00,Colombia,finanzas,31839.000
2015,00,Colombia,finanzas,34696.000
2016,00,Colombia,finanzas,34324.000
2017,00,Colombia,finanzas,39060.000
2018,00,Colombia,finanzas,42627.000
2019,00,Colombia,finanzas,46984.000
2020,00,Colombia,finanzas,48808.000
2021,00,Colombia,finanzas,52653.000
2022,00,Colombia,finanzas,56900.000
2023,00,Colombia,finanzas,62862.000
2024,00,Colombia,finanzas,71023.000
2025,00,Colombia,finanzas,77926.972
2005,00,Colombia,gobierno,43348.000
2006,00,Colombia,gobierno,47526.000
2007,00,Colombia,gobierno,52624.000
2008,00,Colombia,gobierno,57489.000
2009,00,Colombia,gobierno,63821.000
2010,00,Colombia,gobierno,69620.000
2011,00,Colombia,gobierno,75682.000
2012,00,Colombia,gobierno,84164.000
2013,00,Colombia,gobierno,93615.000
2014,00,Colombia,gobierno,102459.000
2015,00,Colombia,gobierno,112077.000
2016,00,Colombia,gobierno,123511.000
2017,00,Colombia,gobierno,135235.000
2018,00,Colombia,gobierno,147217.000
2019,00,Colombia,gobierno,159762.000
2020,00,Colombia,gobierno,163472.000
2021,00,Colombia,gobierno,181115.000
2022,00,Colombia,gobierno,197334.000
2023,00,Colombia,gobierno,228101.000
2024,00,Colombia,gobierno,259188.000
2025,00,Colombia,gobierno,284701.344
2005,00,Colombia,impuestos,30261.000
2006,00,Colombia,impuestos,35829.000
2007,00,Colombia,impuestos,40843.000
2008,00,Colombia,impuestos,43700.000
2009,00,Colombia,impuestos,43051.000
2010,00,Colombia,impuestos,48447.000
2011,00,Colombia,impuestos,56740.000
2012,00,Colombia,impuestos,60149.000
2013,00,Colombia,impuestos,60759.000
2014,00,Colombia,impuestos,68151.000
2015,00,Colombia,impuestos,74149.000
2016,00,Colombia,impuestos,76063.000
2017,00,Colombia,impuestos,84565.000
2018,00,Colombia,impuestos,91135.000
2019,00,Colombia,impuestos,100276.000
2020,00,Colombia,impuestos,89168.000
2021,00,Colombia,impuestos,113060.000
2022,00,Colombia,impuestos,149119.000
2023,00,Colombia,impuestos,154642.000
2024,00,Colombia,impuestos,162342.000
2025,00,Colombia,impuestos,181157.866
2005,00,Colombia,industria,54043.000
2006,00,Colombia,industria,60975.000
2007,00,Colombia,industria,69222.000
2008,00,Colombia,industria,73264.000
2009,00,Colombia,industria,74133.000
2010,00,Colombia,industria,75989.000
2011,00,Colombia,industria,81820.000
2012,00,Colombia,industria,87241.000
2013,00,Colombia,industria,90421.000
2014,00,Colombia,industria,93603.000
2015,00,Colombia,industria,99789.000
2016,00,Colombia,industria,106226.000
2017,00,Colombia,industria,105022.000
2018,00,Colombia,industria,110157.000
2019,00,Colombia,industria,115830.000
2020,00,Colombia,industria,107111.000
2021,00,Colombia,industria,133565.000
2022,00,Colombia,industria,163991.000
2023,00,Colombia,industria,172768.000
2024,00,Colombia,industria,175206.000
2025,00,Colombia,industria,183501.850
2005,00,Colombia,informacion,12273.000
2006,00,Colombia,informacion,14006.000
2007,00,Colombia,informacion,15925.000
2008,00,Colombia,informacion,17124.000
2009,00,Colombia,informacion,17580.000
2010,00,Colombia,informacion,18572.000
2011,00,Colombia,informacion,19612.000
2012,00,Colombia,informacion,20702.000
2013,00,Colombia,informacion,22092.000
2014,00,Colombia,informacion,23336.000
2015,00,Colombia,informacion,23961.000
2016,00,Colombia,informacion,25122.000
2017,00,Colombia,informacion,26821.000
2018,00,Colombia,informacion,28348.000
2019,00,Colombia,informacion,29381.000
2020,00,Colombia,informacion,28902.000
2021,00,Colombia,informacion,32341.000
2022,00,Colombia,informacion,36129.000
2023,00,Colombia,informacion,37831.000
2024,00,Colombia,informacion,38843.000
2025,00,Colombia,informacion,40180.542
2005,00,Colombia,inmobiliarias,32556.000
2006,00,Colombia,inmobiliarias,35921.000
2007,00,Colombia,inmobiliarias,39056.000
2008,00,Colombia,inmobiliarias,42236.000
2009,00,Colombia,inmobiliarias,45858.000
2010,00,Colombia,inmobiliarias,49355.000
2011,00,Colombia,inmobiliarias,52966.000
2012,00,Colombia,inmobiliarias,56928.000
2013,00,Colombia,inmobiliarias,60922.000
2014,00,Colombia,inmobiliarias,65194.000
2015,00,Colombia,inmobiliarias,69825.000
2016,00,Colombia,inmobiliarias,75645.000
2017,00,Colombia,inmobiliarias,80976.000
2018,00,Colombia,inmobiliarias,86825.000
2019,00,Colombia,inmobiliarias,92388.000
2020,00,Colombia,inmobiliarias,95042.000
2021,00,Colombia,inmobiliarias,98900.000
2022,00,Colombia,inmobiliarias,104886.000
2023,00,Colombia,inmobiliarias,114293.000
2024,00,Colombia,inmobiliarias,126489.000
2025,00,Colombia,inmobiliarias,137050.332
2005,00,Colombia,mineria,22071.000
2006,00,Colombia,mineria,26127.000
2007,00,Colombia,mineria,26443.000
2008,00,Colombia,mineria,38675.000
2009,00,Colombia,mineria,37234.000
2010,00,Colombia,mineria,47105.000
2011,00,Colombia,mineria,70548.000
2012,00,Colombia,mineria,74557.000
2013,00,Colombia,mineria,73340.000
2014,00,Colombia,mineria,64274.000
2015,00,Colombia,mineria,47627.000
2016,00,Colombia,mineria,40999.000
2017,00,Colombia,mineria,47538.000
2018,00,Colombia,mineria,57788.000
2019,00,Colombia,mineria,58317.000
2020,00,Colombia,mineria,40689.000
2021,00,Colombia,mineria,64235.000
2022,00,Colombia,mineria,107532.000
2023,00,Colombia,mineria,89946.000
2024,00,Colombia,mineria,77010.000
2025,00,Colombia,mineria,68552.217
2005,00,Colombia,profesionales,16684.000
2006,00,Colombia,profesionales,19444.000
2007,00,Colombia,profesionales,23068.000
2008,00,Colombia,profesionales,26411.000
2009,00,Colombia,profesionales,29840.000
2010,00,Colombia,profesionales,33567.000
2011,00,Colombia,profesionales,38275.000
2012,00,Colombia,profesionales,43078.000
2013,00,Colombia,profesionales,48022.000
2014,00,Colombia,profesionales,55216.000
2015,00,Colombia,profesionales,57392.000
2016,00,Colombia,profesionales,59643.000
2017,00,Colombia,profesionales,62898.000
2018,00,Colombia,profesionales,67597.000
2019,00,Colombia,profesionales,72458.000
2020,00,Colombia,profesionales,69363.000
2021,00,Colombia,profesionales,79121.000
2022,00,Colombia,profesionales,93635.000
2023,00,Colombia,profesionales,103637.000
2024,00,Colombia,profesionales,109016.000
2025,00,Colombia,profesionales,116094.512
2005,05,Antioquia,agro,3481.470
2006,05,Antioquia,agro,3619.424
2007,05,Antioquia,agro,3969.465
2008,05,Antioquia,agro,4030.461
2009,05,Antioquia,agro,4279.305
2010,05,Antioquia,agro,4355.898
2011,05,Antioquia,agro,4681.249
2012,05,Antioquia,agro,4639.977
2013,05,Antioquia,agro,4930.752
2014,05,Antioquia,agro,5298.218
2015,05,Antioquia,agro,6153.062
2016,05,Antioquia,agro,7413.780
2017,05,Antioquia,agro,7477.776
2018,05,Antioquia,agro,7959.604
2019,05,Antioquia,agro,8918.464
2020,05,Antioquia,agro,9744.503
2021,05,Antioquia,agro,12255.074
2022,05,Antioquia,agro,16777.144
2023,05,Antioquia,agro,18041.517
2024,05,Antioquia,agro,21054.236
2025,05,Antioquia,agro,24062.625
2005,05,Antioquia,arte,1126.149
2006,05,Antioquia,arte,1250.094
2007,05,Antioquia,arte,1420.171
2008,05,Antioquia,arte,1555.847
2009,05,Antioquia,arte,1637.955
2010,05,Antioquia,arte,1785.764
2011,05,Antioquia,arte,1991.656
2012,05,Antioquia,arte,2119.635
2013,05,Antioquia,arte,2223.503
2014,05,Antioquia,arte,2335.682
2015,05,Antioquia,arte,2500.073
2016,05,Antioquia,arte,2917.746
2017,05,Antioquia,arte,3158.753
2018,05,Antioquia,arte,3293.244
2019,05,Antioquia,arte,3848.016
2020,05,Antioquia,arte,3511.011
2021,05,Antioquia,arte,4617.008
2022,05,Antioquia,arte,6748.593
2023,05,Antioquia,arte,8141.819
2024,05,Antioquia,arte,9422.843
2025,05,Antioquia,arte,11166.524
2005,05,Antioquia,comercio,7604.547
2006,05,Antioquia,comercio,8694.194
2007,05,Antioquia,comercio,10300.292
2008,05,Antioquia,comercio,10783.051
2009,05,Antioquia,comercio,11237.481
2010,05,Antioquia,comercio,11992.959
2011,05,Antioquia,comercio,13163.018
2012,05,Antioquia,comercio,13691.570
2013,05,Antioquia,comercio,15124.014
2014,05,Antioquia,comercio,16705.346
2015,05,Antioquia,comercio,18733.951
2016,05,Antioquia,comercio,21461.502
2017,05,Antioquia,comercio,22796.859
2018,05,Antioquia,comercio,24232.489
2019,05,Antioquia,comercio,26342.511
2020,05,Antioquia,comercio,24178.814
2021,05,Antioquia,comercio,31667.218
2022,05,Antioquia,comercio,39879.129
2023,05,Antioquia,comercio,43441.516
2024,05,Antioquia,comercio,46494.482
2025,05,Antioquia,comercio,51972.843
2005,05,Antioquia,construccion,2525.480
2006,05,Antioquia,construccion,3169.569
2007,05,Antioquia,construccion,3340.338
2008,05,Antioquia,construccion,4029.179
2009,05,Antioquia,construccion,4436.329
2010,05,Antioquia,construccion,4060.808
2011,05,Antioquia,construccion,4929.831
2012,05,Antioquia,construccion,5255.566
2013,05,Antioquia,construccion,6477.895
2014,05,Antioquia,construccion,7946.785
2015,05,Antioquia,construccion,8573.386
2016,05,Antioquia,construccion,9481.654
2017,05,Antioquia,construccion,9818.884
2018,05,Antioquia,construccion,10687.749
2019,05,Antioquia,construccion,11048.784
2020,05,Antioquia,construccion,7932.775
2021,05,Antioquia,construccion,9234.339
2022,05,Antioquia,construccion,7689.927
2023,05,Antioquia,construccion,8251.492
2024,05,Antioquia,construccion,10829.538
2025,05,Antioquia,construccion,11431.395
2005,05,Antioquia,electricidad,2503.922
2006,05,Antioquia,electricidad,2732.257
2007,05,Antioquia,electricidad,3156.000
2008,05,Antioquia,electricidad,3338.953
2009,05,Antioquia,electricidad,3452.559
2010,05,Antioquia,electricidad,3779.573
2011,05,Antioquia,electricidad,4223.715
2012,05,Antioquia,electricidad,4510.886
2013,05,Antioquia,electricidad,4614.532
2014,05,Antioquia,electricidad,4643.834
2015,05,Antioquia,electricidad,4920.493
2016,05,Antioquia,electricidad,5442.568
2017,05,Antioquia,electricidad,5841.167
2018,05,Antioquia,electricidad,6425.782
2019,05,Antioquia,electricidad,7053.784
2020,05,Antioquia,electricidad,7686.638
2021,05,Antioquia,electricidad,9021.360
2022,05,Antioquia,electricidad,11073.974
2023,05,Antioquia,electricidad,13318.499
2024,05,Antioquia,electricidad,14949.667
2025,05,Antioquia,electricidad,14528.765
2005,05,Antioquia,finanzas,1839.890
2006,05,Antioquia,finanzas,1950.784
2007,05,Antioquia,finanzas,2260.630
2008,05,Antioquia,finanzas,2743.020
2009,05,Antioquia,finanzas,2837.288
2010,05,Antioquia,finanzas,3183.401
2011,05,Antioquia,finanzas,3658.202
2012,05,Antioquia,finanzas,4152.019
2013,05,Antioquia,finanzas,4494.863
2014,05,Antioquia,finanzas,5011.133
2015,05,Antioquia,finanzas,5517.181
2016,05,Antioquia,finanzas,5491.563
2017,05,Antioquia,finanzas,6223.678
2018,05,Antioquia,finanzas,6787.974
2019,05,Antioquia,finanzas,7515.704
2020,05,Antioquia,finanzas,7829.037
2021,05,Antioquia,finanzas,8600.522
2022,05,Antioquia,finanzas,9245.184
2023,05,Antioquia,finanzas,10238.552
2024,05,Antioquia,finanzas,11694.181
2025,05,Antioquia,finanzas,12811.824
2005,05,Antioquia,gobierno,5125.448
2006,05,Antioquia,gobierno,5589.438
2007,05,Antioquia,gobierno,6168.478
2008,05,Antioquia,gobierno,6496.393
2009,05,Antioquia,gobierno,7302.006
2010,05,Antioquia,gobierno,7887.880
2011,05,Antioquia,gobierno,8528.989
2012,05,Antioquia,gobierno,9470.186
2013,05,Antioquia,gobierno,10478.084
2014,05,Antioquia,gobierno,11292.504
2015,05,Antioquia,gobierno,12532.152
2016,05,Antioquia,gobierno,13796.385
2017,05,Antioquia,gobierno,15165.331
2018,05,Antioquia,gobierno,16550.604
2019,05,Antioquia,gobierno,18056.663
2020,05,Antioquia,gobierno,18442.886
2021,05,Antioquia,gobierno,20687.039
2022,05,Antioquia,gobierno,22484.331
2023,05,Antioquia,gobierno,26143.391
2024,05,Antioquia,gobierno,29792.138
2025,05,Antioquia,gobierno,32756.142
2005,05,Antioquia,impuestos,4601.942
2006,05,Antioquia,impuestos,5385.752
2007,05,Antioquia,impuestos,6142.593
2008,05,Antioquia,impuestos,6226.917
2009,05,Antioquia,impuestos,5873.855
2010,05,Antioquia,impuestos,6631.850
2011,05,Antioquia,impuestos,8006.277
2012,05,Antioquia,impuestos,8547.374
2013,05,Antioquia,impuestos,8389.012
2014,05,Antioquia,impuestos,9572.991
2015,05,Antioquia,impuestos,10542.981
2016,05,Antioquia,impuestos,10758.438
2017,05,Antioquia,impuestos,11903.202
2018,05,Antioquia,impuestos,12769.714
2019,05,Antioquia,impuestos,14094.232
2020,05,Antioquia,impuestos,12457.612
2021,05,Antioquia,impuestos,15929.873
2022,05,Antioquia,impuestos,21004.874
2023,05,Antioquia,impuestos,21803.527
2024,05,Antioquia,impuestos,22898.768
2025,05,Antioquia,impuestos,25589.570
2005,05,Antioquia,industria,12389.955
2006,05,Antioquia,industria,13445.449
2007,05,Antioquia,industria,15314.719
2008,05,Antioquia,industria,15154.064
2009,05,Antioquia,industria,14967.411
2010,05,Antioquia,industria,15605.851
2011,05,Antioquia,industria,17056.311
2012,05,Antioquia,industria,18321.183
2013,05,Antioquia,industria,18727.857
2014,05,Antioquia,industria,18809.119
2015,05,Antioquia,industria,19852.650
2016,05,Antioquia,industria,21031.587
2017,05,Antioquia,industria,20388.205
2018,05,Antioquia,industria,21028.568
2019,05,Antioquia,industria,22127.443
2020,05,Antioquia,industria,20381.909
2021,05,Antioquia,industria,25122.839
2022,05,Antioquia,industria,30476.126
2023,05,Antioquia,industria,31568.955
2024,05,Antioquia,industria,31872.909
2025,05,Antioquia,industria,34444.482
2005,05,Antioquia,informacion,1528.847
2006,05,Antioquia,informacion,1753.972
2007,05,Antioquia,informacion,1998.337
2008,05,Antioquia,informacion,2189.101
2009,05,Antioquia,informacion,2273.031
2010,05,Antioquia,informacion,2491.357
2011,05,Antioquia,informacion,2692.966
2012,05,Antioquia,informacion,2852.669
2013,05,Antioquia,informacion,3042.068
2014,05,Antioquia,informacion,3233.335
2015,05,Antioquia,informacion,3382.925
2016,05,Antioquia,informacion,3594.374
2017,05,Antioquia,informacion,3815.656
2018,05,Antioquia,informacion,4130.678
2019,05,Antioquia,informacion,4286.980
2020,05,Antioquia,informacion,4324.044
2021,05,Antioquia,informacion,4704.823
2022,05,Antioquia,informacion,5156.469
2023,05,Antioquia,informacion,5435.324
2024,05,Antioquia,informacion,5587.307
2025,05,Antioquia,informacion,5715.749
2005,05,Antioquia,inmobiliarias,4241.141
2006,05,Antioquia,inmobiliarias,4685.130
2007,05,Antioquia,inmobiliarias,5137.796
2008,05,Antioquia,inmobiliarias,5582.808
2009,05,Antioquia,inmobiliarias,6127.114
2010,05,Antioquia,inmobiliarias,6653.580
2011,05,Antioquia,inmobiliarias,7194.380
2012,05,Antioquia,inmobiliarias,7826.677
2013,05,Antioquia,inmobiliarias,8496.157
2014,05,Antioquia,inmobiliarias,9227.160
2015,05,Antioquia,inmobiliarias,9932.803
2016,05,Antioquia,inmobiliarias,10794.726
2017,05,Antioquia,inmobiliarias,11552.363
2018,05,Antioquia,inmobiliarias,12454.642
2019,05,Antioquia,inmobiliarias,13376.224
2020,05,Antioquia,inmobiliarias,13779.328
2021,05,Antioquia,inmobiliarias,14444.965
2022,05,Antioquia,inmobiliarias,15666.223
2023,05,Antioquia,inmobiliarias,17218.757
2024,05,Antioquia,inmobiliarias,19267.244
2025,05,Antioquia,inmobiliarias,20986.163
2005,05,Antioquia,mineria,1358.642
2006,05,Antioquia,mineria,1784.461
2007,05,Antioquia,mineria,1466.230
2008,05,Antioquia,mineria,1890.014
2009,05,Antioquia,mineria,1933.474
2010,05,Antioquia,mineria,1854.425
2011,05,Antioquia,mineria,2599.748
2012,05,Antioquia,mineria,3196.861
2013,05,Antioquia,mineria,3020.919
2014,05,Antioquia,mineria,2985.805
2015,05,Antioquia,mineria,2430.051
2016,05,Antioquia,mineria,2826.536
2017,05,Antioquia,mineria,2429.888
2018,05,Antioquia,mineria,2674.541
2019,05,Antioquia,mineria,3175.293
2020,05,Antioquia,mineria,4783.316
2021,05,Antioquia,mineria,6204.529
2022,05,Antioquia,mineria,7760.259
2023,05,Antioquia,mineria,8310.222
2024,05,Antioquia,mineria,8504.553
2025,05,Antioquia,mineria,9781.508
2005,05,Antioquia,profesionales,2679.406
2006,05,Antioquia,profesionales,3224.526
2007,05,Antioquia,profesionales,3838.514
2008,05,Antioquia,profesionales,4405.144
2009,05,Antioquia,profesionales,4951.007
2010,05,Antioquia,profesionales,5698.526
2011,05,Antioquia,profesionales,6851.780
2012,05,Antioquia,profesionales,7733.442
2013,05,Antioquia,profesionales,8553.193
2014,05,Antioquia,profesionales,9757.050
2015,05,Antioquia,profesionales,10374.548
2016,05,Antioquia,profesionales,11010.786
2017,05,Antioquia,profesionales,11796.828
2018,05,Antioquia,profesionales,12684.491
2019,05,Antioquia,profesionales,13715.351
2020,05,Antioquia,profesionales,13310.033
2021,05,Antioquia,profesionales,15279.483
2022,05,Antioquia,profesionales,17789.071
2023,05,Antioquia,profesionales,19491.369
2024,05,Antioquia,profesionales,20501.250
2025,05,Antioquia,profesionales,21834.744
2005,08,Atlántico,agro,372.302
2006,08,Atlántico,agro,373.164
2007,08,Atlántico,agro,355.376
2008,08,Atlántico,agro,374.476
2009,08,Atlántico,agro,382.533
2010,08,Atlántico,agro,353.286
2011,08,Atlántico,agro,339.584
2012,08,Atlántico,agro,333.158
2013,08,Atlántico,agro,312.506
2014,08,Atlántico,agro,301.886
2015,08,Atlántico,agro,329.655
2016,08,Atlántico,agro,375.658
2017,08,Atlántico,agro,392.998
2018,08,Atlántico,agro,421.021
2019,08,Atlántico,agro,453.395
2020,08,Atlántico,agro,491.249
2021,08,Atlántico,agro,627.418
2022,08,Atlántico,agro,838.193
2023,08,Atlántico,agro,924.537
2024,08,Atlántico,agro,1010.950
2025,08,Atlántico,agro,1135.851
2005,08,Atlántico,arte,412.416
2006,08,Atlántico,arte,456.336
2007,08,Atlántico,arte,518.727
2008,08,Atlántico,arte,565.092
2009,08,Atlántico,arte,583.072
2010,08,Atlántico,arte,595.691
2011,08,Atlántico,arte,660.434
2012,08,Atlántico,arte,698.277
2013,08,Atlántico,arte,741.196
2014,08,Atlántico,arte,793.448
2015,08,Atlántico,arte,822.031
2016,08,Atlántico,arte,941.269
2017,08,Atlántico,arte,986.532
2018,08,Atlántico,arte,1033.246
2019,08,Atlántico,arte,1185.975
2020,08,Atlántico,arte,1102.897
2021,08,Atlántico,arte,1581.795
2022,08,Atlántico,arte,2411.103
2023,08,Atlántico,arte,2970.547
2024,08,Atlántico,arte,3465.051
2025,08,Atlántico,arte,4106.457
2005,08,Atlántico,comercio,2881.394
2006,08,Atlántico,comercio,3187.616
2007,08,Atlántico,comercio,3665.675
2008,08,Atlántico,comercio,3864.121
2009,08,Atlántico,comercio,4122.993
2010,08,Atlántico,comercio,4349.632
2011,08,Atlántico,comercio,4772.683
2012,08,Atlántico,comercio,5161.658
2013,08,Atlántico,comercio,5719.799
2014,08,Atlántico,comercio,6040.514
2015,08,Atlántico,comercio,7001.013
2016,08,Atlántico,comercio,7898.623
2017,08,Atlántico,comercio,8294.312
2018,08,Atlántico,comercio,8886.022
2019,08,Atlántico,comercio,9636.333
2020,08,Atlántico,comercio,8924.091
2021,08,Atlántico,comercio,11232.801
2022,08,Atlántico,comercio,14051.791
2023,08,Atlántico,comercio,15381.451
2024,08,Atlántico,comercio,16296.865
2025,08,Atlántico,comercio,18085.973
2005,08,Atlántico,construccion,369.582
2006,08,Atlántico,construccion,645.634
2007,08,Atlántico,construccion,757.946
2008,08,Atlántico,construccion,929.468
2009,08,Atlántico,construccion,1077.384
2010,08,Atlántico,construccion,1024.878
2011,08,Atlántico,construccion,1163.825
2012,08,Atlántico,construccion,1686.965
2013,08,Atlántico,construccion,1979.607
2014,08,Atlántico,construccion,2339.916
2015,08,Atlántico,construccion,2885.190
2016,08,Atlántico,construccion,3047.457
2017,08,Atlántico,construccion,3288.181
2018,08,Atlántico,construccion,3013.162
2019,08,Atlántico,construccion,2730.559
2020,08,Atlántico,construccion,1962.056
2021,08,Atlántico,construccion,2049.906
2022,08,Atlántico,construccion,2296.472
2023,08,Atlántico,construccion,2505.963
2024,08,Atlántico,construccion,2926.048
2025,08,Atlántico,construccion,2766.212
2005,08,Atlántico,electricidad,934.885
2006,08,Atlántico,electricidad,1011.897
2007,08,Atlántico,electricidad,1082.505
2008,08,Atlántico,electricidad,1163.661
2009,08,Atlántico,electricidad,1297.166
2010,08,Atlántico,electricidad,1475.847
2011,08,Atlántico,electricidad,1500.984
2012,08,Atlántico,electricidad,1619.042
2013,08,Atlántico,electricidad,1906.046
2014,08,Atlántico,electricidad,2198.355
2015,08,Atlántico,electricidad,2332.451
2016,08,Atlántico,electricidad,2625.787
2017,08,Atlántico,electricidad,2805.494
2018,08,Atlántico,electricidad,3103.279
2019,08,Atlántico,electricidad,3503.592
2020,08,Atlántico,electricidad,3781.296
2021,08,Atlántico,electricidad,4340.620
2022,08,Atlántico,electricidad,5415.106
2023,08,Atlántico,electricidad,6719.735
2024,08,Atlántico,electricidad,7656.826
2025,08,Atlántico,electricidad,7411.622
2005,08,Atlántico,finanzas,462.934
2006,08,Atlántico,finanzas,493.887
2007,08,Atlántico,finanzas,585.820
2008,08,Atlántico,finanzas,741.913
2009,08,Atlántico,finanzas,805.229
2010,08,Atlántico,finanzas,908.347
2011,08,Atlántico,finanzas,1017.682
2012,08,Atlántico,finanzas,1167.374
2013,08,Atlántico,finanzas,1225.034
2014,08,Atlántico,finanzas,1359.391
2015,08,Atlántico,finanzas,1469.106
2016,08,Atlántico,finanzas,1449.730
2017,08,Atlántico,finanzas,1645.346
2018,08,Atlántico,finanzas,1801.779
2019,08,Atlántico,finanzas,1991.410
2020,08,Atlántico,finanzas,2070.052
2021,08,Atlántico,finanzas,2182.245
2022,08,Atlántico,finanzas,2324.530
2023,08,Atlántico,finanzas,2585.899
2024,08,Atlántico,finanzas,2934.851
2025,08,Atlántico,finanzas,3209.011
2005,08,Atlántico,gobierno,1679.317
2006,08,Atlántico,gobierno,1871.313
2007,08,Atlántico,gobierno,2083.009
2008,08,Atlántico,gobierno,2358.220
2009,08,Atlántico,gobierno,2637.633
2010,08,Atlántico,gobierno,2929.237
2011,08,Atlántico,gobierno,3307.945
2012,08,Atlántico,gobierno,3715.234
2013,08,Atlántico,gobierno,4180.837
2014,08,Atlántico,gobierno,4635.857
2015,08,Atlántico,gobierno,5123.813
2016,08,Atlántico,gobierno,5635.494
2017,08,Atlántico,gobierno,6174.169
2018,08,Atlántico,gobierno,6715.666
2019,08,Atlántico,gobierno,7318.473
2020,08,Atlántico,gobierno,7493.021
2021,08,Atlántico,gobierno,8399.797
2022,08,Atlántico,gobierno,9263.057
2023,08,Atlántico,gobierno,10793.387
2024,08,Atlántico,gobierno,12339.207
2025,08,Atlántico,gobierno,13482.410
2005,08,Atlántico,impuestos,1331.235
2006,08,Atlántico,impuestos,1608.464
2007,08,Atlántico,impuestos,1973.199
2008,08,Atlántico,impuestos,2065.821
2009,08,Atlántico,impuestos,2063.325
2010,08,Atlántico,impuestos,2131.628
2011,08,Atlántico,impuestos,2453.804
2012,08,Atlántico,impuestos,2693.933
2013,08,Atlántico,impuestos,2781.294
2014,08,Atlántico,impuestos,3249.227
2015,08,Atlántico,impuestos,3509.476
2016,08,Atlántico,impuestos,3607.471
2017,08,Atlántico,impuestos,4092.153
2018,08,Atlántico,impuestos,4421.467
2019,08,Atlántico,impuestos,4906.049
2020,08,Atlántico,impuestos,4319.929
2021,08,Atlántico,impuestos,5363.654
2022,08,Atlántico,impuestos,7002.707
2023,08,Atlántico,impuestos,7254.970
2024,08,Atlántico,impuestos,7636.559
2025,08,Atlántico,impuestos,8508.884
2005,08,Atlántico,industria,2579.748
2006,08,Atlántico,industria,3033.507
2007,08,Atlántico,industria,3909.558
2008,08,Atlántico,industria,4046.850
2009,08,Atlántico,industria,4126.075
2010,08,Atlántico,industria,3606.848
2011,08,Atlántico,industria,3874.285
2012,08,Atlántico,industria,4430.500
2013,08,Atlántico,industria,4889.187
2014,08,Atlántico,industria,5426.888
2015,08,Atlántico,industria,5992.160
2016,08,Atlántico,industria,6430.501
2017,08,Atlántico,industria,6188.607
2018,08,Atlántico,industria,6401.041
2019,08,Atlántico,industria,6750.865
2020,08,Atlántico,industria,6626.205
2021,08,Atlántico,industria,8129.144
2022,08,Atlántico,industria,10339.043
2023,08,Atlántico,industria,10861.417
2024,08,Atlántico,industria,10758.491
2025,08,Atlántico,industria,11324.966
2005,08,Atlántico,informacion,408.509
2006,08,Atlántico,informacion,470.102
2007,08,Atlántico,informacion,569.483
2008,08,Atlántico,informacion,614.556
2009,08,Atlántico,informacion,649.274
2010,08,Atlántico,informacion,694.787
2011,08,Atlántico,informacion,747.875
2012,08,Atlántico,informacion,816.023
2013,08,Atlántico,informacion,869.164
2014,08,Atlántico,informacion,998.204
2015,08,Atlántico,informacion,972.512
2016,08,Atlántico,informacion,1014.253
2017,08,Atlántico,informacion,1092.009
2018,08,Atlántico,informacion,1157.985
2019,08,Atlántico,informacion,1196.304
2020,08,Atlántico,informacion,1211.266
2021,08,Atlántico,informacion,1381.724
2022,08,Atlántico,informacion,1523.111
2023,08,Atlántico,informacion,1585.178
2024,08,Atlántico,informacion,1622.128
2025,08,Atlántico,informacion,1664.604
2005,08,Atlántico,inmobiliarias,1247.634
2006,08,Atlántico,inmobiliarias,1350.462
2007,08,Atlántico,inmobiliarias,1454.743
2008,08,Atlántico,inmobiliarias,1538.968
2009,08,Atlántico,inmobiliarias,1637.406
2010,08,Atlántico,inmobiliarias,1759.480
2011,08,Atlántico,inmobiliarias,1873.886
2012,08,Atlántico,inmobiliarias,2014.340
2013,08,Atlántico,inmobiliarias,2159.608
2014,08,Atlántico,inmobiliarias,2313.355
2015,08,Atlántico,inmobiliarias,2482.579
2016,08,Atlántico,inmobiliarias,2711.123
2017,08,Atlántico,inmobiliarias,2939.815
2018,08,Atlántico,inmobiliarias,3175.683
2019,08,Atlántico,inmobiliarias,3411.369
2020,08,Atlántico,inmobiliarias,3542.099
2021,08,Atlántico,inmobiliarias,3659.941
2022,08,Atlántico,inmobiliarias,3878.679
2023,08,Atlántico,inmobiliarias,4207.931
2024,08,Atlántico,inmobiliarias,4688.118
2025,08,Atlántico,inmobiliarias,5072.168
2005,08,Atlántico,mineria,39.160
2006,08,Atlántico,mineria,51.642
2007,08,Atlántico,mineria,57.806
2008,08,Atlántico,mineria,55.914
2009,08,Atlántico,mineria,57.934
2010,08,Atlántico,mineria,51.006
2011,08,Atlántico,mineria,53.413
2012,08,Atlántico,mineria,70.140
2013,08,Atlántico,mineria,74.747
2014,08,Atlántico,mineria,79.614
2015,08,Atlántico,mineria,96.132
2016,08,Atlántico,mineria,110.228
2017,08,Atlántico,mineria,116.776
2018,08,Atlántico,mineria,122.936
2019,08,Atlántico,mineria,137.640
2020,08,Atlántico,mineria,112.771
2021,08,Atlántico,mineria,153.909
2022,08,Atlántico,mineria,194.240
2023,08,Atlántico,mineria,198.509
2024,08,Atlántico,mineria,193.810
2025,08,Atlántico,mineria,191.477
2005,08,Atlántico,profesionales,787.657
2006,08,Atlántico,profesionales,877.770
2007,08,Atlántico,profesionales,1038.174
2008,08,Atlántico,profesionales,1208.088
2009,08,Atlántico,profesionales,1369.197
2010,08,Atlántico,profesionales,1562.546
2011,08,Atlántico,profesionales,1783.007
2012,08,Atlántico,profesionales,2038.344
2013,08,Atlántico,profesionales,2273.402
2014,08,Atlántico,profesionales,2646.011
2015,08,Atlántico,profesionales,2700.177
2016,08,Atlántico,profesionales,2727.739
2017,08,Atlántico,profesionales,2858.387
2018,08,Atlántico,profesionales,3115.581
2019,08,Atlántico,profesionales,3352.789
2020,08,Atlántico,profesionales,3195.712
2021,08,Atlántico,profesionales,3665.303
2022,08,Atlántico,profesionales,4369.109
2023,08,Atlántico,profesionales,4849.003
2024,08,Atlántico,profesionales,5072.545
2025,08,Atlántico,profesionales,5366.275
2005,11,Bogotá D.C.,agro,8.743
2006,11,Bogotá D.C.,agro,8.745
2007,11,Bogotá D.C.,agro,8.940
2008,11,Bogotá D.C.,agro,9.262
2009,11,Bogotá D.C.,agro,10.081
2010,11,Bogotá D.C.,agro,10.595
2011,11,Bogotá D.C.,agro,10.948
2012,11,Bogotá D.C.,agro,11.239
2013,11,Bogotá D.C.,agro,11.029
2014,11,Bogotá D.C.,agro,11.518
2015,11,Bogotá D.C.,agro,12.472
2016,11,Bogotá D.C.,agro,14.138
2017,11,Bogotá D.C.,agro,13.452
2018,11,Bogotá D.C.,agro,14.196
2019,11,Bogotá D.C.,agro,14.727
2020,11,Bogotá D.C.,agro,15.778
2021,11,Bogotá D.C.,agro,19.396
2022,11,Bogotá D.C.,agro,26.992
2023,11,Bogotá D.C.,agro,29.418
2024,11,Bogotá D.C.,agro,32.985
2025,11,Bogotá D.C.,agro,34.660
2005,11,Bogotá D.C.,arte,3208.429
2006,11,Bogotá D.C.,arte,3503.228
2007,11,Bogotá D.C.,arte,3974.542
2008,11,Bogotá D.C.,arte,4355.626
2009,11,Bogotá D.C.,arte,4882.956
2010,11,Bogotá D.C.,arte,5388.877
2011,11,Bogotá D.C.,arte,5981.107
2012,11,Bogotá D.C.,arte,6512.138
2013,11,Bogotá D.C.,arte,7300.782
2014,11,Bogotá D.C.,arte,7812.508
2015,11,Bogotá D.C.,arte,8276.044
2016,11,Bogotá D.C.,arte,8708.539
2017,11,Bogotá D.C.,arte,9610.384
2018,11,Bogotá D.C.,arte,9983.807
2019,11,Bogotá D.C.,arte,11790.256
2020,11,Bogotá D.C.,arte,10972.142
2021,11,Bogotá D.C.,arte,14709.622
2022,11,Bogotá D.C.,arte,18915.486
2023,11,Bogotá D.C.,arte,22901.848
2024,11,Bogotá D.C.,arte,26534.158
2025,11,Bogotá D.C.,arte,30207.385
2005,11,Bogotá D.C.,comercio,15628.174
2006,11,Bogotá D.C.,comercio,17702.352
2007,11,Bogotá D.C.,comercio,20142.263
2008,11,Bogotá D.C.,comercio,21443.742
2009,11,Bogotá D.C.,comercio,22563.742
2010,11,Bogotá D.C.,comercio,24353.020
2011,11,Bogotá D.C.,comercio,27197.348
2012,11,Bogotá D.C.,comercio,29095.886
2013,11,Bogotá D.C.,comercio,32442.865
2014,11,Bogotá D.C.,comercio,35337.538
2015,11,Bogotá D.C.,comercio,39759.924
2016,11,Bogotá D.C.,comercio,44468.927
2017,11,Bogotá D.C.,comercio,47413.331
2018,11,Bogotá D.C.,comercio,50966.456
2019,11,Bogotá D.C.,comercio,55781.946
2020,11,Bogotá D.C.,comercio,50933.868
2021,11,Bogotá D.C.,comercio,64243.234
2022,11,Bogotá D.C.,comercio,82020.507
2023,11,Bogotá D.C.,comercio,88911.121
2024,11,Bogotá D.C.,comercio,94597.979
2025,11,Bogotá D.C.,comercio,105525.145
2005,11,Bogotá D.C.,construccion,4728.526
2006,11,Bogotá D.C.,construccion,5022.832
2007,11,Bogotá D.C.,construccion,5211.209
2008,11,Bogotá D.C.,construccion,6753.756
2009,11,Bogotá D.C.,construccion,7370.565
2010,11,Bogotá D.C.,construccion,7177.626
2011,11,Bogotá D.C.,construccion,7677.313
2012,11,Bogotá D.C.,construccion,7724.860
2013,11,Bogotá D.C.,construccion,7818.284
2014,11,Bogotá D.C.,construccion,8411.035
2015,11,Bogotá D.C.,construccion,9730.164
2016,11,Bogotá D.C.,construccion,11367.032
2017,11,Bogotá D.C.,construccion,11084.756
2018,11,Bogotá D.C.,construccion,11392.276
2019,11,Bogotá D.C.,construccion,10808.200
2020,11,Bogotá D.C.,construccion,8064.327
2021,11,Bogotá D.C.,construccion,8440.662
2022,11,Bogotá D.C.,construccion,12272.860
2023,11,Bogotá D.C.,construccion,12762.419
2024,11,Bogotá D.C.,construccion,15628.879
2025,11,Bogotá D.C.,construccion,17251.708
2005,11,Bogotá D.C.,electricidad,2163.504
2006,11,Bogotá D.C.,electricidad,2450.231
2007,11,Bogotá D.C.,electricidad,2773.093
2008,11,Bogotá D.C.,electricidad,2987.800
2009,11,Bogotá D.C.,electricidad,2918.983
2010,11,Bogotá D.C.,electricidad,3160.388
2011,11,Bogotá D.C.,electricidad,3399.586
2012,11,Bogotá D.C.,electricidad,3569.582
2013,11,Bogotá D.C.,electricidad,3713.453
2014,11,Bogotá D.C.,electricidad,3757.234
2015,11,Bogotá D.C.,electricidad,4075.928
2016,11,Bogotá D.C.,electricidad,4484.357
2017,11,Bogotá D.C.,electricidad,4966.376
2018,11,Bogotá D.C.,electricidad,5440.706
2019,11,Bogotá D.C.,electricidad,6062.993
2020,11,Bogotá D.C.,electricidad,6373.032
2021,11,Bogotá D.C.,electricidad,7097.672
2022,11,Bogotá D.C.,electricidad,8260.465
2023,11,Bogotá D.C.,electricidad,9511.622
2024,11,Bogotá D.C.,electricidad,10634.256
2025,11,Bogotá D.C.,electricidad,11133.237
2005,11,Bogotá D.C.,finanzas,6071.910
2006,11,Bogotá D.C.,finanzas,6349.143
2007,11,Bogotá D.C.,finanzas,7657.476
2008,11,Bogotá D.C.,finanzas,9171.559
2009,11,Bogotá D.C.,finanzas,10090.533
2010,11,Bogotá D.C.,finanzas,10814.231
2011,11,Bogotá D.C.,finanzas,12285.342
2012,11,Bogotá D.C.,finanzas,13881.650
2013,11,Bogotá D.C.,finanzas,14826.289
2014,11,Bogotá D.C.,finanzas,15657.159
2015,11,Bogotá D.C.,finanzas,17122.773
2016,11,Bogotá D.C.,finanzas,16928.381
2017,11,Bogotá D.C.,finanzas,19363.779
2018,11,Bogotá D.C.,finanzas,21166.444
2019,11,Bogotá D.C.,finanzas,23303.651
2020,11,Bogotá D.C.,finanzas,24195.853
2021,11,Bogotá D.C.,finanzas,26122.793
2022,11,Bogotá D.C.,finanzas,28552.015
2023,11,Bogotá D.C.,finanzas,31523.557
2024,11,Bogotá D.C.,finanzas,35550.906
2025,11,Bogotá D.C.,finanzas,39052.846
2005,11,Bogotá D.C.,gobierno,11724.400
2006,11,Bogotá D.C.,gobierno,12789.164
2007,11,Bogotá D.C.,gobierno,14261.739
2008,11,Bogotá D.C.,gobierno,15076.139
2009,11,Bogotá D.C.,gobierno,16889.537
2010,11,Bogotá D.C.,gobierno,18377.668
2011,11,Bogotá D.C.,gobierno,19831.925
2012,11,Bogotá D.C.,gobierno,21838.984
2013,11,Bogotá D.C.,gobierno,24242.239
2014,11,Bogotá D.C.,gobierno,27102.800
2015,11,Bogotá D.C.,gobierno,29319.971
2016,11,Bogotá D.C.,gobierno,32536.193
2017,11,Bogotá D.C.,gobierno,35787.804
2018,11,Bogotá D.C.,gobierno,39091.399
2019,11,Bogotá D.C.,gobierno,41930.670
2020,11,Bogotá D.C.,gobierno,42140.583
2021,11,Bogotá D.C.,gobierno,46070.928
2022,11,Bogotá D.C.,gobierno,50436.846
2023,11,Bogotá D.C.,gobierno,58107.108
2024,11,Bogotá D.C.,gobierno,65610.819
2025,11,Bogotá D.C.,gobierno,71846.314
2005,11,Bogotá D.C.,impuestos,9229.538
2006,11,Bogotá D.C.,impuestos,11043.424
2007,11,Bogotá D.C.,impuestos,12291.103
2008,11,Bogotá D.C.,impuestos,13001.001
2009,11,Bogotá D.C.,impuestos,13046.149
2010,11,Bogotá D.C.,impuestos,14436.078
2011,11,Bogotá D.C.,impuestos,16827.006
2012,11,Bogotá D.C.,impuestos,17757.774
2013,11,Bogotá D.C.,impuestos,18471.300
2014,11,Bogotá D.C.,impuestos,19981.664
2015,11,Bogotá D.C.,impuestos,21596.858
2016,11,Bogotá D.C.,impuestos,21794.120
2017,11,Bogotá D.C.,impuestos,24496.756
2018,11,Bogotá D.C.,impuestos,26878.334
2019,11,Bogotá D.C.,impuestos,29688.467
2020,11,Bogotá D.C.,impuestos,26875.131
2021,11,Bogotá D.C.,impuestos,34417.414
2022,11,Bogotá D.C.,impuestos,45629.095
2023,11,Bogotá D.C.,impuestos,47347.198
2024,11,Bogotá D.C.,impuestos,49643.905
2025,11,Bogotá D.C.,impuestos,55533.470
2005,11,Bogotá D.C.,industria,12153.552
2006,11,Bogotá D.C.,industria,14197.817
2007,11,Bogotá D.C.,industria,15697.244
2008,11,Bogotá D.C.,industria,15938.918
2009,11,Bogotá D.C.,industria,16505.962
2010,11,Bogotá D.C.,industria,16637.262
2011,11,Bogotá D.C.,industria,17059.861
2012,11,Bogotá D.C.,industria,18054.671
2013,11,Bogotá D.C.,industria,18653.540
2014,11,Bogotá D.C.,industria,18980.377
2015,11,Bogotá D.C.,industria,19679.676
2016,11,Bogotá D.C.,industria,20596.042
2017,11,Bogotá D.C.,industria,19523.999
2018,11,Bogotá D.C.,industria,20069.450
2019,11,Bogotá D.C.,industria,21073.526
2020,11,Bogotá D.C.,industria,18761.359
2021,11,Bogotá D.C.,industria,23593.285
2022,11,Bogotá D.C.,industria,28616.722
2023,11,Bogotá D.C.,industria,29660.341
2024,11,Bogotá D.C.,industria,29867.675
2025,11,Bogotá D.C.,industria,31202.313
2005,11,Bogotá D.C.,informacion,5082.647
2006,11,Bogotá D.C.,informacion,5464.874
2007,11,Bogotá D.C.,informacion,6128.533
2008,11,Bogotá D.C.,informacion,6672.817
2009,11,Bogotá D.C.,informacion,6921.526
2010,11,Bogotá D.C.,informacion,7452.255
2011,11,Bogotá D.C.,informacion,7845.688
2012,11,Bogotá D.C.,informacion,8366.158
2013,11,Bogotá D.C.,informacion,9022.825
2014,11,Bogotá D.C.,informacion,9520.847
2015,11,Bogotá D.C.,informacion,9767.322
2016,11,Bogotá D.C.,informacion,10209.065
2017,11,Bogotá D.C.,informacion,10928.111
2018,11,Bogotá D.C.,informacion,11521.664
2019,11,Bogotá D.C.,informacion,11961.454
2020,11,Bogotá D.C.,informacion,11784.735
2021,11,Bogotá D.C.,informacion,13348.160
2022,11,Bogotá D.C.,informacion,15093.478
2023,11,Bogotá D.C.,informacion,15830.142
2024,11,Bogotá D.C.,informacion,16269.396
2025,11,Bogotá D.C.,informacion,17090.731
2005,11,Bogotá D.C.,inmobiliarias,14239.496
2006,11,Bogotá D.C.,inmobiliarias,15561.883
2007,11,Bogotá D.C.,inmobiliarias,16773.963
2008,11,Bogotá D.C.,inmobiliarias,17943.742
2009,11,Bogotá D.C.,inmobiliarias,19380.899
2010,11,Bogotá D.C.,inmobiliarias,20675.322
2011,11,Bogotá D.C.,inmobiliarias,21970.459
2012,11,Bogotá D.C.,inmobiliarias,23372.779
2013,11,Bogotá D.C.,inmobiliarias,24721.825
2014,11,Bogotá D.C.,inmobiliarias,25745.454
2015,11,Bogotá D.C.,inmobiliarias,27584.299
2016,11,Bogotá D.C.,inmobiliarias,30109.811
2017,11,Bogotá D.C.,inmobiliarias,32351.403
2018,11,Bogotá D.C.,inmobiliarias,34579.843
2019,11,Bogotá D.C.,inmobiliarias,36586.221
2020,11,Bogotá D.C.,inmobiliarias,37461.469
2021,11,Bogotá D.C.,inmobiliarias,38746.401
2022,11,Bogotá D.C.,inmobiliarias,40376.111
2023,11,Bogotá D.C.,inmobiliarias,43746.514
2024,11,Bogotá D.C.,inmobiliarias,48475.578
2025,11,Bogotá D.C.,inmobiliarias,52777.028
2005,11,Bogotá D.C.,mineria,267.595
2006,11,Bogotá D.C.,mineria,318.984
2007,11,Bogotá D.C.,mineria,327.061
2008,11,Bogotá D.C.,mineria,325.790
2009,11,Bogotá D.C.,mineria,347.600
2010,11,Bogotá D.C.,mineria,297.701
2011,11,Bogotá D.C.,mineria,329.969
2012,11,Bogotá D.C.,mineria,304.447
2013,11,Bogotá D.C.,mineria,295.985
2014,11,Bogotá D.C.,mineria,286.178
2015,11,Bogotá D.C.,mineria,322.230
2016,11,Bogotá D.C.,mineria,370.002
2017,11,Bogotá D.C.,mineria,369.964
2018,11,Bogotá D.C.,mineria,381.600
2019,11,Bogotá D.C.,mineria,392.371
2020,11,Bogotá D.C.,mineria,299.434
2021,11,Bogotá D.C.,mineria,327.048
2022,11,Bogotá D.C.,mineria,473.215
2023,11,Bogotá D.C.,mineria,532.619
2024,11,Bogotá D.C.,mineria,528.637
2025,11,Bogotá D.C.,mineria,583.614
2005,11,Bogotá D.C.,profesionales,5325.261
2006,11,Bogotá D.C.,profesionales,6049.140
2007,11,Bogotá D.C.,profesionales,7193.353
2008,11,Bogotá D.C.,profesionales,8420.501
2009,11,Bogotá D.C.,profesionales,9743.910
2010,11,Bogotá D.C.,profesionales,10959.363
2011,11,Bogotá D.C.,profesionales,12274.793
2012,11,Bogotá D.C.,profesionales,14051.989
2013,11,Bogotá D.C.,profesionales,15840.539
2014,11,Bogotá D.C.,profesionales,18421.291
2015,11,Bogotá D.C.,profesionales,19230.748
2016,11,Bogotá D.C.,profesionales,19868.963
2017,11,Bogotá D.C.,profesionales,20875.783
2018,11,Bogotá D.C.,profesionales,22454.849
2019,11,Bogotá D.C.,profesionales,24129.873
2020,11,Bogotá D.C.,profesionales,22869.776
2021,11,Bogotá D.C.,profesionales,26150.816
2022,11,Bogotá D.C.,profesionales,31483.055
2023,11,Bogotá D.C.,profesionales,34737.863
2024,11,Bogotá D.C.,profesionales,36466.865
2025,11,Bogotá D.C.,profesionales,38970.623
2005,13,Bolívar,agro,776.543
2006,13,Bolívar,agro,804.152
2007,13,Bolívar,agro,868.224
2008,13,Bolívar,agro,998.548
2009,13,Bolívar,agro,1042.413
2010,13,Bolívar,agro,926.644
2011,13,Bolívar,agro,921.485
2012,13,Bolívar,agro,968.588
2013,13,Bolívar,agro,977.445
2014,13,Bolívar,agro,1015.897
2015,13,Bolívar,agro,1196.232
2016,13,Bolívar,agro,1370.428
2017,13,Bolívar,agro,1389.640
2018,13,Bolívar,agro,1487.648
2019,13,Bolívar,agro,1590.742
2020,13,Bolívar,agro,1806.122
2021,13,Bolívar,agro,2203.531
2022,13,Bolívar,agro,3113.715
2023,13,Bolívar,agro,3383.357
2024,13,Bolívar,agro,3879.517
2025,13,Bolívar,agro,4383.814
2005,13,Bolívar,arte,167.529
2006,13,Bolívar,arte,181.402
2007,13,Bolívar,arte,192.620
2008,13,Bolívar,arte,214.784
2009,13,Bolívar,arte,227.545
2010,13,Bolívar,arte,254.648
2011,13,Bolívar,arte,283.621
2012,13,Bolívar,arte,301.285
2013,13,Bolívar,arte,328.187
2014,13,Bolívar,arte,353.243
2015,13,Bolívar,arte,400.643
2016,13,Bolívar,arte,439.736
2017,13,Bolívar,arte,466.770
2018,13,Bolívar,arte,491.632
2019,13,Bolívar,arte,580.212
2020,13,Bolívar,arte,506.197
2021,13,Bolívar,arte,704.769
2022,13,Bolívar,arte,1048.701
2023,13,Bolívar,arte,1275.841
2024,13,Bolívar,arte,1485.844
2025,13,Bolívar,arte,1749.745
2005,13,Bolívar,comercio,2021.012
2006,13,Bolívar,comercio,2314.268
2007,13,Bolívar,comercio,2648.113
2008,13,Bolívar,comercio,2795.837
2009,13,Bolívar,comercio,2978.799
2010,13,Bolívar,comercio,3109.424
2011,13,Bolívar,comercio,3354.207
2012,13,Bolívar,comercio,3583.119
2013,13,Bolívar,comercio,3984.245
2014,13,Bolívar,comercio,4370.102
2015,13,Bolívar,comercio,4871.886
2016,13,Bolívar,comercio,5377.621
2017,13,Bolívar,comercio,5807.507
2018,13,Bolívar,comercio,6200.665
2019,13,Bolívar,comercio,6641.305
2020,13,Bolívar,comercio,5110.376
2021,13,Bolívar,comercio,7081.901
2022,13,Bolívar,comercio,9217.656
2023,13,Bolívar,comercio,10193.223
2024,13,Bolívar,comercio,10936.162
2025,13,Bolívar,comercio,12052.284
2005,13,Bolívar,construccion,362.738
2006,13,Bolívar,construccion,427.336
2007,13,Bolívar,construccion,693.345
2008,13,Bolívar,construccion,893.256
2009,13,Bolívar,construccion,1056.851
2010,13,Bolívar,construccion,1259.592
2011,13,Bolívar,construccion,1368.489
2012,13,Bolívar,construccion,1821.753
2013,13,Bolívar,construccion,2302.030
2014,13,Bolívar,construccion,3123.704
2015,13,Bolívar,construccion,2912.264
2016,13,Bolívar,construccion,3497.533
2017,13,Bolívar,construccion,3929.571
2018,13,Bolívar,construccion,3582.177
2019,13,Bolívar,construccion,3863.763
2020,13,Bolívar,construccion,2793.003
2021,13,Bolívar,construccion,2847.813
2022,13,Bolívar,construccion,3660.464
2023,13,Bolívar,construccion,4290.630
2024,13,Bolívar,construccion,5120.596
2025,13,Bolívar,construccion,5570.596
2005,13,Bolívar,electricidad,466.975
2006,13,Bolívar,electricidad,496.200
2007,13,Bolívar,electricidad,533.380
2008,13,Bolívar,electricidad,540.769
2009,13,Bolívar,electricidad,574.424
2010,13,Bolívar,electricidad,647.659
2011,13,Bolívar,electricidad,669.354
2012,13,Bolívar,electricidad,704.643
2013,13,Bolívar,electricidad,743.915
2014,13,Bolívar,electricidad,722.174
2015,13,Bolívar,electricidad,788.487
2016,13,Bolívar,electricidad,933.095
2017,13,Bolívar,electricidad,1014.354
2018,13,Bolívar,electricidad,1117.542
2019,13,Bolívar,electricidad,1233.013
2020,13,Bolívar,electricidad,1319.686
2021,13,Bolívar,electricidad,1506.801
2022,13,Bolívar,electricidad,1822.231
2023,13,Bolívar,electricidad,2129.384
2024,13,Bolívar,electricidad,2405.433
2025,13,Bolívar,electricidad,2419.176
2005,13,Bolívar,finanzas,198.661
2006,13,Bolívar,finanzas,213.295
2007,13,Bolívar,finanzas,258.695
2008,13,Bolívar,finanzas,317.459
2009,13,Bolívar,finanzas,347.534
2010,13,Bolívar,finanzas,382.509
2011,13,Bolívar,finanzas,435.631
2012,13,Bolívar,finanzas,496.349
2013,13,Bolívar,finanzas,543.913
2014,13,Bolívar,finanzas,603.011
2015,13,Bolívar,finanzas,647.703
2016,13,Bolívar,finanzas,648.158
2017,13,Bolívar,finanzas,729.348
2018,13,Bolívar,finanzas,786.357
2019,13,Bolívar,finanzas,863.224
2020,13,Bolívar,finanzas,896.836
2021,13,Bolívar,finanzas,958.018
2022,13,Bolívar,finanzas,1024.587
2023,13,Bolívar,finanzas,1131.628
2024,13,Bolívar,finanzas,1283.289
2025,13,Bolívar,finanzas,1404.771
2005,13,Bolívar,gobierno,1626.621
2006,13,Bolívar,gobierno,1740.108
2007,13,Bolívar,gobierno,1941.186
2008,13,Bolívar,gobierno,2091.293
2009,13,Bolívar,gobierno,2353.100
2010,13,Bolívar,gobierno,2687.229
2011,13,Bolívar,gobierno,2946.725
2012,13,Bolívar,gobierno,3432.683
2013,13,Bolívar,gobierno,3878.870
2014,13,Bolívar,gobierno,4449.529
2015,13,Bolívar,gobierno,4717.483
2016,13,Bolívar,gobierno,5182.845
2017,13,Bolívar,gobierno,5641.915
2018,13,Bolívar,gobierno,6079.632
2019,13,Bolívar,gobierno,6602.257
2020,13,Bolívar,gobierno,6775.649
2021,13,Bolívar,gobierno,7506.445
2022,13,Bolívar,gobierno,8149.523
2023,13,Bolívar,gobierno,9432.082
2024,13,Bolívar,gobierno,10756.348
2025,13,Bolívar,gobierno,11849.897
2005,13,Bolívar,impuestos,1556.000
2006,13,Bolívar,impuestos,1845.242
2007,13,Bolívar,impuestos,2079.487
2008,13,Bolívar,impuestos,2220.063
2009,13,Bolívar,impuestos,2003.842
2010,13,Bolívar,impuestos,2453.730
2011,13,Bolívar,impuestos,3130.531
2012,13,Bolívar,impuestos,3204.429
2013,13,Bolívar,impuestos,3527.355
2014,13,Bolívar,impuestos,2902.228
2015,13,Bolívar,impuestos,3136.914
2016,13,Bolívar,impuestos,3466.727
2017,13,Bolívar,impuestos,3693.032
2018,13,Bolívar,impuestos,3925.239
2019,13,Bolívar,impuestos,4294.392
2020,13,Bolívar,impuestos,3661.657
2021,13,Bolívar,impuestos,4721.565
2022,13,Bolívar,impuestos,6107.959
2023,13,Bolívar,impuestos,6329.254
2024,13,Bolívar,impuestos,6620.879
2025,13,Bolívar,impuestos,7376.412
2005,13,Bolívar,industria,2047.212
2006,13,Bolívar,industria,2392.243
2007,13,Bolívar,industria,2753.360
2008,13,Bolívar,industria,2791.863
2009,13,Bolívar,industria,2517.534
2010,13,Bolívar,industria,2933.407
2011,13,Bolívar,industria,3914.611
2012,13,Bolívar,industria,3911.829
2013,13,Bolívar,industria,4561.360
2014,13,Bolívar,industria,3987.920
2015,13,Bolívar,industria,4274.120
2016,13,Bolívar,industria,4656.988
2017,13,Bolívar,industria,4973.822
2018,13,Bolívar,industria,5520.276
2019,13,Bolívar,industria,5884.461
2020,13,Bolívar,industria,5226.944
2021,13,Bolívar,industria,7211.188
2022,13,Bolívar,industria,8753.246
2023,13,Bolívar,industria,9482.165
2024,13,Bolívar,industria,9610.812
2025,13,Bolívar,industria,9674.540
2005,13,Bolívar,informacion,303.480
2006,13,Bolívar,informacion,370.645
2007,13,Bolívar,informacion,431.307
2008,13,Bolívar,informacion,455.614
2009,13,Bolívar,informacion,468.142
2010,13,Bolívar,informacion,461.861
2011,13,Bolívar,informacion,492.483
2012,13,Bolívar,informacion,506.112
2013,13,Bolívar,informacion,543.430
2014,13,Bolívar,informacion,588.192
2015,13,Bolívar,informacion,594.847
2016,13,Bolívar,informacion,606.774
2017,13,Bolívar,informacion,640.229
2018,13,Bolívar,informacion,680.204
2019,13,Bolívar,informacion,705.940
2020,13,Bolívar,informacion,712.000
2021,13,Bolívar,informacion,798.589
2022,13,Bolívar,informacion,873.078
2023,13,Bolívar,informacion,909.070
2024,13,Bolívar,informacion,933.730
2025,13,Bolívar,informacion,959.825
2005,13,Bolívar,inmobiliarias,529.761
2006,13,Bolívar,inmobiliarias,618.100
2007,13,Bolívar,inmobiliarias,706.433
2008,13,Bolívar,inmobiliarias,801.416
2009,13,Bolívar,inmobiliarias,907.163
2010,13,Bolívar,inmobiliarias,1022.803
2011,13,Bolívar,inmobiliarias,1152.807
2012,13,Bolívar,inmobiliarias,1295.450
2013,13,Bolívar,inmobiliarias,1448.242
2014,13,Bolívar,inmobiliarias,1702.581
2015,13,Bolívar,inmobiliarias,1820.191
2016,13,Bolívar,inmobiliarias,1961.407
2017,13,Bolívar,inmobiliarias,2098.416
2018,13,Bolívar,inmobiliarias,2247.254
2019,13,Bolívar,inmobiliarias,2398.127
2020,13,Bolívar,inmobiliarias,2476.792
2021,13,Bolívar,inmobiliarias,2527.013
2022,13,Bolívar,inmobiliarias,2692.207
2023,13,Bolívar,inmobiliarias,2933.338
2024,13,Bolívar,inmobiliarias,3249.423
2025,13,Bolívar,inmobiliarias,3453.795
2005,13,Bolívar,mineria,364.408
2006,13,Bolívar,mineria,475.190
2007,13,Bolívar,mineria,474.290
2008,13,Bolívar,mineria,710.796
2009,13,Bolívar,mineria,605.010
2010,13,Bolívar,mineria,804.533
2011,13,Bolívar,mineria,1235.072
2012,13,Bolívar,mineria,1201.823
2013,13,Bolívar,mineria,1126.989
2014,13,Bolívar,mineria,759.927
2015,13,Bolívar,mineria,677.218
2016,13,Bolívar,mineria,704.019
2017,13,Bolívar,mineria,741.927
2018,13,Bolívar,mineria,872.608
2019,13,Bolívar,mineria,1092.806
2020,13,Bolívar,mineria,908.611
2021,13,Bolívar,mineria,1296.080
2022,13,Bolívar,mineria,1419.128
2023,13,Bolívar,mineria,1351.991
2024,13,Bolívar,mineria,1306.803
2025,13,Bolívar,mineria,1314.703
2005,13,Bolívar,profesionales,748.107
2006,13,Bolívar,profesionales,966.615
2007,13,Bolívar,profesionales,1107.219
2008,13,Bolívar,profesionales,1215.995
2009,13,Bolívar,profesionales,1350.001
2010,13,Bolívar,profesionales,1418.965
2011,13,Bolívar,profesionales,1583.994
2012,13,Bolívar,profesionales,1650.270
2013,13,Bolívar,profesionales,1892.721
2014,13,Bolívar,profesionales,2044.953
2015,13,Bolívar,profesionales,2067.223
2016,13,Bolívar,profesionales,2072.529
2017,13,Bolívar,profesionales,2267.250
2018,13,Bolívar,profesionales,2419.051
2019,13,Bolívar,profesionales,2535.057
2020,13,Bolívar,profesionales,2432.079
2021,13,Bolívar,profesionales,2806.167
2022,13,Bolívar,profesionales,3458.468
2023,13,Bolívar,profesionales,3875.139
2024,13,Bolívar,profesionales,4101.778
2025,13,Bolívar,profesionales,4337.392
2005,15,Boyacá,agro,1010.275
2006,15,Boyacá,agro,1075.963
2007,15,Boyacá,agro,1187.842
2008,15,Boyacá,agro,1358.574
2009,15,Boyacá,agro,1451.581
2010,15,Boyacá,agro,1474.540
2011,15,Boyacá,agro,1598.175
2012,15,Boyacá,agro,1607.103
2013,15,Boyacá,agro,1789.103
2014,15,Boyacá,agro,2027.494
2015,15,Boyacá,agro,2142.918
2016,15,Boyacá,agro,2639.783
2017,15,Boyacá,agro,2619.437
2018,15,Boyacá,agro,2796.560
2019,15,Boyacá,agro,3054.419
2020,15,Boyacá,agro,3362.852
2021,15,Boyacá,agro,4027.828
2022,15,Boyacá,agro,5707.589
2023,15,Boyacá,agro,6106.729
2024,15,Boyacá,agro,7161.294
2025,15,Boyacá,agro,8121.163
2005,15,Boyacá,arte,91.473
2006,15,Boyacá,arte,100.716
2007,15,Boyacá,arte,119.476
2008,15,Boyacá,arte,166.375
2009,15,Boyacá,arte,169.764
2010,15,Boyacá,arte,185.934
2011,15,Boyacá,arte,225.023
2012,15,Boyacá,arte,233.206
2013,15,Boyacá,arte,227.031
2014,15,Boyacá,arte,242.235
2015,15,Boyacá,arte,245.405
2016,15,Boyacá,arte,263.786
2017,15,Boyacá,arte,269.617
2018,15,Boyacá,arte,282.744
2019,15,Boyacá,arte,325.387
2020,15,Boyacá,arte,288.621
2021,15,Boyacá,arte,411.207
2022,15,Boyacá,arte,608.102
2023,15,Boyacá,arte,734.449
2024,15,Boyacá,arte,848.209
2025,15,Boyacá,arte,1000.023
2005,15,Boyacá,comercio,1596.454
2006,15,Boyacá,comercio,1778.276
2007,15,Boyacá,comercio,1974.584
2008,15,Boyacá,comercio,2109.788
2009,15,Boyacá,comercio,2168.549
2010,15,Boyacá,comercio,2348.830
2011,15,Boyacá,comercio,2601.000
2012,15,Boyacá,comercio,2674.661
2013,15,Boyacá,comercio,3195.227
2014,15,Boyacá,comercio,3638.290
2015,15,Boyacá,comercio,4053.568
2016,15,Boyacá,comercio,4491.941
2017,15,Boyacá,comercio,4741.234
2018,15,Boyacá,comercio,5042.286
2019,15,Boyacá,comercio,5418.165
2020,15,Boyacá,comercio,4590.891
2021,15,Boyacá,comercio,5669.050
2022,15,Boyacá,comercio,6962.355
2023,15,Boyacá,comercio,7688.984
2024,15,Boyacá,comercio,8170.576
2025,15,Boyacá,comercio,8978.216
2005,15,Boyacá,construccion,250.951
2006,15,Boyacá,construccion,312.288
2007,15,Boyacá,construccion,496.716
2008,15,Boyacá,construccion,676.447
2009,15,Boyacá,construccion,785.543
2010,15,Boyacá,construccion,962.351
2011,15,Boyacá,construccion,1142.189
2012,15,Boyacá,construccion,1420.097
2013,15,Boyacá,construccion,1578.332
2014,15,Boyacá,construccion,1777.627
2015,15,Boyacá,construccion,2204.808
2016,15,Boyacá,construccion,2489.011
2017,15,Boyacá,construccion,2639.144
2018,15,Boyacá,construccion,2886.981
2019,15,Boyacá,construccion,2932.403
2020,15,Boyacá,construccion,2008.845
2021,15,Boyacá,construccion,2062.525
2022,15,Boyacá,construccion,2507.795
2023,15,Boyacá,construccion,2819.311
2024,15,Boyacá,construccion,3061.815
2025,15,Boyacá,construccion,3521.208
2005,15,Boyacá,electricidad,498.730
2006,15,Boyacá,electricidad,579.986
2007,15,Boyacá,electricidad,605.149
2008,15,Boyacá,electricidad,627.678
2009,15,Boyacá,electricidad,699.248
2010,15,Boyacá,electricidad,753.698
2011,15,Boyacá,electricidad,913.589
2012,15,Boyacá,electricidad,937.623
2013,15,Boyacá,electricidad,981.761
2014,15,Boyacá,electricidad,1174.108
2015,15,Boyacá,electricidad,1234.731
2016,15,Boyacá,electricidad,1405.099
2017,15,Boyacá,electricidad,1462.583
2018,15,Boyacá,electricidad,1611.141
2019,15,Boyacá,electricidad,1789.338
2020,15,Boyacá,electricidad,1939.609
2021,15,Boyacá,electricidad,2356.747
2022,15,Boyacá,electricidad,2943.932
2023,15,Boyacá,electricidad,3534.435
2024,15,Boyacá,electricidad,3996.991
2025,15,Boyacá,electricidad,3761.781
2005,15,Boyacá,finanzas,140.338
2006,15,Boyacá,finanzas,154.421
2007,15,Boyacá,finanzas,186.923
2008,15,Boyacá,finanzas,221.599
2009,15,Boyacá,finanzas,231.357
2010,15,Boyacá,finanzas,251.068
2011,15,Boyacá,finanzas,288.984
2012,15,Boyacá,finanzas,320.456
2013,15,Boyacá,finanzas,347.297
2014,15,Boyacá,finanzas,370.619
2015,15,Boyacá,finanzas,400.887
2016,15,Boyacá,finanzas,397.170
2017,15,Boyacá,finanzas,446.335
2018,15,Boyacá,finanzas,486.576
2019,15,Boyacá,finanzas,534.640
2020,15,Boyacá,finanzas,555.914
2021,15,Boyacá,finanzas,598.538
2022,15,Boyacá,finanzas,638.175
2023,15,Boyacá,finanzas,699.396
2024,15,Boyacá,finanzas,787.223
2025,15,Boyacá,finanzas,860.246
2005,15,Boyacá,gobierno,1238.857
2006,15,Boyacá,gobierno,1424.230
2007,15,Boyacá,gobierno,1543.464
2008,15,Boyacá,gobierno,1617.956
2009,15,Boyacá,gobierno,1769.942
2010,15,Boyacá,gobierno,1870.125
2011,15,Boyacá,gobierno,1950.637
2012,15,Boyacá,gobierno,2167.360
2013,15,Boyacá,gobierno,2314.168
2014,15,Boyacá,gobierno,2448.070
2015,15,Boyacá,gobierno,2720.959
2016,15,Boyacá,gobierno,2993.515
2017,15,Boyacá,gobierno,3249.176
2018,15,Boyacá,gobierno,3503.656
2019,15,Boyacá,gobierno,3796.929
2020,15,Boyacá,gobierno,3911.738
2021,15,Boyacá,gobierno,4283.062
2022,15,Boyacá,gobierno,4617.621
2023,15,Boyacá,gobierno,5368.669
2024,15,Boyacá,gobierno,6086.417
2025,15,Boyacá,gobierno,6714.387
2005,15,Boyacá,impuestos,566.546
2006,15,Boyacá,impuestos,634.679
2007,15,Boyacá,impuestos,799.860
2008,15,Boyacá,impuestos,860.759
2009,15,Boyacá,impuestos,857.531
2010,15,Boyacá,impuestos,955.007
2011,15,Boyacá,impuestos,1194.255
2012,15,Boyacá,impuestos,1238.803
2013,15,Boyacá,impuestos,1171.583
2014,15,Boyacá,impuestos,1361.734
2015,15,Boyacá,impuestos,1517.960
2016,15,Boyacá,impuestos,1527.025
2017,15,Boyacá,impuestos,1791.109
2018,15,Boyacá,impuestos,1998.884
2019,15,Boyacá,impuestos,2189.195
2020,15,Boyacá,impuestos,1972.265
2021,15,Boyacá,impuestos,2467.512
2022,15,Boyacá,impuestos,3145.513
2023,15,Boyacá,impuestos,3261.368
2024,15,Boyacá,impuestos,3418.514
2025,15,Boyacá,impuestos,3805.949
2005,15,Boyacá,industria,1374.579
2006,15,Boyacá,industria,1385.657
2007,15,Boyacá,industria,1586.918
2008,15,Boyacá,industria,1899.177
2009,15,Boyacá,industria,1985.906
2010,15,Boyacá,industria,1886.590
2011,15,Boyacá,industria,2295.944
2012,15,Boyacá,industria,2402.913
2013,15,Boyacá,industria,2433.147
2014,15,Boyacá,industria,2711.506
2015,15,Boyacá,industria,2981.392
2016,15,Boyacá,industria,3051.052
2017,15,Boyacá,industria,2814.026
2018,15,Boyacá,industria,2961.685
2019,15,Boyacá,industria,3137.076
2020,15,Boyacá,industria,2986.517
2021,15,Boyacá,industria,3518.943
2022,15,Boyacá,industria,4204.902
2023,15,Boyacá,industria,4530.966
2024,15,Boyacá,industria,4556.933
2025,15,Boyacá,industria,4768.036
2005,15,Boyacá,informacion,279.675
2006,15,Boyacá,informacion,332.908
2007,15,Boyacá,informacion,384.537
2008,15,Boyacá,informacion,401.449
2009,15,Boyacá,informacion,400.027
2010,15,Boyacá,informacion,368.066
2011,15,Boyacá,informacion,381.464
2012,15,Boyacá,informacion,367.070
2013,15,Boyacá,informacion,380.811
2014,15,Boyacá,informacion,355.689
2015,15,Boyacá,informacion,378.210
2016,15,Boyacá,informacion,407.579
2017,15,Boyacá,informacion,416.510
2018,15,Boyacá,informacion,422.276
2019,15,Boyacá,informacion,434.793
2020,15,Boyacá,informacion,437.952
2021,15,Boyacá,informacion,471.809
2022,15,Boyacá,informacion,520.586
2023,15,Boyacá,informacion,549.516
2024,15,Boyacá,informacion,563.719
2025,15,Boyacá,informacion,573.864
2005,15,Boyacá,inmobiliarias,555.347
2006,15,Boyacá,inmobiliarias,619.913
2007,15,Boyacá,inmobiliarias,676.897
2008,15,Boyacá,inmobiliarias,744.525
2009,15,Boyacá,inmobiliarias,803.919
2010,15,Boyacá,inmobiliarias,861.136
2011,15,Boyacá,inmobiliarias,925.116
2012,15,Boyacá,inmobiliarias,985.440
2013,15,Boyacá,inmobiliarias,1041.926
2014,15,Boyacá,inmobiliarias,1092.325
2015,15,Boyacá,inmobiliarias,1183.436
2016,15,Boyacá,inmobiliarias,1281.600
2017,15,Boyacá,inmobiliarias,1388.837
2018,15,Boyacá,inmobiliarias,1500.988
2019,15,Boyacá,inmobiliarias,1621.284
2020,15,Boyacá,inmobiliarias,1676.129
2021,15,Boyacá,inmobiliarias,1752.850
2022,15,Boyacá,inmobiliarias,1870.103
2023,15,Boyacá,inmobiliarias,2049.134
2024,15,Boyacá,inmobiliarias,2207.065
2025,15,Boyacá,inmobiliarias,2403.845
2005,15,Boyacá,mineria,374.198
2006,15,Boyacá,mineria,516.965
2007,15,Boyacá,mineria,1031.026
2008,15,Boyacá,mineria,1663.580
2009,15,Boyacá,mineria,1449.943
2010,15,Boyacá,mineria,1996.224
2011,15,Boyacá,mineria,3045.500
2012,15,Boyacá,mineria,3180.978
2013,15,Boyacá,mineria,3056.557
2014,15,Boyacá,mineria,2703.165
2015,15,Boyacá,mineria,2108.796
2016,15,Boyacá,mineria,1694.063
2017,15,Boyacá,mineria,1903.924
2018,15,Boyacá,mineria,2258.469
2019,15,Boyacá,mineria,2127.329
2020,15,Boyacá,mineria,1547.449
2021,15,Boyacá,mineria,2164.242
2022,15,Boyacá,mineria,4107.261
2023,15,Boyacá,mineria,3243.147
2024,15,Boyacá,mineria,2770.606
2025,15,Boyacá,mineria,2342.703
2005,15,Boyacá,profesionales,248.573
2006,15,Boyacá,profesionales,298.996
2007,15,Boyacá,profesionales,357.350
2008,15,Boyacá,profesionales,423.224
2009,15,Boyacá,profesionales,487.892
2010,15,Boyacá,profesionales,560.958
2011,15,Boyacá,profesionales,698.159
2012,15,Boyacá,profesionales,778.229
2013,15,Boyacá,profesionales,863.117
2014,15,Boyacá,profesionales,936.611
2015,15,Boyacá,profesionales,991.614
2016,15,Boyacá,profesionales,1029.506
2017,15,Boyacá,profesionales,1040.329
2018,15,Boyacá,profesionales,1131.962
2019,15,Boyacá,profesionales,1212.588
2020,15,Boyacá,profesionales,1201.281
2021,15,Boyacá,profesionales,1391.680
2022,15,Boyacá,profesionales,1590.256
2023,15,Boyacá,profesionales,1767.076
2024,15,Boyacá,profesionales,1864.004
2025,15,Boyacá,profesionales,1971.345
2005,17,Caldas,agro,710.667
2006,17,Caldas,agro,787.545
2007,17,Caldas,agro,803.185
2008,17,Caldas,agro,861.527
2009,17,Caldas,agro,920.045
2010,17,Caldas,agro,1016.066
2011,17,Caldas,agro,1097.849
2012,17,Caldas,agro,945.688
2013,17,Caldas,agro,994.098
2014,17,Caldas,agro,1139.795
2015,17,Caldas,agro,1274.005
2016,17,Caldas,agro,1444.442
2017,17,Caldas,agro,1556.181
2018,17,Caldas,agro,1697.361
2019,17,Caldas,agro,1945.933
2020,17,Caldas,agro,2158.925
2021,17,Caldas,agro,2546.943
2022,17,Caldas,agro,3654.243
2023,17,Caldas,agro,3904.897
2024,17,Caldas,agro,4683.621
2025,17,Caldas,agro,5362.394
2005,17,Caldas,arte,156.550
2006,17,Caldas,arte,167.283
2007,17,Caldas,arte,182.600
2008,17,Caldas,arte,206.067
2009,17,Caldas,arte,219.308
2010,17,Caldas,arte,240.264
2011,17,Caldas,arte,262.581
2012,17,Caldas,arte,272.955
2013,17,Caldas,arte,283.510
2014,17,Caldas,arte,324.562
2015,17,Caldas,arte,307.507
2016,17,Caldas,arte,343.569
2017,17,Caldas,arte,372.854
2018,17,Caldas,arte,385.639
2019,17,Caldas,arte,438.591
2020,17,Caldas,arte,399.962
2021,17,Caldas,arte,573.233
2022,17,Caldas,arte,821.622
2023,17,Caldas,arte,991.806
2024,17,Caldas,arte,1156.077
2025,17,Caldas,arte,1364.465
2005,17,Caldas,comercio,941.247
2006,17,Caldas,comercio,1049.359
2007,17,Caldas,comercio,1168.970
2008,17,Caldas,comercio,1258.738
2009,17,Caldas,comercio,1348.696
2010,17,Caldas,comercio,1413.335
2011,17,Caldas,comercio,1523.102
2012,17,Caldas,comercio,1600.936
2013,17,Caldas,comercio,1743.338
2014,17,Caldas,comercio,1894.497
2015,17,Caldas,comercio,2141.871
2016,17,Caldas,comercio,2395.770
2017,17,Caldas,comercio,2578.873
2018,17,Caldas,comercio,2728.777
2019,17,Caldas,comercio,2988.426
2020,17,Caldas,comercio,2776.543
2021,17,Caldas,comercio,3530.255
2022,17,Caldas,comercio,4380.511
2023,17,Caldas,comercio,4787.770
2024,17,Caldas,comercio,5121.138
2025,17,Caldas,comercio,5695.434
2005,17,Caldas,construccion,223.575
2006,17,Caldas,construccion,259.381
2007,17,Caldas,construccion,396.772
2008,17,Caldas,construccion,484.412
2009,17,Caldas,construccion,451.675
2010,17,Caldas,construccion,526.389
2011,17,Caldas,construccion,563.479
2012,17,Caldas,construccion,603.716
2013,17,Caldas,construccion,715.158
2014,17,Caldas,construccion,805.004
2015,17,Caldas,construccion,783.944
2016,17,Caldas,construccion,1052.396
2017,17,Caldas,construccion,1066.158
2018,17,Caldas,construccion,1110.061
2019,17,Caldas,construccion,1102.244
2020,17,Caldas,construccion,771.879
2021,17,Caldas,construccion,827.511
2022,17,Caldas,construccion,1075.644
2023,17,Caldas,construccion,1218.824
2024,17,Caldas,construccion,1303.043
2025,17,Caldas,construccion,1307.539
2005,17,Caldas,electricidad,337.156
2006,17,Caldas,electricidad,384.053
2007,17,Caldas,electricidad,421.736
2008,17,Caldas,electricidad,471.433
2009,17,Caldas,electricidad,462.782
2010,17,Caldas,electricidad,549.136
2011,17,Caldas,electricidad,590.072
2012,17,Caldas,electricidad,580.385
2013,17,Caldas,electricidad,614.411
2014,17,Caldas,electricidad,623.802
2015,17,Caldas,electricidad,663.887
2016,17,Caldas,electricidad,727.618
2017,17,Caldas,electricidad,786.020
2018,17,Caldas,electricidad,855.863
2019,17,Caldas,electricidad,955.091
2020,17,Caldas,electricidad,1019.586
2021,17,Caldas,electricidad,1191.450
2022,17,Caldas,electricidad,1471.671
2023,17,Caldas,electricidad,1787.775
2024,17,Caldas,electricidad,2025.614
2025,17,Caldas,electricidad,1960.826
2005,17,Caldas,finanzas,154.919
2006,17,Caldas,finanzas,167.849
2007,17,Caldas,finanzas,201.846
2008,17,Caldas,finanzas,232.872
2009,17,Caldas,finanzas,264.252
2010,17,Caldas,finanzas,275.305
2011,17,Caldas,finanzas,297.683
2012,17,Caldas,finanzas,322.138
2013,17,Caldas,finanzas,340.857
2014,17,Caldas,finanzas,365.587
2015,17,Caldas,finanzas,387.629
2016,17,Caldas,finanzas,385.520
2017,17,Caldas,finanzas,434.729
2018,17,Caldas,finanzas,472.853
2019,17,Caldas,finanzas,516.139
2020,17,Caldas,finanzas,537.784
2021,17,Caldas,finanzas,578.779
2022,17,Caldas,finanzas,611.897
2023,17,Caldas,finanzas,675.825
2024,17,Caldas,finanzas,766.878
2025,17,Caldas,finanzas,835.118
2005,17,Caldas,gobierno,815.299
2006,17,Caldas,gobierno,910.651
2007,17,Caldas,gobierno,1057.260
2008,17,Caldas,gobierno,1088.899
2009,17,Caldas,gobierno,1161.971
2010,17,Caldas,gobierno,1241.291
2011,17,Caldas,gobierno,1324.254
2012,17,Caldas,gobierno,1472.873
2013,17,Caldas,gobierno,1669.015
2014,17,Caldas,gobierno,1764.955
2015,17,Caldas,gobierno,1953.997
2016,17,Caldas,gobierno,2100.801
2017,17,Caldas,gobierno,2301.624
2018,17,Caldas,gobierno,2501.809
2019,17,Caldas,gobierno,2706.865
2020,17,Caldas,gobierno,2790.790
2021,17,Caldas,gobierno,3105.842
2022,17,Caldas,gobierno,3370.449
2023,17,Caldas,gobierno,3890.248
2024,17,Caldas,gobierno,4422.940
2025,17,Caldas,gobierno,4851.708
2005,17,Caldas,impuestos,557.979
2006,17,Caldas,impuestos,694.876
2007,17,Caldas,impuestos,758.249
2008,17,Caldas,impuestos,764.211
2009,17,Caldas,impuestos,735.861
2010,17,Caldas,impuestos,733.156
2011,17,Caldas,impuestos,787.243
2012,17,Caldas,impuestos,823.096
2013,17,Caldas,impuestos,746.171
2014,17,Caldas,impuestos,904.655
2015,17,Caldas,impuestos,991.862
2016,17,Caldas,impuestos,1015.727
2017,17,Caldas,impuestos,1215.600
2018,17,Caldas,impuestos,1289.751
2019,17,Caldas,impuestos,1404.647
2020,17,Caldas,impuestos,1231.095
2021,17,Caldas,impuestos,1547.355
2022,17,Caldas,impuestos,2045.600
2023,17,Caldas,impuestos,2120.005
2024,17,Caldas,impuestos,2229.130
2025,17,Caldas,impuestos,2484.698
2005,17,Caldas,industria,1071.142
2006,17,Caldas,industria,1334.883
2007,17,Caldas,industria,1363.071
2008,17,Caldas,industria,1453.886
2009,17,Caldas,industria,1310.628
2010,17,Caldas,industria,1244.156
2011,17,Caldas,industria,1172.419
2012,17,Caldas,industria,1236.336
2013,17,Caldas,industria,1317.330
2014,17,Caldas,industria,1459.698
2015,17,Caldas,industria,1639.069
2016,17,Caldas,industria,1764.785
2017,17,Caldas,industria,1797.252
2018,17,Caldas,industria,1851.211
2019,17,Caldas,industria,1933.657
2020,17,Caldas,industria,1797.986
2021,17,Caldas,industria,2214.543
2022,17,Caldas,industria,2611.596
2023,17,Caldas,industria,2734.386
2024,17,Caldas,industria,2781.736
2025,17,Caldas,industria,3015.115
2005,17,Caldas,informacion,250.126
2006,17,Caldas,informacion,264.205
2007,17,Caldas,informacion,297.756
2008,17,Caldas,informacion,320.135
2009,17,Caldas,informacion,331.420
2010,17,Caldas,informacion,322.013
2011,17,Caldas,informacion,332.014
2012,17,Caldas,informacion,345.470
2013,17,Caldas,informacion,370.697
2014,17,Caldas,informacion,368.870
2015,17,Caldas,informacion,393.391
2016,17,Caldas,informacion,399.861
2017,17,Caldas,informacion,420.920
2018,17,Caldas,informacion,453.689
2019,17,Caldas,informacion,468.493
2020,17,Caldas,informacion,450.498
2021,17,Caldas,informacion,516.758
2022,17,Caldas,informacion,568.791
2023,17,Caldas,informacion,599.512
2024,17,Caldas,informacion,613.212
2025,17,Caldas,informacion,629.397
2005,17,Caldas,inmobiliarias,278.608
2006,17,Caldas,inmobiliarias,321.364
2007,17,Caldas,inmobiliarias,365.169
2008,17,Caldas,inmobiliarias,415.214
2009,17,Caldas,inmobiliarias,464.905
2010,17,Caldas,inmobiliarias,515.488
2011,17,Caldas,inmobiliarias,574.329
2012,17,Caldas,inmobiliarias,636.089
2013,17,Caldas,inmobiliarias,699.299
2014,17,Caldas,inmobiliarias,785.357
2015,17,Caldas,inmobiliarias,842.767
2016,17,Caldas,inmobiliarias,897.014
2017,17,Caldas,inmobiliarias,947.286
2018,17,Caldas,inmobiliarias,1012.454
2019,17,Caldas,inmobiliarias,1082.776
2020,17,Caldas,inmobiliarias,1118.490
2021,17,Caldas,inmobiliarias,1167.354
2022,17,Caldas,inmobiliarias,1245.253
2023,17,Caldas,inmobiliarias,1353.261
2024,17,Caldas,inmobiliarias,1476.644
2025,17,Caldas,inmobiliarias,1582.717
2005,17,Caldas,mineria,67.443
2006,17,Caldas,mineria,131.281
2007,17,Caldas,mineria,114.896
2008,17,Caldas,mineria,74.215
2009,17,Caldas,mineria,75.584
2010,17,Caldas,mineria,83.608
2011,17,Caldas,mineria,109.751
2012,17,Caldas,mineria,132.042
2013,17,Caldas,mineria,122.013
2014,17,Caldas,mineria,146.363
2015,17,Caldas,mineria,141.340
2016,17,Caldas,mineria,232.174
2017,17,Caldas,mineria,216.154
2018,17,Caldas,mineria,196.421
2019,17,Caldas,mineria,234.789
2020,17,Caldas,mineria,399.392
2021,17,Caldas,mineria,430.368
2022,17,Caldas,mineria,456.191
2023,17,Caldas,mineria,493.447
2024,17,Caldas,mineria,514.607
2025,17,Caldas,mineria,609.776
2005,17,Caldas,profesionales,450.634
2006,17,Caldas,profesionales,415.336
2007,17,Caldas,profesionales,477.942
2008,17,Caldas,profesionales,549.630
2009,17,Caldas,profesionales,616.435
2010,17,Caldas,profesionales,661.764
2011,17,Caldas,profesionales,708.327
2012,17,Caldas,profesionales,776.498
2013,17,Caldas,profesionales,881.957
2014,17,Caldas,profesionales,935.481
2015,17,Caldas,profesionales,992.233
2016,17,Caldas,profesionales,1038.616
2017,17,Caldas,profesionales,1055.847
2018,17,Caldas,profesionales,1154.939
2019,17,Caldas,profesionales,1234.788
2020,17,Caldas,profesionales,1221.174
2021,17,Caldas,profesionales,1364.193
2022,17,Caldas,profesionales,1559.787
2023,17,Caldas,profesionales,1724.494
2024,17,Caldas,profesionales,1812.974
2025,17,Caldas,profesionales,1915.347
2005,18,Caquetá,agro,290.455
2006,18,Caquetá,agro,291.063
2007,18,Caquetá,agro,336.651
2008,18,Caquetá,agro,348.996
2009,18,Caquetá,agro,340.405
2010,18,Caquetá,agro,314.393
2011,18,Caquetá,agro,355.367
2012,18,Caquetá,agro,383.908
2013,18,Caquetá,agro,375.002
2014,18,Caquetá,agro,412.198
2015,18,Caquetá,agro,459.767
2016,18,Caquetá,agro,549.827
2017,18,Caquetá,agro,560.305
2018,18,Caquetá,agro,556.129
2019,18,Caquetá,agro,602.548
2020,18,Caquetá,agro,662.775
2021,18,Caquetá,agro,827.199
2022,18,Caquetá,agro,1097.482
2023,18,Caquetá,agro,1194.908
2024,18,Caquetá,agro,1326.622
2025,18,Caquetá,agro,1451.998
2005,18,Caquetá,arte,33.667
2006,18,Caquetá,arte,32.517
2007,18,Caquetá,arte,37.905
2008,18,Caquetá,arte,38.416
2009,18,Caquetá,arte,42.126
2010,18,Caquetá,arte,43.395
2011,18,Caquetá,arte,46.975
2012,18,Caquetá,arte,49.023
2013,18,Caquetá,arte,53.110
2014,18,Caquetá,arte,53.482
2015,18,Caquetá,arte,56.820
2016,18,Caquetá,arte,62.774
2017,18,Caquetá,arte,68.689
2018,18,Caquetá,arte,72.410
2019,18,Caquetá,arte,81.930
2020,18,Caquetá,arte,74.066
2021,18,Caquetá,arte,101.483
2022,18,Caquetá,arte,147.902
2023,18,Caquetá,arte,178.559
2024,18,Caquetá,arte,208.140
2025,18,Caquetá,arte,245.398
2005,18,Caquetá,comercio,214.485
2006,18,Caquetá,comercio,246.850
2007,18,Caquetá,comercio,285.399
2008,18,Caquetá,comercio,305.623
2009,18,Caquetá,comercio,375.120
2010,18,Caquetá,comercio,360.187
2011,18,Caquetá,comercio,394.112
2012,18,Caquetá,comercio,428.457
2013,18,Caquetá,comercio,487.337
2014,18,Caquetá,comercio,551.812
2015,18,Caquetá,comercio,603.385
2016,18,Caquetá,comercio,690.698
2017,18,Caquetá,comercio,748.283
2018,18,Caquetá,comercio,787.114
2019,18,Caquetá,comercio,834.651
2020,18,Caquetá,comercio,692.372
2021,18,Caquetá,comercio,862.019
2022,18,Caquetá,comercio,1067.942
2023,18,Caquetá,comercio,1174.837
2024,18,Caquetá,comercio,1254.092
2025,18,Caquetá,comercio,1383.375
2005,18,Caquetá,construccion,40.304
2006,18,Caquetá,construccion,76.758
2007,18,Caquetá,construccion,85.113
2008,18,Caquetá,construccion,134.438
2009,18,Caquetá,construccion,142.550
2010,18,Caquetá,construccion,189.597
2011,18,Caquetá,construccion,201.376
2012,18,Caquetá,construccion,381.045
2013,18,Caquetá,construccion,474.165
2014,18,Caquetá,construccion,501.214
2015,18,Caquetá,construccion,486.562
2016,18,Caquetá,construccion,480.524
2017,18,Caquetá,construccion,459.229
2018,18,Caquetá,construccion,466.158
2019,18,Caquetá,construccion,427.053
2020,18,Caquetá,construccion,318.923
2021,18,Caquetá,construccion,322.336
2022,18,Caquetá,construccion,289.055
2023,18,Caquetá,construccion,341.963
2024,18,Caquetá,construccion,399.055
2025,18,Caquetá,construccion,459.857
2005,18,Caquetá,electricidad,10.577
2006,18,Caquetá,electricidad,11.553
2007,18,Caquetá,electricidad,12.487
2008,18,Caquetá,electricidad,13.939
2009,18,Caquetá,electricidad,15.016
2010,18,Caquetá,electricidad,16.796
2011,18,Caquetá,electricidad,18.529
2012,18,Caquetá,electricidad,19.361
2013,18,Caquetá,electricidad,20.701
2014,18,Caquetá,electricidad,21.894
2015,18,Caquetá,electricidad,22.358
2016,18,Caquetá,electricidad,26.162
2017,18,Caquetá,electricidad,28.436
2018,18,Caquetá,electricidad,30.852
2019,18,Caquetá,electricidad,34.712
2020,18,Caquetá,electricidad,37.810
2021,18,Caquetá,electricidad,42.451
2022,18,Caquetá,electricidad,52.496
2023,18,Caquetá,electricidad,65.339
2024,18,Caquetá,electricidad,74.088
2025,18,Caquetá,electricidad,70.482
2005,18,Caquetá,finanzas,27.339
2006,18,Caquetá,finanzas,28.072
2007,18,Caquetá,finanzas,34.375
2008,18,Caquetá,finanzas,41.145
2009,18,Caquetá,finanzas,45.886
2010,18,Caquetá,finanzas,53.099
2011,18,Caquetá,finanzas,58.309
2012,18,Caquetá,finanzas,65.554
2013,18,Caquetá,finanzas,73.830
2014,18,Caquetá,finanzas,79.446
2015,18,Caquetá,finanzas,83.940
2016,18,Caquetá,finanzas,82.831
2017,18,Caquetá,finanzas,93.523
2018,18,Caquetá,finanzas,102.290
2019,18,Caquetá,finanzas,112.821
2020,18,Caquetá,finanzas,117.570
2021,18,Caquetá,finanzas,126.486
2022,18,Caquetá,finanzas,134.254
2023,18,Caquetá,finanzas,145.204
2024,18,Caquetá,finanzas,165.288
2025,18,Caquetá,finanzas,181.443
2005,18,Caquetá,gobierno,357.983
2006,18,Caquetá,gobierno,381.896
2007,18,Caquetá,gobierno,427.981
2008,18,Caquetá,gobierno,477.198
2009,18,Caquetá,gobierno,527.575
2010,18,Caquetá,gobierno,566.051
2011,18,Caquetá,gobierno,605.162
2012,18,Caquetá,gobierno,687.160
2013,18,Caquetá,gobierno,763.786
2014,18,Caquetá,gobierno,892.552
2015,18,Caquetá,gobierno,949.468
2016,18,Caquetá,gobierno,1046.631
2017,18,Caquetá,gobierno,1139.297
2018,18,Caquetá,gobierno,1236.779
2019,18,Caquetá,gobierno,1350.369
2020,18,Caquetá,gobierno,1405.484
2021,18,Caquetá,gobierno,1540.981
2022,18,Caquetá,gobierno,1668.721
2023,18,Caquetá,gobierno,1945.716
2024,18,Caquetá,gobierno,2183.719
2025,18,Caquetá,gobierno,2402.790
2005,18,Caquetá,impuestos,57.111
2006,18,Caquetá,impuestos,72.972
2007,18,Caquetá,impuestos,81.364
2008,18,Caquetá,impuestos,91.848
2009,18,Caquetá,impuestos,91.504
2010,18,Caquetá,impuestos,98.493
2011,18,Caquetá,impuestos,116.994
2012,18,Caquetá,impuestos,128.014
2013,18,Caquetá,impuestos,139.936
2014,18,Caquetá,impuestos,155.841
2015,18,Caquetá,impuestos,164.428
2016,18,Caquetá,impuestos,168.771
2017,18,Caquetá,impuestos,193.045
2018,18,Caquetá,impuestos,207.558
2019,18,Caquetá,impuestos,228.385
2020,18,Caquetá,impuestos,218.442
2021,18,Caquetá,impuestos,264.699
2022,18,Caquetá,impuestos,359.376
2023,18,Caquetá,impuestos,372.768
2024,18,Caquetá,impuestos,392.251
2025,18,Caquetá,impuestos,438.607
2005,18,Caquetá,industria,69.694
2006,18,Caquetá,industria,75.545
2007,18,Caquetá,industria,84.163
2008,18,Caquetá,industria,94.057
2009,18,Caquetá,industria,100.537
2010,18,Caquetá,industria,84.864
2011,18,Caquetá,industria,92.603
2012,18,Caquetá,industria,98.612
2013,18,Caquetá,industria,99.095
2014,18,Caquetá,industria,98.981
2015,18,Caquetá,industria,98.771
2016,18,Caquetá,industria,104.945
2017,18,Caquetá,industria,104.443
2018,18,Caquetá,industria,107.521
2019,18,Caquetá,industria,109.090
2020,18,Caquetá,industria,111.122
2021,18,Caquetá,industria,133.632
2022,18,Caquetá,industria,158.881
2023,18,Caquetá,industria,166.561
2024,18,Caquetá,industria,171.902
2025,18,Caquetá,industria,184.198
2005,18,Caquetá,informacion,33.791
2006,18,Caquetá,informacion,42.086
2007,18,Caquetá,informacion,51.317
2008,18,Caquetá,informacion,54.083
2009,18,Caquetá,informacion,53.307
2010,18,Caquetá,informacion,53.754
2011,18,Caquetá,informacion,56.612
2012,18,Caquetá,informacion,55.665
2013,18,Caquetá,informacion,59.366
2014,18,Caquetá,informacion,62.661
2015,18,Caquetá,informacion,64.475
2016,18,Caquetá,informacion,67.735
2017,18,Caquetá,informacion,71.130
2018,18,Caquetá,informacion,76.820
2019,18,Caquetá,informacion,79.118
2020,18,Caquetá,informacion,75.247
2021,18,Caquetá,informacion,80.915
2022,18,Caquetá,informacion,88.774
2023,18,Caquetá,informacion,91.776
2024,18,Caquetá,informacion,93.701
2025,18,Caquetá,informacion,96.343
2005,18,Caquetá,inmobiliarias,48.807
2006,18,Caquetá,inmobiliarias,60.862
2007,18,Caquetá,inmobiliarias,72.274
2008,18,Caquetá,inmobiliarias,87.765
2009,18,Caquetá,inmobiliarias,104.185
2010,18,Caquetá,inmobiliarias,116.581
2011,18,Caquetá,inmobiliarias,137.003
2012,18,Caquetá,inmobiliarias,160.165
2013,18,Caquetá,inmobiliarias,180.351
2014,18,Caquetá,inmobiliarias,224.113
2015,18,Caquetá,inmobiliarias,239.767
2016,18,Caquetá,inmobiliarias,255.203
2017,18,Caquetá,inmobiliarias,265.711
2018,18,Caquetá,inmobiliarias,284.900
2019,18,Caquetá,inmobiliarias,303.290
2020,18,Caquetá,inmobiliarias,310.294
2021,18,Caquetá,inmobiliarias,317.831
2022,18,Caquetá,inmobiliarias,340.422
2023,18,Caquetá,inmobiliarias,372.823
2024,18,Caquetá,inmobiliarias,407.726
2025,18,Caquetá,inmobiliarias,437.499
2005,18,Caquetá,mineria,2.176
2006,18,Caquetá,mineria,4.425
2007,18,Caquetá,mineria,4.527
2008,18,Caquetá,mineria,6.397
2009,18,Caquetá,mineria,6.369
2010,18,Caquetá,mineria,8.525
2011,18,Caquetá,mineria,9.466
2012,18,Caquetá,mineria,15.779
2013,18,Caquetá,mineria,17.635
2014,18,Caquetá,mineria,17.053
2015,18,Caquetá,mineria,16.348
2016,18,Caquetá,mineria,17.447
2017,18,Caquetá,mineria,15.338
2018,18,Caquetá,mineria,15.622
2019,18,Caquetá,mineria,15.963
2020,18,Caquetá,mineria,14.771
2021,18,Caquetá,mineria,16.653
2022,18,Caquetá,mineria,15.636
2023,18,Caquetá,mineria,17.713
2024,18,Caquetá,mineria,17.652
2025,18,Caquetá,mineria,18.921
2005,18,Caquetá,profesionales,67.571
2006,18,Caquetá,profesionales,40.399
2007,18,Caquetá,profesionales,46.302
2008,18,Caquetá,profesionales,52.422
2009,18,Caquetá,profesionales,59.790
2010,18,Caquetá,profesionales,66.397
2011,18,Caquetá,profesionales,73.293
2012,18,Caquetá,profesionales,81.564
2013,18,Caquetá,profesionales,91.270
2014,18,Caquetá,profesionales,103.942
2015,18,Caquetá,profesionales,103.778
2016,18,Caquetá,profesionales,112.151
2017,18,Caquetá,profesionales,118.847
2018,18,Caquetá,profesionales,127.462
2019,18,Caquetá,profesionales,133.522
2020,18,Caquetá,profesionales,131.769
2021,18,Caquetá,profesionales,141.641
2022,18,Caquetá,profesionales,164.829
2023,18,Caquetá,profesionales,178.802
2024,18,Caquetá,profesionales,186.136
2025,18,Caquetá,profesionales,196.710
2005,19,Cauca,agro,746.600
2006,19,Cauca,agro,824.699
2007,19,Cauca,agro,881.901
2008,19,Cauca,agro,910.152
2009,19,Cauca,agro,817.734
2010,19,Cauca,agro,950.339
2011,19,Cauca,agro,1108.340
2012,19,Cauca,agro,1065.326
2013,19,Cauca,agro,1232.334
2014,19,Cauca,agro,1422.228
2015,19,Cauca,agro,1692.619
2016,19,Cauca,agro,2035.917
2017,19,Cauca,agro,2111.292
2018,19,Cauca,agro,2039.363
2019,19,Cauca,agro,2250.787
2020,19,Cauca,agro,2470.327
2021,19,Cauca,agro,3140.091
2022,19,Cauca,agro,4565.201
2023,19,Cauca,agro,4886.759
2024,19,Cauca,agro,5836.068
2025,19,Cauca,agro,6490.190
2005,19,Cauca,arte,95.108
2006,19,Cauca,arte,99.748
2007,19,Cauca,arte,108.110
2008,19,Cauca,arte,116.629
2009,19,Cauca,arte,122.444
2010,19,Cauca,arte,142.461
2011,19,Cauca,arte,162.605
2012,19,Cauca,arte,170.277
2013,19,Cauca,arte,168.448
2014,19,Cauca,arte,186.485
2015,19,Cauca,arte,180.570
2016,19,Cauca,arte,205.349
2017,19,Cauca,arte,230.370
2018,19,Cauca,arte,240.438
2019,19,Cauca,arte,273.072
2020,19,Cauca,arte,242.169
2021,19,Cauca,arte,350.080
2022,19,Cauca,arte,509.066
2023,19,Cauca,arte,621.565
2024,19,Cauca,arte,722.163
2025,19,Cauca,arte,854.954
2005,19,Cauca,comercio,693.107
2006,19,Cauca,comercio,786.446
2007,19,Cauca,comercio,893.564
2008,19,Cauca,comercio,959.555
2009,19,Cauca,comercio,1017.349
2010,19,Cauca,comercio,1110.823
2011,19,Cauca,comercio,1200.150
2012,19,Cauca,comercio,1299.426
2013,19,Cauca,comercio,1433.018
2014,19,Cauca,comercio,1568.887
2015,19,Cauca,comercio,1778.056
2016,19,Cauca,comercio,2020.674
2017,19,Cauca,comercio,2190.050
2018,19,Cauca,comercio,2268.079
2019,19,Cauca,comercio,2415.431
2020,19,Cauca,comercio,2059.487
2021,19,Cauca,comercio,2680.395
2022,19,Cauca,comercio,3344.756
2023,19,Cauca,comercio,3653.663
2024,19,Cauca,comercio,3925.522
2025,19,Cauca,comercio,4333.881
2005,19,Cauca,construccion,130.038
2006,19,Cauca,construccion,174.418
2007,19,Cauca,construccion,268.462
2008,19,Cauca,construccion,356.897
2009,19,Cauca,construccion,327.496
2010,19,Cauca,construccion,435.651
2011,19,Cauca,construccion,438.873
2012,19,Cauca,construccion,678.136
2013,19,Cauca,construccion,1057.222
2014,19,Cauca,construccion,1126.795
2015,19,Cauca,construccion,1289.309
2016,19,Cauca,construccion,1603.970
2017,19,Cauca,construccion,1520.486
2018,19,Cauca,construccion,1624.624
2019,19,Cauca,construccion,1736.430
2020,19,Cauca,construccion,1235.865
2021,19,Cauca,construccion,1337.530
2022,19,Cauca,construccion,1521.627
2023,19,Cauca,construccion,1809.280
2024,19,Cauca,construccion,2004.826
2025,19,Cauca,construccion,1876.044
2005,19,Cauca,electricidad,169.979
2006,19,Cauca,electricidad,193.913
2007,19,Cauca,electricidad,218.564
2008,19,Cauca,electricidad,261.341
2009,19,Cauca,electricidad,248.128
2010,19,Cauca,electricidad,285.019
2011,19,Cauca,electricidad,315.428
2012,19,Cauca,electricidad,316.797
2013,19,Cauca,electricidad,333.646
2014,19,Cauca,electricidad,376.011
2015,19,Cauca,electricidad,395.285
2016,19,Cauca,electricidad,430.622
2017,19,Cauca,electricidad,453.339
2018,19,Cauca,electricidad,496.548
2019,19,Cauca,electricidad,543.213
2020,19,Cauca,electricidad,578.165
2021,19,Cauca,electricidad,671.947
2022,19,Cauca,electricidad,847.054
2023,19,Cauca,electricidad,1011.197
2024,19,Cauca,electricidad,1137.329
2025,19,Cauca,electricidad,1077.918
2005,19,Cauca,finanzas,82.016
2006,19,Cauca,finanzas,83.511
2007,19,Cauca,finanzas,101.027
2008,19,Cauca,finanzas,118.339
2009,19,Cauca,finanzas,130.986
2010,19,Cauca,finanzas,152.544
2011,19,Cauca,finanzas,169.129
2012,19,Cauca,finanzas,191.076
2013,19,Cauca,finanzas,209.872
2014,19,Cauca,finanzas,236.311
2015,19,Cauca,finanzas,258.940
2016,19,Cauca,finanzas,242.307
2017,19,Cauca,finanzas,275.671
2018,19,Cauca,finanzas,298.816
2019,19,Cauca,finanzas,329.607
2020,19,Cauca,finanzas,343.488
2021,19,Cauca,finanzas,369.999
2022,19,Cauca,finanzas,393.814
2023,19,Cauca,finanzas,427.728
2024,19,Cauca,finanzas,488.684
2025,19,Cauca,finanzas,537.071
2005,19,Cauca,gobierno,980.348
2006,19,Cauca,gobierno,1063.024
2007,19,Cauca,gobierno,1223.709
2008,19,Cauca,gobierno,1397.044
2009,19,Cauca,gobierno,1542.335
2010,19,Cauca,gobierno,1704.662
2011,19,Cauca,gobierno,1851.397
2012,19,Cauca,gobierno,2070.336
2013,19,Cauca,gobierno,2302.895
2014,19,Cauca,gobierno,2482.891
2015,19,Cauca,gobierno,2712.149
2016,19,Cauca,gobierno,2991.332
2017,19,Cauca,gobierno,3264.293
2018,19,Cauca,gobierno,3524.259
2019,19,Cauca,gobierno,3869.974
2020,19,Cauca,gobierno,4045.892
2021,19,Cauca,gobierno,4503.189
2022,19,Cauca,gobierno,4894.683
2023,19,Cauca,gobierno,5658.607
2024,19,Cauca,gobierno,6467.141
2025,19,Cauca,gobierno,7136.417
2005,19,Cauca,impuestos,408.232
2006,19,Cauca,impuestos,471.873
2007,19,Cauca,impuestos,494.644
2008,19,Cauca,impuestos,575.506
2009,19,Cauca,impuestos,612.511
2010,19,Cauca,impuestos,722.662
2011,19,Cauca,impuestos,808.229
2012,19,Cauca,impuestos,869.161
2013,19,Cauca,impuestos,784.707
2014,19,Cauca,impuestos,1109.332
2015,19,Cauca,impuestos,1282.491
2016,19,Cauca,impuestos,1318.834
2017,19,Cauca,impuestos,1510.153
2018,19,Cauca,impuestos,1637.524
2019,19,Cauca,impuestos,1796.934
2020,19,Cauca,impuestos,1620.025
2021,19,Cauca,impuestos,2069.357
2022,19,Cauca,impuestos,2747.318
2023,19,Cauca,impuestos,2843.922
2024,19,Cauca,impuestos,2985.480
2025,19,Cauca,impuestos,3301.477
2005,19,Cauca,industria,894.227
2006,19,Cauca,industria,1094.127
2007,19,Cauca,industria,1029.153
2008,19,Cauca,industria,1175.215
2009,19,Cauca,industria,1477.710
2010,19,Cauca,industria,1549.276
2011,19,Cauca,industria,1620.561
2012,19,Cauca,industria,1823.185
2013,19,Cauca,industria,2002.426
2014,19,Cauca,industria,2376.897
2015,19,Cauca,industria,2641.916
2016,19,Cauca,industria,2736.495
2017,19,Cauca,industria,2767.226
2018,19,Cauca,industria,2830.741
2019,19,Cauca,industria,2842.655
2020,19,Cauca,industria,2935.567
2021,19,Cauca,industria,3465.996
2022,19,Cauca,industria,4287.930
2023,19,Cauca,industria,4422.805
2024,19,Cauca,industria,4426.961
2025,19,Cauca,industria,4476.699
2005,19,Cauca,informacion,82.147
2006,19,Cauca,informacion,96.624
2007,19,Cauca,informacion,111.415
2008,19,Cauca,informacion,119.708
2009,19,Cauca,informacion,121.989
2010,19,Cauca,informacion,126.656
2011,19,Cauca,informacion,131.067
2012,19,Cauca,informacion,139.598
2013,19,Cauca,informacion,153.001
2014,19,Cauca,informacion,162.751
2015,19,Cauca,informacion,174.551
2016,19,Cauca,informacion,186.015
2017,19,Cauca,informacion,192.677
2018,19,Cauca,informacion,208.047
2019,19,Cauca,informacion,214.305
2020,19,Cauca,informacion,204.445
2021,19,Cauca,informacion,233.782
2022,19,Cauca,informacion,255.091
2023,19,Cauca,informacion,262.846
2024,19,Cauca,informacion,268.164
2025,19,Cauca,informacion,274.389
2005,19,Cauca,inmobiliarias,327.701
2006,19,Cauca,inmobiliarias,369.212
2007,19,Cauca,inmobiliarias,403.795
2008,19,Cauca,inmobiliarias,442.528
2009,19,Cauca,inmobiliarias,470.455
2010,19,Cauca,inmobiliarias,498.225
2011,19,Cauca,inmobiliarias,532.445
2012,19,Cauca,inmobiliarias,562.132
2013,19,Cauca,inmobiliarias,594.121
2014,19,Cauca,inmobiliarias,617.135
2015,19,Cauca,inmobiliarias,660.827
2016,19,Cauca,inmobiliarias,708.798
2017,19,Cauca,inmobiliarias,752.249
2018,19,Cauca,inmobiliarias,810.771
2019,19,Cauca,inmobiliarias,865.625
2020,19,Cauca,inmobiliarias,893.869
2021,19,Cauca,inmobiliarias,928.636
2022,19,Cauca,inmobiliarias,991.707
2023,19,Cauca,inmobiliarias,1081.970
2024,19,Cauca,inmobiliarias,1203.431
2025,19,Cauca,inmobiliarias,1295.465
2005,19,Cauca,mineria,45.687
2006,19,Cauca,mineria,65.477
2007,19,Cauca,mineria,80.146
2008,19,Cauca,mineria,95.195
2009,19,Cauca,mineria,148.519
2010,19,Cauca,mineria,120.323
2011,19,Cauca,mineria,161.593
2012,19,Cauca,mineria,286.204
2013,19,Cauca,mineria,329.532
2014,19,Cauca,mineria,319.580
2015,19,Cauca,mineria,392.389
2016,19,Cauca,mineria,370.265
2017,19,Cauca,mineria,261.547
2018,19,Cauca,mineria,202.092
2019,19,Cauca,mineria,225.608
2020,19,Cauca,mineria,206.326
2021,19,Cauca,mineria,235.874
2022,19,Cauca,mineria,210.717
2023,19,Cauca,mineria,221.287
2024,19,Cauca,mineria,225.385
2025,19,Cauca,mineria,249.488
2005,19,Cauca,profesionales,403.360
2006,19,Cauca,profesionales,398.791
2007,19,Cauca,profesionales,467.859
2008,19,Cauca,profesionales,558.210
2009,19,Cauca,profesionales,608.594
2010,19,Cauca,profesionales,704.746
2011,19,Cauca,profesionales,789.868
2012,19,Cauca,profesionales,901.683
2013,19,Cauca,profesionales,1023.190
2014,19,Cauca,profesionales,1100.458
2015,19,Cauca,profesionales,1162.934
2016,19,Cauca,profesionales,1219.451
2017,19,Cauca,profesionales,1209.548
2018,19,Cauca,profesionales,1297.656
2019,19,Cauca,profesionales,1391.717
2020,19,Cauca,profesionales,1358.045
2021,19,Cauca,profesionales,1462.589
2022,19,Cauca,profesionales,1607.277
2023,19,Cauca,profesionales,1783.918
2024,19,Cauca,profesionales,1881.292
2025,19,Cauca,profesionales,1998.359
2005,20,Cesar,agro,884.341
2006,20,Cesar,agro,969.581
2007,20,Cesar,agro,1050.502
2008,20,Cesar,agro,1094.021
2009,20,Cesar,agro,1098.197
2010,20,Cesar,agro,1014.716
2011,20,Cesar,agro,1107.515
2012,20,Cesar,agro,1118.892
2013,20,Cesar,agro,1062.323
2014,20,Cesar,agro,1153.411
2015,20,Cesar,agro,1255.978
2016,20,Cesar,agro,1427.508
2017,20,Cesar,agro,1527.027
2018,20,Cesar,agro,1459.973
2019,20,Cesar,agro,1628.013
2020,20,Cesar,agro,1790.300
2021,20,Cesar,agro,2244.942
2022,20,Cesar,agro,3144.894
2023,20,Cesar,agro,3372.672
2024,20,Cesar,agro,3819.209
2025,20,Cesar,agro,4308.601
2005,20,Cesar,arte,61.725
2006,20,Cesar,arte,63.926
2007,20,Cesar,arte,83.911
2008,20,Cesar,arte,90.252
2009,20,Cesar,arte,93.643
2010,20,Cesar,arte,101.445
2011,20,Cesar,arte,111.559
2012,20,Cesar,arte,121.220
2013,20,Cesar,arte,130.558
2014,20,Cesar,arte,140.419
2015,20,Cesar,arte,140.471
2016,20,Cesar,arte,150.152
2017,20,Cesar,arte,156.683
2018,20,Cesar,arte,164.681
2019,20,Cesar,arte,188.817
2020,20,Cesar,arte,162.153
2021,20,Cesar,arte,214.146
2022,20,Cesar,arte,299.033
2023,20,Cesar,arte,357.471
2024,20,Cesar,arte,415.521
2025,20,Cesar,arte,483.121
2005,20,Cesar,comercio,791.679
2006,20,Cesar,comercio,898.865
2007,20,Cesar,comercio,1027.054
2008,20,Cesar,comercio,1101.732
2009,20,Cesar,comercio,1123.685
2010,20,Cesar,comercio,1190.623
2011,20,Cesar,comercio,1264.634
2012,20,Cesar,comercio,1326.567
2013,20,Cesar,comercio,1452.832
2014,20,Cesar,comercio,1591.022
2015,20,Cesar,comercio,1779.523
2016,20,Cesar,comercio,2031.690
2017,20,Cesar,comercio,2215.958
2018,20,Cesar,comercio,2301.330
2019,20,Cesar,comercio,2443.389
2020,20,Cesar,comercio,2092.795
2021,20,Cesar,comercio,2618.556
2022,20,Cesar,comercio,3297.309
2023,20,Cesar,comercio,3621.541
2024,20,Cesar,comercio,3898.079
2025,20,Cesar,comercio,4284.471
2005,20,Cesar,construccion,138.403
2006,20,Cesar,construccion,160.554
2007,20,Cesar,construccion,239.079
2008,20,Cesar,construccion,273.945
2009,20,Cesar,construccion,360.543
2010,20,Cesar,construccion,433.720
2011,20,Cesar,construccion,476.825
2012,20,Cesar,construccion,714.890
2013,20,Cesar,construccion,649.937
2014,20,Cesar,construccion,681.720
2015,20,Cesar,construccion,863.628
2016,20,Cesar,construccion,812.809
2017,20,Cesar,construccion,826.645
2018,20,Cesar,construccion,897.006
2019,20,Cesar,construccion,917.986
2020,20,Cesar,construccion,854.767
2021,20,Cesar,construccion,975.729
2022,20,Cesar,construccion,1257.232
2023,20,Cesar,construccion,1358.613
2024,20,Cesar,construccion,1489.828
2025,20,Cesar,construccion,1423.840
2005,20,Cesar,electricidad,121.464
2006,20,Cesar,electricidad,136.999
2007,20,Cesar,electricidad,144.607
2008,20,Cesar,electricidad,178.785
2009,20,Cesar,electricidad,185.496
2010,20,Cesar,electricidad,201.482
2011,20,Cesar,electricidad,236.547
2012,20,Cesar,electricidad,247.718
2013,20,Cesar,electricidad,250.156
2014,20,Cesar,electricidad,279.885
2015,20,Cesar,electricidad,304.983
2016,20,Cesar,electricidad,364.635
2017,20,Cesar,electricidad,391.574
2018,20,Cesar,electricidad,438.988
2019,20,Cesar,electricidad,477.483
2020,20,Cesar,electricidad,528.432
2021,20,Cesar,electricidad,575.261
2022,20,Cesar,electricidad,693.459
2023,20,Cesar,electricidad,822.364
2024,20,Cesar,electricidad,937.168
2025,20,Cesar,electricidad,929.503
2005,20,Cesar,finanzas,73.814
2006,20,Cesar,finanzas,79.377
2007,20,Cesar,finanzas,91.765
2008,20,Cesar,finanzas,109.427
2009,20,Cesar,finanzas,131.632
2010,20,Cesar,finanzas,155.170
2011,20,Cesar,finanzas,205.339
2012,20,Cesar,finanzas,202.200
2013,20,Cesar,finanzas,226.148
2014,20,Cesar,finanzas,240.563
2015,20,Cesar,finanzas,256.453
2016,20,Cesar,finanzas,255.503
2017,20,Cesar,finanzas,288.527
2018,20,Cesar,finanzas,312.612
2019,20,Cesar,finanzas,342.315
2020,20,Cesar,finanzas,355.652
2021,20,Cesar,finanzas,380.107
2022,20,Cesar,finanzas,405.042
2023,20,Cesar,finanzas,447.592
2024,20,Cesar,finanzas,507.167
2025,20,Cesar,finanzas,554.985
2005,20,Cesar,gobierno,774.534
2006,20,Cesar,gobierno,860.463
2007,20,Cesar,gobierno,928.988
2008,20,Cesar,gobierno,1040.311
2009,20,Cesar,gobierno,1172.728
2010,20,Cesar,gobierno,1337.415
2011,20,Cesar,gobierno,1481.819
2012,20,Cesar,gobierno,1702.743
2013,20,Cesar,gobierno,1915.420
2014,20,Cesar,gobierno,2102.331
2015,20,Cesar,gobierno,2304.172
2016,20,Cesar,gobierno,2500.512
2017,20,Cesar,gobierno,2729.272
2018,20,Cesar,gobierno,2982.026
2019,20,Cesar,gobierno,3233.647
2020,20,Cesar,gobierno,3356.470
2021,20,Cesar,gobierno,3760.177
2022,20,Cesar,gobierno,4084.391
2023,20,Cesar,gobierno,4751.924
2024,20,Cesar,gobierno,5401.799
2025,20,Cesar,gobierno,5952.790
2005,20,Cesar,impuestos,258.216
2006,20,Cesar,impuestos,260.225
2007,20,Cesar,impuestos,263.695
2008,20,Cesar,impuestos,351.779
2009,20,Cesar,impuestos,359.712
2010,20,Cesar,impuestos,352.358
2011,20,Cesar,impuestos,394.992
2012,20,Cesar,impuestos,404.966
2013,20,Cesar,impuestos,388.264
2014,20,Cesar,impuestos,479.406
2015,20,Cesar,impuestos,513.528
2016,20,Cesar,impuestos,525.970
2017,20,Cesar,impuestos,596.357
2018,20,Cesar,impuestos,653.685
2019,20,Cesar,impuestos,707.312
2020,20,Cesar,impuestos,600.951
2021,20,Cesar,impuestos,773.447
2022,20,Cesar,impuestos,1060.520
2023,20,Cesar,impuestos,1100.603
2024,20,Cesar,impuestos,1154.864
2025,20,Cesar,impuestos,1267.657
2005,20,Cesar,industria,279.848
2006,20,Cesar,industria,298.295
2007,20,Cesar,industria,297.425
2008,20,Cesar,industria,380.659
2009,20,Cesar,industria,409.976
2010,20,Cesar,industria,411.900
2011,20,Cesar,industria,439.702
2012,20,Cesar,industria,438.581
2013,20,Cesar,industria,450.713
2014,20,Cesar,industria,521.147
2015,20,Cesar,industria,562.520
2016,20,Cesar,industria,612.465
2017,20,Cesar,industria,601.519
2018,20,Cesar,industria,601.729
2019,20,Cesar,industria,592.018
2020,20,Cesar,industria,592.013
2021,20,Cesar,industria,849.345
2022,20,Cesar,industria,1075.944
2023,20,Cesar,industria,1026.673
2024,20,Cesar,industria,990.407
2025,20,Cesar,industria,1138.329
2005,20,Cesar,informacion,112.614
2006,20,Cesar,informacion,141.659
2007,20,Cesar,informacion,167.165
2008,20,Cesar,informacion,179.492
2009,20,Cesar,informacion,184.096
2010,20,Cesar,informacion,184.116
2011,20,Cesar,informacion,193.689
2012,20,Cesar,informacion,204.275
2013,20,Cesar,informacion,222.558
2014,20,Cesar,informacion,230.982
2015,20,Cesar,informacion,245.467
2016,20,Cesar,informacion,248.711
2017,20,Cesar,informacion,259.284
2018,20,Cesar,informacion,270.467
2019,20,Cesar,informacion,278.456
2020,20,Cesar,informacion,273.002
2021,20,Cesar,informacion,306.123
2022,20,Cesar,informacion,341.862
2023,20,Cesar,informacion,355.887
2024,20,Cesar,informacion,363.028
2025,20,Cesar,informacion,373.045
2005,20,Cesar,inmobiliarias,356.039
2006,20,Cesar,inmobiliarias,399.549
2007,20,Cesar,inmobiliarias,435.369
2008,20,Cesar,inmobiliarias,473.244
2009,20,Cesar,inmobiliarias,509.386
2010,20,Cesar,inmobiliarias,540.215
2011,20,Cesar,inmobiliarias,580.785
2012,20,Cesar,inmobiliarias,621.451
2013,20,Cesar,inmobiliarias,656.964
2014,20,Cesar,inmobiliarias,692.690
2015,20,Cesar,inmobiliarias,731.285
2016,20,Cesar,inmobiliarias,775.838
2017,20,Cesar,inmobiliarias,823.864
2018,20,Cesar,inmobiliarias,886.170
2019,20,Cesar,inmobiliarias,944.508
2020,20,Cesar,inmobiliarias,978.099
2021,20,Cesar,inmobiliarias,1010.250
2022,20,Cesar,inmobiliarias,1075.400
2023,20,Cesar,inmobiliarias,1186.408
2024,20,Cesar,inmobiliarias,1298.271
2025,20,Cesar,inmobiliarias,1391.922
2005,20,Cesar,mineria,2464.918
2006,20,Cesar,mineria,2960.529
2007,20,Cesar,mineria,3009.617
2008,20,Cesar,mineria,4249.950
2009,20,Cesar,mineria,4397.525
2010,20,Cesar,mineria,4620.350
2011,20,Cesar,mineria,6358.482
2012,20,Cesar,mineria,6429.554
2013,20,Cesar,mineria,5476.520
2014,20,Cesar,mineria,4932.164
2015,20,Cesar,mineria,4985.386
2016,20,Cesar,mineria,6650.953
2017,20,Cesar,mineria,8455.214
2018,20,Cesar,mineria,9573.443
2019,20,Cesar,mineria,8198.928
2020,20,Cesar,mineria,5391.719
2021,20,Cesar,mineria,8770.549
2022,20,Cesar,mineria,21454.883
2023,20,Cesar,mineria,15761.402
2024,20,Cesar,mineria,10627.600
2025,20,Cesar,mineria,8252.235
2005,20,Cesar,profesionales,144.111
2006,20,Cesar,profesionales,172.740
2007,20,Cesar,profesionales,232.042
2008,20,Cesar,profesionales,265.805
2009,20,Cesar,profesionales,308.249
2010,20,Cesar,profesionales,347.426
2011,20,Cesar,profesionales,395.602
2012,20,Cesar,profesionales,442.186
2013,20,Cesar,profesionales,500.631
2014,20,Cesar,profesionales,607.837
2015,20,Cesar,profesionales,627.008
2016,20,Cesar,profesionales,635.356
2017,20,Cesar,profesionales,678.688
2018,20,Cesar,profesionales,720.701
2019,20,Cesar,profesionales,771.655
2020,20,Cesar,profesionales,734.143
2021,20,Cesar,profesionales,831.303
2022,20,Cesar,profesionales,942.761
2023,20,Cesar,profesionales,1043.999
2024,20,Cesar,profesionales,1102.572
2025,20,Cesar,profesionales,1174.661
2005,23,Córdoba,agro,862.968
2006,23,Córdoba,agro,1005.354
2007,23,Córdoba,agro,1265.135
2008,23,Córdoba,agro,1184.184
2009,23,Córdoba,agro,1189.138
2010,23,Córdoba,agro,1178.316
2011,23,Córdoba,agro,1203.350
2012,23,Córdoba,agro,1206.208
2013,23,Córdoba,agro,1175.651
2014,23,Córdoba,agro,1337.535
2015,23,Córdoba,agro,1542.705
2016,23,Córdoba,agro,1658.701
2017,23,Córdoba,agro,1694.708
2018,23,Córdoba,agro,1818.831
2019,23,Córdoba,agro,1921.059
2020,23,Córdoba,agro,2121.311
2021,23,Córdoba,agro,2600.594
2022,23,Córdoba,agro,3702.704
2023,23,Córdoba,agro,4011.056
2024,23,Córdoba,agro,4533.316
2025,23,Córdoba,agro,5158.747
2005,23,Córdoba,arte,115.308
2006,23,Córdoba,arte,125.276
2007,23,Córdoba,arte,143.531
2008,23,Córdoba,arte,146.248
2009,23,Córdoba,arte,152.318
2010,23,Córdoba,arte,168.995
2011,23,Córdoba,arte,190.904
2012,23,Córdoba,arte,203.894
2013,23,Córdoba,arte,218.571
2014,23,Córdoba,arte,246.329
2015,23,Córdoba,arte,238.249
2016,23,Córdoba,arte,268.654
2017,23,Córdoba,arte,289.366
2018,23,Córdoba,arte,304.319
2019,23,Córdoba,arte,342.050
2020,23,Córdoba,arte,298.431
2021,23,Córdoba,arte,384.849
2022,23,Córdoba,arte,555.316
2023,23,Córdoba,arte,660.594
2024,23,Córdoba,arte,763.802
2025,23,Córdoba,arte,889.242
2005,23,Córdoba,comercio,877.635
2006,23,Córdoba,comercio,966.895
2007,23,Córdoba,comercio,1093.971
2008,23,Córdoba,comercio,1148.994
2009,23,Córdoba,comercio,1210.409
2010,23,Córdoba,comercio,1265.422
2011,23,Córdoba,comercio,1347.032
2012,23,Córdoba,comercio,1435.344
2013,23,Córdoba,comercio,1633.598
2014,23,Córdoba,comercio,1798.084
2015,23,Córdoba,comercio,1958.874
2016,23,Córdoba,comercio,2209.075
2017,23,Córdoba,comercio,2393.010
2018,23,Córdoba,comercio,2537.737
2019,23,Córdoba,comercio,2753.738
2020,23,Córdoba,comercio,2336.920
2021,23,Córdoba,comercio,3102.587
2022,23,Córdoba,comercio,3922.940
2023,23,Córdoba,comercio,4266.968
2024,23,Córdoba,comercio,4602.137
2025,23,Córdoba,comercio,5076.403
2005,23,Córdoba,construccion,269.156
2006,23,Córdoba,construccion,310.109
2007,23,Córdoba,construccion,356.114
2008,23,Córdoba,construccion,378.082
2009,23,Córdoba,construccion,428.876
2010,23,Córdoba,construccion,446.960
2011,23,Córdoba,construccion,582.660
2012,23,Córdoba,construccion,963.015
2013,23,Córdoba,construccion,1088.946
2014,23,Córdoba,construccion,1140.255
2015,23,Córdoba,construccion,1256.214
2016,23,Córdoba,construccion,1258.835
2017,23,Córdoba,construccion,1340.191
2018,23,Córdoba,construccion,1216.665
2019,23,Córdoba,construccion,1299.157
2020,23,Córdoba,construccion,785.936
2021,23,Córdoba,construccion,791.716
2022,23,Córdoba,construccion,1017.391
2023,23,Córdoba,construccion,1269.632
2024,23,Córdoba,construccion,1492.771
2025,23,Córdoba,construccion,1430.007
2005,23,Córdoba,electricidad,288.591
2006,23,Córdoba,electricidad,317.615
2007,23,Córdoba,electricidad,366.836
2008,23,Córdoba,electricidad,340.526
2009,23,Córdoba,electricidad,338.829
2010,23,Córdoba,electricidad,402.811
2011,23,Córdoba,electricidad,415.475
2012,23,Córdoba,electricidad,433.541
2013,23,Córdoba,electricidad,453.966
2014,23,Córdoba,electricidad,484.538
2015,23,Córdoba,electricidad,524.683
2016,23,Córdoba,electricidad,598.788
2017,23,Córdoba,electricidad,630.793
2018,23,Córdoba,electricidad,682.236
2019,23,Córdoba,electricidad,745.778
2020,23,Córdoba,electricidad,823.440
2021,23,Córdoba,electricidad,1025.143
2022,23,Córdoba,electricidad,1286.504
2023,23,Córdoba,electricidad,1507.507
2024,23,Córdoba,electricidad,1687.867
2025,23,Córdoba,electricidad,1611.786
2005,23,Córdoba,finanzas,99.330
2006,23,Córdoba,finanzas,106.087
2007,23,Córdoba,finanzas,133.371
2008,23,Córdoba,finanzas,160.298
2009,23,Córdoba,finanzas,182.316
2010,23,Córdoba,finanzas,212.904
2011,23,Córdoba,finanzas,244.836
2012,23,Córdoba,finanzas,275.585
2013,23,Córdoba,finanzas,300.629
2014,23,Córdoba,finanzas,306.890
2015,23,Córdoba,finanzas,337.913
2016,23,Córdoba,finanzas,312.465
2017,23,Córdoba,finanzas,337.675
2018,23,Córdoba,finanzas,357.959
2019,23,Córdoba,finanzas,398.187
2020,23,Córdoba,finanzas,414.322
2021,23,Córdoba,finanzas,446.708
2022,23,Córdoba,finanzas,476.242
2023,23,Córdoba,finanzas,521.506
2024,23,Córdoba,finanzas,591.650
2025,23,Córdoba,finanzas,647.542
2005,23,Córdoba,gobierno,1073.809
2006,23,Córdoba,gobierno,1249.162
2007,23,Córdoba,gobierno,1417.264
2008,23,Córdoba,gobierno,1637.224
2009,23,Córdoba,gobierno,1776.995
2010,23,Córdoba,gobierno,1979.699
2011,23,Córdoba,gobierno,2201.446
2012,23,Córdoba,gobierno,2523.823
2013,23,Córdoba,gobierno,2881.161
2014,23,Córdoba,gobierno,3304.314
2015,23,Córdoba,gobierno,3468.092
2016,23,Córdoba,gobierno,3800.711
2017,23,Córdoba,gobierno,4132.167
2018,23,Córdoba,gobierno,4473.312
2019,23,Córdoba,gobierno,4871.250
2020,23,Córdoba,gobierno,5053.465
2021,23,Córdoba,gobierno,5581.931
2022,23,Córdoba,gobierno,6045.181
2023,23,Córdoba,gobierno,6987.130
2024,23,Córdoba,gobierno,8004.652
2025,23,Córdoba,gobierno,8793.059
2005,23,Córdoba,impuestos,305.714
2006,23,Córdoba,impuestos,341.357
2007,23,Córdoba,impuestos,412.863
2008,23,Córdoba,impuestos,436.621
2009,23,Córdoba,impuestos,438.953
2010,23,Córdoba,impuestos,479.878
2011,23,Córdoba,impuestos,574.758
2012,23,Córdoba,impuestos,615.570
2013,23,Córdoba,impuestos,686.118
2014,23,Córdoba,impuestos,770.917
2015,23,Córdoba,impuestos,829.159
2016,23,Córdoba,impuestos,862.732
2017,23,Córdoba,impuestos,1046.769
2018,23,Córdoba,impuestos,1137.708
2019,23,Córdoba,impuestos,1234.509
2020,23,Córdoba,impuestos,1101.989
2021,23,Córdoba,impuestos,1381.695
2022,23,Córdoba,impuestos,1765.859
2023,23,Córdoba,impuestos,1829.387
2024,23,Córdoba,impuestos,1917.822
2025,23,Córdoba,impuestos,2116.724
2005,23,Córdoba,industria,995.432
2006,23,Córdoba,industria,1046.674
2007,23,Córdoba,industria,1252.886
2008,23,Córdoba,industria,1343.261
2009,23,Córdoba,industria,1303.240
2010,23,Córdoba,industria,1218.379
2011,23,Córdoba,industria,1303.461
2012,23,Córdoba,industria,1306.699
2013,23,Córdoba,industria,1381.755
2014,23,Córdoba,industria,1406.235
2015,23,Córdoba,industria,1341.328
2016,23,Córdoba,industria,1432.417
2017,23,Córdoba,industria,1539.291
2018,23,Córdoba,industria,1667.042
2019,23,Córdoba,industria,1824.160
2020,23,Córdoba,industria,1898.862
2021,23,Córdoba,industria,2455.922
2022,23,Córdoba,industria,2986.738
2023,23,Córdoba,industria,2929.273
2024,23,Córdoba,industria,2999.933
2025,23,Córdoba,industria,3159.981
2005,23,Córdoba,informacion,203.327
2006,23,Córdoba,informacion,222.921
2007,23,Córdoba,informacion,270.138
2008,23,Córdoba,informacion,277.683
2009,23,Córdoba,informacion,280.865
2010,23,Córdoba,informacion,317.999
2011,23,Córdoba,informacion,331.947
2012,23,Córdoba,informacion,352.828
2013,23,Córdoba,informacion,379.523
2014,23,Córdoba,informacion,412.644
2015,23,Córdoba,informacion,416.215
2016,23,Córdoba,informacion,434.071
2017,23,Córdoba,informacion,481.111
2018,23,Córdoba,informacion,510.141
2019,23,Córdoba,informacion,527.437
2020,23,Córdoba,informacion,504.178
2021,23,Córdoba,informacion,577.017
2022,23,Córdoba,informacion,645.432
2023,23,Córdoba,informacion,666.343
2024,23,Córdoba,informacion,681.421
2025,23,Córdoba,informacion,697.281
2005,23,Córdoba,inmobiliarias,193.195
2006,23,Córdoba,inmobiliarias,216.920
2007,23,Córdoba,inmobiliarias,241.608
2008,23,Córdoba,inmobiliarias,265.887
2009,23,Córdoba,inmobiliarias,290.485
2010,23,Córdoba,inmobiliarias,315.924
2011,23,Córdoba,inmobiliarias,344.307
2012,23,Córdoba,inmobiliarias,372.657
2013,23,Córdoba,inmobiliarias,400.864
2014,23,Córdoba,inmobiliarias,440.542
2015,23,Córdoba,inmobiliarias,468.164
2016,23,Córdoba,inmobiliarias,499.891
2017,23,Córdoba,inmobiliarias,533.875
2018,23,Córdoba,inmobiliarias,575.707
2019,23,Córdoba,inmobiliarias,613.903
2020,23,Córdoba,inmobiliarias,628.640
2021,23,Córdoba,inmobiliarias,651.087
2022,23,Córdoba,inmobiliarias,706.310
2023,23,Córdoba,inmobiliarias,786.038
2024,23,Córdoba,inmobiliarias,836.929
2025,23,Córdoba,inmobiliarias,877.255
2005,23,Córdoba,mineria,287.323
2006,23,Córdoba,mineria,442.360
2007,23,Córdoba,mineria,607.151
2008,23,Córdoba,mineria,282.458
2009,23,Córdoba,mineria,248.766
2010,23,Córdoba,mineria,330.050
2011,23,Córdoba,mineria,262.997
2012,23,Córdoba,mineria,272.829
2013,23,Córdoba,mineria,195.707
2014,23,Córdoba,mineria,177.828
2015,23,Córdoba,mineria,201.475
2016,23,Córdoba,mineria,246.523
2017,23,Córdoba,mineria,253.576
2018,23,Córdoba,mineria,307.820
2019,23,Córdoba,mineria,454.099
2020,23,Córdoba,mineria,707.479
2021,23,Córdoba,mineria,767.129
2022,23,Córdoba,mineria,1066.128
2023,23,Córdoba,mineria,1096.339
2024,23,Córdoba,mineria,1089.365
2025,23,Córdoba,mineria,1198.555
2005,23,Córdoba,profesionales,451.397
2006,23,Córdoba,profesionales,452.274
2007,23,Córdoba,profesionales,631.896
2008,23,Córdoba,profesionales,600.979
2009,23,Córdoba,profesionales,631.784
2010,23,Córdoba,profesionales,693.202
2011,23,Córdoba,profesionales,754.630
2012,23,Córdoba,profesionales,817.272
2013,23,Córdoba,profesionales,900.075
2014,23,Córdoba,profesionales,1086.612
2015,23,Córdoba,profesionales,1073.499
2016,23,Córdoba,profesionales,1078.733
2017,23,Córdoba,profesionales,1120.032
2018,23,Córdoba,profesionales,1210.662
2019,23,Córdoba,profesionales,1293.363
2020,23,Córdoba,profesionales,1217.918
2021,23,Córdoba,profesionales,1349.604
2022,23,Córdoba,profesionales,1583.412
2023,23,Córdoba,profesionales,1773.575
2024,23,Córdoba,profesionales,1865.053
2025,23,Córdoba,profesionales,1982.433
2005,25,Cundinamarca,agro,3173.048
2006,25,Cundinamarca,agro,3318.812
2007,25,Cundinamarca,agro,3525.821
2008,25,Cundinamarca,agro,3901.927
2009,25,Cundinamarca,agro,4203.968
2010,25,Cundinamarca,agro,4430.621
2011,25,Cundinamarca,agro,4675.202
2012,25,Cundinamarca,agro,4655.508
2013,25,Cundinamarca,agro,4850.664
2014,25,Cundinamarca,agro,5547.431
2015,25,Cundinamarca,agro,6299.942
2016,25,Cundinamarca,agro,7212.424
2017,25,Cundinamarca,agro,7271.814
2018,25,Cundinamarca,agro,7655.312
2019,25,Cundinamarca,agro,8275.558
2020,25,Cundinamarca,agro,9100.599
2021,25,Cundinamarca,agro,11322.279
2022,25,Cundinamarca,agro,15524.000
2023,25,Cundinamarca,agro,16663.492
2024,25,Cundinamarca,agro,19301.429
2025,25,Cundinamarca,agro,21953.808
2005,25,Cundinamarca,arte,267.089
2006,25,Cundinamarca,arte,262.008
2007,25,Cundinamarca,arte,309.663
2008,25,Cundinamarca,arte,337.805
2009,25,Cundinamarca,arte,365.858
2010,25,Cundinamarca,arte,403.039
2011,25,Cundinamarca,arte,458.742
2012,25,Cundinamarca,arte,491.564
2013,25,Cundinamarca,arte,500.808
2014,25,Cundinamarca,arte,533.233
2015,25,Cundinamarca,arte,548.511
2016,25,Cundinamarca,arte,579.017
2017,25,Cundinamarca,arte,593.827
2018,25,Cundinamarca,arte,626.714
2019,25,Cundinamarca,arte,701.245
2020,25,Cundinamarca,arte,624.751
2021,25,Cundinamarca,arte,809.816
2022,25,Cundinamarca,arte,1134.614
2023,25,Cundinamarca,arte,1367.948
2024,25,Cundinamarca,arte,1596.175
2025,25,Cundinamarca,arte,1871.283
2005,25,Cundinamarca,comercio,2928.399
2006,25,Cundinamarca,comercio,3198.131
2007,25,Cundinamarca,comercio,3619.902
2008,25,Cundinamarca,comercio,3870.235
2009,25,Cundinamarca,comercio,4113.293
2010,25,Cundinamarca,comercio,4321.855
2011,25,Cundinamarca,comercio,4667.542
2012,25,Cundinamarca,comercio,5002.088
2013,25,Cundinamarca,comercio,5575.450
2014,25,Cundinamarca,comercio,6102.777
2015,25,Cundinamarca,comercio,6828.373
2016,25,Cundinamarca,comercio,7850.401
2017,25,Cundinamarca,comercio,8523.010
2018,25,Cundinamarca,comercio,9104.148
2019,25,Cundinamarca,comercio,10000.667
2020,25,Cundinamarca,comercio,9407.324
2021,25,Cundinamarca,comercio,12233.799
2022,25,Cundinamarca,comercio,15199.542
2023,25,Cundinamarca,comercio,16404.995
2024,25,Cundinamarca,comercio,17515.827
2025,25,Cundinamarca,comercio,19477.546
2005,25,Cundinamarca,construccion,282.130
2006,25,Cundinamarca,construccion,375.623
2007,25,Cundinamarca,construccion,658.986
2008,25,Cundinamarca,construccion,1070.594
2009,25,Cundinamarca,construccion,1167.627
2010,25,Cundinamarca,construccion,1093.299
2011,25,Cundinamarca,construccion,1864.517
2012,25,Cundinamarca,construccion,2470.441
2013,25,Cundinamarca,construccion,3333.811
2014,25,Cundinamarca,construccion,3495.359
2015,25,Cundinamarca,construccion,3766.985
2016,25,Cundinamarca,construccion,4563.713
2017,25,Cundinamarca,construccion,4478.558
2018,25,Cundinamarca,construccion,4457.290
2019,25,Cundinamarca,construccion,4257.159
2020,25,Cundinamarca,construccion,2818.672
2021,25,Cundinamarca,construccion,2667.925
2022,25,Cundinamarca,construccion,3229.958
2023,25,Cundinamarca,construccion,4396.196
2024,25,Cundinamarca,construccion,4601.952
2025,25,Cundinamarca,construccion,4236.980
2005,25,Cundinamarca,electricidad,1142.565
2006,25,Cundinamarca,electricidad,1280.903
2007,25,Cundinamarca,electricidad,1390.783
2008,25,Cundinamarca,electricidad,1584.595
2009,25,Cundinamarca,electricidad,1719.503
2010,25,Cundinamarca,electricidad,1812.633
2011,25,Cundinamarca,electricidad,1952.500
2012,25,Cundinamarca,electricidad,2207.912
2013,25,Cundinamarca,electricidad,2341.123
2014,25,Cundinamarca,electricidad,2458.933
2015,25,Cundinamarca,electricidad,2632.105
2016,25,Cundinamarca,electricidad,3032.343
2017,25,Cundinamarca,electricidad,3232.079
2018,25,Cundinamarca,electricidad,3489.313
2019,25,Cundinamarca,electricidad,3900.137
2020,25,Cundinamarca,electricidad,4245.832
2021,25,Cundinamarca,electricidad,4919.407
2022,25,Cundinamarca,electricidad,6291.089
2023,25,Cundinamarca,electricidad,7857.825
2024,25,Cundinamarca,electricidad,9052.663
2025,25,Cundinamarca,electricidad,8595.587
2005,25,Cundinamarca,finanzas,162.209
2006,25,Cundinamarca,finanzas,174.831
2007,25,Cundinamarca,finanzas,206.868
2008,25,Cundinamarca,finanzas,253.098
2009,25,Cundinamarca,finanzas,279.224
2010,25,Cundinamarca,finanzas,318.449
2011,25,Cundinamarca,finanzas,375.072
2012,25,Cundinamarca,finanzas,434.475
2013,25,Cundinamarca,finanzas,485.147
2014,25,Cundinamarca,finanzas,545.171
2015,25,Cundinamarca,finanzas,582.411
2016,25,Cundinamarca,finanzas,577.897
2017,25,Cundinamarca,finanzas,660.476
2018,25,Cundinamarca,finanzas,721.504
2019,25,Cundinamarca,finanzas,800.094
2020,25,Cundinamarca,finanzas,834.708
2021,25,Cundinamarca,finanzas,908.591
2022,25,Cundinamarca,finanzas,982.506
2023,25,Cundinamarca,finanzas,1092.315
2024,25,Cundinamarca,finanzas,1250.037
2025,25,Cundinamarca,finanzas,1375.631
2005,25,Cundinamarca,gobierno,2156.566
2006,25,Cundinamarca,gobierno,2416.289
2007,25,Cundinamarca,gobierno,2539.336
2008,25,Cundinamarca,gobierno,2695.836
2009,25,Cundinamarca,gobierno,2948.525
2010,25,Cundinamarca,gobierno,3231.341
2011,25,Cundinamarca,gobierno,3533.457
2012,25,Cundinamarca,gobierno,3891.322
2013,25,Cundinamarca,gobierno,4214.971
2014,25,Cundinamarca,gobierno,4682.211
2015,25,Cundinamarca,gobierno,5174.174
2016,25,Cundinamarca,gobierno,5721.490
2017,25,Cundinamarca,gobierno,6270.655
2018,25,Cundinamarca,gobierno,6862.727
2019,25,Cundinamarca,gobierno,7511.264
2020,25,Cundinamarca,gobierno,7729.036
2021,25,Cundinamarca,gobierno,8648.682
2022,25,Cundinamarca,gobierno,9452.831
2023,25,Cundinamarca,gobierno,10829.512
2024,25,Cundinamarca,gobierno,12326.844
2025,25,Cundinamarca,gobierno,13540.460
2005,25,Cundinamarca,impuestos,1819.122
2006,25,Cundinamarca,impuestos,2046.555
2007,25,Cundinamarca,impuestos,2498.045
2008,25,Cundinamarca,impuestos,2800.099
2009,25,Cundinamarca,impuestos,2806.513
2010,25,Cundinamarca,impuestos,3351.501
2011,25,Cundinamarca,impuestos,3995.944
2012,25,Cundinamarca,impuestos,4334.716
2013,25,Cundinamarca,impuestos,4090.031
2014,25,Cundinamarca,impuestos,4351.946
2015,25,Cundinamarca,impuestos,4942.671
2016,25,Cundinamarca,impuestos,5339.050
2017,25,Cundinamarca,impuestos,5745.418
2018,25,Cundinamarca,impuestos,6186.559
2019,25,Cundinamarca,impuestos,6779.495
2020,25,Cundinamarca,impuestos,6284.022
2021,25,Cundinamarca,impuestos,8029.597
2022,25,Cundinamarca,impuestos,10372.959
2023,25,Cundinamarca,impuestos,10744.813
2024,25,Cundinamarca,impuestos,11251.082
2025,25,Cundinamarca,impuestos,12533.070
2005,25,Cundinamarca,industria,5109.845
2006,25,Cundinamarca,industria,5310.923
2007,25,Cundinamarca,industria,6004.000
2008,25,Cundinamarca,industria,6946.241
2009,25,Cundinamarca,industria,7631.140
2010,25,Cundinamarca,industria,8055.381
2011,25,Cundinamarca,industria,8646.764
2012,25,Cundinamarca,industria,9281.539
2013,25,Cundinamarca,industria,9494.553
2014,25,Cundinamarca,industria,9721.856
2015,25,Cundinamarca,industria,10679.681
2016,25,Cundinamarca,industria,11670.981
2017,25,Cundinamarca,industria,11508.547
2018,25,Cundinamarca,industria,11974.444
2019,25,Cundinamarca,industria,12467.791
2020,25,Cundinamarca,industria,12013.098
2021,25,Cundinamarca,industria,14509.649
2022,25,Cundinamarca,industria,17922.017
2023,25,Cundinamarca,industria,18904.349
2024,25,Cundinamarca,industria,19058.359
2025,25,Cundinamarca,industria,20058.875
2005,25,Cundinamarca,informacion,567.674
2006,25,Cundinamarca,informacion,703.926
2007,25,Cundinamarca,informacion,837.561
2008,25,Cundinamarca,informacion,881.280
2009,25,Cundinamarca,informacion,904.013
2010,25,Cundinamarca,informacion,986.101
2011,25,Cundinamarca,informacion,1038.941
2012,25,Cundinamarca,informacion,1070.549
2013,25,Cundinamarca,informacion,1119.933
2014,25,Cundinamarca,informacion,1167.214
2015,25,Cundinamarca,informacion,1207.584
2016,25,Cundinamarca,informacion,1286.019
2017,25,Cundinamarca,informacion,1342.450
2018,25,Cundinamarca,informacion,1420.009
2019,25,Cundinamarca,informacion,1473.671
2020,25,Cundinamarca,informacion,1406.997
2021,25,Cundinamarca,informacion,1613.663
2022,25,Cundinamarca,informacion,1823.554
2023,25,Cundinamarca,informacion,1927.825
2024,25,Cundinamarca,informacion,1979.196
2025,25,Cundinamarca,informacion,2013.835
2005,25,Cundinamarca,inmobiliarias,934.245
2006,25,Cundinamarca,inmobiliarias,1058.086
2007,25,Cundinamarca,inmobiliarias,1157.710
2008,25,Cundinamarca,inmobiliarias,1286.283
2009,25,Cundinamarca,inmobiliarias,1380.693
2010,25,Cundinamarca,inmobiliarias,1462.506
2011,25,Cundinamarca,inmobiliarias,1564.084
2012,25,Cundinamarca,inmobiliarias,1653.819
2013,25,Cundinamarca,inmobiliarias,1740.496
2014,25,Cundinamarca,inmobiliarias,1819.631
2015,25,Cundinamarca,inmobiliarias,2002.392
2016,25,Cundinamarca,inmobiliarias,2218.443
2017,25,Cundinamarca,inmobiliarias,2441.057
2018,25,Cundinamarca,inmobiliarias,2700.679
2019,25,Cundinamarca,inmobiliarias,2888.815
2020,25,Cundinamarca,inmobiliarias,3003.836
2021,25,Cundinamarca,inmobiliarias,3170.956
2022,25,Cundinamarca,inmobiliarias,3426.255
2023,25,Cundinamarca,inmobiliarias,3741.566
2024,25,Cundinamarca,inmobiliarias,4152.332
2025,25,Cundinamarca,inmobiliarias,4565.905
2005,25,Cundinamarca,mineria,233.874
2006,25,Cundinamarca,mineria,253.068
2007,25,Cundinamarca,mineria,313.090
2008,25,Cundinamarca,mineria,485.510
2009,25,Cundinamarca,mineria,406.769
2010,25,Cundinamarca,mineria,426.990
2011,25,Cundinamarca,mineria,663.097
2012,25,Cundinamarca,mineria,469.689
2013,25,Cundinamarca,mineria,561.493
2014,25,Cundinamarca,mineria,495.100
2015,25,Cundinamarca,mineria,488.816
2016,25,Cundinamarca,mineria,527.560
2017,25,Cundinamarca,mineria,599.067
2018,25,Cundinamarca,mineria,628.168
2019,25,Cundinamarca,mineria,538.785
2020,25,Cundinamarca,mineria,410.294
2021,25,Cundinamarca,mineria,559.474
2022,25,Cundinamarca,mineria,1364.080
2023,25,Cundinamarca,mineria,1071.317
2024,25,Cundinamarca,mineria,784.106
2025,25,Cundinamarca,mineria,687.117
2005,25,Cundinamarca,profesionales,769.357
2006,25,Cundinamarca,profesionales,987.380
2007,25,Cundinamarca,profesionales,1151.797
2008,25,Cundinamarca,profesionales,1265.763
2009,25,Cundinamarca,profesionales,1399.681
2010,25,Cundinamarca,profesionales,1781.911
2011,25,Cundinamarca,profesionales,2029.162
2012,25,Cundinamarca,profesionales,2250.193
2013,25,Cundinamarca,profesionales,2433.741
2014,25,Cundinamarca,profesionales,2838.079
2015,25,Cundinamarca,profesionales,2901.502
2016,25,Cundinamarca,profesionales,2936.539
2017,25,Cundinamarca,profesionales,3064.082
2018,25,Cundinamarca,profesionales,3257.908
2019,25,Cundinamarca,profesionales,3517.518
2020,25,Cundinamarca,profesionales,3435.648
2021,25,Cundinamarca,profesionales,4011.439
2022,25,Cundinamarca,profesionales,4817.021
2023,25,Cundinamarca,profesionales,5408.146
2024,25,Cundinamarca,profesionales,5727.486
2025,25,Cundinamarca,profesionales,6095.103
2005,27,Chocó,agro,315.408
2006,27,Chocó,agro,304.645
2007,27,Chocó,agro,335.112
2008,27,Chocó,agro,375.304
2009,27,Chocó,agro,367.848
2010,27,Chocó,agro,341.979
2011,27,Chocó,agro,378.206
2012,27,Chocó,agro,403.024
2013,27,Chocó,agro,437.595
2014,27,Chocó,agro,484.626
2015,27,Chocó,agro,581.677
2016,27,Chocó,agro,697.510
2017,27,Chocó,agro,708.547
2018,27,Chocó,agro,722.847
2019,27,Chocó,agro,769.344
2020,27,Chocó,agro,853.917
2021,27,Chocó,agro,1100.894
2022,27,Chocó,agro,1457.667
2023,27,Chocó,agro,1623.408
2024,27,Chocó,agro,1833.468
2025,27,Chocó,agro,2030.123
2005,27,Chocó,arte,19.925
2006,27,Chocó,arte,23.067
2007,27,Chocó,arte,20.117
2008,27,Chocó,arte,21.685
2009,27,Chocó,arte,23.291
2010,27,Chocó,arte,26.759
2011,27,Chocó,arte,29.114
2012,27,Chocó,arte,32.247
2013,27,Chocó,arte,32.793
2014,27,Chocó,arte,35.191
2015,27,Chocó,arte,34.593
2016,27,Chocó,arte,35.250
2017,27,Chocó,arte,37.074
2018,27,Chocó,arte,38.064
2019,27,Chocó,arte,42.657
2020,27,Chocó,arte,38.504
2021,27,Chocó,arte,53.937
2022,27,Chocó,arte,76.716
2023,27,Chocó,arte,93.318
2024,27,Chocó,arte,108.716
2025,27,Chocó,arte,128.142
2005,27,Chocó,comercio,149.982
2006,27,Chocó,comercio,166.116
2007,27,Chocó,comercio,203.252
2008,27,Chocó,comercio,219.413
2009,27,Chocó,comercio,233.542
2010,27,Chocó,comercio,263.834
2011,27,Chocó,comercio,291.280
2012,27,Chocó,comercio,320.349
2013,27,Chocó,comercio,362.107
2014,27,Chocó,comercio,403.448
2015,27,Chocó,comercio,453.441
2016,27,Chocó,comercio,525.275
2017,27,Chocó,comercio,560.223
2018,27,Chocó,comercio,589.858
2019,27,Chocó,comercio,623.888
2020,27,Chocó,comercio,473.663
2021,27,Chocó,comercio,645.356
2022,27,Chocó,comercio,802.613
2023,27,Chocó,comercio,874.038
2024,27,Chocó,comercio,935.506
2025,27,Chocó,comercio,1031.168
2005,27,Chocó,construccion,41.065
2006,27,Chocó,construccion,46.043
2007,27,Chocó,construccion,57.369
2008,27,Chocó,construccion,58.459
2009,27,Chocó,construccion,86.480
2010,27,Chocó,construccion,80.752
2011,27,Chocó,construccion,93.035
2012,27,Chocó,construccion,108.261
2013,27,Chocó,construccion,147.518
2014,27,Chocó,construccion,218.508
2015,27,Chocó,construccion,178.922
2016,27,Chocó,construccion,226.057
2017,27,Chocó,construccion,215.040
2018,27,Chocó,construccion,220.222
2019,27,Chocó,construccion,210.205
2020,27,Chocó,construccion,157.375
2021,27,Chocó,construccion,167.344
2022,27,Chocó,construccion,220.396
2023,27,Chocó,construccion,236.777
2024,27,Chocó,construccion,253.252
2025,27,Chocó,construccion,259.306
2005,27,Chocó,electricidad,19.613
2006,27,Chocó,electricidad,20.268
2007,27,Chocó,electricidad,21.664
2008,27,Chocó,electricidad,21.710
2009,27,Chocó,electricidad,23.386
2010,27,Chocó,electricidad,24.596
2011,27,Chocó,electricidad,26.402
2012,27,Chocó,electricidad,27.078
2013,27,Chocó,electricidad,27.092
2014,27,Chocó,electricidad,30.195
2015,27,Chocó,electricidad,31.626
2016,27,Chocó,electricidad,35.966
2017,27,Chocó,electricidad,36.849
2018,27,Chocó,electricidad,39.897
2019,27,Chocó,electricidad,43.740
2020,27,Chocó,electricidad,49.252
2021,27,Chocó,electricidad,54.665
2022,27,Chocó,electricidad,69.807
2023,27,Chocó,electricidad,88.819
2024,27,Chocó,electricidad,101.002
2025,27,Chocó,electricidad,94.668
2005,27,Chocó,finanzas,19.137
2006,27,Chocó,finanzas,20.267
2007,27,Chocó,finanzas,24.012
2008,27,Chocó,finanzas,26.618
2009,27,Chocó,finanzas,29.647
2010,27,Chocó,finanzas,34.641
2011,27,Chocó,finanzas,39.277
2012,27,Chocó,finanzas,46.754
2013,27,Chocó,finanzas,48.331
2014,27,Chocó,finanzas,55.795
2015,27,Chocó,finanzas,61.247
2016,27,Chocó,finanzas,61.310
2017,27,Chocó,finanzas,68.704
2018,27,Chocó,finanzas,73.101
2019,27,Chocó,finanzas,80.525
2020,27,Chocó,finanzas,83.869
2021,27,Chocó,finanzas,89.120
2022,27,Chocó,finanzas,95.259
2023,27,Chocó,finanzas,104.553
2024,27,Chocó,finanzas,117.087
2025,27,Chocó,finanzas,128.306
2005,27,Chocó,gobierno,442.449
2006,27,Chocó,gobierno,451.808
2007,27,Chocó,gobierno,461.750
2008,27,Chocó,gobierno,566.391
2009,27,Chocó,gobierno,624.507
2010,27,Chocó,gobierno,721.481
2011,27,Chocó,gobierno,739.464
2012,27,Chocó,gobierno,830.686
2013,27,Chocó,gobierno,963.632
2014,27,Chocó,gobierno,992.540
2015,27,Chocó,gobierno,1078.290
2016,27,Chocó,gobierno,1192.183
2017,27,Chocó,gobierno,1296.592
2018,27,Chocó,gobierno,1408.225
2019,27,Chocó,gobierno,1538.009
2020,27,Chocó,gobierno,1622.302
2021,27,Chocó,gobierno,1763.224
2022,27,Chocó,gobierno,1909.759
2023,27,Chocó,gobierno,2199.846
2024,27,Chocó,gobierno,2528.914
2025,27,Chocó,gobierno,2801.466
2005,27,Chocó,impuestos,27.687
2006,27,Chocó,impuestos,32.910
2007,27,Chocó,impuestos,37.269
2008,27,Chocó,impuestos,39.408
2009,27,Chocó,impuestos,44.614
2010,27,Chocó,impuestos,49.340
2011,27,Chocó,impuestos,60.827
2012,27,Chocó,impuestos,67.440
2013,27,Chocó,impuestos,77.928
2014,27,Chocó,impuestos,89.701
2015,27,Chocó,impuestos,98.238
2016,27,Chocó,impuestos,106.809
2017,27,Chocó,impuestos,120.722
2018,27,Chocó,impuestos,124.492
2019,27,Chocó,impuestos,137.507
2020,27,Chocó,impuestos,140.577
2021,27,Chocó,impuestos,169.988
2022,27,Chocó,impuestos,228.258
2023,27,Chocó,impuestos,236.650
2024,27,Chocó,impuestos,249.193
2025,27,Chocó,impuestos,276.460
2005,27,Chocó,industria,22.517
2006,27,Chocó,industria,25.085
2007,27,Chocó,industria,27.410
2008,27,Chocó,industria,28.413
2009,27,Chocó,industria,32.480
2010,27,Chocó,industria,33.269
2011,27,Chocó,industria,34.895
2012,27,Chocó,industria,34.818
2013,27,Chocó,industria,34.030
2014,27,Chocó,industria,29.634
2015,27,Chocó,industria,31.293
2016,27,Chocó,industria,34.217
2017,27,Chocó,industria,32.294
2018,27,Chocó,industria,32.199
2019,27,Chocó,industria,32.946
2020,27,Chocó,industria,31.638
2021,27,Chocó,industria,39.507
2022,27,Chocó,industria,46.913
2023,27,Chocó,industria,48.437
2024,27,Chocó,industria,48.250
2025,27,Chocó,industria,52.199
2005,27,Chocó,informacion,15.997
2006,27,Chocó,informacion,21.849
2007,27,Chocó,informacion,26.541
2008,27,Chocó,informacion,28.005
2009,27,Chocó,informacion,28.112
2010,27,Chocó,informacion,31.446
2011,27,Chocó,informacion,32.262
2012,27,Chocó,informacion,35.129
2013,27,Chocó,informacion,36.459
2014,27,Chocó,informacion,38.328
2015,27,Chocó,informacion,38.960
2016,27,Chocó,informacion,41.115
2017,27,Chocó,informacion,43.557
2018,27,Chocó,informacion,44.941
2019,27,Chocó,informacion,43.696
2020,27,Chocó,informacion,43.671
2021,27,Chocó,informacion,46.818
2022,27,Chocó,informacion,52.295
2023,27,Chocó,informacion,53.734
2024,27,Chocó,informacion,55.104
2025,27,Chocó,informacion,56.162
2005,27,Chocó,inmobiliarias,29.488
2006,27,Chocó,inmobiliarias,32.887
2007,27,Chocó,inmobiliarias,35.327
2008,27,Chocó,inmobiliarias,40.926
2009,27,Chocó,inmobiliarias,44.598
2010,27,Chocó,inmobiliarias,48.334
2011,27,Chocó,inmobiliarias,51.017
2012,27,Chocó,inmobiliarias,54.864
2013,27,Chocó,inmobiliarias,59.901
2014,27,Chocó,inmobiliarias,63.350
2015,27,Chocó,inmobiliarias,66.221
2016,27,Chocó,inmobiliarias,70.192
2017,27,Chocó,inmobiliarias,75.346
2018,27,Chocó,inmobiliarias,80.792
2019,27,Chocó,inmobiliarias,85.863
2020,27,Chocó,inmobiliarias,86.983
2021,27,Chocó,inmobiliarias,90.721
2022,27,Chocó,inmobiliarias,95.880
2023,27,Chocó,inmobiliarias,105.135
2024,27,Chocó,inmobiliarias,114.367
2025,27,Chocó,inmobiliarias,121.078
2005,27,Chocó,mineria,128.358
2006,27,Chocó,mineria,227.298
2007,27,Chocó,mineria,238.890
2008,27,Chocó,mineria,244.140
2009,27,Chocó,mineria,563.413
2010,27,Chocó,mineria,1243.174
2011,27,Chocó,mineria,1873.611
2012,27,Chocó,mineria,1591.288
2013,27,Chocó,mineria,849.692
2014,27,Chocó,mineria,700.461
2015,27,Chocó,mineria,912.618
2016,27,Chocó,mineria,1192.077
2017,27,Chocó,mineria,758.874
2018,27,Chocó,mineria,398.418
2019,27,Chocó,mineria,554.819
2020,27,Chocó,mineria,903.485
2021,27,Chocó,mineria,971.747
2022,27,Chocó,mineria,1046.694
2023,27,Chocó,mineria,1216.155
2024,27,Chocó,mineria,1281.116
2025,27,Chocó,mineria,1520.823
2005,27,Chocó,profesionales,0.762
2006,27,Chocó,profesionales,1.599
2007,27,Chocó,profesionales,1.678
2008,27,Chocó,profesionales,1.760
2009,27,Chocó,profesionales,1.846
2010,27,Chocó,profesionales,2.903
2011,27,Chocó,profesionales,3.047
2012,27,Chocó,profesionales,3.197
2013,27,Chocó,profesionales,3.353
2014,27,Chocó,profesionales,3.389
2015,27,Chocó,profesionales,3.504
2016,27,Chocó,profesionales,3.683
2017,27,Chocó,profesionales,3.818
2018,27,Chocó,profesionales,4.072
2019,27,Chocó,profesionales,4.360
2020,27,Chocó,profesionales,4.163
2021,27,Chocó,profesionales,4.602
2022,27,Chocó,profesionales,5.513
2023,27,Chocó,profesionales,6.098
2024,27,Chocó,profesionales,6.419
2025,27,Chocó,profesionales,6.842
2005,41,Huila,agro,1012.102
2006,41,Huila,agro,1124.104
2007,41,Huila,agro,1216.417
2008,41,Huila,agro,1250.166
2009,41,Huila,agro,1264.829
2010,41,Huila,agro,1460.086
2011,41,Huila,agro,1684.334
2012,41,Huila,agro,1431.158
2013,41,Huila,agro,1534.164
2014,41,Huila,agro,1852.744
2015,41,Huila,agro,2112.366
2016,41,Huila,agro,2585.114
2017,41,Huila,agro,2630.990
2018,41,Huila,agro,2598.884
2019,41,Huila,agro,2889.403
2020,41,Huila,agro,3216.370
2021,41,Huila,agro,3855.645
2022,41,Huila,agro,5641.645
2023,41,Huila,agro,6042.909
2024,41,Huila,agro,7183.698
2025,41,Huila,agro,8123.082
2005,41,Huila,arte,164.966
2006,41,Huila,arte,164.654
2007,41,Huila,arte,185.083
2008,41,Huila,arte,207.148
2009,41,Huila,arte,216.443
2010,41,Huila,arte,240.552
2011,41,Huila,arte,255.967
2012,41,Huila,arte,269.526
2013,41,Huila,arte,285.178
2014,41,Huila,arte,310.097
2015,41,Huila,arte,310.519
2016,41,Huila,arte,336.544
2017,41,Huila,arte,351.906
2018,41,Huila,arte,367.295
2019,41,Huila,arte,421.929
2020,41,Huila,arte,377.488
2021,41,Huila,arte,507.250
2022,41,Huila,arte,738.286
2023,41,Huila,arte,895.389
2024,41,Huila,arte,1044.789
2025,41,Huila,arte,1240.195
2005,41,Huila,comercio,687.130
2006,41,Huila,comercio,758.205
2007,41,Huila,comercio,858.397
2008,41,Huila,comercio,945.001
2009,41,Huila,comercio,1054.724
2010,41,Huila,comercio,1081.354
2011,41,Huila,comercio,1274.235
2012,41,Huila,comercio,1341.973
2013,41,Huila,comercio,1745.924
2014,41,Huila,comercio,1983.133
2015,41,Huila,comercio,2197.944
2016,41,Huila,comercio,2469.788
2017,41,Huila,comercio,2615.513
2018,41,Huila,comercio,2763.416
2019,41,Huila,comercio,2957.030
2020,41,Huila,comercio,2732.109
2021,41,Huila,comercio,3339.592
2022,41,Huila,comercio,4246.312
2023,41,Huila,comercio,4630.812
2024,41,Huila,comercio,4956.896
2025,41,Huila,comercio,5463.301
2005,41,Huila,construccion,419.012
2006,41,Huila,construccion,479.215
2007,41,Huila,construccion,635.099
2008,41,Huila,construccion,791.406
2009,41,Huila,construccion,910.522
2010,41,Huila,construccion,1082.636
2011,41,Huila,construccion,1335.303
2012,41,Huila,construccion,1728.940
2013,41,Huila,construccion,1950.700
2014,41,Huila,construccion,2015.905
2015,41,Huila,construccion,2131.602
2016,41,Huila,construccion,2150.067
2017,41,Huila,construccion,1840.135
2018,41,Huila,construccion,1717.199
2019,41,Huila,construccion,1744.039
2020,41,Huila,construccion,1322.658
2021,41,Huila,construccion,1522.684
2022,41,Huila,construccion,1589.950
2023,41,Huila,construccion,1609.816
2024,41,Huila,construccion,1954.772
2025,41,Huila,construccion,2143.352
2005,41,Huila,electricidad,257.770
2006,41,Huila,electricidad,290.746
2007,41,Huila,electricidad,302.593
2008,41,Huila,electricidad,342.448
2009,41,Huila,electricidad,347.965
2010,41,Huila,electricidad,360.788
2011,41,Huila,electricidad,456.606
2012,41,Huila,electricidad,447.539
2013,41,Huila,electricidad,456.543
2014,41,Huila,electricidad,509.584
2015,41,Huila,electricidad,533.060
2016,41,Huila,electricidad,598.651
2017,41,Huila,electricidad,641.105
2018,41,Huila,electricidad,719.260
2019,41,Huila,electricidad,808.592
2020,41,Huila,electricidad,876.704
2021,41,Huila,electricidad,993.400
2022,41,Huila,electricidad,1188.159
2023,41,Huila,electricidad,1459.771
2024,41,Huila,electricidad,1672.183
2025,41,Huila,electricidad,1602.557
2005,41,Huila,finanzas,108.443
2006,41,Huila,finanzas,113.480
2007,41,Huila,finanzas,138.636
2008,41,Huila,finanzas,172.593
2009,41,Huila,finanzas,187.789
2010,41,Huila,finanzas,206.551
2011,41,Huila,finanzas,235.270
2012,41,Huila,finanzas,274.055
2013,41,Huila,finanzas,305.526
2014,41,Huila,finanzas,334.233
2015,41,Huila,finanzas,354.758
2016,41,Huila,finanzas,351.680
2017,41,Huila,finanzas,398.386
2018,41,Huila,finanzas,433.049
2019,41,Huila,finanzas,475.907
2020,41,Huila,finanzas,495.962
2021,41,Huila,finanzas,533.359
2022,41,Huila,finanzas,561.368
2023,41,Huila,finanzas,611.411
2024,41,Huila,finanzas,689.044
2025,41,Huila,finanzas,750.896
2005,41,Huila,gobierno,802.374
2006,41,Huila,gobierno,766.380
2007,41,Huila,gobierno,939.380
2008,41,Huila,gobierno,1063.602
2009,41,Huila,gobierno,1194.945
2010,41,Huila,gobierno,1375.025
2011,41,Huila,gobierno,1503.012
2012,41,Huila,gobierno,1727.787
2013,41,Huila,gobierno,1917.754
2014,41,Huila,gobierno,2074.525
2015,41,Huila,gobierno,2284.951
2016,41,Huila,gobierno,2501.322
2017,41,Huila,gobierno,2718.167
2018,41,Huila,gobierno,2944.481
2019,41,Huila,gobierno,3220.205
2020,41,Huila,gobierno,3340.357
2021,41,Huila,gobierno,3701.447
2022,41,Huila,gobierno,4023.772
2023,41,Huila,gobierno,4687.588
2024,41,Huila,gobierno,5346.276
2025,41,Huila,gobierno,5879.744
2005,41,Huila,impuestos,310.296
2006,41,Huila,impuestos,339.483
2007,41,Huila,impuestos,380.649
2008,41,Huila,impuestos,445.556
2009,41,Huila,impuestos,419.147
2010,41,Huila,impuestos,443.363
2011,41,Huila,impuestos,529.143
2012,41,Huila,impuestos,569.063
2013,41,Huila,impuestos,403.491
2014,41,Huila,impuestos,661.319
2015,41,Huila,impuestos,740.481
2016,41,Huila,impuestos,758.665
2017,41,Huila,impuestos,872.969
2018,41,Huila,impuestos,933.977
2019,41,Huila,impuestos,1014.192
2020,41,Huila,impuestos,896.443
2021,41,Huila,impuestos,1138.308
2022,41,Huila,impuestos,1554.809
2023,41,Huila,impuestos,1609.047
2024,41,Huila,impuestos,1694.661
2025,41,Huila,impuestos,1887.798
2005,41,Huila,industria,325.953
2006,41,Huila,industria,327.977
2007,41,Huila,industria,361.720
2008,41,Huila,industria,419.655
2009,41,Huila,industria,395.016
2010,41,Huila,industria,363.335
2011,41,Huila,industria,389.857
2012,41,Huila,industria,424.368
2013,41,Huila,industria,447.726
2014,41,Huila,industria,406.915
2015,41,Huila,industria,485.147
2016,41,Huila,industria,509.586
2017,41,Huila,industria,503.299
2018,41,Huila,industria,524.924
2019,41,Huila,industria,546.564
2020,41,Huila,industria,543.388
2021,41,Huila,industria,675.675
2022,41,Huila,industria,823.638
2023,41,Huila,industria,881.324
2024,41,Huila,industria,882.417
2025,41,Huila,industria,967.922
2005,41,Huila,informacion,150.121
2006,41,Huila,informacion,183.020
2007,41,Huila,informacion,213.901
2008,41,Huila,informacion,227.066
2009,41,Huila,informacion,226.978
2010,41,Huila,informacion,248.132
2011,41,Huila,informacion,258.317
2012,41,Huila,informacion,281.660
2013,41,Huila,informacion,303.253
2014,41,Huila,informacion,325.213
2015,41,Huila,informacion,334.629
2016,41,Huila,informacion,346.261
2017,41,Huila,informacion,368.094
2018,41,Huila,informacion,396.199
2019,41,Huila,informacion,408.712
2020,41,Huila,informacion,397.927
2021,41,Huila,informacion,446.496
2022,41,Huila,informacion,488.125
2023,41,Huila,informacion,507.795
2024,41,Huila,informacion,518.897
2025,41,Huila,informacion,527.296
2005,41,Huila,inmobiliarias,347.358
2006,41,Huila,inmobiliarias,387.884
2007,41,Huila,inmobiliarias,424.741
2008,41,Huila,inmobiliarias,468.495
2009,41,Huila,inmobiliarias,501.960
2010,41,Huila,inmobiliarias,533.405
2011,41,Huila,inmobiliarias,569.869
2012,41,Huila,inmobiliarias,604.584
2013,41,Huila,inmobiliarias,639.286
2014,41,Huila,inmobiliarias,666.786
2015,41,Huila,inmobiliarias,716.727
2016,41,Huila,inmobiliarias,768.675
2017,41,Huila,inmobiliarias,798.046
2018,41,Huila,inmobiliarias,849.657
2019,41,Huila,inmobiliarias,901.446
2020,41,Huila,inmobiliarias,921.086
2021,41,Huila,inmobiliarias,954.396
2022,41,Huila,inmobiliarias,1009.377
2023,41,Huila,inmobiliarias,1095.956
2024,41,Huila,inmobiliarias,1194.168
2025,41,Huila,inmobiliarias,1255.331
2005,41,Huila,mineria,1331.447
2006,41,Huila,mineria,1469.593
2007,41,Huila,mineria,1322.653
2008,41,Huila,mineria,1922.726
2009,41,Huila,mineria,1596.091
2010,41,Huila,mineria,1858.690
2011,41,Huila,mineria,2419.041
2012,41,Huila,mineria,2184.293
2013,41,Huila,mineria,1970.392
2014,41,Huila,mineria,1692.814
2015,41,Huila,mineria,1015.315
2016,41,Huila,mineria,700.299
2017,41,Huila,mineria,839.097
2018,41,Huila,mineria,1068.358
2019,41,Huila,mineria,1092.747
2020,41,Huila,mineria,822.036
2021,41,Huila,mineria,1252.918
2022,41,Huila,mineria,1709.076
2023,41,Huila,mineria,1423.954
2024,41,Huila,mineria,1303.194
2025,41,Huila,mineria,1147.999
2005,41,Huila,profesionales,158.599
2006,41,Huila,profesionales,172.172
2007,41,Huila,profesionales,207.642
2008,41,Huila,profesionales,235.470
2009,41,Huila,profesionales,270.699
2010,41,Huila,profesionales,307.810
2011,41,Huila,profesionales,351.912
2012,41,Huila,profesionales,404.604
2013,41,Huila,profesionales,453.636
2014,41,Huila,profesionales,550.217
2015,41,Huila,profesionales,587.822
2016,41,Huila,profesionales,616.670
2017,41,Huila,profesionales,644.608
2018,41,Huila,profesionales,672.564
2019,41,Huila,profesionales,717.151
2020,41,Huila,profesionales,710.411
2021,41,Huila,profesionales,807.392
2022,41,Huila,profesionales,922.029
2023,41,Huila,profesionales,1020.399
2024,41,Huila,profesionales,1069.660
2025,41,Huila,profesionales,1135.839
2005,44,La Guajira,agro,282.470
2006,44,La Guajira,agro,317.121
2007,44,La Guajira,agro,353.667
2008,44,La Guajira,agro,318.238
2009,44,La Guajira,agro,313.116
2010,44,La Guajira,agro,307.707
2011,44,La Guajira,agro,327.156
2012,44,La Guajira,agro,353.081
2013,44,La Guajira,agro,323.164
2014,44,La Guajira,agro,305.886
2015,44,La Guajira,agro,326.319
2016,44,La Guajira,agro,370.530
2017,44,La Guajira,agro,410.061
2018,44,La Guajira,agro,426.828
2019,44,La Guajira,agro,468.013
2020,44,La Guajira,agro,506.053
2021,44,La Guajira,agro,614.185
2022,44,La Guajira,agro,848.661
2023,44,La Guajira,agro,938.057
2024,44,La Guajira,agro,1073.972
2025,44,La Guajira,agro,1196.096
2005,44,La Guajira,arte,52.260
2006,44,La Guajira,arte,66.162
2007,44,La Guajira,arte,74.798
2008,44,La Guajira,arte,78.293
2009,44,La Guajira,arte,83.784
2010,44,La Guajira,arte,95.514
2011,44,La Guajira,arte,101.485
2012,44,La Guajira,arte,107.908
2013,44,La Guajira,arte,116.066
2014,44,La Guajira,arte,128.463
2015,44,La Guajira,arte,131.095
2016,44,La Guajira,arte,146.005
2017,44,La Guajira,arte,154.949
2018,44,La Guajira,arte,162.833
2019,44,La Guajira,arte,182.497
2020,44,La Guajira,arte,160.328
2021,44,La Guajira,arte,201.503
2022,44,La Guajira,arte,291.699
2023,44,La Guajira,arte,349.228
2024,44,La Guajira,arte,405.330
2025,44,La Guajira,arte,470.897
2005,44,La Guajira,comercio,292.465
2006,44,La Guajira,comercio,332.703
2007,44,La Guajira,comercio,397.232
2008,44,La Guajira,comercio,437.828
2009,44,La Guajira,comercio,490.131
2010,44,La Guajira,comercio,537.959
2011,44,La Guajira,comercio,598.921
2012,44,La Guajira,comercio,687.484
2013,44,La Guajira,comercio,817.409
2014,44,La Guajira,comercio,1022.717
2015,44,La Guajira,comercio,1127.188
2016,44,La Guajira,comercio,1228.239
2017,44,La Guajira,comercio,1373.203
2018,44,La Guajira,comercio,1459.085
2019,44,La Guajira,comercio,1544.367
2020,44,La Guajira,comercio,1246.731
2021,44,La Guajira,comercio,1692.292
2022,44,La Guajira,comercio,2151.644
2023,44,La Guajira,comercio,2349.052
2024,44,La Guajira,comercio,2529.161
2025,44,La Guajira,comercio,2773.484
2005,44,La Guajira,construccion,75.285
2006,44,La Guajira,construccion,107.360
2007,44,La Guajira,construccion,174.264
2008,44,La Guajira,construccion,198.688
2009,44,La Guajira,construccion,213.915
2010,44,La Guajira,construccion,208.364
2011,44,La Guajira,construccion,238.895
2012,44,La Guajira,construccion,284.962
2013,44,La Guajira,construccion,366.543
2014,44,La Guajira,construccion,502.774
2015,44,La Guajira,construccion,465.235
2016,44,La Guajira,construccion,578.244
2017,44,La Guajira,construccion,685.144
2018,44,La Guajira,construccion,657.993
2019,44,La Guajira,construccion,661.255
2020,44,La Guajira,construccion,591.366
2021,44,La Guajira,construccion,670.112
2022,44,La Guajira,construccion,769.443
2023,44,La Guajira,construccion,829.382
2024,44,La Guajira,construccion,903.795
2025,44,La Guajira,construccion,944.580
2005,44,La Guajira,electricidad,155.970
2006,44,La Guajira,electricidad,163.824
2007,44,La Guajira,electricidad,162.134
2008,44,La Guajira,electricidad,204.651
2009,44,La Guajira,electricidad,232.155
2010,44,La Guajira,electricidad,248.353
2011,44,La Guajira,electricidad,282.146
2012,44,La Guajira,electricidad,299.201
2013,44,La Guajira,electricidad,356.355
2014,44,La Guajira,electricidad,371.220
2015,44,La Guajira,electricidad,392.854
2016,44,La Guajira,electricidad,442.295
2017,44,La Guajira,electricidad,465.734
2018,44,La Guajira,electricidad,502.672
2019,44,La Guajira,electricidad,559.392
2020,44,La Guajira,electricidad,626.616
2021,44,La Guajira,electricidad,695.281
2022,44,La Guajira,electricidad,888.369
2023,44,La Guajira,electricidad,1124.794
2024,44,La Guajira,electricidad,1302.643
2025,44,La Guajira,electricidad,1218.265
2005,44,La Guajira,finanzas,33.718
2006,44,La Guajira,finanzas,36.558
2007,44,La Guajira,finanzas,44.620
2008,44,La Guajira,finanzas,54.239
2009,44,La Guajira,finanzas,67.816
2010,44,La Guajira,finanzas,79.461
2011,44,La Guajira,finanzas,89.601
2012,44,La Guajira,finanzas,108.060
2013,44,La Guajira,finanzas,118.428
2014,44,La Guajira,finanzas,126.066
2015,44,La Guajira,finanzas,137.870
2016,44,La Guajira,finanzas,130.606
2017,44,La Guajira,finanzas,145.416
2018,44,La Guajira,finanzas,156.727
2019,44,La Guajira,finanzas,171.221
2020,44,La Guajira,finanzas,177.531
2021,44,La Guajira,finanzas,192.516
2022,44,La Guajira,finanzas,204.199
2023,44,La Guajira,finanzas,222.806
2024,44,La Guajira,finanzas,253.009
2025,44,La Guajira,finanzas,276.127
2005,44,La Guajira,gobierno,513.042
2006,44,La Guajira,gobierno,581.318
2007,44,La Guajira,gobierno,594.977
2008,44,La Guajira,gobierno,670.536
2009,44,La Guajira,gobierno,780.087
2010,44,La Guajira,gobierno,875.374
2011,44,La Guajira,gobierno,1008.846
2012,44,La Guajira,gobierno,1162.622
2013,44,La Guajira,gobierno,1290.702
2014,44,La Guajira,gobierno,1463.523
2015,44,La Guajira,gobierno,1630.874
2016,44,La Guajira,gobierno,1790.980
2017,44,La Guajira,gobierno,1944.023
2018,44,La Guajira,gobierno,2113.958
2019,44,La Guajira,gobierno,2326.357
2020,44,La Guajira,gobierno,2438.823
2021,44,La Guajira,gobierno,2727.196
2022,44,La Guajira,gobierno,2956.651
2023,44,La Guajira,gobierno,3456.843
2024,44,La Guajira,gobierno,3974.153
2025,44,La Guajira,gobierno,4388.063
2005,44,La Guajira,impuestos,139.396
2006,44,La Guajira,impuestos,128.467
2007,44,La Guajira,impuestos,151.003
2008,44,La Guajira,impuestos,184.291
2009,44,La Guajira,impuestos,182.702
2010,44,La Guajira,impuestos,195.487
2011,44,La Guajira,impuestos,212.401
2012,44,La Guajira,impuestos,217.104
2013,44,La Guajira,impuestos,237.022
2014,44,La Guajira,impuestos,292.203
2015,44,La Guajira,impuestos,304.703
2016,44,La Guajira,impuestos,312.753
2017,44,La Guajira,impuestos,358.301
2018,44,La Guajira,impuestos,389.401
2019,44,La Guajira,impuestos,421.193
2020,44,La Guajira,impuestos,360.471
2021,44,La Guajira,impuestos,460.300
2022,44,La Guajira,impuestos,625.223
2023,44,La Guajira,impuestos,648.251
2024,44,La Guajira,impuestos,682.220
2025,44,La Guajira,impuestos,746.713
2005,44,La Guajira,industria,41.816
2006,44,La Guajira,industria,42.865
2007,44,La Guajira,industria,46.462
2008,44,La Guajira,industria,51.082
2009,44,La Guajira,industria,60.791
2010,44,La Guajira,industria,55.783
2011,44,La Guajira,industria,53.512
2012,44,La Guajira,industria,55.990
2013,44,La Guajira,industria,57.653
2014,44,La Guajira,industria,53.507
2015,44,La Guajira,industria,53.109
2016,44,La Guajira,industria,61.399
2017,44,La Guajira,industria,58.211
2018,44,La Guajira,industria,60.302
2019,44,La Guajira,industria,61.501
2020,44,La Guajira,industria,61.311
2021,44,La Guajira,industria,77.539
2022,44,La Guajira,industria,97.158
2023,44,La Guajira,industria,100.666
2024,44,La Guajira,industria,101.277
2025,44,La Guajira,industria,108.696
2005,44,La Guajira,informacion,26.639
2006,44,La Guajira,informacion,34.726
2007,44,La Guajira,informacion,40.524
2008,44,La Guajira,informacion,43.209
2009,44,La Guajira,informacion,43.960
2010,44,La Guajira,informacion,65.329
2011,44,La Guajira,informacion,70.214
2012,44,La Guajira,informacion,76.644
2013,44,La Guajira,informacion,81.211
2014,44,La Guajira,informacion,83.414
2015,44,La Guajira,informacion,85.829
2016,44,La Guajira,informacion,89.661
2017,44,La Guajira,informacion,95.443
2018,44,La Guajira,informacion,100.058
2019,44,La Guajira,informacion,103.160
2020,44,La Guajira,informacion,98.793
2021,44,La Guajira,informacion,106.647
2022,44,La Guajira,informacion,113.474
2023,44,La Guajira,informacion,117.634
2024,44,La Guajira,informacion,120.087
2025,44,La Guajira,informacion,123.154
2005,44,La Guajira,inmobiliarias,64.059
2006,44,La Guajira,inmobiliarias,79.406
2007,44,La Guajira,inmobiliarias,93.514
2008,44,La Guajira,inmobiliarias,114.951
2009,44,La Guajira,inmobiliarias,137.004
2010,44,La Guajira,inmobiliarias,160.646
2011,44,La Guajira,inmobiliarias,191.093
2012,44,La Guajira,inmobiliarias,222.115
2013,44,La Guajira,inmobiliarias,255.264
2014,44,La Guajira,inmobiliarias,328.933
2015,44,La Guajira,inmobiliarias,347.696
2016,44,La Guajira,inmobiliarias,369.252
2017,44,La Guajira,inmobiliarias,390.671
2018,44,La Guajira,inmobiliarias,421.929
2019,44,La Guajira,inmobiliarias,450.647
2020,44,La Guajira,inmobiliarias,464.551
2021,44,La Guajira,inmobiliarias,479.263
2022,44,La Guajira,inmobiliarias,510.366
2023,44,La Guajira,inmobiliarias,568.733
2024,44,La Guajira,inmobiliarias,621.095
2025,44,La Guajira,inmobiliarias,665.441
2005,44,La Guajira,mineria,2516.044
2006,44,La Guajira,mineria,2859.535
2007,44,La Guajira,mineria,2818.004
2008,44,La Guajira,mineria,4119.938
2009,44,La Guajira,mineria,4173.222
2010,44,La Guajira,mineria,4085.772
2011,44,La Guajira,mineria,4888.951
2012,44,La Guajira,mineria,4879.486
2013,44,La Guajira,mineria,4148.388
2014,44,La Guajira,mineria,3659.664
2015,44,La Guajira,mineria,3639.250
2016,44,La Guajira,mineria,3898.222
2017,44,La Guajira,mineria,4679.008
2018,44,La Guajira,mineria,5404.806
2019,44,La Guajira,mineria,4249.548
2020,44,La Guajira,mineria,1951.125
2021,44,La Guajira,mineria,6527.714
2022,44,La Guajira,mineria,13389.447
2023,44,La Guajira,mineria,9740.434
2024,44,La Guajira,mineria,6251.860
2025,44,La Guajira,mineria,4802.746
2005,44,La Guajira,profesionales,6.100
2006,44,La Guajira,profesionales,8.768
2007,44,La Guajira,profesionales,10.007
2008,44,La Guajira,profesionales,12.211
2009,44,La Guajira,profesionales,13.673
2010,44,La Guajira,profesionales,15.250
2011,44,La Guajira,profesionales,16.951
2012,44,La Guajira,profesionales,18.774
2013,44,La Guajira,profesionales,19.633
2014,44,La Guajira,profesionales,22.596
2015,44,La Guajira,profesionales,23.792
2016,44,La Guajira,profesionales,24.089
2017,44,La Guajira,profesionales,24.444
2018,44,La Guajira,profesionales,25.285
2019,44,La Guajira,profesionales,25.921
2020,44,La Guajira,profesionales,25.105
2021,44,La Guajira,profesionales,27.998
2022,44,La Guajira,profesionales,33.733
2023,44,La Guajira,profesionales,37.418
2024,44,La Guajira,profesionales,39.569
2025,44,La Guajira,profesionales,42.149
2005,47,Magdalena,agro,922.270
2006,47,Magdalena,agro,964.350
2007,47,Magdalena,agro,1017.593
2008,47,Magdalena,agro,1154.382
2009,47,Magdalena,agro,1242.724
2010,47,Magdalena,agro,1176.741
2011,47,Magdalena,agro,1268.933
2012,47,Magdalena,agro,1328.059
2013,47,Magdalena,agro,1265.969
2014,47,Magdalena,agro,1390.820
2015,47,Magdalena,agro,1576.104
2016,47,Magdalena,agro,1807.800
2017,47,Magdalena,agro,1924.705
2018,47,Magdalena,agro,2038.957
2019,47,Magdalena,agro,2278.417
2020,47,Magdalena,agro,2466.416
2021,47,Magdalena,agro,2981.787
2022,47,Magdalena,agro,4178.681
2023,47,Magdalena,agro,4469.195
2024,47,Magdalena,agro,5096.331
2025,47,Magdalena,agro,5707.287
2005,47,Magdalena,arte,127.933
2006,47,Magdalena,arte,136.905
2007,47,Magdalena,arte,139.724
2008,47,Magdalena,arte,151.950
2009,47,Magdalena,arte,167.134
2010,47,Magdalena,arte,183.866
2011,47,Magdalena,arte,197.182
2012,47,Magdalena,arte,210.437
2013,47,Magdalena,arte,231.581
2014,47,Magdalena,arte,247.301
2015,47,Magdalena,arte,262.532
2016,47,Magdalena,arte,253.048
2017,47,Magdalena,arte,266.906
2018,47,Magdalena,arte,280.877
2019,47,Magdalena,arte,319.808
2020,47,Magdalena,arte,274.774
2021,47,Magdalena,arte,362.258
2022,47,Magdalena,arte,533.288
2023,47,Magdalena,arte,641.700
2024,47,Magdalena,arte,746.444
2025,47,Magdalena,arte,858.837
2005,47,Magdalena,comercio,1004.600
2006,47,Magdalena,comercio,1094.733
2007,47,Magdalena,comercio,1239.781
2008,47,Magdalena,comercio,1376.916
2009,47,Magdalena,comercio,1488.861
2010,47,Magdalena,comercio,1628.246
2011,47,Magdalena,comercio,1554.185
2012,47,Magdalena,comercio,1638.422
2013,47,Magdalena,comercio,1789.089
2014,47,Magdalena,comercio,1914.204
2015,47,Magdalena,comercio,2162.120
2016,47,Magdalena,comercio,2475.526
2017,47,Magdalena,comercio,2662.623
2018,47,Magdalena,comercio,2846.473
2019,47,Magdalena,comercio,3038.979
2020,47,Magdalena,comercio,2659.580
2021,47,Magdalena,comercio,3414.681
2022,47,Magdalena,comercio,4363.194
2023,47,Magdalena,comercio,4774.519
2024,47,Magdalena,comercio,5116.145
2025,47,Magdalena,comercio,5603.730
2005,47,Magdalena,construccion,200.000
2006,47,Magdalena,construccion,165.764
2007,47,Magdalena,construccion,248.401
2008,47,Magdalena,construccion,306.135
2009,47,Magdalena,construccion,540.951
2010,47,Magdalena,construccion,583.802
2011,47,Magdalena,construccion,682.391
2012,47,Magdalena,construccion,985.961
2013,47,Magdalena,construccion,1243.588
2014,47,Magdalena,construccion,876.691
2015,47,Magdalena,construccion,997.913
2016,47,Magdalena,construccion,1138.749
2017,47,Magdalena,construccion,1074.424
2018,47,Magdalena,construccion,1056.697
2019,47,Magdalena,construccion,955.110
2020,47,Magdalena,construccion,788.585
2021,47,Magdalena,construccion,904.203
2022,47,Magdalena,construccion,1097.564
2023,47,Magdalena,construccion,1169.794
2024,47,Magdalena,construccion,1331.602
2025,47,Magdalena,construccion,1402.307
2005,47,Magdalena,electricidad,87.836
2006,47,Magdalena,electricidad,95.430
2007,47,Magdalena,electricidad,102.648
2008,47,Magdalena,electricidad,108.550
2009,47,Magdalena,electricidad,111.630
2010,47,Magdalena,electricidad,121.314
2011,47,Magdalena,electricidad,134.384
2012,47,Magdalena,electricidad,144.511
2013,47,Magdalena,electricidad,154.176
2014,47,Magdalena,electricidad,156.587
2015,47,Magdalena,electricidad,174.186
2016,47,Magdalena,electricidad,206.264
2017,47,Magdalena,electricidad,217.762
2018,47,Magdalena,electricidad,237.468
2019,47,Magdalena,electricidad,261.312
2020,47,Magdalena,electricidad,287.073
2021,47,Magdalena,electricidad,328.997
2022,47,Magdalena,electricidad,418.604
2023,47,Magdalena,electricidad,505.526
2024,47,Magdalena,electricidad,577.317
2025,47,Magdalena,electricidad,576.520
2005,47,Magdalena,finanzas,95.685
2006,47,Magdalena,finanzas,100.464
2007,47,Magdalena,finanzas,116.539
2008,47,Magdalena,finanzas,149.422
2009,47,Magdalena,finanzas,162.820
2010,47,Magdalena,finanzas,182.623
2011,47,Magdalena,finanzas,205.140
2012,47,Magdalena,finanzas,222.430
2013,47,Magdalena,finanzas,242.317
2014,47,Magdalena,finanzas,251.525
2015,47,Magdalena,finanzas,273.459
2016,47,Magdalena,finanzas,271.716
2017,47,Magdalena,finanzas,308.072
2018,47,Magdalena,finanzas,335.283
2019,47,Magdalena,finanzas,368.960
2020,47,Magdalena,finanzas,382.723
2021,47,Magdalena,finanzas,410.318
2022,47,Magdalena,finanzas,437.340
2023,47,Magdalena,finanzas,477.844
2024,47,Magdalena,finanzas,549.056
2025,47,Magdalena,finanzas,598.826
2005,47,Magdalena,gobierno,879.927
2006,47,Magdalena,gobierno,978.810
2007,47,Magdalena,gobierno,1061.518
2008,47,Magdalena,gobierno,1267.230
2009,47,Magdalena,gobierno,1424.098
2010,47,Magdalena,gobierno,1597.912
2011,47,Magdalena,gobierno,1800.077
2012,47,Magdalena,gobierno,1965.434
2013,47,Magdalena,gobierno,2287.269
2014,47,Magdalena,gobierno,2526.918
2015,47,Magdalena,gobierno,2737.241
2016,47,Magdalena,gobierno,3024.257
2017,47,Magdalena,gobierno,3313.225
2018,47,Magdalena,gobierno,3613.423
2019,47,Magdalena,gobierno,3950.174
2020,47,Magdalena,gobierno,4103.071
2021,47,Magdalena,gobierno,4553.827
2022,47,Magdalena,gobierno,4967.308
2023,47,Magdalena,gobierno,5771.291
2024,47,Magdalena,gobierno,6595.868
2025,47,Magdalena,gobierno,7277.976
2005,47,Magdalena,impuestos,213.077
2006,47,Magdalena,impuestos,259.633
2007,47,Magdalena,impuestos,300.683
2008,47,Magdalena,impuestos,445.170
2009,47,Magdalena,impuestos,466.819
2010,47,Magdalena,impuestos,516.368
2011,47,Magdalena,impuestos,550.035
2012,47,Magdalena,impuestos,512.911
2013,47,Magdalena,impuestos,513.584
2014,47,Magdalena,impuestos,498.934
2015,47,Magdalena,impuestos,541.556
2016,47,Magdalena,impuestos,555.385
2017,47,Magdalena,impuestos,643.936
2018,47,Magdalena,impuestos,703.192
2019,47,Magdalena,impuestos,759.791
2020,47,Magdalena,impuestos,669.944
2021,47,Magdalena,impuestos,842.322
2022,47,Magdalena,impuestos,1135.929
2023,47,Magdalena,impuestos,1179.298
2024,47,Magdalena,impuestos,1241.597
2025,47,Magdalena,impuestos,1388.950
2005,47,Magdalena,industria,312.014
2006,47,Magdalena,industria,340.364
2007,47,Magdalena,industria,362.358
2008,47,Magdalena,industria,412.442
2009,47,Magdalena,industria,449.647
2010,47,Magdalena,industria,435.012
2011,47,Magdalena,industria,438.375
2012,47,Magdalena,industria,436.943
2013,47,Magdalena,industria,447.708
2014,47,Magdalena,industria,425.563
2015,47,Magdalena,industria,464.175
2016,47,Magdalena,industria,521.393
2017,47,Magdalena,industria,493.073
2018,47,Magdalena,industria,504.629
2019,47,Magdalena,industria,499.513
2020,47,Magdalena,industria,486.124
2021,47,Magdalena,industria,661.582
2022,47,Magdalena,industria,814.885
2023,47,Magdalena,industria,788.235
2024,47,Magdalena,industria,756.766
2025,47,Magdalena,industria,829.350
2005,47,Magdalena,informacion,133.028
2006,47,Magdalena,informacion,168.636
2007,47,Magdalena,informacion,199.744
2008,47,Magdalena,informacion,217.005
2009,47,Magdalena,informacion,224.881
2010,47,Magdalena,informacion,201.530
2011,47,Magdalena,informacion,210.323
2012,47,Magdalena,informacion,233.307
2013,47,Magdalena,informacion,242.450
2014,47,Magdalena,informacion,241.996
2015,47,Magdalena,informacion,254.433
2016,47,Magdalena,informacion,276.095
2017,47,Magdalena,informacion,301.280
2018,47,Magdalena,informacion,319.680
2019,47,Magdalena,informacion,329.465
2020,47,Magdalena,informacion,334.059
2021,47,Magdalena,informacion,382.955
2022,47,Magdalena,informacion,428.008
2023,47,Magdalena,informacion,442.978
2024,47,Magdalena,informacion,454.592
2025,47,Magdalena,informacion,462.256
2005,47,Magdalena,inmobiliarias,206.414
2006,47,Magdalena,inmobiliarias,238.310
2007,47,Magdalena,inmobiliarias,271.870
2008,47,Magdalena,inmobiliarias,309.114
2009,47,Magdalena,inmobiliarias,345.107
2010,47,Magdalena,inmobiliarias,385.187
2011,47,Magdalena,inmobiliarias,430.838
2012,47,Magdalena,inmobiliarias,481.717
2013,47,Magdalena,inmobiliarias,538.219
2014,47,Magdalena,inmobiliarias,623.518
2015,47,Magdalena,inmobiliarias,666.780
2016,47,Magdalena,inmobiliarias,709.096
2017,47,Magdalena,inmobiliarias,736.670
2018,47,Magdalena,inmobiliarias,792.939
2019,47,Magdalena,inmobiliarias,848.478
2020,47,Magdalena,inmobiliarias,877.894
2021,47,Magdalena,inmobiliarias,915.786
2022,47,Magdalena,inmobiliarias,971.197
2023,47,Magdalena,inmobiliarias,1058.090
2024,47,Magdalena,inmobiliarias,1186.668
2025,47,Magdalena,inmobiliarias,1289.158
2005,47,Magdalena,mineria,15.229
2006,47,Magdalena,mineria,13.045
2007,47,Magdalena,mineria,17.487
2008,47,Magdalena,mineria,17.204
2009,47,Magdalena,mineria,26.731
2010,47,Magdalena,mineria,23.444
2011,47,Magdalena,mineria,26.530
2012,47,Magdalena,mineria,32.594
2013,47,Magdalena,mineria,35.198
2014,47,Magdalena,mineria,30.760
2015,47,Magdalena,mineria,38.785
2016,47,Magdalena,mineria,41.599
2017,47,Magdalena,mineria,42.416
2018,47,Magdalena,mineria,44.386
2019,47,Magdalena,mineria,45.659
2020,47,Magdalena,mineria,38.730
2021,47,Magdalena,mineria,58.320
2022,47,Magdalena,mineria,88.311
2023,47,Magdalena,mineria,90.948
2024,47,Magdalena,mineria,88.499
2025,47,Magdalena,mineria,87.364
2005,47,Magdalena,profesionales,125.049
2006,47,Magdalena,profesionales,134.251
2007,47,Magdalena,profesionales,160.432
2008,47,Magdalena,profesionales,184.888
2009,47,Magdalena,profesionales,205.488
2010,47,Magdalena,profesionales,233.783
2011,47,Magdalena,profesionales,263.041
2012,47,Magdalena,profesionales,287.254
2013,47,Magdalena,profesionales,327.973
2014,47,Magdalena,profesionales,364.928
2015,47,Magdalena,profesionales,364.295
2016,47,Magdalena,profesionales,410.806
2017,47,Magdalena,profesionales,437.189
2018,47,Magdalena,profesionales,459.299
2019,47,Magdalena,profesionales,491.992
2020,47,Magdalena,profesionales,471.818
2021,47,Magdalena,profesionales,536.225
2022,47,Magdalena,profesionales,623.625
2023,47,Magdalena,profesionales,692.539
2024,47,Magdalena,profesionales,730.597
2025,47,Magdalena,profesionales,775.741
2005,50,Meta,agro,978.165
2006,50,Meta,agro,1045.864
2007,50,Meta,agro,1159.538
2008,50,Meta,agro,1575.364
2009,50,Meta,agro,1732.900
2010,50,Meta,agro,1775.642
2011,50,Meta,agro,2077.452
2012,50,Meta,agro,2124.257
2013,50,Meta,agro,2194.555
2014,50,Meta,agro,1824.690
2015,50,Meta,agro,2361.320
2016,50,Meta,agro,2797.832
2017,50,Meta,agro,3417.996
2018,50,Meta,agro,3513.044
2019,50,Meta,agro,4010.280
2020,50,Meta,agro,4426.556
2021,50,Meta,agro,5735.959
2022,50,Meta,agro,8237.654
2023,50,Meta,agro,8794.235
2024,50,Meta,agro,10084.619
2025,50,Meta,agro,11610.167
2005,50,Meta,arte,108.575
2006,50,Meta,arte,113.875
2007,50,Meta,arte,127.758
2008,50,Meta,arte,147.391
2009,50,Meta,arte,152.035
2010,50,Meta,arte,159.847
2011,50,Meta,arte,170.390
2012,50,Meta,arte,175.655
2013,50,Meta,arte,179.073
2014,50,Meta,arte,187.131
2015,50,Meta,arte,192.111
2016,50,Meta,arte,198.693
2017,50,Meta,arte,202.866
2018,50,Meta,arte,213.139
2019,50,Meta,arte,244.770
2020,50,Meta,arte,213.910
2021,50,Meta,arte,274.080
2022,50,Meta,arte,394.208
2023,50,Meta,arte,469.488
2024,50,Meta,arte,544.696
2025,50,Meta,arte,632.799
2005,50,Meta,comercio,1288.475
2006,50,Meta,comercio,1462.172
2007,50,Meta,comercio,1677.922
2008,50,Meta,comercio,1760.402
2009,50,Meta,comercio,1911.774
2010,50,Meta,comercio,2074.849
2011,50,Meta,comercio,2255.719
2012,50,Meta,comercio,2382.411
2013,50,Meta,comercio,2604.851
2014,50,Meta,comercio,2888.584
2015,50,Meta,comercio,3297.400
2016,50,Meta,comercio,3596.184
2017,50,Meta,comercio,3875.103
2018,50,Meta,comercio,4099.561
2019,50,Meta,comercio,4353.682
2020,50,Meta,comercio,3873.947
2021,50,Meta,comercio,4592.541
2022,50,Meta,comercio,5776.310
2023,50,Meta,comercio,6382.540
2024,50,Meta,comercio,6791.814
2025,50,Meta,comercio,7438.207
2005,50,Meta,construccion,346.008
2006,50,Meta,construccion,631.290
2007,50,Meta,construccion,686.480
2008,50,Meta,construccion,865.298
2009,50,Meta,construccion,1120.716
2010,50,Meta,construccion,1271.528
2011,50,Meta,construccion,1643.504
2012,50,Meta,construccion,1840.401
2013,50,Meta,construccion,2363.866
2014,50,Meta,construccion,2275.216
2015,50,Meta,construccion,1954.788
2016,50,Meta,construccion,1682.294
2017,50,Meta,construccion,1491.926
2018,50,Meta,construccion,1626.080
2019,50,Meta,construccion,1635.403
2020,50,Meta,construccion,1128.842
2021,50,Meta,construccion,1078.150
2022,50,Meta,construccion,1405.934
2023,50,Meta,construccion,1511.815
2024,50,Meta,construccion,1729.557
2025,50,Meta,construccion,1985.501
2005,50,Meta,electricidad,102.742
2006,50,Meta,electricidad,121.137
2007,50,Meta,electricidad,144.348
2008,50,Meta,electricidad,161.748
2009,50,Meta,electricidad,157.995
2010,50,Meta,electricidad,176.755
2011,50,Meta,electricidad,202.275
2012,50,Meta,electricidad,235.819
2013,50,Meta,electricidad,250.635
2014,50,Meta,electricidad,260.545
2015,50,Meta,electricidad,287.963
2016,50,Meta,electricidad,332.048
2017,50,Meta,electricidad,361.007
2018,50,Meta,electricidad,396.642
2019,50,Meta,electricidad,441.513
2020,50,Meta,electricidad,472.354
2021,50,Meta,electricidad,514.583
2022,50,Meta,electricidad,604.250
2023,50,Meta,electricidad,699.359
2024,50,Meta,electricidad,791.009
2025,50,Meta,electricidad,814.840
2005,50,Meta,finanzas,103.887
2006,50,Meta,finanzas,109.231
2007,50,Meta,finanzas,128.266
2008,50,Meta,finanzas,174.377
2009,50,Meta,finanzas,192.768
2010,50,Meta,finanzas,227.768
2011,50,Meta,finanzas,279.846
2012,50,Meta,finanzas,338.235
2013,50,Meta,finanzas,376.114
2014,50,Meta,finanzas,399.340
2015,50,Meta,finanzas,424.789
2016,50,Meta,finanzas,418.470
2017,50,Meta,finanzas,469.388
2018,50,Meta,finanzas,507.350
2019,50,Meta,finanzas,550.886
2020,50,Meta,finanzas,568.829
2021,50,Meta,finanzas,603.360
2022,50,Meta,finanzas,638.286
2023,50,Meta,finanzas,707.167
2024,50,Meta,finanzas,793.935
2025,50,Meta,finanzas,867.937
2005,50,Meta,gobierno,909.755
2006,50,Meta,gobierno,1001.362
2007,50,Meta,gobierno,1085.295
2008,50,Meta,gobierno,1206.887
2009,50,Meta,gobierno,1327.887
2010,50,Meta,gobierno,1380.858
2011,50,Meta,gobierno,1483.340
2012,50,Meta,gobierno,1647.731
2013,50,Meta,gobierno,1831.378
2014,50,Meta,gobierno,1967.074
2015,50,Meta,gobierno,2182.701
2016,50,Meta,gobierno,2390.732
2017,50,Meta,gobierno,2617.574
2018,50,Meta,gobierno,2837.519
2019,50,Meta,gobierno,3087.771
2020,50,Meta,gobierno,3189.936
2021,50,Meta,gobierno,3545.828
2022,50,Meta,gobierno,3864.389
2023,50,Meta,gobierno,4441.303
2024,50,Meta,gobierno,5085.095
2025,50,Meta,gobierno,5587.372
2005,50,Meta,impuestos,477.111
2006,50,Meta,impuestos,532.841
2007,50,Meta,impuestos,556.969
2008,50,Meta,impuestos,615.135
2009,50,Meta,impuestos,612.832
2010,50,Meta,impuestos,730.819
2011,50,Meta,impuestos,851.024
2012,50,Meta,impuestos,933.240
2013,50,Meta,impuestos,1007.871
2014,50,Meta,impuestos,1117.510
2015,50,Meta,impuestos,1046.366
2016,50,Meta,impuestos,930.428
2017,50,Meta,impuestos,1196.046
2018,50,Meta,impuestos,1296.116
2019,50,Meta,impuestos,1438.322
2020,50,Meta,impuestos,1251.619
2021,50,Meta,impuestos,1527.199
2022,50,Meta,impuestos,2089.885
2023,50,Meta,impuestos,2167.375
2024,50,Meta,impuestos,2277.162
2025,50,Meta,impuestos,2528.104
2005,50,Meta,industria,476.063
2006,50,Meta,industria,527.172
2007,50,Meta,industria,568.818
2008,50,Meta,industria,643.562
2009,50,Meta,industria,619.033
2010,50,Meta,industria,670.108
2011,50,Meta,industria,671.705
2012,50,Meta,industria,817.274
2013,50,Meta,industria,745.647
2014,50,Meta,industria,604.446
2015,50,Meta,industria,651.797
2016,50,Meta,industria,697.396
2017,50,Meta,industria,723.439
2018,50,Meta,industria,746.892
2019,50,Meta,industria,766.215
2020,50,Meta,industria,766.615
2021,50,Meta,industria,1029.426
2022,50,Meta,industria,1292.411
2023,50,Meta,industria,1347.058
2024,50,Meta,industria,1364.503
2025,50,Meta,industria,1531.282
2005,50,Meta,informacion,184.338
2006,50,Meta,informacion,223.376
2007,50,Meta,informacion,247.987
2008,50,Meta,informacion,248.866
2009,50,Meta,informacion,247.309
2010,50,Meta,informacion,272.515
2011,50,Meta,informacion,281.378
2012,50,Meta,informacion,276.431
2013,50,Meta,informacion,291.358
2014,50,Meta,informacion,293.426
2015,50,Meta,informacion,309.662
2016,50,Meta,informacion,327.070
2017,50,Meta,informacion,351.605
2018,50,Meta,informacion,380.592
2019,50,Meta,informacion,393.116
2020,50,Meta,informacion,374.322
2021,50,Meta,informacion,402.426
2022,50,Meta,informacion,440.184
2023,50,Meta,informacion,454.239
2024,50,Meta,informacion,465.963
2025,50,Meta,informacion,473.764
2005,50,Meta,inmobiliarias,251.154
2006,50,Meta,inmobiliarias,291.626
2007,50,Meta,inmobiliarias,331.880
2008,50,Meta,inmobiliarias,379.301
2009,50,Meta,inmobiliarias,433.349
2010,50,Meta,inmobiliarias,490.001
2011,50,Meta,inmobiliarias,550.267
2012,50,Meta,inmobiliarias,616.336
2013,50,Meta,inmobiliarias,682.840
2014,50,Meta,inmobiliarias,779.479
2015,50,Meta,inmobiliarias,843.130
2016,50,Meta,inmobiliarias,906.765
2017,50,Meta,inmobiliarias,953.513
2018,50,Meta,inmobiliarias,1018.524
2019,50,Meta,inmobiliarias,1083.734
2020,50,Meta,inmobiliarias,1106.488
2021,50,Meta,inmobiliarias,1160.105
2022,50,Meta,inmobiliarias,1229.644
2023,50,Meta,inmobiliarias,1352.906
2024,50,Meta,inmobiliarias,1478.222
2025,50,Meta,inmobiliarias,1574.295
2005,50,Meta,mineria,2520.395
2006,50,Meta,mineria,3372.030
2007,50,Meta,mineria,3642.876
2008,50,Meta,mineria,7168.052
2009,50,Meta,mineria,7979.003
2010,50,Meta,mineria,13987.770
2011,50,Meta,mineria,24839.577
2012,50,Meta,mineria,27569.089
2013,50,Meta,mineria,29126.797
2014,50,Meta,mineria,24068.999
2015,50,Meta,mineria,16456.492
2016,50,Meta,mineria,11343.615
2017,50,Meta,mineria,13802.547
2018,50,Meta,mineria,17880.352
2019,50,Meta,mineria,19620.727
2020,50,Meta,mineria,12326.242
2021,50,Meta,mineria,18915.968
2022,50,Meta,mineria,28697.612
2023,50,Meta,mineria,24525.814
2024,50,Meta,mineria,22879.553
2025,50,Meta,mineria,19604.794
2005,50,Meta,profesionales,205.874
2006,50,Meta,profesionales,224.149
2007,50,Meta,profesionales,265.127
2008,50,Meta,profesionales,306.323
2009,50,Meta,profesionales,348.323
2010,50,Meta,profesionales,389.584
2011,50,Meta,profesionales,434.718
2012,50,Meta,profesionales,508.698
2013,50,Meta,profesionales,558.645
2014,50,Meta,profesionales,697.092
2015,50,Meta,profesionales,703.644
2016,50,Meta,profesionales,713.848
2017,50,Meta,profesionales,775.575
2018,50,Meta,profesionales,815.114
2019,50,Meta,profesionales,869.434
2020,50,Meta,profesionales,825.442
2021,50,Meta,profesionales,890.821
2022,50,Meta,profesionales,1015.252
2023,50,Meta,profesionales,1127.940
2024,50,Meta,profesionales,1189.810
2025,50,Meta,profesionales,1264.926
2005,52,Nariño,agro,939.238
2006,52,Nariño,agro,1107.268
2007,52,Nariño,agro,1087.098
2008,52,Nariño,agro,1100.745
2009,52,Nariño,agro,1095.740
2010,52,Nariño,agro,1153.088
2011,52,Nariño,agro,1298.361
2012,52,Nariño,agro,1361.063
2013,52,Nariño,agro,1438.145
2014,52,Nariño,agro,1558.182
2015,52,Nariño,agro,1767.481
2016,52,Nariño,agro,2067.848
2017,52,Nariño,agro,2072.736
2018,52,Nariño,agro,2229.075
2019,52,Nariño,agro,2328.369
2020,52,Nariño,agro,2612.179
2021,52,Nariño,agro,3153.493
2022,52,Nariño,agro,4194.962
2023,52,Nariño,agro,4522.579
2024,52,Nariño,agro,5184.807
2025,52,Nariño,agro,5851.866
2005,52,Nariño,arte,118.675
2006,52,Nariño,arte,135.790
2007,52,Nariño,arte,151.465
2008,52,Nariño,arte,170.083
2009,52,Nariño,arte,196.624
2010,52,Nariño,arte,202.920
2011,52,Nariño,arte,224.424
2012,52,Nariño,arte,241.462
2013,52,Nariño,arte,270.738
2014,52,Nariño,arte,297.299
2015,52,Nariño,arte,302.692
2016,52,Nariño,arte,315.799
2017,52,Nariño,arte,352.537
2018,52,Nariño,arte,369.883
2019,52,Nariño,arte,422.307
2020,52,Nariño,arte,373.934
2021,52,Nariño,arte,493.200
2022,52,Nariño,arte,699.486
2023,52,Nariño,arte,840.229
2024,52,Nariño,arte,976.683
2025,52,Nariño,arte,1134.069
2005,52,Nariño,comercio,1241.043
2006,52,Nariño,comercio,1345.216
2007,52,Nariño,comercio,1485.295
2008,52,Nariño,comercio,1524.179
2009,52,Nariño,comercio,1567.890
2010,52,Nariño,comercio,1635.750
2011,52,Nariño,comercio,1771.591
2012,52,Nariño,comercio,1809.148
2013,52,Nariño,comercio,1950.970
2014,52,Nariño,comercio,2025.476
2015,52,Nariño,comercio,2275.594
2016,52,Nariño,comercio,2607.432
2017,52,Nariño,comercio,2785.732
2018,52,Nariño,comercio,2926.374
2019,52,Nariño,comercio,3153.059
2020,52,Nariño,comercio,2978.005
2021,52,Nariño,comercio,3861.294
2022,52,Nariño,comercio,4698.255
2023,52,Nariño,comercio,5098.757
2024,52,Nariño,comercio,5469.681
2025,52,Nariño,comercio,6029.532
2005,52,Nariño,construccion,291.255
2006,52,Nariño,construccion,332.001
2007,52,Nariño,construccion,375.080
2008,52,Nariño,construccion,405.218
2009,52,Nariño,construccion,551.074
2010,52,Nariño,construccion,508.843
2011,52,Nariño,construccion,603.920
2012,52,Nariño,construccion,690.449
2013,52,Nariño,construccion,927.821
2014,52,Nariño,construccion,1032.866
2015,52,Nariño,construccion,1182.801
2016,52,Nariño,construccion,1456.084
2017,52,Nariño,construccion,1361.491
2018,52,Nariño,construccion,1384.851
2019,52,Nariño,construccion,1436.406
2020,52,Nariño,construccion,1119.718
2021,52,Nariño,construccion,1115.865
2022,52,Nariño,construccion,1214.901
2023,52,Nariño,construccion,1207.117
2024,52,Nariño,construccion,1231.380
2025,52,Nariño,construccion,1122.437
2005,52,Nariño,electricidad,121.414
2006,52,Nariño,electricidad,125.281
2007,52,Nariño,electricidad,130.151
2008,52,Nariño,electricidad,133.418
2009,52,Nariño,electricidad,139.081
2010,52,Nariño,electricidad,149.139
2011,52,Nariño,electricidad,158.186
2012,52,Nariño,electricidad,153.518
2013,52,Nariño,electricidad,149.850
2014,52,Nariño,electricidad,147.650
2015,52,Nariño,electricidad,153.737
2016,52,Nariño,electricidad,167.372
2017,52,Nariño,electricidad,182.142
2018,52,Nariño,electricidad,200.974
2019,52,Nariño,electricidad,220.224
2020,52,Nariño,electricidad,235.017
2021,52,Nariño,electricidad,261.757
2022,52,Nariño,electricidad,305.673
2023,52,Nariño,electricidad,363.768
2024,52,Nariño,electricidad,409.391
2025,52,Nariño,electricidad,402.339
2005,52,Nariño,finanzas,122.113
2006,52,Nariño,finanzas,125.867
2007,52,Nariño,finanzas,150.168
2008,52,Nariño,finanzas,178.970
2009,52,Nariño,finanzas,197.123
2010,52,Nariño,finanzas,214.530
2011,52,Nariño,finanzas,239.595
2012,52,Nariño,finanzas,269.555
2013,52,Nariño,finanzas,294.678
2014,52,Nariño,finanzas,312.149
2015,52,Nariño,finanzas,341.735
2016,52,Nariño,finanzas,339.180
2017,52,Nariño,finanzas,386.363
2018,52,Nariño,finanzas,422.701
2019,52,Nariño,finanzas,464.816
2020,52,Nariño,finanzas,483.594
2021,52,Nariño,finanzas,518.317
2022,52,Nariño,finanzas,550.543
2023,52,Nariño,finanzas,607.297
2024,52,Nariño,finanzas,689.331
2025,52,Nariño,finanzas,756.675
2005,52,Nariño,gobierno,1108.608
2006,52,Nariño,gobierno,1358.741
2007,52,Nariño,gobierno,1503.290
2008,52,Nariño,gobierno,1718.978
2009,52,Nariño,gobierno,1893.763
2010,52,Nariño,gobierno,1963.722
2011,52,Nariño,gobierno,2156.821
2012,52,Nariño,gobierno,2410.781
2013,52,Nariño,gobierno,2640.014
2014,52,Nariño,gobierno,2822.332
2015,52,Nariño,gobierno,3119.161
2016,52,Nariño,gobierno,3419.717
2017,52,Nariño,gobierno,3723.062
2018,52,Nariño,gobierno,4049.058
2019,52,Nariño,gobierno,4419.005
2020,52,Nariño,gobierno,4578.111
2021,52,Nariño,gobierno,5083.463
2022,52,Nariño,gobierno,5514.010
2023,52,Nariño,gobierno,6337.460
2024,52,Nariño,gobierno,7245.020
2025,52,Nariño,gobierno,7995.867
2005,52,Nariño,impuestos,252.905
2006,52,Nariño,impuestos,327.565
2007,52,Nariño,impuestos,356.868
2008,52,Nariño,impuestos,361.576
2009,52,Nariño,impuestos,375.583
2010,52,Nariño,impuestos,398.116
2011,52,Nariño,impuestos,476.678
2012,52,Nariño,impuestos,501.871
2013,52,Nariño,impuestos,506.277
2014,52,Nariño,impuestos,571.398
2015,52,Nariño,impuestos,616.414
2016,52,Nariño,impuestos,641.374
2017,52,Nariño,impuestos,744.707
2018,52,Nariño,impuestos,796.465
2019,52,Nariño,impuestos,869.331
2020,52,Nariño,impuestos,764.606
2021,52,Nariño,impuestos,965.161
2022,52,Nariño,impuestos,1313.839
2023,52,Nariño,impuestos,1362.100
2024,52,Nariño,impuestos,1432.935
2025,52,Nariño,impuestos,1596.620
2005,52,Nariño,industria,359.192
2006,52,Nariño,industria,402.837
2007,52,Nariño,industria,442.466
2008,52,Nariño,industria,404.028
2009,52,Nariño,industria,384.772
2010,52,Nariño,industria,366.142
2011,52,Nariño,industria,381.689
2012,52,Nariño,industria,394.002
2013,52,Nariño,industria,401.283
2014,52,Nariño,industria,336.224
2015,52,Nariño,industria,355.425
2016,52,Nariño,industria,369.326
2017,52,Nariño,industria,365.182
2018,52,Nariño,industria,376.455
2019,52,Nariño,industria,386.054
2020,52,Nariño,industria,358.559
2021,52,Nariño,industria,422.550
2022,52,Nariño,industria,506.014
2023,52,Nariño,industria,521.908
2024,52,Nariño,industria,525.051
2025,52,Nariño,industria,568.582
2005,52,Nariño,informacion,193.599
2006,52,Nariño,informacion,239.321
2007,52,Nariño,informacion,262.515
2008,52,Nariño,informacion,263.208
2009,52,Nariño,informacion,254.985
2010,52,Nariño,informacion,227.842
2011,52,Nariño,informacion,226.247
2012,52,Nariño,informacion,232.162
2013,52,Nariño,informacion,230.507
2014,52,Nariño,informacion,226.756
2015,52,Nariño,informacion,219.486
2016,52,Nariño,informacion,237.236
2017,52,Nariño,informacion,250.951
2018,52,Nariño,informacion,249.288
2019,52,Nariño,informacion,256.825
2020,52,Nariño,informacion,244.616
2021,52,Nariño,informacion,280.898
2022,52,Nariño,informacion,307.790
2023,52,Nariño,informacion,317.908
2024,52,Nariño,informacion,323.964
2025,52,Nariño,informacion,330.681
2005,52,Nariño,inmobiliarias,260.305
2006,52,Nariño,inmobiliarias,310.968
2007,52,Nariño,inmobiliarias,356.860
2008,52,Nariño,inmobiliarias,415.646
2009,52,Nariño,inmobiliarias,477.524
2010,52,Nariño,inmobiliarias,540.030
2011,52,Nariño,inmobiliarias,612.638
2012,52,Nariño,inmobiliarias,692.637
2013,52,Nariño,inmobiliarias,773.779
2014,52,Nariño,inmobiliarias,933.221
2015,52,Nariño,inmobiliarias,982.582
2016,52,Nariño,inmobiliarias,1036.923
2017,52,Nariño,inmobiliarias,1085.126
2018,52,Nariño,inmobiliarias,1169.786
2019,52,Nariño,inmobiliarias,1255.517
2020,52,Nariño,inmobiliarias,1295.213
2021,52,Nariño,inmobiliarias,1350.279
2022,52,Nariño,inmobiliarias,1427.075
2023,52,Nariño,inmobiliarias,1539.788
2024,52,Nariño,inmobiliarias,1664.766
2025,52,Nariño,inmobiliarias,1756.530
2005,52,Nariño,mineria,30.458
2006,52,Nariño,mineria,39.685
2007,52,Nariño,mineria,49.935
2008,52,Nariño,mineria,44.779
2009,52,Nariño,mineria,60.919
2010,52,Nariño,mineria,101.269
2011,52,Nariño,mineria,126.841
2012,52,Nariño,mineria,276.305
2013,52,Nariño,mineria,219.890
2014,52,Nariño,mineria,322.071
2015,52,Nariño,mineria,486.153
2016,52,Nariño,mineria,777.726
2017,52,Nariño,mineria,263.725
2018,52,Nariño,mineria,147.130
2019,52,Nariño,mineria,169.880
2020,52,Nariño,mineria,142.993
2021,52,Nariño,mineria,145.124
2022,52,Nariño,mineria,189.036
2023,52,Nariño,mineria,211.928
2024,52,Nariño,mineria,217.060
2025,52,Nariño,mineria,243.050
2005,52,Nariño,profesionales,130.387
2006,52,Nariño,profesionales,138.495
2007,52,Nariño,profesionales,165.471
2008,52,Nariño,profesionales,194.512
2009,52,Nariño,profesionales,222.930
2010,52,Nariño,profesionales,242.214
2011,52,Nariño,profesionales,275.752
2012,52,Nariño,profesionales,309.708
2013,52,Nariño,profesionales,344.963
2014,52,Nariño,profesionales,405.601
2015,52,Nariño,profesionales,426.483
2016,52,Nariño,profesionales,456.958
2017,52,Nariño,profesionales,488.059
2018,52,Nariño,profesionales,512.873
2019,52,Nariño,profesionales,525.608
2020,52,Nariño,profesionales,515.802
2021,52,Nariño,profesionales,574.633
2022,52,Nariño,profesionales,665.652
2023,52,Nariño,profesionales,723.542
2024,52,Nariño,profesionales,760.372
2025,52,Nariño,profesionales,804.751
2005,54,Norte de Santander,agro,744.603
2006,54,Norte de Santander,agro,803.566
2007,54,Norte de Santander,agro,778.079
2008,54,Norte de Santander,agro,917.093
2009,54,Norte de Santander,agro,1040.674
2010,54,Norte de Santander,agro,1007.254
2011,54,Norte de Santander,agro,1057.193
2012,54,Norte de Santander,agro,946.509
2013,54,Norte de Santander,agro,1007.982
2014,54,Norte de Santander,agro,1066.745
2015,54,Norte de Santander,agro,1198.657
2016,54,Norte de Santander,agro,1382.326
2017,54,Norte de Santander,agro,1422.461
2018,54,Norte de Santander,agro,1437.489
2019,54,Norte de Santander,agro,1574.595
2020,54,Norte de Santander,agro,1743.048
2021,54,Norte de Santander,agro,2093.277
2022,54,Norte de Santander,agro,2951.761
2023,54,Norte de Santander,agro,3172.772
2024,54,Norte de Santander,agro,3770.287
2025,54,Norte de Santander,agro,4227.213
2005,54,Norte de Santander,arte,204.525
2006,54,Norte de Santander,arte,235.949
2007,54,Norte de Santander,arte,260.431
2008,54,Norte de Santander,arte,289.692
2009,54,Norte de Santander,arte,301.842
2010,54,Norte de Santander,arte,344.322
2011,54,Norte de Santander,arte,370.301
2012,54,Norte de Santander,arte,403.001
2013,54,Norte de Santander,arte,438.544
2014,54,Norte de Santander,arte,486.789
2015,54,Norte de Santander,arte,479.661
2016,54,Norte de Santander,arte,503.433
2017,54,Norte de Santander,arte,501.868
2018,54,Norte de Santander,arte,528.118
2019,54,Norte de Santander,arte,624.313
2020,54,Norte de Santander,arte,573.942
2021,54,Norte de Santander,arte,779.745
2022,54,Norte de Santander,arte,1176.770
2023,54,Norte de Santander,arte,1435.859
2024,54,Norte de Santander,arte,1669.176
2025,54,Norte de Santander,arte,1938.002
2005,54,Norte de Santander,comercio,1040.707
2006,54,Norte de Santander,comercio,1210.813
2007,54,Norte de Santander,comercio,1411.700
2008,54,Norte de Santander,comercio,1506.898
2009,54,Norte de Santander,comercio,1534.260
2010,54,Norte de Santander,comercio,1594.886
2011,54,Norte de Santander,comercio,1738.114
2012,54,Norte de Santander,comercio,1800.394
2013,54,Norte de Santander,comercio,1934.299
2014,54,Norte de Santander,comercio,2052.052
2015,54,Norte de Santander,comercio,2302.014
2016,54,Norte de Santander,comercio,2507.366
2017,54,Norte de Santander,comercio,2673.277
2018,54,Norte de Santander,comercio,2823.353
2019,54,Norte de Santander,comercio,3034.969
2020,54,Norte de Santander,comercio,2772.518
2021,54,Norte de Santander,comercio,3612.949
2022,54,Norte de Santander,comercio,4521.138
2023,54,Norte de Santander,comercio,4920.416
2024,54,Norte de Santander,comercio,5231.774
2025,54,Norte de Santander,comercio,5761.531
2005,54,Norte de Santander,construccion,136.122
2006,54,Norte de Santander,construccion,285.966
2007,54,Norte de Santander,construccion,342.771
2008,54,Norte de Santander,construccion,412.610
2009,54,Norte de Santander,construccion,634.876
2010,54,Norte de Santander,construccion,638.855
2011,54,Norte de Santander,construccion,676.891
2012,54,Norte de Santander,construccion,622.602
2013,54,Norte de Santander,construccion,1071.810
2014,54,Norte de Santander,construccion,1312.526
2015,54,Norte de Santander,construccion,1329.034
2016,54,Norte de Santander,construccion,1699.309
2017,54,Norte de Santander,construccion,1547.527
2018,54,Norte de Santander,construccion,1686.545
2019,54,Norte de Santander,construccion,1558.996
2020,54,Norte de Santander,construccion,1224.905
2021,54,Norte de Santander,construccion,1427.948
2022,54,Norte de Santander,construccion,1588.698
2023,54,Norte de Santander,construccion,1722.200
2024,54,Norte de Santander,construccion,1875.224
2025,54,Norte de Santander,construccion,2092.028
2005,54,Norte de Santander,electricidad,122.927
2006,54,Norte de Santander,electricidad,138.786
2007,54,Norte de Santander,electricidad,155.347
2008,54,Norte de Santander,electricidad,169.829
2009,54,Norte de Santander,electricidad,189.463
2010,54,Norte de Santander,electricidad,206.415
2011,54,Norte de Santander,electricidad,206.963
2012,54,Norte de Santander,electricidad,235.439
2013,54,Norte de Santander,electricidad,260.217
2014,54,Norte de Santander,electricidad,262.163
2015,54,Norte de Santander,electricidad,278.713
2016,54,Norte de Santander,electricidad,324.765
2017,54,Norte de Santander,electricidad,341.643
2018,54,Norte de Santander,electricidad,370.357
2019,54,Norte de Santander,electricidad,412.731
2020,54,Norte de Santander,electricidad,467.156
2021,54,Norte de Santander,electricidad,533.340
2022,54,Norte de Santander,electricidad,668.463
2023,54,Norte de Santander,electricidad,829.056
2024,54,Norte de Santander,electricidad,964.456
2025,54,Norte de Santander,electricidad,919.838
2005,54,Norte de Santander,finanzas,117.231
2006,54,Norte de Santander,finanzas,126.936
2007,54,Norte de Santander,finanzas,155.008
2008,54,Norte de Santander,finanzas,191.922
2009,54,Norte de Santander,finanzas,208.587
2010,54,Norte de Santander,finanzas,236.337
2011,54,Norte de Santander,finanzas,265.498
2012,54,Norte de Santander,finanzas,294.813
2013,54,Norte de Santander,finanzas,321.506
2014,54,Norte de Santander,finanzas,353.923
2015,54,Norte de Santander,finanzas,370.970
2016,54,Norte de Santander,finanzas,366.857
2017,54,Norte de Santander,finanzas,415.637
2018,54,Norte de Santander,finanzas,452.102
2019,54,Norte de Santander,finanzas,500.008
2020,54,Norte de Santander,finanzas,520.949
2021,54,Norte de Santander,finanzas,561.664
2022,54,Norte de Santander,finanzas,597.959
2023,54,Norte de Santander,finanzas,658.983
2024,54,Norte de Santander,finanzas,753.649
2025,54,Norte de Santander,finanzas,826.403
2005,54,Norte de Santander,gobierno,1007.193
2006,54,Norte de Santander,gobierno,1150.053
2007,54,Norte de Santander,gobierno,1306.831
2008,54,Norte de Santander,gobierno,1487.979
2009,54,Norte de Santander,gobierno,1646.118
2010,54,Norte de Santander,gobierno,1793.032
2011,54,Norte de Santander,gobierno,1899.380
2012,54,Norte de Santander,gobierno,2082.274
2013,54,Norte de Santander,gobierno,2299.512
2014,54,Norte de Santander,gobierno,2479.395
2015,54,Norte de Santander,gobierno,2761.953
2016,54,Norte de Santander,gobierno,3065.034
2017,54,Norte de Santander,gobierno,3358.516
2018,54,Norte de Santander,gobierno,3661.396
2019,54,Norte de Santander,gobierno,3987.269
2020,54,Norte de Santander,gobierno,4154.340
2021,54,Norte de Santander,gobierno,4617.666
2022,54,Norte de Santander,gobierno,5031.646
2023,54,Norte de Santander,gobierno,5842.647
2024,54,Norte de Santander,gobierno,6686.321
2025,54,Norte de Santander,gobierno,7366.913
2005,54,Norte de Santander,impuestos,276.801
2006,54,Norte de Santander,impuestos,344.433
2007,54,Norte de Santander,impuestos,432.150
2008,54,Norte de Santander,impuestos,474.488
2009,54,Norte de Santander,impuestos,459.748
2010,54,Norte de Santander,impuestos,472.755
2011,54,Norte de Santander,impuestos,564.595
2012,54,Norte de Santander,impuestos,600.334
2013,54,Norte de Santander,impuestos,612.822
2014,54,Norte de Santander,impuestos,683.820
2015,54,Norte de Santander,impuestos,729.720
2016,54,Norte de Santander,impuestos,749.977
2017,54,Norte de Santander,impuestos,844.533
2018,54,Norte de Santander,impuestos,905.977
2019,54,Norte de Santander,impuestos,987.535
2020,54,Norte de Santander,impuestos,870.358
2021,54,Norte de Santander,impuestos,1057.909
2022,54,Norte de Santander,impuestos,1413.874
2023,54,Norte de Santander,impuestos,1465.821
2024,54,Norte de Santander,impuestos,1541.859
2025,54,Norte de Santander,impuestos,1727.967
2005,54,Norte de Santander,industria,453.547
2006,54,Norte de Santander,industria,505.124
2007,54,Norte de Santander,industria,643.279
2008,54,Norte de Santander,industria,744.039
2009,54,Norte de Santander,industria,697.476
2010,54,Norte de Santander,industria,685.266
2011,54,Norte de Santander,industria,740.977
2012,54,Norte de Santander,industria,801.261
2013,54,Norte de Santander,industria,826.407
2014,54,Norte de Santander,industria,826.844
2015,54,Norte de Santander,industria,860.390
2016,54,Norte de Santander,industria,884.426
2017,54,Norte de Santander,industria,830.679
2018,54,Norte de Santander,industria,854.777
2019,54,Norte de Santander,industria,884.986
2020,54,Norte de Santander,industria,802.528
2021,54,Norte de Santander,industria,1006.074
2022,54,Norte de Santander,industria,1215.286
2023,54,Norte de Santander,industria,1290.275
2024,54,Norte de Santander,industria,1284.821
2025,54,Norte de Santander,industria,1351.321
2005,54,Norte de Santander,informacion,131.286
2006,54,Norte de Santander,informacion,165.547
2007,54,Norte de Santander,informacion,197.308
2008,54,Norte de Santander,informacion,210.663
2009,54,Norte de Santander,informacion,215.412
2010,54,Norte de Santander,informacion,197.824
2011,54,Norte de Santander,informacion,205.528
2012,54,Norte de Santander,informacion,203.518
2013,54,Norte de Santander,informacion,215.877
2014,54,Norte de Santander,informacion,223.425
2015,54,Norte de Santander,informacion,240.934
2016,54,Norte de Santander,informacion,252.048
2017,54,Norte de Santander,informacion,272.650
2018,54,Norte de Santander,informacion,268.973
2019,54,Norte de Santander,informacion,278.097
2020,54,Norte de Santander,informacion,268.244
2021,54,Norte de Santander,informacion,256.063
2022,54,Norte de Santander,informacion,281.341
2023,54,Norte de Santander,informacion,289.753
2024,54,Norte de Santander,informacion,296.487
2025,54,Norte de Santander,informacion,301.775
2005,54,Norte de Santander,inmobiliarias,515.526
2006,54,Norte de Santander,inmobiliarias,563.262
2007,54,Norte de Santander,inmobiliarias,610.626
2008,54,Norte de Santander,inmobiliarias,663.004
2009,54,Norte de Santander,inmobiliarias,727.597
2010,54,Norte de Santander,inmobiliarias,787.498
2011,54,Norte de Santander,inmobiliarias,849.420
2012,54,Norte de Santander,inmobiliarias,911.171
2013,54,Norte de Santander,inmobiliarias,977.884
2014,54,Norte de Santander,inmobiliarias,1048.369
2015,54,Norte de Santander,inmobiliarias,1119.394
2016,54,Norte de Santander,inmobiliarias,1206.344
2017,54,Norte de Santander,inmobiliarias,1242.496
2018,54,Norte de Santander,inmobiliarias,1328.376
2019,54,Norte de Santander,inmobiliarias,1410.278
2020,54,Norte de Santander,inmobiliarias,1456.769
2021,54,Norte de Santander,inmobiliarias,1518.756
2022,54,Norte de Santander,inmobiliarias,1604.336
2023,54,Norte de Santander,inmobiliarias,1761.111
2024,54,Norte de Santander,inmobiliarias,1913.147
2025,54,Norte de Santander,inmobiliarias,2029.261
2005,54,Norte de Santander,mineria,214.293
2006,54,Norte de Santander,mineria,294.475
2007,54,Norte de Santander,mineria,270.140
2008,54,Norte de Santander,mineria,423.472
2009,54,Norte de Santander,mineria,394.380
2010,54,Norte de Santander,mineria,437.003
2011,54,Norte de Santander,mineria,496.511
2012,54,Norte de Santander,mineria,627.416
2013,54,Norte de Santander,mineria,377.128
2014,54,Norte de Santander,mineria,386.860
2015,54,Norte de Santander,mineria,395.071
2016,54,Norte de Santander,mineria,405.208
2017,54,Norte de Santander,mineria,485.607
2018,54,Norte de Santander,mineria,586.606
2019,54,Norte de Santander,mineria,457.552
2020,54,Norte de Santander,mineria,381.774
2021,54,Norte de Santander,mineria,475.735
2022,54,Norte de Santander,mineria,1505.550
2023,54,Norte de Santander,mineria,1135.513
2024,54,Norte de Santander,mineria,776.152
2025,54,Norte de Santander,mineria,630.279
2005,54,Norte de Santander,profesionales,133.437
2006,54,Norte de Santander,profesionales,162.364
2007,54,Norte de Santander,profesionales,192.657
2008,54,Norte de Santander,profesionales,220.734
2009,54,Norte de Santander,profesionales,251.433
2010,54,Norte de Santander,profesionales,296.290
2011,54,Norte de Santander,profesionales,336.763
2012,54,Norte de Santander,profesionales,367.968
2013,54,Norte de Santander,profesionales,403.065
2014,54,Norte de Santander,profesionales,459.832
2015,54,Norte de Santander,profesionales,467.514
2016,54,Norte de Santander,profesionales,463.433
2017,54,Norte de Santander,profesionales,508.603
2018,54,Norte de Santander,profesionales,538.598
2019,54,Norte de Santander,profesionales,577.298
2020,54,Norte de Santander,profesionales,577.363
2021,54,Norte de Santander,profesionales,655.354
2022,54,Norte de Santander,profesionales,770.096
2023,54,Norte de Santander,profesionales,855.077
2024,54,Norte de Santander,profesionales,903.909
2025,54,Norte de Santander,profesionales,960.460
2005,63,Quindío,agro,452.152
2006,63,Quindío,agro,581.130
2007,63,Quindío,agro,577.359
2008,63,Quindío,agro,683.560
2009,63,Quindío,agro,746.077
2010,63,Quindío,agro,787.346
2011,63,Quindío,agro,825.351
2012,63,Quindío,agro,774.528
2013,63,Quindío,agro,794.007
2014,63,Quindío,agro,770.868
2015,63,Quindío,agro,934.173
2016,63,Quindío,agro,1156.464
2017,63,Quindío,agro,1229.624
2018,63,Quindío,agro,1273.484
2019,63,Quindío,agro,1419.721
2020,63,Quindío,agro,1548.104
2021,63,Quindío,agro,1972.176
2022,63,Quindío,agro,2729.541
2023,63,Quindío,agro,2940.292
2024,63,Quindío,agro,3509.781
2025,63,Quindío,agro,3931.978
2005,63,Quindío,arte,93.425
2006,63,Quindío,arte,96.199
2007,63,Quindío,arte,101.193
2008,63,Quindío,arte,111.436
2009,63,Quindío,arte,111.631
2010,63,Quindío,arte,124.169
2011,63,Quindío,arte,137.232
2012,63,Quindío,arte,143.204
2013,63,Quindío,arte,141.119
2014,63,Quindío,arte,137.032
2015,63,Quindío,arte,151.426
2016,63,Quindío,arte,164.367
2017,63,Quindío,arte,179.116
2018,63,Quindío,arte,185.967
2019,63,Quindío,arte,210.045
2020,63,Quindío,arte,183.973
2021,63,Quindío,arte,259.060
2022,63,Quindío,arte,356.023
2023,63,Quindío,arte,428.173
2024,63,Quindío,arte,490.645
2025,63,Quindío,arte,576.801
2005,63,Quindío,comercio,544.872
2006,63,Quindío,comercio,624.107
2007,63,Quindío,comercio,703.835
2008,63,Quindío,comercio,761.981
2009,63,Quindío,comercio,787.126
2010,63,Quindío,comercio,847.446
2011,63,Quindío,comercio,911.984
2012,63,Quindío,comercio,988.994
2013,63,Quindío,comercio,1082.044
2014,63,Quindío,comercio,1177.585
2015,63,Quindío,comercio,1321.621
2016,63,Quindío,comercio,1475.907
2017,63,Quindío,comercio,1561.703
2018,63,Quindío,comercio,1645.688
2019,63,Quindío,comercio,1781.137
2020,63,Quindío,comercio,1657.450
2021,63,Quindío,comercio,2179.979
2022,63,Quindío,comercio,2736.586
2023,63,Quindío,comercio,2986.863
2024,63,Quindío,comercio,3196.834
2025,63,Quindío,comercio,3545.750
2005,63,Quindío,construccion,127.757
2006,63,Quindío,construccion,144.428
2007,63,Quindío,construccion,220.503
2008,63,Quindío,construccion,223.227
2009,63,Quindío,construccion,243.171
2010,63,Quindío,construccion,240.455
2011,63,Quindío,construccion,414.852
2012,63,Quindío,construccion,634.623
2013,63,Quindío,construccion,602.921
2014,63,Quindío,construccion,587.731
2015,63,Quindío,construccion,674.341
2016,63,Quindío,construccion,812.492
2017,63,Quindío,construccion,850.458
2018,63,Quindío,construccion,755.033
2019,63,Quindío,construccion,721.108
2020,63,Quindío,construccion,487.638
2021,63,Quindío,construccion,491.156
2022,63,Quindío,construccion,690.647
2023,63,Quindío,construccion,727.477
2024,63,Quindío,construccion,726.554
2025,63,Quindío,construccion,606.446
2005,63,Quindío,electricidad,96.197
2006,63,Quindío,electricidad,104.663
2007,63,Quindío,electricidad,111.452
2008,63,Quindío,electricidad,122.352
2009,63,Quindío,electricidad,115.829
2010,63,Quindío,electricidad,121.494
2011,63,Quindío,electricidad,127.235
2012,63,Quindío,electricidad,129.075
2013,63,Quindío,electricidad,131.571
2014,63,Quindío,electricidad,129.523
2015,63,Quindío,electricidad,145.081
2016,63,Quindío,electricidad,163.733
2017,63,Quindío,electricidad,180.194
2018,63,Quindío,electricidad,195.451
2019,63,Quindío,electricidad,215.691
2020,63,Quindío,electricidad,232.645
2021,63,Quindío,electricidad,263.112
2022,63,Quindío,electricidad,311.479
2023,63,Quindío,electricidad,365.254
2024,63,Quindío,electricidad,409.999
2025,63,Quindío,electricidad,426.932
2005,63,Quindío,finanzas,71.080
2006,63,Quindío,finanzas,73.378
2007,63,Quindío,finanzas,86.525
2008,63,Quindío,finanzas,101.136
2009,63,Quindío,finanzas,109.324
2010,63,Quindío,finanzas,119.219
2011,63,Quindío,finanzas,130.478
2012,63,Quindío,finanzas,144.141
2013,63,Quindío,finanzas,156.847
2014,63,Quindío,finanzas,172.651
2015,63,Quindío,finanzas,186.208
2016,63,Quindío,finanzas,183.774
2017,63,Quindío,finanzas,210.206
2018,63,Quindío,finanzas,230.871
2019,63,Quindío,finanzas,257.499
2020,63,Quindío,finanzas,268.768
2021,63,Quindío,finanzas,290.689
2022,63,Quindío,finanzas,306.525
2023,63,Quindío,finanzas,337.780
2024,63,Quindío,finanzas,382.979
2025,63,Quindío,finanzas,419.477
2005,63,Quindío,gobierno,460.346
2006,63,Quindío,gobierno,530.224
2007,63,Quindío,gobierno,558.132
2008,63,Quindío,gobierno,612.954
2009,63,Quindío,gobierno,646.400
2010,63,Quindío,gobierno,710.469
2011,63,Quindío,gobierno,733.755
2012,63,Quindío,gobierno,818.346
2013,63,Quindío,gobierno,902.902
2014,63,Quindío,gobierno,982.265
2015,63,Quindío,gobierno,1084.551
2016,63,Quindío,gobierno,1192.251
2017,63,Quindío,gobierno,1300.152
2018,63,Quindío,gobierno,1408.670
2019,63,Quindío,gobierno,1534.359
2020,63,Quindío,gobierno,1587.889
2021,63,Quindío,gobierno,1774.675
2022,63,Quindío,gobierno,1927.118
2023,63,Quindío,gobierno,2233.821
2024,63,Quindío,gobierno,2515.926
2025,63,Quindío,gobierno,2760.868
2005,63,Quindío,impuestos,151.782
2006,63,Quindío,impuestos,196.726
2007,63,Quindío,impuestos,215.109
2008,63,Quindío,impuestos,213.758
2009,63,Quindío,impuestos,218.533
2010,63,Quindío,impuestos,226.441
2011,63,Quindío,impuestos,282.002
2012,63,Quindío,impuestos,306.745
2013,63,Quindío,impuestos,289.866
2014,63,Quindío,impuestos,334.022
2015,63,Quindío,impuestos,365.178
2016,63,Quindío,impuestos,379.256
2017,63,Quindío,impuestos,443.703
2018,63,Quindío,impuestos,475.040
2019,63,Quindío,impuestos,513.655
2020,63,Quindío,impuestos,452.814
2021,63,Quindío,impuestos,572.754
2022,63,Quindío,impuestos,766.968
2023,63,Quindío,impuestos,795.504
2024,63,Quindío,impuestos,839.800
2025,63,Quindío,impuestos,932.460
2005,63,Quindío,industria,218.732
2006,63,Quindío,industria,293.522
2007,63,Quindío,industria,294.204
2008,63,Quindío,industria,267.633
2009,63,Quindío,industria,254.643
2010,63,Quindío,industria,273.142
2011,63,Quindío,industria,296.609
2012,63,Quindío,industria,311.107
2013,63,Quindío,industria,317.303
2014,63,Quindío,industria,309.223
2015,63,Quindío,industria,336.444
2016,63,Quindío,industria,359.925
2017,63,Quindío,industria,347.946
2018,63,Quindío,industria,361.618
2019,63,Quindío,industria,369.695
2020,63,Quindío,industria,346.439
2021,63,Quindío,industria,439.150
2022,63,Quindío,industria,520.777
2023,63,Quindío,industria,541.764
2024,63,Quindío,industria,556.174
2025,63,Quindío,industria,609.171
2005,63,Quindío,informacion,104.386
2006,63,Quindío,informacion,121.578
2007,63,Quindío,informacion,133.761
2008,63,Quindío,informacion,136.229
2009,63,Quindío,informacion,132.448
2010,63,Quindío,informacion,127.531
2011,63,Quindío,informacion,131.646
2012,63,Quindío,informacion,140.958
2013,63,Quindío,informacion,143.008
2014,63,Quindío,informacion,150.020
2015,63,Quindío,informacion,152.491
2016,63,Quindío,informacion,161.154
2017,63,Quindío,informacion,168.675
2018,63,Quindío,informacion,175.498
2019,63,Quindío,informacion,180.659
2020,63,Quindío,informacion,171.562
2021,63,Quindío,informacion,184.121
2022,63,Quindío,informacion,205.049
2023,63,Quindío,informacion,214.167
2024,63,Quindío,informacion,220.033
2025,63,Quindío,informacion,224.486
2005,63,Quindío,inmobiliarias,337.617
2006,63,Quindío,inmobiliarias,375.063
2007,63,Quindío,inmobiliarias,410.194
2008,63,Quindío,inmobiliarias,444.834
2009,63,Quindío,inmobiliarias,475.557
2010,63,Quindío,inmobiliarias,506.121
2011,63,Quindío,inmobiliarias,543.235
2012,63,Quindío,inmobiliarias,578.091
2013,63,Quindío,inmobiliarias,603.537
2014,63,Quindío,inmobiliarias,629.238
2015,63,Quindío,inmobiliarias,665.739
2016,63,Quindío,inmobiliarias,713.159
2017,63,Quindío,inmobiliarias,766.474
2018,63,Quindío,inmobiliarias,818.567
2019,63,Quindío,inmobiliarias,881.349
2020,63,Quindío,inmobiliarias,911.841
2021,63,Quindío,inmobiliarias,950.550
2022,63,Quindío,inmobiliarias,1013.209
2023,63,Quindío,inmobiliarias,1115.047
2024,63,Quindío,inmobiliarias,1224.141
2025,63,Quindío,inmobiliarias,1327.459
2005,63,Quindío,mineria,11.966
2006,63,Quindío,mineria,12.816
2007,63,Quindío,mineria,16.877
2008,63,Quindío,mineria,14.392
2009,63,Quindío,mineria,15.676
2010,63,Quindío,mineria,13.407
2011,63,Quindío,mineria,20.441
2012,63,Quindío,mineria,30.428
2013,63,Quindío,mineria,26.620
2014,63,Quindío,mineria,21.588
2015,63,Quindío,mineria,27.060
2016,63,Quindío,mineria,27.535
2017,63,Quindío,mineria,28.400
2018,63,Quindío,mineria,28.041
2019,63,Quindío,mineria,28.599
2020,63,Quindío,mineria,20.672
2021,63,Quindío,mineria,24.755
2022,63,Quindío,mineria,32.844
2023,63,Quindío,mineria,37.901
2024,63,Quindío,mineria,37.524
2025,63,Quindío,mineria,39.684
2005,63,Quindío,profesionales,79.299
2006,63,Quindío,profesionales,101.299
2007,63,Quindío,profesionales,120.244
2008,63,Quindío,profesionales,140.694
2009,63,Quindío,profesionales,161.761
2010,63,Quindío,profesionales,183.588
2011,63,Quindío,profesionales,212.203
2012,63,Quindío,profesionales,242.024
2013,63,Quindío,profesionales,268.610
2014,63,Quindío,profesionales,318.606
2015,63,Quindío,profesionales,336.378
2016,63,Quindío,profesionales,343.116
2017,63,Quindío,profesionales,366.802
2018,63,Quindío,profesionales,396.581
2019,63,Quindío,profesionales,419.140
2020,63,Quindío,profesionales,405.127
2021,63,Quindío,profesionales,463.050
2022,63,Quindío,profesionales,540.334
2023,63,Quindío,profesionales,602.582
2024,63,Quindío,profesionales,636.511
2025,63,Quindío,profesionales,673.875
2005,66,Risaralda,agro,585.901
2006,66,Risaralda,agro,702.523
2007,66,Risaralda,agro,772.883
2008,66,Risaralda,agro,699.129
2009,66,Risaralda,agro,696.420
2010,66,Risaralda,agro,721.669
2011,66,Risaralda,agro,778.686
2012,66,Risaralda,agro,711.860
2013,66,Risaralda,agro,732.146
2014,66,Risaralda,agro,736.499
2015,66,Risaralda,agro,845.106
2016,66,Risaralda,agro,978.867
2017,66,Risaralda,agro,989.539
2018,66,Risaralda,agro,1023.613
2019,66,Risaralda,agro,1167.137
2020,66,Risaralda,agro,1287.449
2021,66,Risaralda,agro,1582.953
2022,66,Risaralda,agro,2285.349
2023,66,Risaralda,agro,2446.631
2024,66,Risaralda,agro,2937.701
2025,66,Risaralda,agro,3329.342
2005,66,Risaralda,arte,200.316
2006,66,Risaralda,arte,222.390
2007,66,Risaralda,arte,239.725
2008,66,Risaralda,arte,258.790
2009,66,Risaralda,arte,271.803
2010,66,Risaralda,arte,312.170
2011,66,Risaralda,arte,336.196
2012,66,Risaralda,arte,347.517
2013,66,Risaralda,arte,368.020
2014,66,Risaralda,arte,391.251
2015,66,Risaralda,arte,400.201
2016,66,Risaralda,arte,425.588
2017,66,Risaralda,arte,455.930
2018,66,Risaralda,arte,471.208
2019,66,Risaralda,arte,556.267
2020,66,Risaralda,arte,498.356
2021,66,Risaralda,arte,724.411
2022,66,Risaralda,arte,1026.386
2023,66,Risaralda,arte,1246.713
2024,66,Risaralda,arte,1440.752
2025,66,Risaralda,arte,1666.996
2005,66,Risaralda,comercio,874.579
2006,66,Risaralda,comercio,1011.179
2007,66,Risaralda,comercio,1171.014
2008,66,Risaralda,comercio,1245.322
2009,66,Risaralda,comercio,1353.900
2010,66,Risaralda,comercio,1491.400
2011,66,Risaralda,comercio,1632.956
2012,66,Risaralda,comercio,1740.516
2013,66,Risaralda,comercio,1928.977
2014,66,Risaralda,comercio,2198.069
2015,66,Risaralda,comercio,2446.735
2016,66,Risaralda,comercio,2865.790
2017,66,Risaralda,comercio,3059.276
2018,66,Risaralda,comercio,3242.714
2019,66,Risaralda,comercio,3519.627
2020,66,Risaralda,comercio,3311.345
2021,66,Risaralda,comercio,4246.228
2022,66,Risaralda,comercio,5344.499
2023,66,Risaralda,comercio,5825.526
2024,66,Risaralda,comercio,6270.984
2025,66,Risaralda,comercio,6936.087
2005,66,Risaralda,construccion,422.815
2006,66,Risaralda,construccion,520.124
2007,66,Risaralda,construccion,482.377
2008,66,Risaralda,construccion,577.548
2009,66,Risaralda,construccion,614.334
2010,66,Risaralda,construccion,577.837
2011,66,Risaralda,construccion,548.629
2012,66,Risaralda,construccion,598.546
2013,66,Risaralda,construccion,852.768
2014,66,Risaralda,construccion,1008.668
2015,66,Risaralda,construccion,953.239
2016,66,Risaralda,construccion,1053.530
2017,66,Risaralda,construccion,1178.768
2018,66,Risaralda,construccion,1228.617
2019,66,Risaralda,construccion,1226.331
2020,66,Risaralda,construccion,912.270
2021,66,Risaralda,construccion,967.299
2022,66,Risaralda,construccion,1279.608
2023,66,Risaralda,construccion,1564.068
2024,66,Risaralda,construccion,1648.534
2025,66,Risaralda,construccion,1893.335
2005,66,Risaralda,electricidad,169.045
2006,66,Risaralda,electricidad,193.156
2007,66,Risaralda,electricidad,216.443
2008,66,Risaralda,electricidad,233.800
2009,66,Risaralda,electricidad,223.653
2010,66,Risaralda,electricidad,232.217
2011,66,Risaralda,electricidad,255.536
2012,66,Risaralda,electricidad,259.584
2013,66,Risaralda,electricidad,266.066
2014,66,Risaralda,electricidad,272.556
2015,66,Risaralda,electricidad,298.346
2016,66,Risaralda,electricidad,330.418
2017,66,Risaralda,electricidad,367.942
2018,66,Risaralda,electricidad,403.065
2019,66,Risaralda,electricidad,436.611
2020,66,Risaralda,electricidad,456.180
2021,66,Risaralda,electricidad,530.194
2022,66,Risaralda,electricidad,631.592
2023,66,Risaralda,electricidad,724.229
2024,66,Risaralda,electricidad,805.535
2025,66,Risaralda,electricidad,838.430
2005,66,Risaralda,finanzas,152.185
2006,66,Risaralda,finanzas,161.745
2007,66,Risaralda,finanzas,189.111
2008,66,Risaralda,finanzas,223.598
2009,66,Risaralda,finanzas,238.562
2010,66,Risaralda,finanzas,268.283
2011,66,Risaralda,finanzas,304.477
2012,66,Risaralda,finanzas,333.354
2013,66,Risaralda,finanzas,367.893
2014,66,Risaralda,finanzas,411.930
2015,66,Risaralda,finanzas,444.563
2016,66,Risaralda,finanzas,442.883
2017,66,Risaralda,finanzas,500.670
2018,66,Risaralda,finanzas,545.783
2019,66,Risaralda,finanzas,598.312
2020,66,Risaralda,finanzas,621.888
2021,66,Risaralda,finanzas,667.943
2022,66,Risaralda,finanzas,705.093
2023,66,Risaralda,finanzas,779.884
2024,66,Risaralda,finanzas,887.327
2025,66,Risaralda,finanzas,971.880
2005,66,Risaralda,gobierno,728.798
2006,66,Risaralda,gobierno,813.032
2007,66,Risaralda,gobierno,894.953
2008,66,Risaralda,gobierno,993.584
2009,66,Risaralda,gobierno,1101.746
2010,66,Risaralda,gobierno,1210.709
2011,66,Risaralda,gobierno,1277.473
2012,66,Risaralda,gobierno,1451.918
2013,66,Risaralda,gobierno,1631.531
2014,66,Risaralda,gobierno,1771.484
2015,66,Risaralda,gobierno,1968.022
2016,66,Risaralda,gobierno,2176.143
2017,66,Risaralda,gobierno,2377.531
2018,66,Risaralda,gobierno,2589.133
2019,66,Risaralda,gobierno,2809.784
2020,66,Risaralda,gobierno,2896.905
2021,66,Risaralda,gobierno,3251.946
2022,66,Risaralda,gobierno,3551.944
2023,66,Risaralda,gobierno,4119.796
2024,66,Risaralda,gobierno,4690.831
2025,66,Risaralda,gobierno,5139.664
2005,66,Risaralda,impuestos,470.252
2006,66,Risaralda,impuestos,564.665
2007,66,Risaralda,impuestos,582.325
2008,66,Risaralda,impuestos,641.908
2009,66,Risaralda,impuestos,652.992
2010,66,Risaralda,impuestos,707.374
2011,66,Risaralda,impuestos,795.054
2012,66,Risaralda,impuestos,850.603
2013,66,Risaralda,impuestos,843.478
2014,66,Risaralda,impuestos,995.421
2015,66,Risaralda,impuestos,1105.550
2016,66,Risaralda,impuestos,1116.208
2017,66,Risaralda,impuestos,1314.814
2018,66,Risaralda,impuestos,1453.595
2019,66,Risaralda,impuestos,1609.125
2020,66,Risaralda,impuestos,1384.598
2021,66,Risaralda,impuestos,1721.826
2022,66,Risaralda,impuestos,2346.413
2023,66,Risaralda,impuestos,2434.961
2024,66,Risaralda,impuestos,2561.914
2025,66,Risaralda,impuestos,2855.275
2005,66,Risaralda,industria,850.266
2006,66,Risaralda,industria,938.326
2007,66,Risaralda,industria,940.409
2008,66,Risaralda,industria,1055.456
2009,66,Risaralda,industria,1193.655
2010,66,Risaralda,industria,1231.338
2011,66,Risaralda,industria,1236.957
2012,66,Risaralda,industria,1337.054
2013,66,Risaralda,industria,1442.053
2014,66,Risaralda,industria,1610.841
2015,66,Risaralda,industria,1722.601
2016,66,Risaralda,industria,1859.939
2017,66,Risaralda,industria,1883.964
2018,66,Risaralda,industria,1952.644
2019,66,Risaralda,industria,2029.377
2020,66,Risaralda,industria,1981.425
2021,66,Risaralda,industria,2448.213
2022,66,Risaralda,industria,3078.374
2023,66,Risaralda,industria,3236.182
2024,66,Risaralda,industria,3279.184
2025,66,Risaralda,industria,3466.901
2005,66,Risaralda,informacion,229.557
2006,66,Risaralda,informacion,263.687
2007,66,Risaralda,informacion,295.183
2008,66,Risaralda,informacion,320.539
2009,66,Risaralda,informacion,322.457
2010,66,Risaralda,informacion,301.647
2011,66,Risaralda,informacion,326.903
2012,66,Risaralda,informacion,366.483
2013,66,Risaralda,informacion,391.633
2014,66,Risaralda,informacion,405.483
2015,66,Risaralda,informacion,412.278
2016,66,Risaralda,informacion,439.273
2017,66,Risaralda,informacion,457.409
2018,66,Risaralda,informacion,459.231
2019,66,Risaralda,informacion,474.332
2020,66,Risaralda,informacion,451.901
2021,66,Risaralda,informacion,483.828
2022,66,Risaralda,informacion,530.060
2023,66,Risaralda,informacion,553.941
2024,66,Risaralda,informacion,568.547
2025,66,Risaralda,informacion,582.379
2005,66,Risaralda,inmobiliarias,335.549
2006,66,Risaralda,inmobiliarias,383.755
2007,66,Risaralda,inmobiliarias,428.971
2008,66,Risaralda,inmobiliarias,474.691
2009,66,Risaralda,inmobiliarias,524.528
2010,66,Risaralda,inmobiliarias,571.870
2011,66,Risaralda,inmobiliarias,625.504
2012,66,Risaralda,inmobiliarias,680.476
2013,66,Risaralda,inmobiliarias,734.166
2014,66,Risaralda,inmobiliarias,801.542
2015,66,Risaralda,inmobiliarias,859.607
2016,66,Risaralda,inmobiliarias,926.242
2017,66,Risaralda,inmobiliarias,981.183
2018,66,Risaralda,inmobiliarias,1051.352
2019,66,Risaralda,inmobiliarias,1128.951
2020,66,Risaralda,inmobiliarias,1149.890
2021,66,Risaralda,inmobiliarias,1201.086
2022,66,Risaralda,inmobiliarias,1275.071
2023,66,Risaralda,inmobiliarias,1394.398
2024,66,Risaralda,inmobiliarias,1555.468
2025,66,Risaralda,inmobiliarias,1694.813
2005,66,Risaralda,mineria,42.424
2006,66,Risaralda,mineria,51.420
2007,66,Risaralda,mineria,44.574
2008,66,Risaralda,mineria,42.607
2009,66,Risaralda,mineria,42.007
2010,66,Risaralda,mineria,34.489
2011,66,Risaralda,mineria,32.097
2012,66,Risaralda,mineria,36.128
2013,66,Risaralda,mineria,43.328
2014,66,Risaralda,mineria,47.421
2015,66,Risaralda,mineria,44.643
2016,66,Risaralda,mineria,59.116
2017,66,Risaralda,mineria,53.181
2018,66,Risaralda,mineria,54.685
2019,66,Risaralda,mineria,59.008
2020,66,Risaralda,mineria,70.900
2021,66,Risaralda,mineria,74.626
2022,66,Risaralda,mineria,71.672
2023,66,Risaralda,mineria,81.727
2024,66,Risaralda,mineria,82.644
2025,66,Risaralda,mineria,90.648
2005,66,Risaralda,profesionales,449.829
2006,66,Risaralda,profesionales,516.317
2007,66,Risaralda,profesionales,593.872
2008,66,Risaralda,profesionales,671.213
2009,66,Risaralda,profesionales,733.218
2010,66,Risaralda,profesionales,759.280
2011,66,Risaralda,profesionales,829.190
2012,66,Risaralda,profesionales,915.079
2013,66,Risaralda,profesionales,1010.820
2014,66,Risaralda,profesionales,1076.707
2015,66,Risaralda,profesionales,1154.842
2016,66,Risaralda,profesionales,1216.506
2017,66,Risaralda,profesionales,1302.187
2018,66,Risaralda,profesionales,1401.089
2019,66,Risaralda,profesionales,1463.179
2020,66,Risaralda,profesionales,1387.121
2021,66,Risaralda,profesionales,1504.350
2022,66,Risaralda,profesionales,1753.610
2023,66,Risaralda,profesionales,1951.722
2024,66,Risaralda,profesionales,2054.445
2025,66,Risaralda,profesionales,2177.974
2005,68,Santander,agro,1745.726
2006,68,Santander,agro,1846.603
2007,68,Santander,agro,1935.296
2008,68,Santander,agro,2335.660
2009,68,Santander,agro,2358.988
2010,68,Santander,agro,2587.905
2011,68,Santander,agro,2942.348
2012,68,Santander,agro,2837.376
2013,68,Santander,agro,2834.207
2014,68,Santander,agro,3224.118
2015,68,Santander,agro,3793.000
2016,68,Santander,agro,4741.728
2017,68,Santander,agro,5140.802
2018,68,Santander,agro,5532.904
2019,68,Santander,agro,6218.400
2020,68,Santander,agro,6803.628
2021,68,Santander,agro,8359.625
2022,68,Santander,agro,11846.649
2023,68,Santander,agro,12688.398
2024,68,Santander,agro,14828.276
2025,68,Santander,agro,16866.007
2005,68,Santander,arte,291.981
2006,68,Santander,arte,321.707
2007,68,Santander,arte,361.144
2008,68,Santander,arte,404.019
2009,68,Santander,arte,425.638
2010,68,Santander,arte,477.864
2011,68,Santander,arte,530.736
2012,68,Santander,arte,565.887
2013,68,Santander,arte,606.002
2014,68,Santander,arte,652.777
2015,68,Santander,arte,664.903
2016,68,Santander,arte,714.079
2017,68,Santander,arte,743.207
2018,68,Santander,arte,772.713
2019,68,Santander,arte,908.321
2020,68,Santander,arte,807.201
2021,68,Santander,arte,1077.378
2022,68,Santander,arte,1542.854
2023,68,Santander,arte,1872.832
2024,68,Santander,arte,2174.286
2025,68,Santander,arte,2557.007
2005,68,Santander,comercio,2597.395
2006,68,Santander,comercio,2918.940
2007,68,Santander,comercio,3305.184
2008,68,Santander,comercio,3504.160
2009,68,Santander,comercio,3679.231
2010,68,Santander,comercio,3854.645
2011,68,Santander,comercio,4182.343
2012,68,Santander,comercio,4399.662
2013,68,Santander,comercio,5212.307
2014,68,Santander,comercio,5981.598
2015,68,Santander,comercio,6620.806
2016,68,Santander,comercio,7479.300
2017,68,Santander,comercio,8071.798
2018,68,Santander,comercio,8630.400
2019,68,Santander,comercio,9311.368
2020,68,Santander,comercio,8554.668
2021,68,Santander,comercio,10787.806
2022,68,Santander,comercio,13254.208
2023,68,Santander,comercio,14550.838
2024,68,Santander,comercio,15640.592
2025,68,Santander,comercio,17381.897
2005,68,Santander,construccion,1136.124
2006,68,Santander,construccion,1346.529
2007,68,Santander,construccion,1709.338
2008,68,Santander,construccion,2149.614
2009,68,Santander,construccion,2558.597
2010,68,Santander,construccion,3023.045
2011,68,Santander,construccion,3629.479
2012,68,Santander,construccion,4404.746
2013,68,Santander,construccion,5167.680
2014,68,Santander,construccion,7219.505
2015,68,Santander,construccion,6246.288
2016,68,Santander,construccion,6283.499
2017,68,Santander,construccion,5967.137
2018,68,Santander,construccion,5230.816
2019,68,Santander,construccion,5571.149
2020,68,Santander,construccion,3638.049
2021,68,Santander,construccion,3314.184
2022,68,Santander,construccion,3979.477
2023,68,Santander,construccion,4539.403
2024,68,Santander,construccion,5125.547
2025,68,Santander,construccion,5120.078
2005,68,Santander,electricidad,498.730
2006,68,Santander,electricidad,525.240
2007,68,Santander,electricidad,560.222
2008,68,Santander,electricidad,598.044
2009,68,Santander,electricidad,585.822
2010,68,Santander,electricidad,612.290
2011,68,Santander,electricidad,631.663
2012,68,Santander,electricidad,663.134
2013,68,Santander,electricidad,769.186
2014,68,Santander,electricidad,969.413
2015,68,Santander,electricidad,1063.416
2016,68,Santander,electricidad,1216.071
2017,68,Santander,electricidad,1335.684
2018,68,Santander,electricidad,1458.865
2019,68,Santander,electricidad,1607.198
2020,68,Santander,electricidad,1686.886
2021,68,Santander,electricidad,1910.973
2022,68,Santander,electricidad,2373.012
2023,68,Santander,electricidad,2917.972
2024,68,Santander,electricidad,3322.657
2025,68,Santander,electricidad,3281.563
2005,68,Santander,finanzas,379.096
2006,68,Santander,finanzas,408.542
2007,68,Santander,finanzas,484.178
2008,68,Santander,finanzas,588.078
2009,68,Santander,finanzas,654.915
2010,68,Santander,finanzas,738.374
2011,68,Santander,finanzas,840.954
2012,68,Santander,finanzas,957.997
2013,68,Santander,finanzas,1043.073
2014,68,Santander,finanzas,1121.072
2015,68,Santander,finanzas,1200.007
2016,68,Santander,finanzas,1196.221
2017,68,Santander,finanzas,1352.882
2018,68,Santander,finanzas,1479.238
2019,68,Santander,finanzas,1622.789
2020,68,Santander,finanzas,1677.783
2021,68,Santander,finanzas,1793.737
2022,68,Santander,finanzas,1912.424
2023,68,Santander,finanzas,2122.069
2024,68,Santander,finanzas,2356.820
2025,68,Santander,finanzas,2580.318
2005,68,Santander,gobierno,1823.486
2006,68,Santander,gobierno,2002.841
2007,68,Santander,gobierno,2165.997
2008,68,Santander,gobierno,2499.804
2009,68,Santander,gobierno,2736.673
2010,68,Santander,gobierno,3075.928
2011,68,Santander,gobierno,3389.358
2012,68,Santander,gobierno,3622.828
2013,68,Santander,gobierno,4228.098
2014,68,Santander,gobierno,4352.758
2015,68,Santander,gobierno,4796.510
2016,68,Santander,gobierno,5264.582
2017,68,Santander,gobierno,5767.100
2018,68,Santander,gobierno,6288.182
2019,68,Santander,gobierno,6867.731
2020,68,Santander,gobierno,7027.599
2021,68,Santander,gobierno,7873.333
2022,68,Santander,gobierno,8575.344
2023,68,Santander,gobierno,9907.636
2024,68,Santander,gobierno,11221.746
2025,68,Santander,gobierno,12344.658
2005,68,Santander,impuestos,3431.346
2006,68,Santander,impuestos,4039.934
2007,68,Santander,impuestos,4592.749
2008,68,Santander,impuestos,4992.783
2009,68,Santander,impuestos,4519.055
2010,68,Santander,impuestos,5643.073
2011,68,Santander,impuestos,6391.147
2012,68,Santander,impuestos,6727.695
2013,68,Santander,impuestos,6967.869
2014,68,Santander,impuestos,8710.855
2015,68,Santander,impuestos,9416.146
2016,68,Santander,impuestos,9744.798
2017,68,Santander,impuestos,10128.621
2018,68,Santander,impuestos,10385.516
2019,68,Santander,impuestos,11326.179
2020,68,Santander,impuestos,9915.733
2021,68,Santander,impuestos,12498.323
2022,68,Santander,impuestos,16025.915
2023,68,Santander,impuestos,16623.607
2024,68,Santander,impuestos,17487.432
2025,68,Santander,impuestos,19497.654
2005,68,Santander,industria,3436.242
2006,68,Santander,industria,4127.103
2007,68,Santander,industria,4853.238
2008,68,Santander,industria,5455.176
2009,68,Santander,industria,4645.233
2010,68,Santander,industria,5582.621
2011,68,Santander,industria,6559.465
2012,68,Santander,industria,6794.465
2013,68,Santander,industria,6755.837
2014,68,Santander,industria,8108.840
2015,68,Santander,industria,8327.321
2016,68,Santander,industria,8806.855
2017,68,Santander,industria,10129.623
2018,68,Santander,industria,11759.045
2019,68,Santander,industria,12918.962
2020,68,Santander,industria,9838.204
2021,68,Santander,industria,13978.100
2022,68,Santander,industria,17615.280
2023,68,Santander,industria,19901.188
2024,68,Santander,industria,21297.288
2025,68,Santander,industria,21754.534
2005,68,Santander,informacion,596.586
2006,68,Santander,informacion,729.884
2007,68,Santander,informacion,858.891
2008,68,Santander,informacion,930.650
2009,68,Santander,informacion,967.521
2010,68,Santander,informacion,1012.101
2011,68,Santander,informacion,1083.980
2012,68,Santander,informacion,1145.489
2013,68,Santander,informacion,1227.661
2014,68,Santander,informacion,1295.797
2015,68,Santander,informacion,1364.010
2016,68,Santander,informacion,1485.890
2017,68,Santander,informacion,1601.292
2018,68,Santander,informacion,1665.561
2019,68,Santander,informacion,1728.592
2020,68,Santander,informacion,1639.276
2021,68,Santander,informacion,1859.138
2022,68,Santander,informacion,2087.085
2023,68,Santander,informacion,2180.870
2024,68,Santander,informacion,2237.478
2025,68,Santander,informacion,2304.324
2005,68,Santander,inmobiliarias,1534.376
2006,68,Santander,inmobiliarias,1703.886
2007,68,Santander,inmobiliarias,1869.855
2008,68,Santander,inmobiliarias,2087.279
2009,68,Santander,inmobiliarias,2320.159
2010,68,Santander,inmobiliarias,2550.099
2011,68,Santander,inmobiliarias,2786.185
2012,68,Santander,inmobiliarias,3045.486
2013,68,Santander,inmobiliarias,3281.657
2014,68,Santander,inmobiliarias,3536.813
2015,68,Santander,inmobiliarias,3852.662
2016,68,Santander,inmobiliarias,4204.313
2017,68,Santander,inmobiliarias,4575.648
2018,68,Santander,inmobiliarias,4918.348
2019,68,Santander,inmobiliarias,5228.035
2020,68,Santander,inmobiliarias,5371.472
2021,68,Santander,inmobiliarias,5626.032
2022,68,Santander,inmobiliarias,6083.171
2023,68,Santander,inmobiliarias,6725.071
2024,68,Santander,inmobiliarias,7455.338
2025,68,Santander,inmobiliarias,8053.988
2005,68,Santander,mineria,598.281
2006,68,Santander,mineria,737.086
2007,68,Santander,mineria,915.065
2008,68,Santander,mineria,1690.362
2009,68,Santander,mineria,1752.501
2010,68,Santander,mineria,2127.940
2011,68,Santander,mineria,3155.611
2012,68,Santander,mineria,3344.318
2013,68,Santander,mineria,3344.629
2014,68,Santander,mineria,3441.062
2015,68,Santander,mineria,2367.011
2016,68,Santander,mineria,1706.285
2017,68,Santander,mineria,2167.831
2018,68,Santander,mineria,2983.160
2019,68,Santander,mineria,2924.102
2020,68,Santander,mineria,1919.077
2021,68,Santander,mineria,2914.126
2022,68,Santander,mineria,3980.322
2023,68,Santander,mineria,3310.886
2024,68,Santander,mineria,3008.118
2025,68,Santander,mineria,2615.209
2005,68,Santander,profesionales,663.370
2006,68,Santander,profesionales,863.757
2007,68,Santander,profesionales,1008.583
2008,68,Santander,profesionales,1153.482
2009,68,Santander,profesionales,1289.992
2010,68,Santander,profesionales,1440.296
2011,68,Santander,profesionales,1660.569
2012,68,Santander,profesionales,1773.442
2013,68,Santander,profesionales,1971.110
2014,68,Santander,profesionales,2243.800
2015,68,Santander,profesionales,2287.149
2016,68,Santander,profesionales,2338.581
2017,68,Santander,profesionales,2480.907
2018,68,Santander,profesionales,2671.331
2019,68,Santander,profesionales,2890.696
2020,68,Santander,profesionales,2759.452
2021,68,Santander,profesionales,3163.941
2022,68,Santander,profesionales,3744.733
2023,68,Santander,profesionales,4173.989
2024,68,Santander,profesionales,4400.856
2025,68,Santander,profesionales,4674.638
2005,70,Sucre,agro,334.267
2006,70,Sucre,agro,387.278
2007,70,Sucre,agro,432.569
2008,70,Sucre,agro,442.231
2009,70,Sucre,agro,508.116
2010,70,Sucre,agro,434.330
2011,70,Sucre,agro,456.172
2012,70,Sucre,agro,509.119
2013,70,Sucre,agro,506.987
2014,70,Sucre,agro,521.738
2015,70,Sucre,agro,589.465
2016,70,Sucre,agro,698.149
2017,70,Sucre,agro,703.108
2018,70,Sucre,agro,720.288
2019,70,Sucre,agro,742.080
2020,70,Sucre,agro,823.193
2021,70,Sucre,agro,1038.590
2022,70,Sucre,agro,1332.857
2023,70,Sucre,agro,1454.217
2024,70,Sucre,agro,1625.855
2025,70,Sucre,agro,1786.811
2005,70,Sucre,arte,54.708
2006,70,Sucre,arte,63.678
2007,70,Sucre,arte,72.320
2008,70,Sucre,arte,86.824
2009,70,Sucre,arte,98.459
2010,70,Sucre,arte,111.157
2011,70,Sucre,arte,123.626
2012,70,Sucre,arte,138.592
2013,70,Sucre,arte,153.978
2014,70,Sucre,arte,161.355
2015,70,Sucre,arte,186.070
2016,70,Sucre,arte,203.715
2017,70,Sucre,arte,217.723
2018,70,Sucre,arte,227.957
2019,70,Sucre,arte,259.177
2020,70,Sucre,arte,226.290
2021,70,Sucre,arte,297.458
2022,70,Sucre,arte,426.839
2023,70,Sucre,arte,512.857
2024,70,Sucre,arte,595.158
2025,70,Sucre,arte,696.573
2005,70,Sucre,comercio,532.015
2006,70,Sucre,comercio,594.245
2007,70,Sucre,comercio,674.253
2008,70,Sucre,comercio,721.236
2009,70,Sucre,comercio,743.326
2010,70,Sucre,comercio,772.905
2011,70,Sucre,comercio,853.313
2012,70,Sucre,comercio,886.433
2013,70,Sucre,comercio,953.388
2014,70,Sucre,comercio,1028.256
2015,70,Sucre,comercio,1116.811
2016,70,Sucre,comercio,1289.197
2017,70,Sucre,comercio,1411.925
2018,70,Sucre,comercio,1483.460
2019,70,Sucre,comercio,1571.064
2020,70,Sucre,comercio,1351.875
2021,70,Sucre,comercio,1770.237
2022,70,Sucre,comercio,2220.154
2023,70,Sucre,comercio,2428.177
2024,70,Sucre,comercio,2633.369
2025,70,Sucre,comercio,2880.150
2005,70,Sucre,construccion,69.202
2006,70,Sucre,construccion,103.057
2007,70,Sucre,construccion,143.420
2008,70,Sucre,construccion,135.481
2009,70,Sucre,construccion,204.081
2010,70,Sucre,construccion,253.776
2011,70,Sucre,construccion,299.691
2012,70,Sucre,construccion,396.474
2013,70,Sucre,construccion,555.922
2014,70,Sucre,construccion,713.073
2015,70,Sucre,construccion,677.415
2016,70,Sucre,construccion,740.082
2017,70,Sucre,construccion,831.496
2018,70,Sucre,construccion,843.384
2019,70,Sucre,construccion,926.994
2020,70,Sucre,construccion,801.350
2021,70,Sucre,construccion,831.054
2022,70,Sucre,construccion,915.190
2023,70,Sucre,construccion,960.315
2024,70,Sucre,construccion,1025.919
2025,70,Sucre,construccion,1019.329
2005,70,Sucre,electricidad,58.726
2006,70,Sucre,electricidad,64.336
2007,70,Sucre,electricidad,71.135
2008,70,Sucre,electricidad,75.782
2009,70,Sucre,electricidad,77.561
2010,70,Sucre,electricidad,87.235
2011,70,Sucre,electricidad,95.704
2012,70,Sucre,electricidad,102.451
2013,70,Sucre,electricidad,110.884
2014,70,Sucre,electricidad,116.984
2015,70,Sucre,electricidad,130.455
2016,70,Sucre,electricidad,152.976
2017,70,Sucre,electricidad,162.192
2018,70,Sucre,electricidad,178.592
2019,70,Sucre,electricidad,195.034
2020,70,Sucre,electricidad,219.812
2021,70,Sucre,electricidad,245.383
2022,70,Sucre,electricidad,301.194
2023,70,Sucre,electricidad,358.036
2024,70,Sucre,electricidad,400.957
2025,70,Sucre,electricidad,395.102
2005,70,Sucre,finanzas,50.121
2006,70,Sucre,finanzas,52.954
2007,70,Sucre,finanzas,67.324
2008,70,Sucre,finanzas,78.046
2009,70,Sucre,finanzas,86.312
2010,70,Sucre,finanzas,106.858
2011,70,Sucre,finanzas,119.386
2012,70,Sucre,finanzas,132.587
2013,70,Sucre,finanzas,142.040
2014,70,Sucre,finanzas,146.193
2015,70,Sucre,finanzas,159.090
2016,70,Sucre,finanzas,159.862
2017,70,Sucre,finanzas,178.929
2018,70,Sucre,finanzas,194.887
2019,70,Sucre,finanzas,213.617
2020,70,Sucre,finanzas,222.418
2021,70,Sucre,finanzas,237.803
2022,70,Sucre,finanzas,251.890
2023,70,Sucre,finanzas,275.120
2024,70,Sucre,finanzas,309.539
2025,70,Sucre,finanzas,338.911
2005,70,Sucre,gobierno,694.993
2006,70,Sucre,gobierno,740.077
2007,70,Sucre,gobierno,853.954
2008,70,Sucre,gobierno,975.710
2009,70,Sucre,gobierno,1138.911
2010,70,Sucre,gobierno,1181.263
2011,70,Sucre,gobierno,1347.504
2012,70,Sucre,gobierno,1525.044
2013,70,Sucre,gobierno,1648.824
2014,70,Sucre,gobierno,1832.710
2015,70,Sucre,gobierno,1978.706
2016,70,Sucre,gobierno,2189.376
2017,70,Sucre,gobierno,2384.247
2018,70,Sucre,gobierno,2574.337
2019,70,Sucre,gobierno,2801.364
2020,70,Sucre,gobierno,2904.853
2021,70,Sucre,gobierno,3205.706
2022,70,Sucre,gobierno,3481.656
2023,70,Sucre,gobierno,3990.233
2024,70,Sucre,gobierno,4528.917
2025,70,Sucre,gobierno,4993.612
2005,70,Sucre,impuestos,110.521
2006,70,Sucre,impuestos,148.497
2007,70,Sucre,impuestos,174.879
2008,70,Sucre,impuestos,191.601
2009,70,Sucre,impuestos,194.899
2010,70,Sucre,impuestos,211.310
2011,70,Sucre,impuestos,246.190
2012,70,Sucre,impuestos,276.281
2013,70,Sucre,impuestos,290.351
2014,70,Sucre,impuestos,338.771
2015,70,Sucre,impuestos,375.567
2016,70,Sucre,impuestos,378.583
2017,70,Sucre,impuestos,437.216
2018,70,Sucre,impuestos,467.427
2019,70,Sucre,impuestos,505.430
2020,70,Sucre,impuestos,448.049
2021,70,Sucre,impuestos,555.241
2022,70,Sucre,impuestos,746.717
2023,70,Sucre,impuestos,771.982
2024,70,Sucre,impuestos,812.030
2025,70,Sucre,impuestos,906.950
2005,70,Sucre,industria,251.970
2006,70,Sucre,industria,317.281
2007,70,Sucre,industria,337.918
2008,70,Sucre,industria,398.474
2009,70,Sucre,industria,405.006
2010,70,Sucre,industria,393.839
2011,70,Sucre,industria,424.631
2012,70,Sucre,industria,452.294
2013,70,Sucre,industria,490.888
2014,70,Sucre,industria,491.609
2015,70,Sucre,industria,618.633
2016,70,Sucre,industria,609.788
2017,70,Sucre,industria,556.721
2018,70,Sucre,industria,555.108
2019,70,Sucre,industria,562.439
2020,70,Sucre,industria,536.157
2021,70,Sucre,industria,634.176
2022,70,Sucre,industria,756.147
2023,70,Sucre,industria,830.316
2024,70,Sucre,industria,823.784
2025,70,Sucre,industria,890.783
2005,70,Sucre,informacion,78.883
2006,70,Sucre,informacion,101.947
2007,70,Sucre,informacion,119.571
2008,70,Sucre,informacion,126.203
2009,70,Sucre,informacion,127.871
2010,70,Sucre,informacion,126.555
2011,70,Sucre,informacion,131.864
2012,70,Sucre,informacion,150.951
2013,70,Sucre,informacion,152.197
2014,70,Sucre,informacion,154.507
2015,70,Sucre,informacion,161.844
2016,70,Sucre,informacion,167.604
2017,70,Sucre,informacion,178.750
2018,70,Sucre,informacion,188.869
2019,70,Sucre,informacion,194.957
2020,70,Sucre,informacion,186.010
2021,70,Sucre,informacion,175.618
2022,70,Sucre,informacion,196.854
2023,70,Sucre,informacion,202.958
2024,70,Sucre,informacion,207.017
2025,70,Sucre,informacion,212.599
2005,70,Sucre,inmobiliarias,93.547
2006,70,Sucre,inmobiliarias,113.085
2007,70,Sucre,inmobiliarias,130.266
2008,70,Sucre,inmobiliarias,152.870
2009,70,Sucre,inmobiliarias,174.307
2010,70,Sucre,inmobiliarias,197.939
2011,70,Sucre,inmobiliarias,226.867
2012,70,Sucre,inmobiliarias,257.298
2013,70,Sucre,inmobiliarias,289.139
2014,70,Sucre,inmobiliarias,349.699
2015,70,Sucre,inmobiliarias,370.894
2016,70,Sucre,inmobiliarias,394.852
2017,70,Sucre,inmobiliarias,420.379
2018,70,Sucre,inmobiliarias,447.341
2019,70,Sucre,inmobiliarias,473.805
2020,70,Sucre,inmobiliarias,489.361
2021,70,Sucre,inmobiliarias,509.330
2022,70,Sucre,inmobiliarias,545.041
2023,70,Sucre,inmobiliarias,601.975
2024,70,Sucre,inmobiliarias,660.027
2025,70,Sucre,inmobiliarias,711.123
2005,70,Sucre,mineria,10.878
2006,70,Sucre,mineria,13.857
2007,70,Sucre,mineria,14.711
2008,70,Sucre,mineria,21.942
2009,70,Sucre,mineria,26.538
2010,70,Sucre,mineria,31.871
2011,70,Sucre,mineria,36.204
2012,70,Sucre,mineria,40.571
2013,70,Sucre,mineria,45.492
2014,70,Sucre,mineria,68.933
2015,70,Sucre,mineria,42.475
2016,70,Sucre,mineria,30.999
2017,70,Sucre,mineria,40.483
2018,70,Sucre,mineria,49.240
2019,70,Sucre,mineria,52.882
2020,70,Sucre,mineria,49.634
2021,70,Sucre,mineria,67.516
2022,70,Sucre,mineria,91.718
2023,70,Sucre,mineria,85.284
2024,70,Sucre,mineria,80.488
2025,70,Sucre,mineria,75.150
2005,70,Sucre,profesionales,46.512
2006,70,Sucre,profesionales,57.998
2007,70,Sucre,profesionales,68.762
2008,70,Sucre,profesionales,79.449
2009,70,Sucre,profesionales,93.556
2010,70,Sucre,profesionales,102.186
2011,70,Sucre,profesionales,111.436
2012,70,Sucre,profesionales,126.374
2013,70,Sucre,profesionales,140.218
2014,70,Sucre,profesionales,164.952
2015,70,Sucre,profesionales,169.895
2016,70,Sucre,profesionales,171.152
2017,70,Sucre,profesionales,178.919
2018,70,Sucre,profesionales,192.028
2019,70,Sucre,profesionales,197.820
2020,70,Sucre,profesionales,198.480
2021,70,Sucre,profesionales,225.928
2022,70,Sucre,profesionales,258.182
2023,70,Sucre,profesionales,287.308
2024,70,Sucre,profesionales,303.429
2025,70,Sucre,profesionales,322.904
2005,73,Tolima,agro,1434.310
2006,73,Tolima,agro,1598.861
2007,73,Tolima,agro,1635.629
2008,73,Tolima,agro,1672.596
2009,73,Tolima,agro,1697.421
2010,73,Tolima,agro,1776.423
2011,73,Tolima,agro,2093.193
2012,73,Tolima,agro,1900.272
2013,73,Tolima,agro,2036.093
2014,73,Tolima,agro,2312.452
2015,73,Tolima,agro,2736.900
2016,73,Tolima,agro,3099.527
2017,73,Tolima,agro,3097.650
2018,73,Tolima,agro,3130.423
2019,73,Tolima,agro,3559.828
2020,73,Tolima,agro,3935.270
2021,73,Tolima,agro,4826.043
2022,73,Tolima,agro,6768.959
2023,73,Tolima,agro,7203.154
2024,73,Tolima,agro,8611.695
2025,73,Tolima,agro,9906.692
2005,73,Tolima,arte,137.697
2006,73,Tolima,arte,155.562
2007,73,Tolima,arte,176.562
2008,73,Tolima,arte,194.551
2009,73,Tolima,arte,208.039
2010,73,Tolima,arte,226.794
2011,73,Tolima,arte,252.220
2012,73,Tolima,arte,279.224
2013,73,Tolima,arte,295.355
2014,73,Tolima,arte,315.083
2015,73,Tolima,arte,321.452
2016,73,Tolima,arte,365.016
2017,73,Tolima,arte,389.006
2018,73,Tolima,arte,404.140
2019,73,Tolima,arte,463.827
2020,73,Tolima,arte,409.840
2021,73,Tolima,arte,550.302
2022,73,Tolima,arte,798.275
2023,73,Tolima,arte,955.122
2024,73,Tolima,arte,1108.923
2025,73,Tolima,arte,1311.871
2005,73,Tolima,comercio,1146.127
2006,73,Tolima,comercio,1356.071
2007,73,Tolima,comercio,1608.829
2008,73,Tolima,comercio,1681.889
2009,73,Tolima,comercio,1810.447
2010,73,Tolima,comercio,1930.286
2011,73,Tolima,comercio,2089.738
2012,73,Tolima,comercio,2240.525
2013,73,Tolima,comercio,2498.563
2014,73,Tolima,comercio,2755.236
2015,73,Tolima,comercio,3071.059
2016,73,Tolima,comercio,3472.888
2017,73,Tolima,comercio,3628.245
2018,73,Tolima,comercio,3825.994
2019,73,Tolima,comercio,4092.512
2020,73,Tolima,comercio,3501.857
2021,73,Tolima,comercio,4577.554
2022,73,Tolima,comercio,5700.534
2023,73,Tolima,comercio,6239.666
2024,73,Tolima,comercio,6668.480
2025,73,Tolima,comercio,7356.379
2005,73,Tolima,construccion,267.681
2006,73,Tolima,construccion,265.579
2007,73,Tolima,construccion,368.267
2008,73,Tolima,construccion,466.316
2009,73,Tolima,construccion,600.529
2010,73,Tolima,construccion,671.780
2011,73,Tolima,construccion,730.942
2012,73,Tolima,construccion,893.160
2013,73,Tolima,construccion,1383.157
2014,73,Tolima,construccion,1470.613
2015,73,Tolima,construccion,1410.243
2016,73,Tolima,construccion,1682.822
2017,73,Tolima,construccion,1953.484
2018,73,Tolima,construccion,1937.492
2019,73,Tolima,construccion,1943.618
2020,73,Tolima,construccion,1369.436
2021,73,Tolima,construccion,1439.382
2022,73,Tolima,construccion,1681.762
2023,73,Tolima,construccion,1839.685
2024,73,Tolima,construccion,1979.555
2025,73,Tolima,construccion,2195.688
2005,73,Tolima,electricidad,223.214
2006,73,Tolima,electricidad,240.643
2007,73,Tolima,electricidad,276.295
2008,73,Tolima,electricidad,294.270
2009,73,Tolima,electricidad,288.783
2010,73,Tolima,electricidad,312.815
2011,73,Tolima,electricidad,336.757
2012,73,Tolima,electricidad,337.611
2013,73,Tolima,electricidad,369.557
2014,73,Tolima,electricidad,372.992
2015,73,Tolima,electricidad,407.840
2016,73,Tolima,electricidad,462.518
2017,73,Tolima,electricidad,502.163
2018,73,Tolima,electricidad,542.670
2019,73,Tolima,electricidad,600.549
2020,73,Tolima,electricidad,655.824
2021,73,Tolima,electricidad,736.046
2022,73,Tolima,electricidad,927.399
2023,73,Tolima,electricidad,1100.955
2024,73,Tolima,electricidad,1235.473
2025,73,Tolima,electricidad,1227.769
2005,73,Tolima,finanzas,172.233
2006,73,Tolima,finanzas,180.185
2007,73,Tolima,finanzas,213.159
2008,73,Tolima,finanzas,253.746
2009,73,Tolima,finanzas,276.074
2010,73,Tolima,finanzas,302.617
2011,73,Tolima,finanzas,341.271
2012,73,Tolima,finanzas,372.544
2013,73,Tolima,finanzas,399.707
2014,73,Tolima,finanzas,425.729
2015,73,Tolima,finanzas,453.598
2016,73,Tolima,finanzas,448.280
2017,73,Tolima,finanzas,504.318
2018,73,Tolima,finanzas,547.798
2019,73,Tolima,finanzas,600.297
2020,73,Tolima,finanzas,623.800
2021,73,Tolima,finanzas,668.516
2022,73,Tolima,finanzas,712.326
2023,73,Tolima,finanzas,784.756
2024,73,Tolima,finanzas,890.590
2025,73,Tolima,finanzas,972.143
2005,73,Tolima,gobierno,1173.235
2006,73,Tolima,gobierno,1264.230
2007,73,Tolima,gobierno,1396.063
2008,73,Tolima,gobierno,1575.536
2009,73,Tolima,gobierno,1709.462
2010,73,Tolima,gobierno,1850.375
2011,73,Tolima,gobierno,2008.103
2012,73,Tolima,gobierno,2218.912
2013,73,Tolima,gobierno,2413.492
2014,73,Tolima,gobierno,2529.784
2015,73,Tolima,gobierno,2792.787
2016,73,Tolima,gobierno,3060.467
2017,73,Tolima,gobierno,3328.590
2018,73,Tolima,gobierno,3596.874
2019,73,Tolima,gobierno,3901.703
2020,73,Tolima,gobierno,4048.995
2021,73,Tolima,gobierno,4447.715
2022,73,Tolima,gobierno,4824.012
2023,73,Tolima,gobierno,5572.809
2024,73,Tolima,gobierno,6317.310
2025,73,Tolima,gobierno,6947.552
2005,73,Tolima,impuestos,450.524
2006,73,Tolima,impuestos,521.706
2007,73,Tolima,impuestos,660.415
2008,73,Tolima,impuestos,714.438
2009,73,Tolima,impuestos,701.297
2010,73,Tolima,impuestos,716.783
2011,73,Tolima,impuestos,881.317
2012,73,Tolima,impuestos,950.519
2013,73,Tolima,impuestos,866.918
2014,73,Tolima,impuestos,1127.096
2015,73,Tolima,impuestos,1220.545
2016,73,Tolima,impuestos,1272.025
2017,73,Tolima,impuestos,1439.854
2018,73,Tolima,impuestos,1552.262
2019,73,Tolima,impuestos,1679.786
2020,73,Tolima,impuestos,1477.419
2021,73,Tolima,impuestos,1782.216
2022,73,Tolima,impuestos,2403.281
2023,73,Tolima,impuestos,2488.387
2024,73,Tolima,impuestos,2619.415
2025,73,Tolima,impuestos,2921.916
2005,73,Tolima,industria,799.872
2006,73,Tolima,industria,835.431
2007,73,Tolima,industria,1088.663
2008,73,Tolima,industria,1240.915
2009,73,Tolima,industria,1236.627
2010,73,Tolima,industria,1068.266
2011,73,Tolima,industria,1215.130
2012,73,Tolima,industria,1352.235
2013,73,Tolima,industria,1460.225
2014,73,Tolima,industria,1828.865
2015,73,Tolima,industria,1897.153
2016,73,Tolima,industria,2062.878
2017,73,Tolima,industria,1897.013
2018,73,Tolima,industria,1951.947
2019,73,Tolima,industria,2019.740
2020,73,Tolima,industria,1868.202
2021,73,Tolima,industria,2120.103
2022,73,Tolima,industria,2558.421
2023,73,Tolima,industria,2785.995
2024,73,Tolima,industria,2822.759
2025,73,Tolima,industria,2923.415
2005,73,Tolima,informacion,289.455
2006,73,Tolima,informacion,348.469
2007,73,Tolima,informacion,408.397
2008,73,Tolima,informacion,423.079
2009,73,Tolima,informacion,418.650
2010,73,Tolima,informacion,445.103
2011,73,Tolima,informacion,452.870
2012,73,Tolima,informacion,446.235
2013,73,Tolima,informacion,469.449
2014,73,Tolima,informacion,494.049
2015,73,Tolima,informacion,477.077
2016,73,Tolima,informacion,487.275
2017,73,Tolima,informacion,531.960
2018,73,Tolima,informacion,555.173
2019,73,Tolima,informacion,570.704
2020,73,Tolima,informacion,574.160
2021,73,Tolima,informacion,625.591
2022,73,Tolima,informacion,685.057
2023,73,Tolima,informacion,723.002
2024,73,Tolima,informacion,743.044
2025,73,Tolima,informacion,758.558
2005,73,Tolima,inmobiliarias,312.163
2006,73,Tolima,inmobiliarias,361.988
2007,73,Tolima,inmobiliarias,410.346
2008,73,Tolima,inmobiliarias,472.506
2009,73,Tolima,inmobiliarias,531.999
2010,73,Tolima,inmobiliarias,590.801
2011,73,Tolima,inmobiliarias,661.456
2012,73,Tolima,inmobiliarias,730.627
2013,73,Tolima,inmobiliarias,807.846
2014,73,Tolima,inmobiliarias,912.716
2015,73,Tolima,inmobiliarias,977.890
2016,73,Tolima,inmobiliarias,1031.548
2017,73,Tolima,inmobiliarias,1089.275
2018,73,Tolima,inmobiliarias,1158.476
2019,73,Tolima,inmobiliarias,1232.174
2020,73,Tolima,inmobiliarias,1265.315
2021,73,Tolima,inmobiliarias,1318.570
2022,73,Tolima,inmobiliarias,1405.783
2023,73,Tolima,inmobiliarias,1556.696
2024,73,Tolima,inmobiliarias,1741.999
2025,73,Tolima,inmobiliarias,1908.333
2005,73,Tolima,mineria,1032.307
2006,73,Tolima,mineria,1320.728
2007,73,Tolima,mineria,1434.723
2008,73,Tolima,mineria,1925.742
2009,73,Tolima,mineria,1462.976
2010,73,Tolima,mineria,1537.249
2011,73,Tolima,mineria,1853.506
2012,73,Tolima,mineria,1987.783
2013,73,Tolima,mineria,1518.549
2014,73,Tolima,mineria,1151.341
2015,73,Tolima,mineria,720.049
2016,73,Tolima,mineria,481.237
2017,73,Tolima,mineria,647.288
2018,73,Tolima,mineria,738.074
2019,73,Tolima,mineria,778.487
2020,73,Tolima,mineria,607.804
2021,73,Tolima,mineria,817.227
2022,73,Tolima,mineria,1088.496
2023,73,Tolima,mineria,948.767
2024,73,Tolima,mineria,881.116
2025,73,Tolima,mineria,808.137
2005,73,Tolima,profesionales,263.061
2006,73,Tolima,profesionales,313.160
2007,73,Tolima,profesionales,369.189
2008,73,Tolima,profesionales,429.549
2009,73,Tolima,profesionales,489.747
2010,73,Tolima,profesionales,535.689
2011,73,Tolima,profesionales,601.015
2012,73,Tolima,profesionales,677.382
2013,73,Tolima,profesionales,755.994
2014,73,Tolima,profesionales,864.303
2015,73,Tolima,profesionales,894.237
2016,73,Tolima,profesionales,936.596
2017,73,Tolima,profesionales,979.185
2018,73,Tolima,profesionales,1060.927
2019,73,Tolima,profesionales,1082.828
2020,73,Tolima,profesionales,1079.531
2021,73,Tolima,profesionales,1239.991
2022,73,Tolima,profesionales,1410.230
2023,73,Tolima,profesionales,1558.308
2024,73,Tolima,profesionales,1631.303
2025,73,Tolima,profesionales,1736.761
2005,76,Valle del Cauca,agro,2136.992
2006,76,Valle del Cauca,agro,2257.512
2007,76,Valle del Cauca,agro,2684.545
2008,76,Valle del Cauca,agro,2517.232
2009,76,Valle del Cauca,agro,2948.691
2010,76,Valle del Cauca,agro,3022.419
2011,76,Valle del Cauca,agro,3409.564
2012,76,Valle del Cauca,agro,3281.023
2013,76,Valle del Cauca,agro,3379.221
2014,76,Valle del Cauca,agro,3808.690
2015,76,Valle del Cauca,agro,4329.238
2016,76,Valle del Cauca,agro,5345.385
2017,76,Valle del Cauca,agro,5278.321
2018,76,Valle del Cauca,agro,5702.839
2019,76,Valle del Cauca,agro,6370.189
2020,76,Valle del Cauca,agro,7144.237
2021,76,Valle del Cauca,agro,8649.629
2022,76,Valle del Cauca,agro,12489.038
2023,76,Valle del Cauca,agro,13440.418
2024,76,Valle del Cauca,agro,15776.406
2025,76,Valle del Cauca,agro,17952.443
2005,76,Valle del Cauca,arte,687.215
2006,76,Valle del Cauca,arte,799.018
2007,76,Valle del Cauca,arte,875.570
2008,76,Valle del Cauca,arte,975.718
2009,76,Valle del Cauca,arte,1037.220
2010,76,Valle del Cauca,arte,1162.709
2011,76,Valle del Cauca,arte,1281.372
2012,76,Valle del Cauca,arte,1366.223
2013,76,Valle del Cauca,arte,1469.016
2014,76,Valle del Cauca,arte,1566.661
2015,76,Valle del Cauca,arte,1684.578
2016,76,Valle del Cauca,arte,1855.486
2017,76,Valle del Cauca,arte,2006.809
2018,76,Valle del Cauca,arte,2094.889
2019,76,Valle del Cauca,arte,2437.947
2020,76,Valle del Cauca,arte,2133.241
2021,76,Valle del Cauca,arte,2965.753
2022,76,Valle del Cauca,arte,4261.559
2023,76,Valle del Cauca,arte,5149.665
2024,76,Valle del Cauca,arte,5952.317
2025,76,Valle del Cauca,arte,7035.869
2005,76,Valle del Cauca,comercio,5692.461
2006,76,Valle del Cauca,comercio,6531.210
2007,76,Valle del Cauca,comercio,7542.268
2008,76,Valle del Cauca,comercio,7873.455
2009,76,Valle del Cauca,comercio,8239.133
2010,76,Valle del Cauca,comercio,8684.359
2011,76,Valle del Cauca,comercio,9467.415
2012,76,Valle del Cauca,comercio,9864.740
2013,76,Valle del Cauca,comercio,10688.902
2014,76,Valle del Cauca,comercio,11796.390
2015,76,Valle del Cauca,comercio,13115.418
2016,76,Valle del Cauca,comercio,14982.499
2017,76,Valle del Cauca,comercio,16087.798
2018,76,Valle del Cauca,comercio,17017.926
2019,76,Valle del Cauca,comercio,18412.385
2020,76,Valle del Cauca,comercio,16864.341
2021,76,Valle del Cauca,comercio,21075.778
2022,76,Valle del Cauca,comercio,26477.489
2023,76,Valle del Cauca,comercio,28999.112
2024,76,Valle del Cauca,comercio,31077.084
2025,76,Valle del Cauca,comercio,34480.264
2005,76,Valle del Cauca,construccion,1251.713
2006,76,Valle del Cauca,construccion,1798.799
2007,76,Valle del Cauca,construccion,2078.215
2008,76,Valle del Cauca,construccion,2098.478
2009,76,Valle del Cauca,construccion,2305.051
2010,76,Valle del Cauca,construccion,2084.613
2011,76,Valle del Cauca,construccion,2163.795
2012,76,Valle del Cauca,construccion,2406.411
2013,76,Valle del Cauca,construccion,3147.500
2014,76,Valle del Cauca,construccion,3396.286
2015,76,Valle del Cauca,construccion,3314.501
2016,76,Valle del Cauca,construccion,3662.598
2017,76,Valle del Cauca,construccion,3850.225
2018,76,Valle del Cauca,construccion,4260.935
2019,76,Valle del Cauca,construccion,4348.437
2020,76,Valle del Cauca,construccion,3333.785
2021,76,Valle del Cauca,construccion,3678.289
2022,76,Valle del Cauca,construccion,3397.554
2023,76,Valle del Cauca,construccion,4024.217
2024,76,Valle del Cauca,construccion,4376.510
2025,76,Valle del Cauca,construccion,4382.730
2005,76,Valle del Cauca,electricidad,1380.379
2006,76,Valle del Cauca,electricidad,1498.701
2007,76,Valle del Cauca,electricidad,1671.042
2008,76,Valle del Cauca,electricidad,1778.465
2009,76,Valle del Cauca,electricidad,1778.030
2010,76,Valle del Cauca,electricidad,1891.563
2011,76,Valle del Cauca,electricidad,1959.423
2012,76,Valle del Cauca,electricidad,2045.444
2013,76,Valle del Cauca,electricidad,2228.057
2014,76,Valle del Cauca,electricidad,2319.912
2015,76,Valle del Cauca,electricidad,2503.704
2016,76,Valle del Cauca,electricidad,2765.894
2017,76,Valle del Cauca,electricidad,3010.853
2018,76,Valle del Cauca,electricidad,3271.051
2019,76,Valle del Cauca,electricidad,3570.927
2020,76,Valle del Cauca,electricidad,3756.238
2021,76,Valle del Cauca,electricidad,4454.964
2022,76,Valle del Cauca,electricidad,5467.288
2023,76,Valle del Cauca,electricidad,6347.609
2024,76,Valle del Cauca,electricidad,7096.329
2025,76,Valle del Cauca,electricidad,7038.639
2005,76,Valle del Cauca,finanzas,984.482
2006,76,Valle del Cauca,finanzas,1045.392
2007,76,Valle del Cauca,finanzas,1233.728
2008,76,Valle del Cauca,finanzas,1486.752
2009,76,Valle del Cauca,finanzas,1582.825
2010,76,Valle del Cauca,finanzas,1734.105
2011,76,Valle del Cauca,finanzas,1964.793
2012,76,Valle del Cauca,finanzas,2222.740
2013,76,Valle del Cauca,finanzas,2395.246
2014,76,Valle del Cauca,finanzas,2601.189
2015,76,Valle del Cauca,finanzas,2852.977
2016,76,Valle del Cauca,finanzas,2837.952
2017,76,Valle del Cauca,finanzas,3237.454
2018,76,Valle del Cauca,finanzas,3538.432
2019,76,Valle del Cauca,finanzas,3916.363
2020,76,Valle del Cauca,finanzas,4058.297
2021,76,Valle del Cauca,finanzas,4309.724
2022,76,Valle del Cauca,finanzas,4604.110
2023,76,Valle del Cauca,finanzas,5095.736
2024,76,Valle del Cauca,finanzas,5668.635
2025,76,Valle del Cauca,finanzas,6244.445
2005,76,Valle del Cauca,gobierno,3820.969
2006,76,Valle del Cauca,gobierno,4051.528
2007,76,Valle del Cauca,gobierno,4509.876
2008,76,Valle del Cauca,gobierno,5038.623
2009,76,Valle del Cauca,gobierno,5536.131
2010,76,Valle del Cauca,gobierno,5951.953
2011,76,Valle del Cauca,gobierno,6493.091
2012,76,Valle del Cauca,gobierno,7205.383
2013,76,Valle del Cauca,gobierno,7903.673
2014,76,Valle del Cauca,gobierno,8517.044
2015,76,Valle del Cauca,gobierno,9401.124
2016,76,Valle del Cauca,gobierno,10326.244
2017,76,Valle del Cauca,gobierno,11333.229
2018,76,Valle del Cauca,gobierno,12366.469
2019,76,Valle del Cauca,gobierno,13453.186
2020,76,Valle del Cauca,gobierno,13625.447
2021,76,Valle del Cauca,gobierno,15195.354
2022,76,Valle del Cauca,gobierno,16540.702
2023,76,Valle del Cauca,gobierno,19057.156
2024,76,Valle del Cauca,gobierno,21596.441
2025,76,Valle del Cauca,gobierno,23656.032
2005,76,Valle del Cauca,impuestos,2908.405
2006,76,Valle del Cauca,impuestos,3579.060
2007,76,Valle del Cauca,impuestos,4128.425
2008,76,Valle del Cauca,impuestos,4448.525
2009,76,Valle del Cauca,impuestos,4763.370
2010,76,Valle del Cauca,impuestos,5192.717
2011,76,Valle del Cauca,impuestos,5885.017
2012,76,Valle del Cauca,impuestos,6248.397
2013,76,Valle del Cauca,impuestos,6136.390
2014,76,Valle del Cauca,impuestos,6972.511
2015,76,Valle del Cauca,impuestos,7710.840
2016,76,Valle del Cauca,impuestos,7955.890
2017,76,Valle del Cauca,impuestos,8786.702
2018,76,Valle del Cauca,impuestos,9516.577
2019,76,Valle del Cauca,impuestos,10551.360
2020,76,Valle del Cauca,impuestos,9191.072
2021,76,Valle del Cauca,impuestos,11547.578
2022,76,Valle del Cauca,impuestos,15589.510
2023,76,Valle del Cauca,impuestos,16152.438
2024,76,Valle del Cauca,impuestos,16962.896
2025,76,Valle del Cauca,impuestos,18968.744
2005,76,Valle del Cauca,industria,7257.690
2006,76,Valle del Cauca,industria,8380.640
2007,76,Valle del Cauca,industria,9609.281
2008,76,Valle del Cauca,industria,10504.418
2009,76,Valle del Cauca,industria,10988.378
2010,76,Valle del Cauca,industria,11196.908
2011,76,Valle del Cauca,industria,11430.963
2012,76,Valle del Cauca,industria,12246.785
2013,76,Valle del Cauca,industria,12497.461
2014,76,Valle del Cauca,industria,12559.428
2015,76,Valle del Cauca,industria,13728.936
2016,76,Valle del Cauca,industria,14790.821
2017,76,Valle del Cauca,industria,14446.375
2018,76,Valle del Cauca,industria,14900.358
2019,76,Valle del Cauca,industria,15443.142
2020,76,Valle del Cauca,industria,15603.192
2021,76,Valle del Cauca,industria,18038.460
2022,76,Valle del Cauca,industria,22236.622
2023,76,Valle del Cauca,industria,23219.848
2024,76,Valle del Cauca,industria,23395.325
2025,76,Valle del Cauca,industria,23934.035
2005,76,Valle del Cauca,informacion,1202.460
2006,76,Valle del Cauca,informacion,1435.736
2007,76,Valle del Cauca,informacion,1550.436
2008,76,Valle del Cauca,informacion,1649.884
2009,76,Valle del Cauca,informacion,1645.316
2010,76,Valle del Cauca,informacion,1728.272
2011,76,Valle del Cauca,informacion,1822.436
2012,76,Valle del Cauca,informacion,1903.451
2013,76,Valle del Cauca,informacion,2002.334
2014,76,Valle del Cauca,informacion,2152.861
2015,76,Valle del Cauca,informacion,2161.467
2016,76,Valle del Cauca,informacion,2202.169
2017,76,Valle del Cauca,informacion,2371.127
2018,76,Valle del Cauca,informacion,2521.789
2019,76,Valle del Cauca,informacion,2617.231
2020,76,Valle del Cauca,informacion,2564.871
2021,76,Valle del Cauca,informacion,2873.014
2022,76,Valle del Cauca,informacion,3222.671
2023,76,Valle del Cauca,informacion,3350.755
2024,76,Valle del Cauca,informacion,3443.521
2025,76,Valle del Cauca,informacion,3516.184
2005,76,Valle del Cauca,inmobiliarias,4942.744
2006,76,Valle del Cauca,inmobiliarias,5402.902
2007,76,Valle del Cauca,inmobiliarias,5794.014
2008,76,Valle del Cauca,inmobiliarias,6124.254
2009,76,Valle del Cauca,inmobiliarias,6548.942
2010,76,Valle del Cauca,inmobiliarias,6995.760
2011,76,Valle del Cauca,inmobiliarias,7409.202
2012,76,Valle del Cauca,inmobiliarias,7897.523
2013,76,Valle del Cauca,inmobiliarias,8446.353
2014,76,Valle del Cauca,inmobiliarias,9127.160
2015,76,Valle del Cauca,inmobiliarias,9630.045
2016,76,Valle del Cauca,inmobiliarias,10262.611
2017,76,Valle del Cauca,inmobiliarias,10876.514
2018,76,Valle del Cauca,inmobiliarias,11584.010
2019,76,Valle del Cauca,inmobiliarias,12298.128
2020,76,Valle del Cauca,inmobiliarias,12735.314
2021,76,Valle del Cauca,inmobiliarias,13366.164
2022,76,Valle del Cauca,inmobiliarias,14298.472
2023,76,Valle del Cauca,inmobiliarias,15483.836
2024,76,Valle del Cauca,inmobiliarias,17047.162
2025,76,Valle del Cauca,inmobiliarias,18356.973
2005,76,Valle del Cauca,mineria,107.691
2006,76,Valle del Cauca,mineria,124.991
2007,76,Valle del Cauca,mineria,132.986
2008,76,Valle del Cauca,mineria,137.330
2009,76,Valle del Cauca,mineria,148.642
2010,76,Valle del Cauca,mineria,128.008
2011,76,Valle del Cauca,mineria,127.132
2012,76,Valle del Cauca,mineria,139.273
2013,76,Valle del Cauca,mineria,141.271
2014,76,Valle del Cauca,mineria,159.037
2015,76,Valle del Cauca,mineria,160.138
2016,76,Valle del Cauca,mineria,168.010
2017,76,Valle del Cauca,mineria,145.982
2018,76,Valle del Cauca,mineria,156.300
2019,76,Valle del Cauca,mineria,179.397
2020,76,Valle del Cauca,mineria,134.814
2021,76,Valle del Cauca,mineria,179.791
2022,76,Valle del Cauca,mineria,161.732
2023,76,Valle del Cauca,mineria,178.260
2024,76,Valle del Cauca,mineria,175.037
2025,76,Valle del Cauca,mineria,181.669
2005,76,Valle del Cauca,profesionales,2265.371
2006,76,Valle del Cauca,profesionales,2769.531
2007,76,Valle del Cauca,profesionales,3248.669
2008,76,Valle del Cauca,profesionales,3686.360
2009,76,Valle del Cauca,profesionales,4085.278
2010,76,Valle del Cauca,profesionales,4439.644
2011,76,Valle del Cauca,profesionales,5050.663
2012,76,Valle del Cauca,profesionales,5717.795
2013,76,Valle del Cauca,profesionales,6283.497
2014,76,Valle del Cauca,profesionales,7301.640
2015,76,Valle del Cauca,profesionales,7481.296
2016,76,Valle del Cauca,profesionales,7946.449
2017,76,Valle del Cauca,profesionales,8334.401
2018,76,Valle del Cauca,profesionales,8962.119
2019,76,Valle del Cauca,profesionales,9574.773
2020,76,Valle del Cauca,profesionales,8970.575
2021,76,Valle del Cauca,profesionales,10214.970
2022,76,Valle del Cauca,profesionales,12111.558
2023,76,Valle del Cauca,profesionales,13503.582
2024,76,Valle del Cauca,profesionales,14217.676
2025,76,Valle del Cauca,profesionales,15155.374
2005,81,Arauca,agro,399.251
2006,81,Arauca,agro,404.076
2007,81,Arauca,agro,461.566
2008,81,Arauca,agro,532.807
2009,81,Arauca,agro,557.435
2010,81,Arauca,agro,538.746
2011,81,Arauca,agro,580.981
2012,81,Arauca,agro,666.658
2013,81,Arauca,agro,638.484
2014,81,Arauca,agro,647.169
2015,81,Arauca,agro,748.313
2016,81,Arauca,agro,924.849
2017,81,Arauca,agro,918.606
2018,81,Arauca,agro,990.049
2019,81,Arauca,agro,1033.825
2020,81,Arauca,agro,1137.724
2021,81,Arauca,agro,1435.933
2022,81,Arauca,agro,2029.937
2023,81,Arauca,agro,2182.614
2024,81,Arauca,agro,2537.693
2025,81,Arauca,agro,2866.478
2005,81,Arauca,arte,10.770
2006,81,Arauca,arte,11.461
2007,81,Arauca,arte,12.147
2008,81,Arauca,arte,13.893
2009,81,Arauca,arte,14.683
2010,81,Arauca,arte,14.995
2011,81,Arauca,arte,17.932
2012,81,Arauca,arte,18.872
2013,81,Arauca,arte,19.740
2014,81,Arauca,arte,21.141
2015,81,Arauca,arte,19.589
2016,81,Arauca,arte,20.383
2017,81,Arauca,arte,22.868
2018,81,Arauca,arte,23.729
2019,81,Arauca,arte,28.293
2020,81,Arauca,arte,26.448
2021,81,Arauca,arte,36.537
2022,81,Arauca,arte,51.999
2023,81,Arauca,arte,64.070
2024,81,Arauca,arte,74.630
2025,81,Arauca,arte,89.476
2005,81,Arauca,comercio,205.368
2006,81,Arauca,comercio,225.918
2007,81,Arauca,comercio,254.554
2008,81,Arauca,comercio,266.275
2009,81,Arauca,comercio,281.426
2010,81,Arauca,comercio,300.010
2011,81,Arauca,comercio,329.670
2012,81,Arauca,comercio,347.215
2013,81,Arauca,comercio,378.858
2014,81,Arauca,comercio,411.033
2015,81,Arauca,comercio,456.943
2016,81,Arauca,comercio,517.318
2017,81,Arauca,comercio,514.006
2018,81,Arauca,comercio,542.190
2019,81,Arauca,comercio,578.857
2020,81,Arauca,comercio,542.070
2021,81,Arauca,comercio,640.505
2022,81,Arauca,comercio,786.438
2023,81,Arauca,comercio,885.325
2024,81,Arauca,comercio,937.967
2025,81,Arauca,comercio,1025.228
2005,81,Arauca,construccion,40.304
2006,81,Arauca,construccion,56.961
2007,81,Arauca,construccion,106.225
2008,81,Arauca,construccion,121.949
2009,81,Arauca,construccion,158.983
2010,81,Arauca,construccion,217.552
2011,81,Arauca,construccion,259.535
2012,81,Arauca,construccion,210.806
2013,81,Arauca,construccion,267.599
2014,81,Arauca,construccion,359.396
2015,81,Arauca,construccion,464.658
2016,81,Arauca,construccion,329.411
2017,81,Arauca,construccion,231.163
2018,81,Arauca,construccion,186.840
2019,81,Arauca,construccion,211.493
2020,81,Arauca,construccion,180.851
2021,81,Arauca,construccion,204.451
2022,81,Arauca,construccion,213.795
2023,81,Arauca,construccion,238.943
2024,81,Arauca,construccion,247.597
2025,81,Arauca,construccion,246.315
2005,81,Arauca,electricidad,15.219
2006,81,Arauca,electricidad,17.144
2007,81,Arauca,electricidad,19.025
2008,81,Arauca,electricidad,21.112
2009,81,Arauca,electricidad,22.662
2010,81,Arauca,electricidad,25.243
2011,81,Arauca,electricidad,27.207
2012,81,Arauca,electricidad,28.406
2013,81,Arauca,electricidad,29.237
2014,81,Arauca,electricidad,29.875
2015,81,Arauca,electricidad,30.553
2016,81,Arauca,electricidad,34.759
2017,81,Arauca,electricidad,37.974
2018,81,Arauca,electricidad,41.918
2019,81,Arauca,electricidad,46.505
2020,81,Arauca,electricidad,49.455
2021,81,Arauca,electricidad,54.804
2022,81,Arauca,electricidad,66.163
2023,81,Arauca,electricidad,78.467
2024,81,Arauca,electricidad,88.170
2025,81,Arauca,electricidad,87.190
2005,81,Arauca,finanzas,25.516
2006,81,Arauca,finanzas,26.313
2007,81,Arauca,finanzas,29.077
2008,81,Arauca,finanzas,39.375
2009,81,Arauca,finanzas,43.211
2010,81,Arauca,finanzas,45.738
2011,81,Arauca,finanzas,53.479
2012,81,Arauca,finanzas,54.889
2013,81,Arauca,finanzas,57.243
2014,81,Arauca,finanzas,56.457
2015,81,Arauca,finanzas,61.393
2016,81,Arauca,finanzas,57.601
2017,81,Arauca,finanzas,62.106
2018,81,Arauca,finanzas,65.199
2019,81,Arauca,finanzas,71.937
2020,81,Arauca,finanzas,74.079
2021,81,Arauca,finanzas,78.927
2022,81,Arauca,finanzas,84.193
2023,81,Arauca,finanzas,92.455
2024,81,Arauca,finanzas,104.259
2025,81,Arauca,finanzas,113.723
2005,81,Arauca,gobierno,268.452
2006,81,Arauca,gobierno,281.036
2007,81,Arauca,gobierno,320.636
2008,81,Arauca,gobierno,349.306
2009,81,Arauca,gobierno,371.376
2010,81,Arauca,gobierno,384.408
2011,81,Arauca,gobierno,416.529
2012,81,Arauca,gobierno,462.982
2013,81,Arauca,gobierno,514.485
2014,81,Arauca,gobierno,552.050
2015,81,Arauca,gobierno,613.236
2016,81,Arauca,gobierno,673.670
2017,81,Arauca,gobierno,731.357
2018,81,Arauca,gobierno,793.415
2019,81,Arauca,gobierno,865.914
2020,81,Arauca,gobierno,901.993
2021,81,Arauca,gobierno,990.641
2022,81,Arauca,gobierno,1066.438
2023,81,Arauca,gobierno,1236.723
2024,81,Arauca,gobierno,1416.189
2025,81,Arauca,gobierno,1568.043
2005,81,Arauca,impuestos,49.063
2006,81,Arauca,impuestos,61.360
2007,81,Arauca,impuestos,71.417
2008,81,Arauca,impuestos,74.372
2009,81,Arauca,impuestos,77.513
2010,81,Arauca,impuestos,69.910
2011,81,Arauca,impuestos,86.718
2012,81,Arauca,impuestos,90.750
2013,81,Arauca,impuestos,101.870
2014,81,Arauca,impuestos,114.595
2015,81,Arauca,impuestos,105.696
2016,81,Arauca,impuestos,94.717
2017,81,Arauca,impuestos,119.045
2018,81,Arauca,impuestos,131.800
2019,81,Arauca,impuestos,147.004
2020,81,Arauca,impuestos,133.026
2021,81,Arauca,impuestos,162.342
2022,81,Arauca,impuestos,206.799
2023,81,Arauca,impuestos,214.644
2024,81,Arauca,impuestos,225.925
2025,81,Arauca,impuestos,246.483
2005,81,Arauca,industria,57.900
2006,81,Arauca,industria,65.831
2007,81,Arauca,industria,80.983
2008,81,Arauca,industria,94.161
2009,81,Arauca,industria,119.096
2010,81,Arauca,industria,81.993
2011,81,Arauca,industria,99.309
2012,81,Arauca,industria,108.636
2013,81,Arauca,industria,120.521
2014,81,Arauca,industria,128.749
2015,81,Arauca,industria,134.161
2016,81,Arauca,industria,133.216
2017,81,Arauca,industria,116.793
2018,81,Arauca,industria,118.666
2019,81,Arauca,industria,120.482
2020,81,Arauca,industria,115.528
2021,81,Arauca,industria,130.951
2022,81,Arauca,industria,161.377
2023,81,Arauca,industria,167.845
2024,81,Arauca,industria,168.559
2025,81,Arauca,industria,175.187
2005,81,Arauca,informacion,16.492
2006,81,Arauca,informacion,22.152
2007,81,Arauca,informacion,26.835
2008,81,Arauca,informacion,28.980
2009,81,Arauca,informacion,29.477
2010,81,Arauca,informacion,27.020
2011,81,Arauca,informacion,27.486
2012,81,Arauca,informacion,26.712
2013,81,Arauca,informacion,28.065
2014,81,Arauca,informacion,29.877
2015,81,Arauca,informacion,30.539
2016,81,Arauca,informacion,31.936
2017,81,Arauca,informacion,34.319
2018,81,Arauca,informacion,35.923
2019,81,Arauca,informacion,36.347
2020,81,Arauca,informacion,34.868
2021,81,Arauca,informacion,37.668
2022,81,Arauca,informacion,41.368
2023,81,Arauca,informacion,42.791
2024,81,Arauca,informacion,43.754
2025,81,Arauca,informacion,44.625
2005,81,Arauca,inmobiliarias,65.530
2006,81,Arauca,inmobiliarias,76.384
2007,81,Arauca,inmobiliarias,84.516
2008,81,Arauca,inmobiliarias,92.545
2009,81,Arauca,inmobiliarias,100.738
2010,81,Arauca,inmobiliarias,106.174
2011,81,Arauca,inmobiliarias,111.506
2012,81,Arauca,inmobiliarias,119.578
2013,81,Arauca,inmobiliarias,127.646
2014,81,Arauca,inmobiliarias,136.948
2015,81,Arauca,inmobiliarias,145.764
2016,81,Arauca,inmobiliarias,156.415
2017,81,Arauca,inmobiliarias,167.370
2018,81,Arauca,inmobiliarias,180.025
2019,81,Arauca,inmobiliarias,191.875
2020,81,Arauca,inmobiliarias,197.656
2021,81,Arauca,inmobiliarias,205.792
2022,81,Arauca,inmobiliarias,217.521
2023,81,Arauca,inmobiliarias,236.893
2024,81,Arauca,inmobiliarias,257.388
2025,81,Arauca,inmobiliarias,273.851
2005,81,Arauca,mineria,2395.300
2006,81,Arauca,mineria,2793.084
2007,81,Arauca,mineria,2976.450
2008,81,Arauca,mineria,4193.651
2009,81,Arauca,mineria,3275.839
2010,81,Arauca,mineria,3392.729
2011,81,Arauca,mineria,4145.789
2012,81,Arauca,mineria,3832.715
2013,81,Arauca,mineria,3373.226
2014,81,Arauca,mineria,2503.357
2015,81,Arauca,mineria,1703.501
2016,81,Arauca,mineria,1156.857
2017,81,Arauca,mineria,1390.068
2018,81,Arauca,mineria,1958.710
2019,81,Arauca,mineria,2262.587
2020,81,Arauca,mineria,1712.298
2021,81,Arauca,mineria,2677.524
2022,81,Arauca,mineria,3954.552
2023,81,Arauca,mineria,3248.514
2024,81,Arauca,mineria,3067.370
2025,81,Arauca,mineria,2627.774
2005,81,Arauca,profesionales,6.100
2006,81,Arauca,profesionales,6.356
2007,81,Arauca,profesionales,7.457
2008,81,Arauca,profesionales,8.638
2009,81,Arauca,profesionales,9.899
2010,81,Arauca,profesionales,12.193
2011,81,Arauca,profesionales,14.671
2012,81,Arauca,profesionales,15.297
2013,81,Arauca,profesionales,17.008
2014,81,Arauca,profesionales,19.207
2015,81,Arauca,profesionales,19.747
2016,81,Arauca,profesionales,20.368
2017,81,Arauca,profesionales,21.089
2018,81,Arauca,profesionales,22.691
2019,81,Arauca,profesionales,23.793
2020,81,Arauca,profesionales,23.920
2021,81,Arauca,profesionales,26.421
2022,81,Arauca,profesionales,30.812
2023,81,Arauca,profesionales,34.147
2024,81,Arauca,profesionales,36.110
2025,81,Arauca,profesionales,38.326
2005,85,Casanare,agro,445.165
2006,85,Casanare,agro,497.884
2007,85,Casanare,agro,630.507
2008,85,Casanare,agro,817.082
2009,85,Casanare,agro,826.815
2010,85,Casanare,agro,854.939
2011,85,Casanare,agro,992.323
2012,85,Casanare,agro,1163.386
2013,85,Casanare,agro,1180.175
2014,85,Casanare,agro,858.500
2015,85,Casanare,agro,1219.713
2016,85,Casanare,agro,1524.352
2017,85,Casanare,agro,1528.777
2018,85,Casanare,agro,1490.096
2019,85,Casanare,agro,1683.065
2020,85,Casanare,agro,1860.528
2021,85,Casanare,agro,2363.253
2022,85,Casanare,agro,3305.788
2023,85,Casanare,agro,3563.856
2024,85,Casanare,agro,4157.667
2025,85,Casanare,agro,4668.619
2005,85,Casanare,arte,22.179
2006,85,Casanare,arte,23.158
2007,85,Casanare,arte,25.754
2008,85,Casanare,arte,30.217
2009,85,Casanare,arte,32.545
2010,85,Casanare,arte,34.986
2011,85,Casanare,arte,38.660
2012,85,Casanare,arte,40.742
2013,85,Casanare,arte,43.906
2014,85,Casanare,arte,47.683
2015,85,Casanare,arte,45.516
2016,85,Casanare,arte,48.034
2017,85,Casanare,arte,49.893
2018,85,Casanare,arte,52.750
2019,85,Casanare,arte,62.642
2020,85,Casanare,arte,59.523
2021,85,Casanare,arte,80.332
2022,85,Casanare,arte,118.774
2023,85,Casanare,arte,146.446
2024,85,Casanare,arte,165.962
2025,85,Casanare,arte,198.102
2005,85,Casanare,comercio,862.749
2006,85,Casanare,comercio,1008.911
2007,85,Casanare,comercio,1199.344
2008,85,Casanare,comercio,1267.219
2009,85,Casanare,comercio,1310.945
2010,85,Casanare,comercio,1417.102
2011,85,Casanare,comercio,1495.791
2012,85,Casanare,comercio,1571.623
2013,85,Casanare,comercio,1743.569
2014,85,Casanare,comercio,1962.170
2015,85,Casanare,comercio,2288.662
2016,85,Casanare,comercio,2470.291
2017,85,Casanare,comercio,2526.917
2018,85,Casanare,comercio,2699.043
2019,85,Casanare,comercio,2843.334
2020,85,Casanare,comercio,2725.943
2021,85,Casanare,comercio,3022.422
2022,85,Casanare,comercio,3659.607
2023,85,Casanare,comercio,4118.151
2024,85,Casanare,comercio,4347.552
2025,85,Casanare,comercio,4686.046
2005,85,Casanare,construccion,171.863
2006,85,Casanare,construccion,228.110
2007,85,Casanare,construccion,279.678
2008,85,Casanare,construccion,297.006
2009,85,Casanare,construccion,410.218
2010,85,Casanare,construccion,468.755
2011,85,Casanare,construccion,427.729
2012,85,Casanare,construccion,508.815
2013,85,Casanare,construccion,398.920
2014,85,Casanare,construccion,729.671
2015,85,Casanare,construccion,800.086
2016,85,Casanare,construccion,562.586
2017,85,Casanare,construccion,405.707
2018,85,Casanare,construccion,426.924
2019,85,Casanare,construccion,453.690
2020,85,Casanare,construccion,346.427
2021,85,Casanare,construccion,388.762
2022,85,Casanare,construccion,358.044
2023,85,Casanare,construccion,412.415
2024,85,Casanare,construccion,507.850
2025,85,Casanare,construccion,514.432
2005,85,Casanare,electricidad,55.103
2006,85,Casanare,electricidad,61.105
2007,85,Casanare,electricidad,70.774
2008,85,Casanare,electricidad,80.226
2009,85,Casanare,electricidad,89.600
2010,85,Casanare,electricidad,102.912
2011,85,Casanare,electricidad,126.878
2012,85,Casanare,electricidad,153.971
2013,85,Casanare,electricidad,174.239
2014,85,Casanare,electricidad,195.178
2015,85,Casanare,electricidad,207.322
2016,85,Casanare,electricidad,246.184
2017,85,Casanare,electricidad,257.227
2018,85,Casanare,electricidad,280.610
2019,85,Casanare,electricidad,311.580
2020,85,Casanare,electricidad,344.719
2021,85,Casanare,electricidad,380.885
2022,85,Casanare,electricidad,476.290
2023,85,Casanare,electricidad,594.454
2024,85,Casanare,electricidad,682.323
2025,85,Casanare,electricidad,652.562
2005,85,Casanare,finanzas,51.032
2006,85,Casanare,finanzas,47.909
2007,85,Casanare,finanzas,54.993
2008,85,Casanare,finanzas,81.502
2009,85,Casanare,finanzas,89.549
2010,85,Casanare,finanzas,103.647
2011,85,Casanare,finanzas,112.517
2012,85,Casanare,finanzas,137.718
2013,85,Casanare,finanzas,153.112
2014,85,Casanare,finanzas,159.566
2015,85,Casanare,finanzas,174.834
2016,85,Casanare,finanzas,157.921
2017,85,Casanare,finanzas,178.113
2018,85,Casanare,finanzas,192.146
2019,85,Casanare,finanzas,208.866
2020,85,Casanare,finanzas,215.753
2021,85,Casanare,finanzas,228.517
2022,85,Casanare,finanzas,243.468
2023,85,Casanare,finanzas,268.392
2024,85,Casanare,finanzas,300.011
2025,85,Casanare,finanzas,328.638
2005,85,Casanare,gobierno,337.057
2006,85,Casanare,gobierno,377.242
2007,85,Casanare,gobierno,387.654
2008,85,Casanare,gobierno,420.253
2009,85,Casanare,gobierno,465.810
2010,85,Casanare,gobierno,520.699
2011,85,Casanare,gobierno,569.883
2012,85,Casanare,gobierno,653.418
2013,85,Casanare,gobierno,756.339
2014,85,Casanare,gobierno,824.438
2015,85,Casanare,gobierno,918.482
2016,85,Casanare,gobierno,1009.184
2017,85,Casanare,gobierno,1095.043
2018,85,Casanare,gobierno,1183.243
2019,85,Casanare,gobierno,1286.041
2020,85,Casanare,gobierno,1333.116
2021,85,Casanare,gobierno,1482.682
2022,85,Casanare,gobierno,1596.695
2023,85,Casanare,gobierno,1845.897
2024,85,Casanare,gobierno,2095.636
2025,85,Casanare,gobierno,2311.751
2005,85,Casanare,impuestos,200.586
2006,85,Casanare,impuestos,216.760
2007,85,Casanare,impuestos,248.046
2008,85,Casanare,impuestos,299.576
2009,85,Casanare,impuestos,298.454
2010,85,Casanare,impuestos,340.792
2011,85,Casanare,impuestos,419.136
2012,85,Casanare,impuestos,444.708
2013,85,Casanare,impuestos,454.639
2014,85,Casanare,impuestos,497.207
2015,85,Casanare,impuestos,446.694
2016,85,Casanare,impuestos,398.212
2017,85,Casanare,impuestos,495.689
2018,85,Casanare,impuestos,534.630
2019,85,Casanare,impuestos,597.258
2020,85,Casanare,impuestos,515.091
2021,85,Casanare,impuestos,660.593
2022,85,Casanare,impuestos,862.140
2023,85,Casanare,impuestos,895.393
2024,85,Casanare,impuestos,943.115
2025,85,Casanare,impuestos,1033.455
2005,85,Casanare,industria,158.688
2006,85,Casanare,industria,167.382
2007,85,Casanare,industria,194.344
2008,85,Casanare,industria,244.342
2009,85,Casanare,industria,227.491
2010,85,Casanare,industria,218.353
2011,85,Casanare,industria,264.001
2012,85,Casanare,industria,257.971
2013,85,Casanare,industria,251.198
2014,85,Casanare,industria,301.766
2015,85,Casanare,industria,298.331
2016,85,Casanare,industria,354.162
2017,85,Casanare,industria,348.421
2018,85,Casanare,industria,357.232
2019,85,Casanare,industria,357.238
2020,85,Casanare,industria,356.243
2021,85,Casanare,industria,552.350
2022,85,Casanare,industria,702.846
2023,85,Casanare,industria,678.059
2024,85,Casanare,industria,658.558
2025,85,Casanare,industria,736.009
2005,85,Casanare,informacion,42.633
2006,85,Casanare,informacion,49.907
2007,85,Casanare,informacion,58.329
2008,85,Casanare,informacion,63.637
2009,85,Casanare,informacion,64.845
2010,85,Casanare,informacion,64.049
2011,85,Casanare,informacion,67.763
2012,85,Casanare,informacion,68.084
2013,85,Casanare,informacion,72.364
2014,85,Casanare,informacion,76.790
2015,85,Casanare,informacion,75.890
2016,85,Casanare,informacion,77.731
2017,85,Casanare,informacion,85.324
2018,85,Casanare,informacion,83.194
2019,85,Casanare,informacion,85.833
2020,85,Casanare,informacion,82.250
2021,85,Casanare,informacion,92.208
2022,85,Casanare,informacion,100.173
2023,85,Casanare,informacion,103.533
2024,85,Casanare,informacion,106.472
2025,85,Casanare,informacion,108.855
2005,85,Casanare,inmobiliarias,162.944
2006,85,Casanare,inmobiliarias,174.714
2007,85,Casanare,inmobiliarias,198.416
2008,85,Casanare,inmobiliarias,221.866
2009,85,Casanare,inmobiliarias,233.814
2010,85,Casanare,inmobiliarias,253.608
2011,85,Casanare,inmobiliarias,273.144
2012,85,Casanare,inmobiliarias,288.769
2013,85,Casanare,inmobiliarias,308.342
2014,85,Casanare,inmobiliarias,320.499
2015,85,Casanare,inmobiliarias,339.215
2016,85,Casanare,inmobiliarias,362.886
2017,85,Casanare,inmobiliarias,386.982
2018,85,Casanare,inmobiliarias,417.626
2019,85,Casanare,inmobiliarias,444.485
2020,85,Casanare,inmobiliarias,456.981
2021,85,Casanare,inmobiliarias,478.158
2022,85,Casanare,inmobiliarias,511.328
2023,85,Casanare,inmobiliarias,562.452
2024,85,Casanare,inmobiliarias,617.002
2025,85,Casanare,inmobiliarias,662.690
2005,85,Casanare,mineria,5292.068
2006,85,Casanare,mineria,5369.898
2007,85,Casanare,mineria,4605.724
2008,85,Casanare,mineria,6023.423
2009,85,Casanare,mineria,5042.506
2010,85,Casanare,mineria,5992.487
2011,85,Casanare,mineria,9551.727
2012,85,Casanare,mineria,10334.396
2013,85,Casanare,mineria,11125.655
2014,85,Casanare,mineria,10572.106
2015,85,Casanare,mineria,6351.071
2016,85,Casanare,mineria,4315.003
2017,85,Casanare,mineria,5634.760
2018,85,Casanare,mineria,7623.485
2019,85,Casanare,mineria,7952.242
2020,85,Casanare,mineria,4143.544
2021,85,Casanare,mineria,7010.711
2022,85,Casanare,mineria,10964.570
2023,85,Casanare,mineria,9677.789
2024,85,Casanare,mineria,8741.555
2025,85,Casanare,mineria,7478.207
2005,85,Casanare,profesionales,39.650
2006,85,Casanare,profesionales,46.554
2007,85,Casanare,profesionales,55.567
2008,85,Casanare,profesionales,63.448
2009,85,Casanare,profesionales,72.642
2010,85,Casanare,profesionales,81.526
2011,85,Casanare,profesionales,93.805
2012,85,Casanare,profesionales,105.874
2013,85,Casanare,profesionales,118.647
2014,85,Casanare,profesionales,142.356
2015,85,Casanare,profesionales,139.177
2016,85,Casanare,profesionales,140.923
2017,85,Casanare,profesionales,152.571
2018,85,Casanare,profesionales,166.143
2019,85,Casanare,profesionales,178.411
2020,85,Casanare,profesionales,180.137
2021,85,Casanare,profesionales,194.436
2022,85,Casanare,profesionales,222.599
2023,85,Casanare,profesionales,249.926
2024,85,Casanare,profesionales,264.261
2025,85,Casanare,profesionales,280.221
2005,86,Putumayo,agro,98.815
2006,86,Putumayo,agro,105.437
2007,86,Putumayo,agro,115.316
2008,86,Putumayo,agro,106.968
2009,86,Putumayo,agro,109.665
2010,86,Putumayo,agro,119.898
2011,86,Putumayo,agro,138.771
2012,86,Putumayo,agro,150.499
2013,86,Putumayo,agro,149.365
2014,86,Putumayo,agro,153.379
2015,86,Putumayo,agro,191.480
2016,86,Putumayo,agro,218.826
2017,86,Putumayo,agro,206.256
2018,86,Putumayo,agro,212.105
2019,86,Putumayo,agro,220.272
2020,86,Putumayo,agro,243.220
2021,86,Putumayo,agro,310.588
2022,86,Putumayo,agro,417.602
2023,86,Putumayo,agro,459.865
2024,86,Putumayo,agro,520.457
2025,86,Putumayo,agro,578.185
2005,86,Putumayo,arte,17.675
2006,86,Putumayo,arte,18.987
2007,86,Putumayo,arte,19.424
2008,86,Putumayo,arte,23.571
2009,86,Putumayo,arte,25.112
2010,86,Putumayo,arte,30.561
2011,86,Putumayo,arte,35.260
2012,86,Putumayo,arte,38.260
2013,86,Putumayo,arte,41.179
2014,86,Putumayo,arte,43.126
2015,86,Putumayo,arte,45.404
2016,86,Putumayo,arte,54.266
2017,86,Putumayo,arte,56.228
2018,86,Putumayo,arte,59.080
2019,86,Putumayo,arte,67.947
2020,86,Putumayo,arte,63.080
2021,86,Putumayo,arte,88.197
2022,86,Putumayo,arte,122.458
2023,86,Putumayo,arte,151.003
2024,86,Putumayo,arte,176.907
2025,86,Putumayo,arte,210.994
2005,86,Putumayo,comercio,161.462
2006,86,Putumayo,comercio,200.918
2007,86,Putumayo,comercio,251.369
2008,86,Putumayo,comercio,269.144
2009,86,Putumayo,comercio,288.886
2010,86,Putumayo,comercio,295.030
2011,86,Putumayo,comercio,324.355
2012,86,Putumayo,comercio,349.370
2013,86,Putumayo,comercio,387.598
2014,86,Putumayo,comercio,426.201
2015,86,Putumayo,comercio,482.709
2016,86,Putumayo,comercio,551.065
2017,86,Putumayo,comercio,574.847
2018,86,Putumayo,comercio,612.601
2019,86,Putumayo,comercio,647.928
2020,86,Putumayo,comercio,568.695
2021,86,Putumayo,comercio,702.499
2022,86,Putumayo,comercio,881.371
2023,86,Putumayo,comercio,971.621
2024,86,Putumayo,comercio,1038.213
2025,86,Putumayo,comercio,1142.267
2005,86,Putumayo,construccion,43.202
2006,86,Putumayo,construccion,56.414
2007,86,Putumayo,construccion,94.087
2008,86,Putumayo,construccion,90.634
2009,86,Putumayo,construccion,120.052
2010,86,Putumayo,construccion,114.019
2011,86,Putumayo,construccion,140.467
2012,86,Putumayo,construccion,156.712
2013,86,Putumayo,construccion,170.710
2014,86,Putumayo,construccion,239.868
2015,86,Putumayo,construccion,214.924
2016,86,Putumayo,construccion,317.236
2017,86,Putumayo,construccion,243.959
2018,86,Putumayo,construccion,270.615
2019,86,Putumayo,construccion,253.918
2020,86,Putumayo,construccion,197.810
2021,86,Putumayo,construccion,223.047
2022,86,Putumayo,construccion,267.672
2023,86,Putumayo,construccion,305.957
2024,86,Putumayo,construccion,366.228
2025,86,Putumayo,construccion,365.849
2005,86,Putumayo,electricidad,4.791
2006,86,Putumayo,electricidad,5.315
2007,86,Putumayo,electricidad,6.239
2008,86,Putumayo,electricidad,6.646
2009,86,Putumayo,electricidad,7.466
2010,86,Putumayo,electricidad,8.876
2011,86,Putumayo,electricidad,10.706
2012,86,Putumayo,electricidad,12.038
2013,86,Putumayo,electricidad,13.024
2014,86,Putumayo,electricidad,14.962
2015,86,Putumayo,electricidad,15.786
2016,86,Putumayo,electricidad,17.700
2017,86,Putumayo,electricidad,18.507
2018,86,Putumayo,electricidad,20.642
2019,86,Putumayo,electricidad,23.175
2020,86,Putumayo,electricidad,26.032
2021,86,Putumayo,electricidad,29.453
2022,86,Putumayo,electricidad,37.084
2023,86,Putumayo,electricidad,47.038
2024,86,Putumayo,electricidad,54.926
2025,86,Putumayo,electricidad,51.148
2005,86,Putumayo,finanzas,21.871
2006,86,Putumayo,finanzas,23.992
2007,86,Putumayo,finanzas,27.751
2008,86,Putumayo,finanzas,34.266
2009,86,Putumayo,finanzas,35.345
2010,86,Putumayo,finanzas,39.074
2011,86,Putumayo,finanzas,44.002
2012,86,Putumayo,finanzas,47.437
2013,86,Putumayo,finanzas,49.107
2014,86,Putumayo,finanzas,56.098
2015,86,Putumayo,finanzas,51.705
2016,86,Putumayo,finanzas,50.784
2017,86,Putumayo,finanzas,57.666
2018,86,Putumayo,finanzas,63.478
2019,86,Putumayo,finanzas,70.571
2020,86,Putumayo,finanzas,72.967
2021,86,Putumayo,finanzas,79.108
2022,86,Putumayo,finanzas,83.351
2023,86,Putumayo,finanzas,91.166
2024,86,Putumayo,finanzas,104.689
2025,86,Putumayo,finanzas,114.783
2005,86,Putumayo,gobierno,329.102
2006,86,Putumayo,gobierno,338.793
2007,86,Putumayo,gobierno,411.881
2008,86,Putumayo,gobierno,445.487
2009,86,Putumayo,gobierno,487.794
2010,86,Putumayo,gobierno,518.066
2011,86,Putumayo,gobierno,547.675
2012,86,Putumayo,gobierno,600.365
2013,86,Putumayo,gobierno,653.447
2014,86,Putumayo,gobierno,692.365
2015,86,Putumayo,gobierno,767.568
2016,86,Putumayo,gobierno,842.270
2017,86,Putumayo,gobierno,911.387
2018,86,Putumayo,gobierno,985.926
2019,86,Putumayo,gobierno,1069.263
2020,86,Putumayo,gobierno,1115.734
2021,86,Putumayo,gobierno,1227.300
2022,86,Putumayo,gobierno,1325.711
2023,86,Putumayo,gobierno,1525.284
2024,86,Putumayo,gobierno,1727.931
2025,86,Putumayo,gobierno,1905.463
2005,86,Putumayo,impuestos,41.434
2006,86,Putumayo,impuestos,56.393
2007,86,Putumayo,impuestos,68.608
2008,86,Putumayo,impuestos,72.018
2009,86,Putumayo,impuestos,74.508
2010,86,Putumayo,impuestos,84.622
2011,86,Putumayo,impuestos,98.151
2012,86,Putumayo,impuestos,101.506
2013,86,Putumayo,impuestos,120.506
2014,86,Putumayo,impuestos,129.001
2015,86,Putumayo,impuestos,113.458
2016,86,Putumayo,impuestos,102.491
2017,86,Putumayo,impuestos,127.254
2018,86,Putumayo,impuestos,136.260
2019,86,Putumayo,impuestos,150.596
2020,86,Putumayo,impuestos,134.527
2021,86,Putumayo,impuestos,164.262
2022,86,Putumayo,impuestos,216.792
2023,86,Putumayo,impuestos,224.879
2024,86,Putumayo,impuestos,237.627
2025,86,Putumayo,impuestos,260.606
2005,86,Putumayo,industria,25.733
2006,86,Putumayo,industria,28.773
2007,86,Putumayo,industria,36.418
2008,86,Putumayo,industria,37.214
2009,86,Putumayo,industria,42.018
2010,86,Putumayo,industria,50.416
2011,86,Putumayo,industria,50.421
2012,86,Putumayo,industria,55.831
2013,86,Putumayo,industria,51.057
2014,86,Putumayo,industria,30.290
2015,86,Putumayo,industria,29.833
2016,86,Putumayo,industria,27.907
2017,86,Putumayo,industria,27.708
2018,86,Putumayo,industria,29.834
2019,86,Putumayo,industria,30.617
2020,86,Putumayo,industria,28.980
2021,86,Putumayo,industria,37.280
2022,86,Putumayo,industria,46.065
2023,86,Putumayo,industria,49.352
2024,86,Putumayo,industria,50.585
2025,86,Putumayo,industria,54.196
2005,86,Putumayo,informacion,6.534
2006,86,Putumayo,informacion,8.836
2007,86,Putumayo,informacion,10.526
2008,86,Putumayo,informacion,11.417
2009,86,Putumayo,informacion,11.567
2010,86,Putumayo,informacion,10.300
2011,86,Putumayo,informacion,10.897
2012,86,Putumayo,informacion,10.650
2013,86,Putumayo,informacion,11.268
2014,86,Putumayo,informacion,11.710
2015,86,Putumayo,informacion,11.996
2016,86,Putumayo,informacion,12.505
2017,86,Putumayo,informacion,13.728
2018,86,Putumayo,informacion,14.397
2019,86,Putumayo,informacion,14.860
2020,86,Putumayo,informacion,14.282
2021,86,Putumayo,informacion,15.282
2022,86,Putumayo,informacion,15.993
2023,86,Putumayo,informacion,16.695
2024,86,Putumayo,informacion,17.070
2025,86,Putumayo,informacion,17.431
2005,86,Putumayo,inmobiliarias,65.143
2006,86,Putumayo,inmobiliarias,78.646
2007,86,Putumayo,inmobiliarias,84.018
2008,86,Putumayo,inmobiliarias,92.000
2009,86,Putumayo,inmobiliarias,100.144
2010,86,Putumayo,inmobiliarias,102.842
2011,86,Putumayo,inmobiliarias,110.849
2012,86,Putumayo,inmobiliarias,118.873
2013,86,Putumayo,inmobiliarias,126.893
2014,86,Putumayo,inmobiliarias,133.471
2015,86,Putumayo,inmobiliarias,141.105
2016,86,Putumayo,inmobiliarias,149.833
2017,86,Putumayo,inmobiliarias,161.001
2018,86,Putumayo,inmobiliarias,172.195
2019,86,Putumayo,inmobiliarias,183.464
2020,86,Putumayo,inmobiliarias,187.780
2021,86,Putumayo,inmobiliarias,192.692
2022,86,Putumayo,inmobiliarias,204.820
2023,86,Putumayo,inmobiliarias,224.791
2024,86,Putumayo,inmobiliarias,244.657
2025,86,Putumayo,inmobiliarias,260.625
2005,86,Putumayo,mineria,289.351
2006,86,Putumayo,mineria,393.267
2007,86,Putumayo,mineria,421.963
2008,86,Putumayo,mineria,814.978
2009,86,Putumayo,mineria,965.513
2010,86,Putumayo,mineria,1483.981
2011,86,Putumayo,mineria,2093.461
2012,86,Putumayo,mineria,2058.420
2013,86,Putumayo,mineria,2682.544
2014,86,Putumayo,mineria,2507.424
2015,86,Putumayo,mineria,1365.813
2016,86,Putumayo,mineria,902.176
2017,86,Putumayo,mineria,1162.150
2018,86,Putumayo,mineria,1401.135
2019,86,Putumayo,mineria,1258.049
2020,86,Putumayo,mineria,652.932
2021,86,Putumayo,mineria,1147.115
2022,86,Putumayo,mineria,1991.206
2023,86,Putumayo,mineria,1682.108
2024,86,Putumayo,mineria,1521.595
2025,86,Putumayo,mineria,1306.180
2005,86,Putumayo,profesionales,10.675
2006,86,Putumayo,profesionales,15.105
2007,86,Putumayo,profesionales,18.251
2008,86,Putumayo,profesionales,20.768
2009,86,Putumayo,profesionales,24.354
2010,86,Putumayo,profesionales,28.219
2011,86,Putumayo,profesionales,32.388
2012,86,Putumayo,profesionales,35.839
2013,86,Putumayo,profesionales,40.584
2014,86,Putumayo,profesionales,47.452
2015,86,Putumayo,profesionales,49.658
2016,86,Putumayo,profesionales,50.929
2017,86,Putumayo,profesionales,52.324
2018,86,Putumayo,profesionales,55.117
2019,86,Putumayo,profesionales,58.218
2020,86,Putumayo,profesionales,54.521
2021,86,Putumayo,profesionales,62.159
2022,86,Putumayo,profesionales,73.298
2023,86,Putumayo,profesionales,80.773
2024,86,Putumayo,profesionales,85.691
2025,86,Putumayo,profesionales,90.734
2005,88,"San Andrés, Providencia y Santa Catalina (Archipiélago)",agro,8.983
2006,88,"San Andrés, Providencia y Santa Catalina (Archipiélago)",agro,8.852
2007,88,"San Andrés, Providencia y Santa Catalina (Archipiélago)",agro,9.678
2008,88,"San Andrés, Providencia y Santa Catalina (Archipiélago)",agro,11.387
2009,88,"San Andrés, Providencia y Santa Catalina (Archipiélago)",agro,11.217
2010,88,"San Andrés, Providencia y Santa Catalina (Archipiélago)",agro,11.012
2011,88,"San Andrés, Providencia y Santa Catalina (Archipiélago)",agro,10.830
2012,88,"San Andrés, Providencia y Santa Catalina (Archipiélago)",agro,10.585
2013,88,"San Andrés, Providencia y Santa Catalina (Archipiélago)",agro,11.285
2014,88,"San Andrés, Providencia y Santa Catalina (Archipiélago)",agro,12.981
2015,88,"San Andrés, Providencia y Santa Catalina (Archipiélago)",agro,14.653
2016,88,"San Andrés, Providencia y Santa Catalina (Archipiélago)",agro,17.565
2017,88,"San Andrés, Providencia y Santa Catalina (Archipiélago)",agro,17.108
2018,88,"San Andrés, Providencia y Santa Catalina (Archipiélago)",agro,19.244
2019,88,"San Andrés, Providencia y Santa Catalina (Archipiélago)",agro,19.950
2020,88,"San Andrés, Providencia y Santa Catalina (Archipiélago)",agro,22.805
2021,88,"San Andrés, Providencia y Santa Catalina (Archipiélago)",agro,27.350
2022,88,"San Andrés, Providencia y Santa Catalina (Archipiélago)",agro,34.554
2023,88,"San Andrés, Providencia y Santa Catalina (Archipiélago)",agro,37.755
2024,88,"San Andrés, Providencia y Santa Catalina (Archipiélago)",agro,44.305
2025,88,"San Andrés, Providencia y Santa Catalina (Archipiélago)",agro,50.043
2005,88,"San Andrés, Providencia y Santa Catalina (Archipiélago)",arte,3.732
2006,88,"San Andrés, Providencia y Santa Catalina (Archipiélago)",arte,3.953
2007,88,"San Andrés, Providencia y Santa Catalina (Archipiélago)",arte,4.469
2008,88,"San Andrés, Providencia y Santa Catalina (Archipiélago)",arte,5.020
2009,88,"San Andrés, Providencia y Santa Catalina (Archipiélago)",arte,5.277
2010,88,"San Andrés, Providencia y Santa Catalina (Archipiélago)",arte,5.706
2011,88,"San Andrés, Providencia y Santa Catalina (Archipiélago)",arte,6.952
2012,88,"San Andrés, Providencia y Santa Catalina (Archipiélago)",arte,7.273
2013,88,"San Andrés, Providencia y Santa Catalina (Archipiélago)",arte,7.396
2014,88,"San Andrés, Providencia y Santa Catalina (Archipiélago)",arte,7.163
2015,88,"San Andrés, Providencia y Santa Catalina (Archipiélago)",arte,7.562
2016,88,"San Andrés, Providencia y Santa Catalina (Archipiélago)",arte,6.941
2017,88,"San Andrés, Providencia y Santa Catalina (Archipiélago)",arte,7.822
2018,88,"San Andrés, Providencia y Santa Catalina (Archipiélago)",arte,8.102
2019,88,"San Andrés, Providencia y Santa Catalina (Archipiélago)",arte,9.000
2020,88,"San Andrés, Providencia y Santa Catalina (Archipiélago)",arte,8.275
2021,88,"San Andrés, Providencia y Santa Catalina (Archipiélago)",arte,12.018
2022,88,"San Andrés, Providencia y Santa Catalina (Archipiélago)",arte,17.071
2023,88,"San Andrés, Providencia y Santa Catalina (Archipiélago)",arte,20.762
2024,88,"San Andrés, Providencia y Santa Catalina (Archipiélago)",arte,24.277
2025,88,"San Andrés, Providencia y Santa Catalina (Archipiélago)",arte,28.988
2005,88,"San Andrés, Providencia y Santa Catalina (Archipiélago)",comercio,254.418
2006,88,"San Andrés, Providencia y Santa Catalina (Archipiélago)",comercio,291.668
2007,88,"San Andrés, Providencia y Santa Catalina (Archipiélago)",comercio,349.271
2008,88,"San Andrés, Providencia y Santa Catalina (Archipiélago)",comercio,372.453
2009,88,"San Andrés, Providencia y Santa Catalina (Archipiélago)",comercio,399.941
2010,88,"San Andrés, Providencia y Santa Catalina (Archipiélago)",comercio,418.303
2011,88,"San Andrés, Providencia y Santa Catalina (Archipiélago)",comercio,458.018
2012,88,"San Andrés, Providencia y Santa Catalina (Archipiélago)",comercio,505.127
2013,88,"San Andrés, Providencia y Santa Catalina (Archipiélago)",comercio,573.111
2014,88,"San Andrés, Providencia y Santa Catalina (Archipiélago)",comercio,642.197
2015,88,"San Andrés, Providencia y Santa Catalina (Archipiélago)",comercio,725.222
2016,88,"San Andrés, Providencia y Santa Catalina (Archipiélago)",comercio,773.679
2017,88,"San Andrés, Providencia y Santa Catalina (Archipiélago)",comercio,829.955
2018,88,"San Andrés, Providencia y Santa Catalina (Archipiélago)",comercio,875.947
2019,88,"San Andrés, Providencia y Santa Catalina (Archipiélago)",comercio,938.548
2020,88,"San Andrés, Providencia y Santa Catalina (Archipiélago)",comercio,670.528
2021,88,"San Andrés, Providencia y Santa Catalina (Archipiélago)",comercio,947.791
2022,88,"San Andrés, Providencia y Santa Catalina (Archipiélago)",comercio,1242.690
2023,88,"San Andrés, Providencia y Santa Catalina (Archipiélago)",comercio,1337.137
2024,88,"San Andrés, Providencia y Santa Catalina (Archipiélago)",comercio,1461.306
2025,88,"San Andrés, Providencia y Santa Catalina (Archipiélago)",comercio,1605.112
2005,88,"San Andrés, Providencia y Santa Catalina (Archipiélago)",construccion,6.844
2006,88,"San Andrés, Providencia y Santa Catalina (Archipiélago)",construccion,9.602
2007,88,"San Andrés, Providencia y Santa Catalina (Archipiélago)",construccion,14.970
2008,88,"San Andrés, Providencia y Santa Catalina (Archipiélago)",construccion,12.538
2009,88,"San Andrés, Providencia y Santa Catalina (Archipiélago)",construccion,20.445
2010,88,"San Andrés, Providencia y Santa Catalina (Archipiélago)",construccion,18.911
2011,88,"San Andrés, Providencia y Santa Catalina (Archipiélago)",construccion,20.794
2012,88,"San Andrés, Providencia y Santa Catalina (Archipiélago)",construccion,26.578
2013,88,"San Andrés, Providencia y Santa Catalina (Archipiélago)",construccion,31.801
2014,88,"San Andrés, Providencia y Santa Catalina (Archipiélago)",construccion,29.973
2015,88,"San Andrés, Providencia y Santa Catalina (Archipiélago)",construccion,33.474
2016,88,"San Andrés, Providencia y Santa Catalina (Archipiélago)",construccion,47.070
2017,88,"San Andrés, Providencia y Santa Catalina (Archipiélago)",construccion,43.482
2018,88,"San Andrés, Providencia y Santa Catalina (Archipiélago)",construccion,42.288
2019,88,"San Andrés, Providencia y Santa Catalina (Archipiélago)",construccion,42.745
2020,88,"San Andrés, Providencia y Santa Catalina (Archipiélago)",construccion,31.309
2021,88,"San Andrés, Providencia y Santa Catalina (Archipiélago)",construccion,34.499
2022,88,"San Andrés, Providencia y Santa Catalina (Archipiélago)",construccion,37.176
2023,88,"San Andrés, Providencia y Santa Catalina (Archipiélago)",construccion,45.273
2024,88,"San Andrés, Providencia y Santa Catalina (Archipiélago)",construccion,47.713
2025,88,"San Andrés, Providencia y Santa Catalina (Archipiélago)",construccion,42.323
2005,88,"San Andrés, Providencia y Santa Catalina (Archipiélago)",electricidad,11.986
2006,88,"San Andrés, Providencia y Santa Catalina (Archipiélago)",electricidad,13.219
2007,88,"San Andrés, Providencia y Santa Catalina (Archipiélago)",electricidad,14.407
2008,88,"San Andrés, Providencia y Santa Catalina (Archipiélago)",electricidad,15.349
2009,88,"San Andrés, Providencia y Santa Catalina (Archipiélago)",electricidad,16.762
2010,88,"San Andrés, Providencia y Santa Catalina (Archipiélago)",electricidad,18.547
2011,88,"San Andrés, Providencia y Santa Catalina (Archipiélago)",electricidad,19.779
2012,88,"San Andrés, Providencia y Santa Catalina (Archipiélago)",electricidad,20.849
2013,88,"San Andrés, Providencia y Santa Catalina (Archipiélago)",electricidad,22.057
2014,88,"San Andrés, Providencia y Santa Catalina (Archipiélago)",electricidad,22.706
2015,88,"San Andrés, Providencia y Santa Catalina (Archipiélago)",electricidad,23.926
2016,88,"San Andrés, Providencia y Santa Catalina (Archipiélago)",electricidad,26.602
2017,88,"San Andrés, Providencia y Santa Catalina (Archipiélago)",electricidad,27.387
2018,88,"San Andrés, Providencia y Santa Catalina (Archipiélago)",electricidad,29.728
2019,88,"San Andrés, Providencia y Santa Catalina (Archipiélago)",electricidad,32.801
2020,88,"San Andrés, Providencia y Santa Catalina (Archipiélago)",electricidad,34.125
2021,88,"San Andrés, Providencia y Santa Catalina (Archipiélago)",electricidad,38.720
2022,88,"San Andrés, Providencia y Santa Catalina (Archipiélago)",electricidad,47.420
2023,88,"San Andrés, Providencia y Santa Catalina (Archipiélago)",electricidad,59.045
2024,88,"San Andrés, Providencia y Santa Catalina (Archipiélago)",electricidad,68.118
2025,88,"San Andrés, Providencia y Santa Catalina (Archipiélago)",electricidad,65.070
2005,88,"San Andrés, Providencia y Santa Catalina (Archipiélago)",finanzas,10.935
2006,88,"San Andrés, Providencia y Santa Catalina (Archipiélago)",finanzas,10.501
2007,88,"San Andrés, Providencia y Santa Catalina (Archipiélago)",finanzas,13.157
2008,88,"San Andrés, Providencia y Santa Catalina (Archipiélago)",finanzas,15.643
2009,88,"San Andrés, Providencia y Santa Catalina (Archipiélago)",finanzas,16.603
2010,88,"San Andrés, Providencia y Santa Catalina (Archipiélago)",finanzas,18.992
2011,88,"San Andrés, Providencia y Santa Catalina (Archipiélago)",finanzas,21.666
2012,88,"San Andrés, Providencia y Santa Catalina (Archipiélago)",finanzas,24.641
2013,88,"San Andrés, Providencia y Santa Catalina (Archipiélago)",finanzas,27.628
2014,88,"San Andrés, Providencia y Santa Catalina (Archipiélago)",finanzas,32.223
2015,88,"San Andrés, Providencia y Santa Catalina (Archipiélago)",finanzas,34.291
2016,88,"San Andrés, Providencia y Santa Catalina (Archipiélago)",finanzas,33.123
2017,88,"San Andrés, Providencia y Santa Catalina (Archipiélago)",finanzas,37.937
2018,88,"San Andrés, Providencia y Santa Catalina (Archipiélago)",finanzas,41.193
2019,88,"San Andrés, Providencia y Santa Catalina (Archipiélago)",finanzas,45.679
2020,88,"San Andrés, Providencia y Santa Catalina (Archipiélago)",finanzas,46.991
2021,88,"San Andrés, Providencia y Santa Catalina (Archipiélago)",finanzas,50.861
2022,88,"San Andrés, Providencia y Santa Catalina (Archipiélago)",finanzas,53.607
2023,88,"San Andrés, Providencia y Santa Catalina (Archipiélago)",finanzas,58.986
2024,88,"San Andrés, Providencia y Santa Catalina (Archipiélago)",finanzas,66.444
2025,88,"San Andrés, Providencia y Santa Catalina (Archipiélago)",finanzas,72.652
2005,88,"San Andrés, Providencia y Santa Catalina (Archipiélago)",gobierno,97.438
2006,88,"San Andrés, Providencia y Santa Catalina (Archipiélago)",gobierno,104.710
2007,88,"San Andrés, Providencia y Santa Catalina (Archipiélago)",gobierno,112.847
2008,88,"San Andrés, Providencia y Santa Catalina (Archipiélago)",gobierno,118.949
2009,88,"San Andrés, Providencia y Santa Catalina (Archipiélago)",gobierno,125.982
2010,88,"San Andrés, Providencia y Santa Catalina (Archipiélago)",gobierno,129.369
2011,88,"San Andrés, Providencia y Santa Catalina (Archipiélago)",gobierno,139.126
2012,88,"San Andrés, Providencia y Santa Catalina (Archipiélago)",gobierno,147.001
2013,88,"San Andrés, Providencia y Santa Catalina (Archipiélago)",gobierno,158.870
2014,88,"San Andrés, Providencia y Santa Catalina (Archipiélago)",gobierno,167.494
2015,88,"San Andrés, Providencia y Santa Catalina (Archipiélago)",gobierno,174.433
2016,88,"San Andrés, Providencia y Santa Catalina (Archipiélago)",gobierno,193.628
2017,88,"San Andrés, Providencia y Santa Catalina (Archipiélago)",gobierno,210.971
2018,88,"San Andrés, Providencia y Santa Catalina (Archipiélago)",gobierno,229.118
2019,88,"San Andrés, Providencia y Santa Catalina (Archipiélago)",gobierno,247.417
2020,88,"San Andrés, Providencia y Santa Catalina (Archipiélago)",gobierno,256.137
2021,88,"San Andrés, Providencia y Santa Catalina (Archipiélago)",gobierno,272.096
2022,88,"San Andrés, Providencia y Santa Catalina (Archipiélago)",gobierno,293.864
2023,88,"San Andrés, Providencia y Santa Catalina (Archipiélago)",gobierno,338.715
2024,88,"San Andrés, Providencia y Santa Catalina (Archipiélago)",gobierno,379.863
2025,88,"San Andrés, Providencia y Santa Catalina (Archipiélago)",gobierno,414.082
2005,88,"San Andrés, Providencia y Santa Catalina (Archipiélago)",impuestos,29.285
2006,88,"San Andrés, Providencia y Santa Catalina (Archipiélago)",impuestos,38.138
2007,88,"San Andrés, Providencia y Santa Catalina (Archipiélago)",impuestos,43.643
2008,88,"San Andrés, Providencia y Santa Catalina (Archipiélago)",impuestos,44.050
2009,88,"San Andrés, Providencia y Santa Catalina (Archipiélago)",impuestos,50.636
2010,88,"San Andrés, Providencia y Santa Catalina (Archipiélago)",impuestos,52.042
2011,88,"San Andrés, Providencia y Santa Catalina (Archipiélago)",impuestos,61.145
2012,88,"San Andrés, Providencia y Santa Catalina (Archipiélago)",impuestos,66.905
2013,88,"San Andrés, Providencia y Santa Catalina (Archipiélago)",impuestos,78.849
2014,88,"San Andrés, Providencia y Santa Catalina (Archipiélago)",impuestos,96.154
2015,88,"San Andrés, Providencia y Santa Catalina (Archipiélago)",impuestos,98.892
2016,88,"San Andrés, Providencia y Santa Catalina (Archipiélago)",impuestos,95.483
2017,88,"San Andrés, Providencia y Santa Catalina (Archipiélago)",impuestos,109.226
2018,88,"San Andrés, Providencia y Santa Catalina (Archipiélago)",impuestos,120.006
2019,88,"San Andrés, Providencia y Santa Catalina (Archipiélago)",impuestos,129.101
2020,88,"San Andrés, Providencia y Santa Catalina (Archipiélago)",impuestos,113.963
2021,88,"San Andrés, Providencia y Santa Catalina (Archipiélago)",impuestos,137.703
2022,88,"San Andrés, Providencia y Santa Catalina (Archipiélago)",impuestos,184.288
2023,88,"San Andrés, Providencia y Santa Catalina (Archipiélago)",impuestos,191.093
2024,88,"San Andrés, Providencia y Santa Catalina (Archipiélago)",impuestos,200.877
2025,88,"San Andrés, Providencia y Santa Catalina (Archipiélago)",impuestos,223.605
2005,88,"San Andrés, Providencia y Santa Catalina (Archipiélago)",industria,9.650
2006,88,"San Andrés, Providencia y Santa Catalina (Archipiélago)",industria,11.460
2007,88,"San Andrés, Providencia y Santa Catalina (Archipiélago)",industria,15.865
2008,88,"San Andrés, Providencia y Santa Catalina (Archipiélago)",industria,12.914
2009,88,"San Andrés, Providencia y Santa Catalina (Archipiélago)",industria,17.946
2010,88,"San Andrés, Providencia y Santa Catalina (Archipiélago)",industria,19.035
2011,88,"San Andrés, Providencia y Santa Catalina (Archipiélago)",industria,21.760
2012,88,"San Andrés, Providencia y Santa Catalina (Archipiélago)",industria,19.895
2013,88,"San Andrés, Providencia y Santa Catalina (Archipiélago)",industria,26.649
2014,88,"San Andrés, Providencia y Santa Catalina (Archipiélago)",industria,15.512
2015,88,"San Andrés, Providencia y Santa Catalina (Archipiélago)",industria,16.114
2016,88,"San Andrés, Providencia y Santa Catalina (Archipiélago)",industria,16.449
2017,88,"San Andrés, Providencia y Santa Catalina (Archipiélago)",industria,16.437
2018,88,"San Andrés, Providencia y Santa Catalina (Archipiélago)",industria,17.774
2019,88,"San Andrés, Providencia y Santa Catalina (Archipiélago)",industria,18.615
2020,88,"San Andrés, Providencia y Santa Catalina (Archipiélago)",industria,16.657
2021,88,"San Andrés, Providencia y Santa Catalina (Archipiélago)",industria,20.706
2022,88,"San Andrés, Providencia y Santa Catalina (Archipiélago)",industria,25.762
2023,88,"San Andrés, Providencia y Santa Catalina (Archipiélago)",industria,28.132
2024,88,"San Andrés, Providencia y Santa Catalina (Archipiélago)",industria,29.123
2025,88,"San Andrés, Providencia y Santa Catalina (Archipiélago)",industria,29.871
2005,88,"San Andrés, Providencia y Santa Catalina (Archipiélago)",informacion,9.846
2006,88,"San Andrés, Providencia y Santa Catalina (Archipiélago)",informacion,11.902
2007,88,"San Andrés, Providencia y Santa Catalina (Archipiélago)",informacion,12.817
2008,88,"San Andrés, Providencia y Santa Catalina (Archipiélago)",informacion,13.700
2009,88,"San Andrés, Providencia y Santa Catalina (Archipiélago)",informacion,14.559
2010,88,"San Andrés, Providencia y Santa Catalina (Archipiélago)",informacion,13.125
2011,88,"San Andrés, Providencia y Santa Catalina (Archipiélago)",informacion,13.999
2012,88,"San Andrés, Providencia y Santa Catalina (Archipiélago)",informacion,14.767
2013,88,"San Andrés, Providencia y Santa Catalina (Archipiélago)",informacion,15.494
2014,88,"San Andrés, Providencia y Santa Catalina (Archipiélago)",informacion,16.568
2015,88,"San Andrés, Providencia y Santa Catalina (Archipiélago)",informacion,17.247
2016,88,"San Andrés, Providencia y Santa Catalina (Archipiélago)",informacion,17.098
2017,88,"San Andrés, Providencia y Santa Catalina (Archipiélago)",informacion,18.361
2018,88,"San Andrés, Providencia y Santa Catalina (Archipiélago)",informacion,19.793
2019,88,"San Andrés, Providencia y Santa Catalina (Archipiélago)",informacion,20.353
2020,88,"San Andrés, Providencia y Santa Catalina (Archipiélago)",informacion,19.991
2021,88,"San Andrés, Providencia y Santa Catalina (Archipiélago)",informacion,20.748
2022,88,"San Andrés, Providencia y Santa Catalina (Archipiélago)",informacion,23.046
2023,88,"San Andrés, Providencia y Santa Catalina (Archipiélago)",informacion,23.813
2024,88,"San Andrés, Providencia y Santa Catalina (Archipiélago)",informacion,24.413
2025,88,"San Andrés, Providencia y Santa Catalina (Archipiélago)",informacion,25.007
2005,88,"San Andrés, Providencia y Santa Catalina (Archipiélago)",inmobiliarias,28.306
2006,88,"San Andrés, Providencia y Santa Catalina (Archipiélago)",inmobiliarias,32.994
2007,88,"San Andrés, Providencia y Santa Catalina (Archipiélago)",inmobiliarias,37.684
2008,88,"San Andrés, Providencia y Santa Catalina (Archipiélago)",inmobiliarias,37.623
2009,88,"San Andrés, Providencia y Santa Catalina (Archipiélago)",inmobiliarias,42.338
2010,88,"San Andrés, Providencia y Santa Catalina (Archipiélago)",inmobiliarias,47.038
2011,88,"San Andrés, Providencia y Santa Catalina (Archipiélago)",inmobiliarias,46.990
2012,88,"San Andrés, Providencia y Santa Catalina (Archipiélago)",inmobiliarias,51.652
2013,88,"San Andrés, Providencia y Santa Catalina (Archipiélago)",inmobiliarias,51.617
2014,88,"San Andrés, Providencia y Santa Catalina (Archipiélago)",inmobiliarias,55.675
2015,88,"San Andrés, Providencia y Santa Catalina (Archipiélago)",inmobiliarias,59.197
2016,88,"San Andrés, Providencia y Santa Catalina (Archipiélago)",inmobiliarias,63.374
2017,88,"San Andrés, Providencia y Santa Catalina (Archipiélago)",inmobiliarias,67.776
2018,88,"San Andrés, Providencia y Santa Catalina (Archipiélago)",inmobiliarias,72.381
2019,88,"San Andrés, Providencia y Santa Catalina (Archipiélago)",inmobiliarias,76.988
2020,88,"San Andrés, Providencia y Santa Catalina (Archipiélago)",inmobiliarias,73.994
2021,88,"San Andrés, Providencia y Santa Catalina (Archipiélago)",inmobiliarias,76.390
2022,88,"San Andrés, Providencia y Santa Catalina (Archipiélago)",inmobiliarias,79.165
2023,88,"San Andrés, Providencia y Santa Catalina (Archipiélago)",inmobiliarias,84.615
2024,88,"San Andrés, Providencia y Santa Catalina (Archipiélago)",inmobiliarias,89.385
2025,88,"San Andrés, Providencia y Santa Catalina (Archipiélago)",inmobiliarias,93.151
2005,88,"San Andrés, Providencia y Santa Catalina (Archipiélago)",mineria,1.088
2006,88,"San Andrés, Providencia y Santa Catalina (Archipiélago)",mineria,1.122
2007,88,"San Andrés, Providencia y Santa Catalina (Archipiélago)",mineria,1.164
2008,88,"San Andrés, Providencia y Santa Catalina (Archipiélago)",mineria,1.113
2009,88,"San Andrés, Providencia y Santa Catalina (Archipiélago)",mineria,1.124
2010,88,"San Andrés, Providencia y Santa Catalina (Archipiélago)",mineria,1.144
2011,88,"San Andrés, Providencia y Santa Catalina (Archipiélago)",mineria,1.145
2012,88,"San Andrés, Providencia y Santa Catalina (Archipiélago)",mineria,1.162
2013,88,"San Andrés, Providencia y Santa Catalina (Archipiélago)",mineria,1.162
2014,88,"San Andrés, Providencia y Santa Catalina (Archipiélago)",mineria,1.020
2015,88,"San Andrés, Providencia y Santa Catalina (Archipiélago)",mineria,1.109
2016,88,"San Andrés, Providencia y Santa Catalina (Archipiélago)",mineria,1.594
2017,88,"San Andrés, Providencia y Santa Catalina (Archipiélago)",mineria,1.451
2018,88,"San Andrés, Providencia y Santa Catalina (Archipiélago)",mineria,1.435
2019,88,"San Andrés, Providencia y Santa Catalina (Archipiélago)",mineria,1.476
2020,88,"San Andrés, Providencia y Santa Catalina (Archipiélago)",mineria,1.198
2021,88,"San Andrés, Providencia y Santa Catalina (Archipiélago)",mineria,1.314
2022,88,"San Andrés, Providencia y Santa Catalina (Archipiélago)",mineria,1.337
2023,88,"San Andrés, Providencia y Santa Catalina (Archipiélago)",mineria,1.549
2024,88,"San Andrés, Providencia y Santa Catalina (Archipiélago)",mineria,1.541
2025,88,"San Andrés, Providencia y Santa Catalina (Archipiélago)",mineria,1.639
2005,88,"San Andrés, Providencia y Santa Catalina (Archipiélago)",profesionales,16.775
2006,88,"San Andrés, Providencia y Santa Catalina (Archipiélago)",profesionales,22.565
2007,88,"San Andrés, Providencia y Santa Catalina (Archipiélago)",profesionales,25.247
2008,88,"San Andrés, Providencia y Santa Catalina (Archipiélago)",profesionales,27.847
2009,88,"San Andrés, Providencia y Santa Catalina (Archipiélago)",profesionales,30.354
2010,88,"San Andrés, Providencia y Santa Catalina (Archipiélago)",profesionales,32.087
2011,88,"San Andrés, Providencia y Santa Catalina (Archipiélago)",profesionales,35.195
2012,88,"San Andrés, Providencia y Santa Catalina (Archipiélago)",profesionales,37.519
2013,88,"San Andrés, Providencia y Santa Catalina (Archipiélago)",profesionales,40.451
2014,88,"San Andrés, Providencia y Santa Catalina (Archipiélago)",profesionales,44.827
2015,88,"San Andrés, Providencia y Santa Catalina (Archipiélago)",profesionales,46.924
2016,88,"San Andrés, Providencia y Santa Catalina (Archipiélago)",profesionales,47.929
2017,88,"San Andrés, Providencia y Santa Catalina (Archipiélago)",profesionales,50.652
2018,88,"San Andrés, Providencia y Santa Catalina (Archipiélago)",profesionales,54.106
2019,88,"San Andrés, Providencia y Santa Catalina (Archipiélago)",profesionales,56.789
2020,88,"San Andrés, Providencia y Santa Catalina (Archipiélago)",profesionales,54.256
2021,88,"San Andrés, Providencia y Santa Catalina (Archipiélago)",profesionales,60.938
2022,88,"San Andrés, Providencia y Santa Catalina (Archipiélago)",profesionales,73.084
2023,88,"San Andrés, Providencia y Santa Catalina (Archipiélago)",profesionales,81.009
2024,88,"San Andrés, Providencia y Santa Catalina (Archipiélago)",profesionales,85.289
2025,88,"San Andrés, Providencia y Santa Catalina (Archipiélago)",profesionales,90.715
2005,91,Amazonas,agro,41.921
2006,91,Amazonas,agro,38.062
2007,91,Amazonas,agro,34.937
2008,91,Amazonas,agro,39.081
2009,91,Amazonas,agro,52.566
2010,91,Amazonas,agro,60.867
2011,91,Amazonas,agro,59.060
2012,91,Amazonas,agro,61.583
2013,91,Amazonas,agro,64.629
2014,91,Amazonas,agro,81.412
2015,91,Amazonas,agro,95.840
2016,91,Amazonas,agro,108.704
2017,91,Amazonas,agro,116.590
2018,91,Amazonas,agro,126.042
2019,91,Amazonas,agro,129.774
2020,91,Amazonas,agro,153.280
2021,91,Amazonas,agro,198.845
2022,91,Amazonas,agro,242.385
2023,91,Amazonas,agro,273.113
2024,91,Amazonas,agro,307.727
2025,91,Amazonas,agro,335.091
2005,91,Amazonas,arte,4.697
2006,91,Amazonas,arte,5.269
2007,91,Amazonas,arte,4.386
2008,91,Amazonas,arte,5.475
2009,91,Amazonas,arte,5.586
2010,91,Amazonas,arte,6.223
2011,91,Amazonas,arte,7.406
2012,91,Amazonas,arte,8.113
2013,91,Amazonas,arte,7.700
2014,91,Amazonas,arte,8.370
2015,91,Amazonas,arte,7.665
2016,91,Amazonas,arte,7.305
2017,91,Amazonas,arte,7.433
2018,91,Amazonas,arte,7.680
2019,91,Amazonas,arte,8.707
2020,91,Amazonas,arte,8.340
2021,91,Amazonas,arte,10.736
2022,91,Amazonas,arte,15.156
2023,91,Amazonas,arte,18.731
2024,91,Amazonas,arte,21.810
2025,91,Amazonas,arte,25.931
2005,91,Amazonas,comercio,57.468
2006,91,Amazonas,comercio,70.043
2007,91,Amazonas,comercio,83.102
2008,91,Amazonas,comercio,91.362
2009,91,Amazonas,comercio,97.549
2010,91,Amazonas,comercio,102.830
2011,91,Amazonas,comercio,114.267
2012,91,Amazonas,comercio,125.734
2013,91,Amazonas,comercio,138.751
2014,91,Amazonas,comercio,157.148
2015,91,Amazonas,comercio,177.746
2016,91,Amazonas,comercio,199.082
2017,91,Amazonas,comercio,213.443
2018,91,Amazonas,comercio,224.345
2019,91,Amazonas,comercio,241.031
2020,91,Amazonas,comercio,188.254
2021,91,Amazonas,comercio,232.906
2022,91,Amazonas,comercio,298.218
2023,91,Amazonas,comercio,324.705
2024,91,Amazonas,comercio,347.478
2025,91,Amazonas,comercio,382.607
2005,91,Amazonas,construccion,3.113
2006,91,Amazonas,construccion,4.242
2007,91,Amazonas,construccion,8.565
2008,91,Amazonas,construccion,7.838
2009,91,Amazonas,construccion,11.285
2010,91,Amazonas,construccion,11.738
2011,91,Amazonas,construccion,16.673
2012,91,Amazonas,construccion,16.016
2013,91,Amazonas,construccion,17.817
2014,91,Amazonas,construccion,21.835
2015,91,Amazonas,construccion,30.173
2016,91,Amazonas,construccion,36.282
2017,91,Amazonas,construccion,37.830
2018,91,Amazonas,construccion,38.527
2019,91,Amazonas,construccion,37.227
2020,91,Amazonas,construccion,25.563
2021,91,Amazonas,construccion,24.950
2022,91,Amazonas,construccion,29.051
2023,91,Amazonas,construccion,31.057
2024,91,Amazonas,construccion,34.783
2025,91,Amazonas,construccion,35.470
2005,91,Amazonas,electricidad,10.388
2006,91,Amazonas,electricidad,10.638
2007,91,Amazonas,electricidad,10.821
2008,91,Amazonas,electricidad,10.808
2009,91,Amazonas,electricidad,12.950
2010,91,Amazonas,electricidad,15.397
2011,91,Amazonas,electricidad,15.599
2012,91,Amazonas,electricidad,15.660
2013,91,Amazonas,electricidad,15.814
2014,91,Amazonas,electricidad,15.572
2015,91,Amazonas,electricidad,16.226
2016,91,Amazonas,electricidad,19.113
2017,91,Amazonas,electricidad,20.068
2018,91,Amazonas,electricidad,22.373
2019,91,Amazonas,electricidad,24.577
2020,91,Amazonas,electricidad,26.612
2021,91,Amazonas,electricidad,29.087
2022,91,Amazonas,electricidad,35.929
2023,91,Amazonas,electricidad,44.046
2024,91,Amazonas,electricidad,50.059
2025,91,Amazonas,electricidad,47.057
2005,91,Amazonas,finanzas,3.970
2006,91,Amazonas,finanzas,4.310
2007,91,Amazonas,finanzas,5.305
2008,91,Amazonas,finanzas,6.722
2009,91,Amazonas,finanzas,7.763
2010,91,Amazonas,finanzas,9.083
2011,91,Amazonas,finanzas,10.034
2012,91,Amazonas,finanzas,12.280
2013,91,Amazonas,finanzas,12.944
2014,91,Amazonas,finanzas,13.449
2015,91,Amazonas,finanzas,14.702
2016,91,Amazonas,finanzas,14.471
2017,91,Amazonas,finanzas,15.609
2018,91,Amazonas,finanzas,16.629
2019,91,Amazonas,finanzas,18.376
2020,91,Amazonas,finanzas,19.086
2021,91,Amazonas,finanzas,20.179
2022,91,Amazonas,finanzas,21.534
2023,91,Amazonas,finanzas,23.475
2024,91,Amazonas,finanzas,26.652
2025,91,Amazonas,finanzas,28.878
2005,91,Amazonas,gobierno,79.429
2006,91,Amazonas,gobierno,88.422
2007,91,Amazonas,gobierno,92.975
2008,91,Amazonas,gobierno,102.589
2009,91,Amazonas,gobierno,108.672
2010,91,Amazonas,gobierno,114.994
2011,91,Amazonas,gobierno,125.243
2012,91,Amazonas,gobierno,139.000
2013,91,Amazonas,gobierno,154.173
2014,91,Amazonas,gobierno,168.503
2015,91,Amazonas,gobierno,182.142
2016,91,Amazonas,gobierno,201.512
2017,91,Amazonas,gobierno,218.612
2018,91,Amazonas,gobierno,238.110
2019,91,Amazonas,gobierno,258.274
2020,91,Amazonas,gobierno,268.631
2021,91,Amazonas,gobierno,294.416
2022,91,Amazonas,gobierno,316.938
2023,91,Amazonas,gobierno,363.575
2024,91,Amazonas,gobierno,411.428
2025,91,Amazonas,gobierno,453.349
2005,91,Amazonas,impuestos,7.966
2006,91,Amazonas,impuestos,11.008
2007,91,Amazonas,impuestos,13.099
2008,91,Amazonas,impuestos,13.343
2009,91,Amazonas,impuestos,12.384
2010,91,Amazonas,impuestos,16.755
2011,91,Amazonas,impuestos,20.770
2012,91,Amazonas,impuestos,23.520
2013,91,Amazonas,impuestos,26.095
2014,91,Amazonas,impuestos,26.895
2015,91,Amazonas,impuestos,28.505
2016,91,Amazonas,impuestos,29.473
2017,91,Amazonas,impuestos,33.511
2018,91,Amazonas,impuestos,36.277
2019,91,Amazonas,impuestos,39.550
2020,91,Amazonas,impuestos,36.520
2021,91,Amazonas,impuestos,45.098
2022,91,Amazonas,impuestos,58.023
2023,91,Amazonas,impuestos,60.279
2024,91,Amazonas,impuestos,63.503
2025,91,Amazonas,impuestos,70.292
2005,91,Amazonas,industria,5.361
2006,91,Amazonas,industria,6.718
2007,91,Amazonas,industria,9.319
2008,91,Amazonas,industria,8.429
2009,91,Amazonas,industria,8.803
2010,91,Amazonas,industria,10.425
2011,91,Amazonas,industria,12.163
2012,91,Amazonas,industria,12.675
2013,91,Amazonas,industria,14.744
2014,91,Amazonas,industria,11.088
2015,91,Amazonas,industria,11.169
2016,91,Amazonas,industria,12.513
2017,91,Amazonas,industria,12.539
2018,91,Amazonas,industria,13.069
2019,91,Amazonas,industria,13.128
2020,91,Amazonas,industria,12.328
2021,91,Amazonas,industria,15.292
2022,91,Amazonas,industria,19.011
2023,91,Amazonas,industria,20.445
2024,91,Amazonas,industria,21.124
2025,91,Amazonas,industria,22.560
2005,91,Amazonas,informacion,2.182
2006,91,Amazonas,informacion,2.950
2007,91,Amazonas,informacion,3.497
2008,91,Amazonas,informacion,3.860
2009,91,Amazonas,informacion,3.815
2010,91,Amazonas,informacion,3.737
2011,91,Amazonas,informacion,3.865
2012,91,Amazonas,informacion,3.810
2013,91,Amazonas,informacion,4.084
2014,91,Amazonas,informacion,4.370
2015,91,Amazonas,informacion,4.490
2016,91,Amazonas,informacion,4.705
2017,91,Amazonas,informacion,5.001
2018,91,Amazonas,informacion,5.201
2019,91,Amazonas,informacion,5.289
2020,91,Amazonas,informacion,5.261
2021,91,Amazonas,informacion,5.670
2022,91,Amazonas,informacion,6.332
2023,91,Amazonas,informacion,6.651
2024,91,Amazonas,informacion,6.822
2025,91,Amazonas,informacion,6.941
2005,91,Amazonas,inmobiliarias,10.181
2006,91,Amazonas,inmobiliarias,10.172
2007,91,Amazonas,inmobiliarias,10.166
2008,91,Amazonas,inmobiliarias,12.179
2009,91,Amazonas,inmobiliarias,12.183
2010,91,Amazonas,inmobiliarias,14.212
2011,91,Amazonas,inmobiliarias,14.197
2012,91,Amazonas,inmobiliarias,16.214
2013,91,Amazonas,inmobiliarias,16.203
2014,91,Amazonas,inmobiliarias,20.025
2015,91,Amazonas,inmobiliarias,21.382
2016,91,Amazonas,inmobiliarias,23.794
2017,91,Amazonas,inmobiliarias,25.760
2018,91,Amazonas,inmobiliarias,26.991
2019,91,Amazonas,inmobiliarias,28.191
2020,91,Amazonas,inmobiliarias,29.193
2021,91,Amazonas,inmobiliarias,30.004
2022,91,Amazonas,inmobiliarias,31.011
2023,91,Amazonas,inmobiliarias,33.106
2024,91,Amazonas,inmobiliarias,35.995
2025,91,Amazonas,inmobiliarias,38.360
2005,91,Amazonas,mineria,0.808
2006,91,Amazonas,mineria,0.825
2007,91,Amazonas,mineria,1.271
2008,91,Amazonas,mineria,0.801
2009,91,Amazonas,mineria,0.801
2010,91,Amazonas,mineria,0.807
2011,91,Amazonas,mineria,0.800
2012,91,Amazonas,mineria,0.803
2013,91,Amazonas,mineria,0.795
2014,91,Amazonas,mineria,0.743
2015,91,Amazonas,mineria,1.022
2016,91,Amazonas,mineria,1.268
2017,91,Amazonas,mineria,1.263
2018,91,Amazonas,mineria,1.308
2019,91,Amazonas,mineria,1.301
2020,91,Amazonas,mineria,1.078
2021,91,Amazonas,mineria,1.200
2022,91,Amazonas,mineria,1.345
2023,91,Amazonas,mineria,1.549
2024,91,Amazonas,mineria,1.538
2025,91,Amazonas,mineria,1.637
2005,91,Amazonas,profesionales,0.762
2006,91,Amazonas,profesionales,0.798
2007,91,Amazonas,profesionales,0.837
2008,91,Amazonas,profesionales,1.753
2009,91,Amazonas,profesionales,1.835
2010,91,Amazonas,profesionales,1.922
2011,91,Amazonas,profesionales,2.014
2012,91,Amazonas,profesionales,2.110
2013,91,Amazonas,profesionales,2.210
2014,91,Amazonas,profesionales,2.260
2015,91,Amazonas,profesionales,2.303
2016,91,Amazonas,profesionales,2.399
2017,91,Amazonas,profesionales,2.487
2018,91,Amazonas,profesionales,2.630
2019,91,Amazonas,profesionales,2.755
2020,91,Amazonas,profesionales,2.746
2021,91,Amazonas,profesionales,3.059
2022,91,Amazonas,profesionales,3.629
2023,91,Amazonas,profesionales,4.006
2024,91,Amazonas,profesionales,4.210
2025,91,Amazonas,profesionales,4.459
2005,94,Guainía,agro,6.987
2006,94,Guainía,agro,6.344
2007,94,Guainía,agro,7.829
2008,94,Guainía,agro,9.430
2009,94,Guainía,agro,13.731
2010,94,Guainía,agro,15.810
2011,94,Guainía,agro,13.928
2012,94,Guainía,agro,14.635
2013,94,Guainía,agro,17.031
2014,94,Guainía,agro,20.451
2015,94,Guainía,agro,24.871
2016,94,Guainía,agro,27.786
2017,94,Guainía,agro,27.724
2018,94,Guainía,agro,29.852
2019,94,Guainía,agro,31.265
2020,94,Guainía,agro,35.900
2021,94,Guainía,agro,43.253
2022,94,Guainía,agro,56.652
2023,94,Guainía,agro,61.483
2024,94,Guainía,agro,71.738
2025,94,Guainía,agro,80.921
2005,94,Guainía,arte,2.237
2006,94,Guainía,arte,2.282
2007,94,Guainía,arte,1.990
2008,94,Guainía,arte,2.371
2009,94,Guainía,arte,2.074
2010,94,Guainía,arte,2.471
2011,94,Guainía,arte,3.240
2012,94,Guainía,arte,2.945
2013,94,Guainía,arte,2.246
2014,94,Guainía,arte,2.658
2015,94,Guainía,arte,2.278
2016,94,Guainía,arte,2.348
2017,94,Guainía,arte,2.692
2018,94,Guainía,arte,2.827
2019,94,Guainía,arte,3.289
2020,94,Guainía,arte,3.144
2021,94,Guainía,arte,4.226
2022,94,Guainía,arte,5.775
2023,94,Guainía,arte,7.085
2024,94,Guainía,arte,8.272
2025,94,Guainía,arte,9.847
2005,94,Guainía,comercio,15.967
2006,94,Guainía,comercio,16.439
2007,94,Guainía,comercio,18.971
2008,94,Guainía,comercio,23.624
2009,94,Guainía,comercio,25.168
2010,94,Guainía,comercio,24.580
2011,94,Guainía,comercio,27.369
2012,94,Guainía,comercio,32.451
2013,94,Guainía,comercio,34.565
2014,94,Guainía,comercio,42.298
2015,94,Guainía,comercio,46.071
2016,94,Guainía,comercio,54.205
2017,94,Guainía,comercio,58.453
2018,94,Guainía,comercio,61.867
2019,94,Guainía,comercio,65.664
2020,94,Guainía,comercio,54.075
2021,94,Guainía,comercio,65.392
2022,94,Guainía,comercio,83.446
2023,94,Guainía,comercio,91.955
2024,94,Guainía,comercio,98.180
2025,94,Guainía,comercio,107.143
2005,94,Guainía,construccion,10.944
2006,94,Guainía,construccion,13.217
2007,94,Guainía,construccion,13.342
2008,94,Guainía,construccion,19.321
2009,94,Guainía,construccion,20.554
2010,94,Guainía,construccion,25.273
2011,94,Guainía,construccion,27.423
2012,94,Guainía,construccion,36.120
2013,94,Guainía,construccion,44.692
2014,94,Guainía,construccion,46.286
2015,94,Guainía,construccion,50.900
2016,94,Guainía,construccion,48.957
2017,94,Guainía,construccion,46.352
2018,94,Guainía,construccion,52.814
2019,94,Guainía,construccion,52.115
2020,94,Guainía,construccion,41.197
2021,94,Guainía,construccion,48.554
2022,94,Guainía,construccion,49.784
2023,94,Guainía,construccion,50.216
2024,94,Guainía,construccion,51.462
2025,94,Guainía,construccion,48.921
2005,94,Guainía,electricidad,0.934
2006,94,Guainía,electricidad,0.851
2007,94,Guainía,electricidad,0.770
2008,94,Guainía,electricidad,0.684
2009,94,Guainía,electricidad,1.214
2010,94,Guainía,electricidad,1.101
2011,94,Guainía,electricidad,0.992
2012,94,Guainía,electricidad,0.885
2013,94,Guainía,electricidad,0.795
2014,94,Guainía,electricidad,0.612
2015,94,Guainía,electricidad,0.619
2016,94,Guainía,electricidad,0.718
2017,94,Guainía,electricidad,0.749
2018,94,Guainía,electricidad,0.841
2019,94,Guainía,electricidad,0.959
2020,94,Guainía,electricidad,1.102
2021,94,Guainía,electricidad,1.245
2022,94,Guainía,electricidad,1.601
2023,94,Guainía,electricidad,2.038
2024,94,Guainía,electricidad,2.367
2025,94,Guainía,electricidad,2.186
2005,94,Guainía,finanzas,1.268
2006,94,Guainía,finanzas,1.632
2007,94,Guainía,finanzas,2.054
2008,94,Guainía,finanzas,2.864
2009,94,Guainía,finanzas,3.307
2010,94,Guainía,finanzas,3.869
2011,94,Guainía,finanzas,4.050
2012,94,Guainía,finanzas,5.459
2013,94,Guainía,finanzas,5.974
2014,94,Guainía,finanzas,5.159
2015,94,Guainía,finanzas,6.031
2016,94,Guainía,finanzas,5.760
2017,94,Guainía,finanzas,6.530
2018,94,Guainía,finanzas,7.146
2019,94,Guainía,finanzas,7.852
2020,94,Guainía,finanzas,8.221
2021,94,Guainía,finanzas,8.974
2022,94,Guainía,finanzas,9.437
2023,94,Guainía,finanzas,10.256
2024,94,Guainía,finanzas,11.620
2025,94,Guainía,finanzas,12.819
2005,94,Guainía,gobierno,53.690
2006,94,Guainía,gobierno,72.114
2007,94,Guainía,gobierno,64.434
2008,94,Guainía,gobierno,67.234
2009,94,Guainía,gobierno,72.163
2010,94,Guainía,gobierno,79.972
2011,94,Guainía,gobierno,84.827
2012,94,Guainía,gobierno,93.518
2013,94,Guainía,gobierno,105.978
2014,94,Guainía,gobierno,107.933
2015,94,Guainía,gobierno,115.652
2016,94,Guainía,gobierno,127.642
2017,94,Guainía,gobierno,139.011
2018,94,Guainía,gobierno,151.109
2019,94,Guainía,gobierno,164.078
2020,94,Guainía,gobierno,173.749
2021,94,Guainía,gobierno,190.655
2022,94,Guainía,gobierno,206.394
2023,94,Guainía,gobierno,237.969
2024,94,Guainía,gobierno,268.568
2025,94,Guainía,gobierno,298.792
2005,94,Guainía,impuestos,3.983
2006,94,Guainía,impuestos,3.864
2007,94,Guainía,impuestos,4.694
2008,94,Guainía,impuestos,5.539
2009,94,Guainía,impuestos,5.376
2010,94,Guainía,impuestos,6.144
2011,94,Guainía,impuestos,7.562
2012,94,Guainía,impuestos,8.350
2013,94,Guainía,impuestos,9.017
2014,94,Guainía,impuestos,9.373
2015,94,Guainía,impuestos,10.012
2016,94,Guainía,impuestos,10.288
2017,94,Guainía,impuestos,11.985
2018,94,Guainía,impuestos,13.012
2019,94,Guainía,impuestos,14.195
2020,94,Guainía,impuestos,12.659
2021,94,Guainía,impuestos,16.013
2022,94,Guainía,impuestos,20.464
2023,94,Guainía,impuestos,21.243
2024,94,Guainía,impuestos,22.410
2025,94,Guainía,impuestos,24.745
2005,94,Guainía,industria,3.217
2006,94,Guainía,industria,3.331
2007,94,Guainía,industria,3.436
2008,94,Guainía,industria,3.523
2009,94,Guainía,industria,4.865
2010,94,Guainía,industria,4.999
2011,94,Guainía,industria,5.141
2012,94,Guainía,industria,5.313
2013,94,Guainía,industria,5.516
2014,94,Guainía,industria,6.979
2015,94,Guainía,industria,7.338
2016,94,Guainía,industria,8.118
2017,94,Guainía,industria,8.269
2018,94,Guainía,industria,8.520
2019,94,Guainía,industria,8.587
2020,94,Guainía,industria,8.586
2021,94,Guainía,industria,11.117
2022,94,Guainía,industria,13.517
2023,94,Guainía,industria,14.339
2024,94,Guainía,industria,14.853
2025,94,Guainía,industria,16.116
2005,94,Guainía,informacion,0.248
2006,94,Guainía,informacion,0.351
2007,94,Guainía,informacion,0.445
2008,94,Guainía,informacion,0.488
2009,94,Guainía,informacion,0.482
2010,94,Guainía,informacion,0.472
2011,94,Guainía,informacion,0.465
2012,94,Guainía,informacion,0.459
2013,94,Guainía,informacion,0.494
2014,94,Guainía,informacion,0.530
2015,94,Guainía,informacion,0.547
2016,94,Guainía,informacion,0.568
2017,94,Guainía,informacion,0.601
2018,94,Guainía,informacion,0.624
2019,94,Guainía,informacion,0.643
2020,94,Guainía,informacion,0.642
2021,94,Guainía,informacion,0.691
2022,94,Guainía,informacion,0.752
2023,94,Guainía,informacion,0.786
2024,94,Guainía,informacion,0.807
2025,94,Guainía,informacion,0.832
2005,94,Guainía,inmobiliarias,2.783
2006,94,Guainía,inmobiliarias,2.781
2007,94,Guainía,inmobiliarias,5.558
2008,94,Guainía,inmobiliarias,5.549
2009,94,Guainía,inmobiliarias,5.551
2010,94,Guainía,inmobiliarias,5.550
2011,94,Guainía,inmobiliarias,5.545
2012,94,Guainía,inmobiliarias,5.541
2013,94,Guainía,inmobiliarias,5.537
2014,94,Guainía,inmobiliarias,8.212
2015,94,Guainía,inmobiliarias,8.732
2016,94,Guainía,inmobiliarias,9.359
2017,94,Guainía,inmobiliarias,9.987
2018,94,Guainía,inmobiliarias,10.796
2019,94,Guainía,inmobiliarias,11.532
2020,94,Guainía,inmobiliarias,11.828
2021,94,Guainía,inmobiliarias,12.268
2022,94,Guainía,inmobiliarias,12.936
2023,94,Guainía,inmobiliarias,14.057
2024,94,Guainía,inmobiliarias,15.512
2025,94,Guainía,inmobiliarias,16.883
2005,94,Guainía,mineria,23.931
2006,94,Guainía,mineria,24.432
2007,94,Guainía,mineria,26.233
2008,94,Guainía,mineria,24.987
2009,94,Guainía,mineria,24.971
2010,94,Guainía,mineria,25.169
2011,94,Guainía,mineria,24.939
2012,94,Guainía,mineria,25.040
2013,94,Guainía,mineria,24.790
2014,94,Guainía,mineria,23.161
2015,94,Guainía,mineria,33.100
2016,94,Guainía,mineria,34.892
2017,94,Guainía,mineria,24.937
2018,94,Guainía,mineria,22.834
2019,94,Guainía,mineria,28.202
2020,94,Guainía,mineria,21.731
2021,94,Guainía,mineria,39.879
2022,94,Guainía,mineria,38.056
2023,94,Guainía,mineria,41.192
2024,94,Guainía,mineria,43.243
2025,94,Guainía,mineria,50.996
2005,94,Guainía,profesionales,0.854
2006,94,Guainía,profesionales,0.798
2007,94,Guainía,profesionales,0.837
2008,94,Guainía,profesionales,0.877
2009,94,Guainía,profesionales,0.918
2010,94,Guainía,profesionales,0.961
2011,94,Guainía,profesionales,1.007
2012,94,Guainía,profesionales,1.056
2013,94,Guainía,profesionales,1.106
2014,94,Guainía,profesionales,1.130
2015,94,Guainía,profesionales,1.153
2016,94,Guainía,profesionales,1.175
2017,94,Guainía,profesionales,1.235
2018,94,Guainía,profesionales,1.315
2019,94,Guainía,profesionales,1.379
2020,94,Guainía,profesionales,1.346
2021,94,Guainía,profesionales,1.547
2022,94,Guainía,profesionales,1.832
2023,94,Guainía,profesionales,2.022
2024,94,Guainía,profesionales,2.130
2025,94,Guainía,profesionales,2.270
2005,95,Guaviare,agro,97.665
2006,95,Guaviare,agro,89.063
2007,95,Guaviare,agro,80.342
2008,95,Guaviare,agro,91.369
2009,95,Guaviare,agro,88.497
2010,95,Guaviare,agro,93.875
2011,95,Guaviare,agro,79.503
2012,95,Guaviare,agro,92.956
2013,95,Guaviare,agro,101.290
2014,95,Guaviare,agro,106.482
2015,95,Guaviare,agro,129.029
2016,95,Guaviare,agro,154.955
2017,95,Guaviare,agro,150.877
2018,95,Guaviare,agro,154.566
2019,95,Guaviare,agro,157.191
2020,95,Guaviare,agro,171.593
2021,95,Guaviare,agro,221.443
2022,95,Guaviare,agro,298.868
2023,95,Guaviare,agro,324.250
2024,95,Guaviare,agro,367.613
2025,95,Guaviare,agro,403.047
2005,95,Guaviare,arte,5.380
2006,95,Guaviare,arte,6.172
2007,95,Guaviare,arte,6.280
2008,95,Guaviare,arte,6.770
2009,95,Guaviare,arte,6.544
2010,95,Guaviare,arte,7.054
2011,95,Guaviare,arte,8.332
2012,95,Guaviare,arte,8.518
2013,95,Guaviare,arte,8.269
2014,95,Guaviare,arte,8.789
2015,95,Guaviare,arte,8.448
2016,95,Guaviare,arte,7.631
2017,95,Guaviare,arte,7.989
2018,95,Guaviare,arte,8.280
2019,95,Guaviare,arte,9.175
2020,95,Guaviare,arte,8.830
2021,95,Guaviare,arte,11.777
2022,95,Guaviare,arte,16.459
2023,95,Guaviare,arte,20.216
2024,95,Guaviare,arte,23.500
2025,95,Guaviare,arte,27.998
2005,95,Guaviare,comercio,50.898
2006,95,Guaviare,comercio,63.029
2007,95,Guaviare,comercio,79.540
2008,95,Guaviare,comercio,81.280
2009,95,Guaviare,comercio,79.047
2010,95,Guaviare,comercio,83.652
2011,95,Guaviare,comercio,91.488
2012,95,Guaviare,comercio,94.298
2013,95,Guaviare,comercio,99.519
2014,95,Guaviare,comercio,107.245
2015,95,Guaviare,comercio,118.775
2016,95,Guaviare,comercio,123.223
2017,95,Guaviare,comercio,135.085
2018,95,Guaviare,comercio,144.956
2019,95,Guaviare,comercio,155.604
2020,95,Guaviare,comercio,125.478
2021,95,Guaviare,comercio,161.444
2022,95,Guaviare,comercio,205.709
2023,95,Guaviare,comercio,226.307
2024,95,Guaviare,comercio,244.833
2025,95,Guaviare,comercio,268.977
2005,95,Guaviare,construccion,21.293
2006,95,Guaviare,construccion,30.216
2007,95,Guaviare,construccion,44.444
2008,95,Guaviare,construccion,42.276
2009,95,Guaviare,construccion,49.829
2010,95,Guaviare,construccion,44.897
2011,95,Guaviare,construccion,51.409
2012,95,Guaviare,construccion,60.091
2013,95,Guaviare,construccion,64.613
2014,95,Guaviare,construccion,88.577
2015,95,Guaviare,construccion,94.083
2016,95,Guaviare,construccion,79.827
2017,95,Guaviare,construccion,81.648
2018,95,Guaviare,construccion,62.576
2019,95,Guaviare,construccion,62.546
2020,95,Guaviare,construccion,56.867
2021,95,Guaviare,construccion,51.851
2022,95,Guaviare,construccion,67.278
2023,95,Guaviare,construccion,68.704
2024,95,Guaviare,construccion,72.181
2025,95,Guaviare,construccion,68.011
2005,95,Guaviare,electricidad,1.611
2006,95,Guaviare,electricidad,1.650
2007,95,Guaviare,electricidad,2.097
2008,95,Guaviare,electricidad,2.514
2009,95,Guaviare,electricidad,2.928
2010,95,Guaviare,electricidad,2.984
2011,95,Guaviare,electricidad,3.887
2012,95,Guaviare,electricidad,3.469
2013,95,Guaviare,electricidad,3.941
2014,95,Guaviare,electricidad,4.312
2015,95,Guaviare,electricidad,4.408
2016,95,Guaviare,electricidad,4.773
2017,95,Guaviare,electricidad,5.181
2018,95,Guaviare,electricidad,5.768
2019,95,Guaviare,electricidad,6.396
2020,95,Guaviare,electricidad,6.977
2021,95,Guaviare,electricidad,7.831
2022,95,Guaviare,electricidad,9.703
2023,95,Guaviare,electricidad,11.968
2024,95,Guaviare,electricidad,13.856
2025,95,Guaviare,electricidad,13.499
2005,95,Guaviare,finanzas,4.474
2006,95,Guaviare,finanzas,4.857
2007,95,Guaviare,finanzas,5.979
2008,95,Guaviare,finanzas,7.035
2009,95,Guaviare,finanzas,8.202
2010,95,Guaviare,finanzas,9.098
2011,95,Guaviare,finanzas,10.118
2012,95,Guaviare,finanzas,12.636
2013,95,Guaviare,finanzas,13.980
2014,95,Guaviare,finanzas,14.014
2015,95,Guaviare,finanzas,13.500
2016,95,Guaviare,finanzas,12.249
2017,95,Guaviare,finanzas,13.952
2018,95,Guaviare,finanzas,15.355
2019,95,Guaviare,finanzas,16.908
2020,95,Guaviare,finanzas,17.747
2021,95,Guaviare,finanzas,19.512
2022,95,Guaviare,finanzas,20.749
2023,95,Guaviare,finanzas,22.862
2024,95,Guaviare,finanzas,25.689
2025,95,Guaviare,finanzas,28.078
2005,95,Guaviare,gobierno,131.243
2006,95,Guaviare,gobierno,138.517
2007,95,Guaviare,gobierno,152.309
2008,95,Guaviare,gobierno,156.288
2009,95,Guaviare,gobierno,159.787
2010,95,Guaviare,gobierno,174.007
2011,95,Guaviare,gobierno,178.878
2012,95,Guaviare,gobierno,194.098
2013,95,Guaviare,gobierno,210.584
2014,95,Guaviare,gobierno,216.462
2015,95,Guaviare,gobierno,231.957
2016,95,Guaviare,gobierno,256.207
2017,95,Guaviare,gobierno,277.016
2018,95,Guaviare,gobierno,300.683
2019,95,Guaviare,gobierno,328.197
2020,95,Guaviare,gobierno,343.484
2021,95,Guaviare,gobierno,372.786
2022,95,Guaviare,gobierno,402.017
2023,95,Guaviare,gobierno,462.280
2024,95,Guaviare,gobierno,522.063
2025,95,Guaviare,gobierno,574.930
2005,95,Guaviare,impuestos,7.264
2006,95,Guaviare,impuestos,9.645
2007,95,Guaviare,impuestos,12.830
2008,95,Guaviare,impuestos,13.759
2009,95,Guaviare,impuestos,14.513
2010,95,Guaviare,impuestos,13.781
2011,95,Guaviare,impuestos,16.729
2012,95,Guaviare,impuestos,17.876
2013,95,Guaviare,impuestos,20.471
2014,95,Guaviare,impuestos,22.696
2015,95,Guaviare,impuestos,23.796
2016,95,Guaviare,impuestos,23.648
2017,95,Guaviare,impuestos,27.167
2018,95,Guaviare,impuestos,29.256
2019,95,Guaviare,impuestos,31.466
2020,95,Guaviare,impuestos,29.176
2021,95,Guaviare,impuestos,35.704
2022,95,Guaviare,impuestos,45.672
2023,95,Guaviare,impuestos,47.362
2024,95,Guaviare,impuestos,49.949
2025,95,Guaviare,impuestos,55.189
2005,95,Guaviare,industria,8.578
2006,95,Guaviare,industria,9.600
2007,95,Guaviare,industria,9.516
2008,95,Guaviare,industria,10.414
2009,95,Guaviare,industria,10.362
2010,95,Guaviare,industria,11.253
2011,95,Guaviare,industria,12.129
2012,95,Guaviare,industria,12.042
2013,95,Guaviare,industria,12.012
2014,95,Guaviare,industria,11.863
2015,95,Guaviare,industria,11.799
2016,95,Guaviare,industria,12.316
2017,95,Guaviare,industria,12.528
2018,95,Guaviare,industria,12.667
2019,95,Guaviare,industria,12.691
2020,95,Guaviare,industria,12.754
2021,95,Guaviare,industria,16.673
2022,95,Guaviare,industria,20.548
2023,95,Guaviare,industria,21.571
2024,95,Guaviare,industria,22.136
2025,95,Guaviare,industria,24.290
2005,95,Guaviare,informacion,3.573
2006,95,Guaviare,informacion,4.866
2007,95,Guaviare,informacion,6.112
2008,95,Guaviare,informacion,6.708
2009,95,Guaviare,informacion,6.840
2010,95,Guaviare,informacion,5.227
2011,95,Guaviare,informacion,5.560
2012,95,Guaviare,informacion,5.480
2013,95,Guaviare,informacion,5.764
2014,95,Guaviare,informacion,5.678
2015,95,Guaviare,informacion,5.842
2016,95,Guaviare,informacion,6.181
2017,95,Guaviare,informacion,6.571
2018,95,Guaviare,informacion,6.806
2019,95,Guaviare,informacion,6.822
2020,95,Guaviare,informacion,6.622
2021,95,Guaviare,informacion,7.107
2022,95,Guaviare,informacion,7.936
2023,95,Guaviare,informacion,8.182
2024,95,Guaviare,informacion,8.387
2025,95,Guaviare,informacion,8.557
2005,95,Guaviare,inmobiliarias,13.204
2006,95,Guaviare,inmobiliarias,13.192
2007,95,Guaviare,inmobiliarias,15.821
2008,95,Guaviare,inmobiliarias,18.428
2009,95,Guaviare,inmobiliarias,18.433
2010,95,Guaviare,inmobiliarias,21.064
2011,95,Guaviare,inmobiliarias,21.043
2012,95,Guaviare,inmobiliarias,23.656
2013,95,Guaviare,inmobiliarias,26.267
2014,95,Guaviare,inmobiliarias,28.568
2015,95,Guaviare,inmobiliarias,30.279
2016,95,Guaviare,inmobiliarias,31.682
2017,95,Guaviare,inmobiliarias,34.505
2018,95,Guaviare,inmobiliarias,37.008
2019,95,Guaviare,inmobiliarias,39.772
2020,95,Guaviare,inmobiliarias,41.045
2021,95,Guaviare,inmobiliarias,42.708
2022,95,Guaviare,inmobiliarias,45.604
2023,95,Guaviare,inmobiliarias,50.054
2024,95,Guaviare,inmobiliarias,54.677
2025,95,Guaviare,inmobiliarias,58.593
2005,95,Guaviare,mineria,2.176
2006,95,Guaviare,mineria,2.323
2007,95,Guaviare,mineria,3.742
2008,95,Guaviare,mineria,2.467
2009,95,Guaviare,mineria,2.579
2010,95,Guaviare,mineria,2.718
2011,95,Guaviare,mineria,2.816
2012,95,Guaviare,mineria,2.957
2013,95,Guaviare,mineria,3.061
2014,95,Guaviare,mineria,3.014
2015,95,Guaviare,mineria,3.127
2016,95,Guaviare,mineria,2.704
2017,95,Guaviare,mineria,2.728
2018,95,Guaviare,mineria,2.733
2019,95,Guaviare,mineria,2.815
2020,95,Guaviare,mineria,2.765
2021,95,Guaviare,mineria,2.913
2022,95,Guaviare,mineria,3.561
2023,95,Guaviare,mineria,4.075
2024,95,Guaviare,mineria,4.037
2025,95,Guaviare,mineria,4.271
2005,95,Guaviare,profesionales,1.525
2006,95,Guaviare,profesionales,1.598
2007,95,Guaviare,profesionales,1.677
2008,95,Guaviare,profesionales,2.637
2009,95,Guaviare,profesionales,2.763
2010,95,Guaviare,profesionales,1.931
2011,95,Guaviare,profesionales,2.025
2012,95,Guaviare,profesionales,2.124
2013,95,Guaviare,profesionales,2.227
2014,95,Guaviare,profesionales,2.260
2015,95,Guaviare,profesionales,2.325
2016,95,Guaviare,profesionales,2.351
2017,95,Guaviare,profesionales,2.491
2018,95,Guaviare,profesionales,2.674
2019,95,Guaviare,profesionales,2.812
2020,95,Guaviare,profesionales,2.824
2021,95,Guaviare,profesionales,3.127
2022,95,Guaviare,profesionales,3.502
2023,95,Guaviare,profesionales,3.876
2024,95,Guaviare,profesionales,4.080
2025,95,Guaviare,profesionales,4.347
2005,97,Vaupés,agro,5.689
2006,97,Vaupés,agro,7.587
2007,97,Vaupés,agro,7.577
2008,97,Vaupés,agro,9.425
2009,97,Vaupés,agro,7.538
2010,97,Vaupés,agro,5.634
2011,97,Vaupés,agro,5.623
2012,97,Vaupés,agro,11.158
2013,97,Vaupés,agro,11.145
2014,97,Vaupés,agro,15.199
2015,97,Vaupés,agro,16.762
2016,97,Vaupés,agro,19.002
2017,97,Vaupés,agro,17.396
2018,97,Vaupés,agro,16.573
2019,97,Vaupés,agro,17.235
2020,97,Vaupés,agro,18.763
2021,97,Vaupés,agro,22.148
2022,97,Vaupés,agro,31.043
2023,97,Vaupés,agro,33.473
2024,97,Vaupés,agro,38.513
2025,97,Vaupés,agro,43.047
2005,97,Vaupés,arte,1.680
2006,97,Vaupés,arte,1.884
2007,97,Vaupés,arte,1.569
2008,97,Vaupés,arte,1.780
2009,97,Vaupés,arte,1.998
2010,97,Vaupés,arte,2.226
2011,97,Vaupés,arte,2.459
2012,97,Vaupés,arte,2.514
2013,97,Vaupés,arte,2.557
2014,97,Vaupés,arte,2.794
2015,97,Vaupés,arte,2.481
2016,97,Vaupés,arte,2.197
2017,97,Vaupés,arte,2.385
2018,97,Vaupés,arte,2.490
2019,97,Vaupés,arte,2.836
2020,97,Vaupés,arte,2.715
2021,97,Vaupés,arte,3.593
2022,97,Vaupés,arte,4.905
2023,97,Vaupés,arte,5.978
2024,97,Vaupés,arte,6.975
2025,97,Vaupés,arte,8.348
2005,97,Vaupés,comercio,13.949
2006,97,Vaupés,comercio,16.384
2007,97,Vaupés,comercio,24.157
2008,97,Vaupés,comercio,26.952
2009,97,Vaupés,comercio,28.687
2010,97,Vaupés,comercio,33.940
2011,97,Vaupés,comercio,36.060
2012,97,Vaupés,comercio,38.084
2013,97,Vaupés,comercio,42.950
2014,97,Vaupés,comercio,50.645
2015,97,Vaupés,comercio,56.798
2016,97,Vaupés,comercio,63.376
2017,97,Vaupés,comercio,66.854
2018,97,Vaupés,comercio,70.553
2019,97,Vaupés,comercio,73.843
2020,97,Vaupés,comercio,58.390
2021,97,Vaupés,comercio,72.353
2022,97,Vaupés,comercio,91.326
2023,97,Vaupés,comercio,99.711
2024,97,Vaupés,comercio,107.733
2025,97,Vaupés,comercio,117.506
2005,97,Vaupés,construccion,2.281
2006,97,Vaupés,construccion,3.226
2007,97,Vaupés,construccion,6.757
2008,97,Vaupés,construccion,6.417
2009,97,Vaupés,construccion,9.586
2010,97,Vaupés,construccion,10.347
2011,97,Vaupés,construccion,15.249
2012,97,Vaupés,construccion,15.200
2013,97,Vaupés,construccion,23.330
2014,97,Vaupés,construccion,28.591
2015,97,Vaupés,construccion,30.387
2016,97,Vaupés,construccion,28.817
2017,97,Vaupés,construccion,27.050
2018,97,Vaupés,construccion,29.884
2019,97,Vaupés,construccion,32.052
2020,97,Vaupés,construccion,28.322
2021,97,Vaupés,construccion,31.725
2022,97,Vaupés,construccion,29.172
2023,97,Vaupés,construccion,32.312
2024,97,Vaupés,construccion,38.535
2025,97,Vaupés,construccion,37.047
2005,97,Vaupés,electricidad,0.191
2006,97,Vaupés,electricidad,0.391
2007,97,Vaupés,electricidad,0.397
2008,97,Vaupés,electricidad,0.397
2009,97,Vaupés,electricidad,0.396
2010,97,Vaupés,electricidad,0.404
2011,97,Vaupés,electricidad,0.409
2012,97,Vaupés,electricidad,0.411
2013,97,Vaupés,electricidad,0.622
2014,97,Vaupés,electricidad,0.612
2015,97,Vaupés,electricidad,0.619
2016,97,Vaupés,electricidad,0.718
2017,97,Vaupés,electricidad,0.743
2018,97,Vaupés,electricidad,0.822
2019,97,Vaupés,electricidad,0.933
2020,97,Vaupés,electricidad,1.062
2021,97,Vaupés,electricidad,1.218
2022,97,Vaupés,electricidad,1.561
2023,97,Vaupés,electricidad,1.988
2024,97,Vaupés,electricidad,2.300
2025,97,Vaupés,electricidad,2.126
2005,97,Vaupés,finanzas,0.669
2006,97,Vaupés,finanzas,0.861
2007,97,Vaupés,finanzas,1.084
2008,97,Vaupés,finanzas,1.296
2009,97,Vaupés,finanzas,1.527
2010,97,Vaupés,finanzas,1.588
2011,97,Vaupés,finanzas,1.900
2012,97,Vaupés,finanzas,2.401
2013,97,Vaupés,finanzas,2.668
2014,97,Vaupés,finanzas,3.454
2015,97,Vaupés,finanzas,2.694
2016,97,Vaupés,finanzas,2.319
2017,97,Vaupés,finanzas,2.693
2018,97,Vaupés,finanzas,3.003
2019,97,Vaupés,finanzas,3.361
2020,97,Vaupés,finanzas,3.542
2021,97,Vaupés,finanzas,3.979
2022,97,Vaupés,finanzas,4.246
2023,97,Vaupés,finanzas,4.685
2024,97,Vaupés,finanzas,5.318
2025,97,Vaupés,finanzas,5.829
2005,97,Vaupés,gobierno,39.771
2006,97,Vaupés,gobierno,42.477
2007,97,Vaupés,gobierno,48.094
2008,97,Vaupés,gobierno,53.595
2009,97,Vaupés,gobierno,60.502
2010,97,Vaupés,gobierno,61.376
2011,97,Vaupés,gobierno,71.916
2012,97,Vaupés,gobierno,78.591
2013,97,Vaupés,gobierno,89.314
2014,97,Vaupés,gobierno,98.441
2015,97,Vaupés,gobierno,104.830
2016,97,Vaupés,gobierno,114.278
2017,97,Vaupés,gobierno,124.154
2018,97,Vaupés,gobierno,134.702
2019,97,Vaupés,gobierno,147.789
2020,97,Vaupés,gobierno,156.515
2021,97,Vaupés,gobierno,171.517
2022,97,Vaupés,gobierno,185.452
2023,97,Vaupés,gobierno,212.915
2024,97,Vaupés,gobierno,240.138
2025,97,Vaupés,gobierno,267.177
2005,97,Vaupés,impuestos,1.715
2006,97,Vaupés,impuestos,1.708
2007,97,Vaupés,impuestos,1.704
2008,97,Vaupés,impuestos,1.720
2009,97,Vaupés,impuestos,2.284
2010,97,Vaupés,impuestos,3.445
2011,97,Vaupés,impuestos,4.514
2012,97,Vaupés,impuestos,4.604
2013,97,Vaupés,impuestos,6.379
2014,97,Vaupés,impuestos,6.889
2015,97,Vaupés,impuestos,7.001
2016,97,Vaupés,impuestos,7.065
2017,97,Vaupés,impuestos,8.227
2018,97,Vaupés,impuestos,9.001
2019,97,Vaupés,impuestos,9.808
2020,97,Vaupés,impuestos,8.989
2021,97,Vaupés,impuestos,11.176
2022,97,Vaupés,impuestos,14.180
2023,97,Vaupés,impuestos,14.660
2024,97,Vaupés,impuestos,15.414
2025,97,Vaupés,impuestos,17.204
2005,97,Vaupés,industria,0.405
2006,97,Vaupés,industria,0.404
2007,97,Vaupés,industria,0.401
2008,97,Vaupés,industria,0.395
2009,97,Vaupés,industria,0.394
2010,97,Vaupés,industria,0.390
2011,97,Vaupés,industria,0.386
2012,97,Vaupés,industria,0.384
2013,97,Vaupés,industria,0.383
2014,97,Vaupés,industria,0.378
2015,97,Vaupés,industria,0.391
2016,97,Vaupés,industria,0.436
2017,97,Vaupés,industria,0.429
2018,97,Vaupés,industria,0.426
2019,97,Vaupés,industria,0.438
2020,97,Vaupés,industria,0.429
2021,97,Vaupés,industria,0.514
2022,97,Vaupés,industria,0.644
2023,97,Vaupés,industria,0.651
2024,97,Vaupés,industria,0.643
2025,97,Vaupés,industria,0.708
2005,97,Vaupés,informacion,0.093
2006,97,Vaupés,informacion,0.104
2007,97,Vaupés,informacion,0.145
2008,97,Vaupés,informacion,0.161
2009,97,Vaupés,informacion,0.159
2010,97,Vaupés,informacion,0.195
2011,97,Vaupés,informacion,0.211
2012,97,Vaupés,informacion,0.208
2013,97,Vaupés,informacion,0.222
2014,97,Vaupés,informacion,0.219
2015,97,Vaupés,informacion,0.222
2016,97,Vaupés,informacion,0.230
2017,97,Vaupés,informacion,0.245
2018,97,Vaupés,informacion,0.254
2019,97,Vaupés,informacion,0.262
2020,97,Vaupés,informacion,0.265
2021,97,Vaupés,informacion,0.284
2022,97,Vaupés,informacion,0.316
2023,97,Vaupés,informacion,0.324
2024,97,Vaupés,informacion,0.332
2025,97,Vaupés,informacion,0.343
2005,97,Vaupés,inmobiliarias,8.457
2006,97,Vaupés,inmobiliarias,8.450
2007,97,Vaupés,inmobiliarias,8.445
2008,97,Vaupés,inmobiliarias,8.431
2009,97,Vaupés,inmobiliarias,8.433
2010,97,Vaupés,inmobiliarias,8.433
2011,97,Vaupés,inmobiliarias,8.424
2012,97,Vaupés,inmobiliarias,8.418
2013,97,Vaupés,inmobiliarias,8.412
2014,97,Vaupés,inmobiliarias,8.317
2015,97,Vaupés,inmobiliarias,9.100
2016,97,Vaupés,inmobiliarias,9.960
2017,97,Vaupés,inmobiliarias,10.790
2018,97,Vaupés,inmobiliarias,11.388
2019,97,Vaupés,inmobiliarias,12.085
2020,97,Vaupés,inmobiliarias,12.323
2021,97,Vaupés,inmobiliarias,12.593
2022,97,Vaupés,inmobiliarias,13.243
2023,97,Vaupés,inmobiliarias,14.350
2024,97,Vaupés,inmobiliarias,15.691
2025,97,Vaupés,inmobiliarias,16.785
2005,97,Vaupés,mineria,1.058
2006,97,Vaupés,mineria,1.080
2007,97,Vaupés,mineria,1.664
2008,97,Vaupés,mineria,1.049
2009,97,Vaupés,mineria,1.049
2010,97,Vaupés,mineria,1.057
2011,97,Vaupés,mineria,1.047
2012,97,Vaupés,mineria,1.052
2013,97,Vaupés,mineria,1.041
2014,97,Vaupés,mineria,0.973
2015,97,Vaupés,mineria,1.006
2016,97,Vaupés,mineria,0.976
2017,97,Vaupés,mineria,0.902
2018,97,Vaupés,mineria,0.992
2019,97,Vaupés,mineria,1.062
2020,97,Vaupés,mineria,0.972
2021,97,Vaupés,mineria,1.093
2022,97,Vaupés,mineria,1.100
2023,97,Vaupés,mineria,1.232
2024,97,Vaupés,mineria,1.227
2025,97,Vaupés,mineria,1.289
2005,97,Vaupés,profesionales,3.812
2006,97,Vaupés,profesionales,0.798
2007,97,Vaupés,profesionales,1.673
2008,97,Vaupés,profesionales,0.876
2009,97,Vaupés,profesionales,0.917
2010,97,Vaupés,profesionales,0.961
2011,97,Vaupés,profesionales,1.006
2012,97,Vaupés,profesionales,1.054
2013,97,Vaupés,profesionales,1.104
2014,97,Vaupés,profesionales,1.130
2015,97,Vaupés,profesionales,1.151
2016,97,Vaupés,profesionales,1.177
2017,97,Vaupés,profesionales,1.217
2018,97,Vaupés,profesionales,1.315
2019,97,Vaupés,profesionales,1.378
2020,97,Vaupés,profesionales,1.341
2021,97,Vaupés,profesionales,1.477
2022,97,Vaupés,profesionales,1.752
2023,97,Vaupés,profesionales,1.938
2024,97,Vaupés,profesionales,2.037
2025,97,Vaupés,profesionales,2.168
2005,99,Vichada,agro,133.508
2006,99,Vichada,agro,148.367
2007,99,Vichada,agro,128.422
2008,99,Vichada,agro,137.622
2009,99,Vichada,agro,137.596
2010,99,Vichada,agro,132.215
2011,99,Vichada,agro,131.968
2012,99,Vichada,agro,140.618
2013,99,Vichada,agro,140.457
2014,99,Vichada,agro,133.758
2015,99,Vichada,agro,172.179
2016,99,Vichada,agro,197.274
2017,99,Vichada,agro,190.496
2018,99,Vichada,agro,201.801
2019,99,Vichada,agro,214.001
2020,99,Vichada,agro,235.025
2021,99,Vichada,agro,287.637
2022,99,Vichada,agro,386.590
2023,99,Vichada,agro,415.983
2024,99,Vichada,agro,489.142
2025,99,Vichada,agro,539.210
2005,99,Vichada,arte,3.006
2006,99,Vichada,arte,3.344
2007,99,Vichada,arte,2.836
2008,99,Vichada,arte,3.185
2009,99,Vichada,arte,3.250
2010,99,Vichada,arte,3.621
2011,99,Vichada,arte,4.309
2012,99,Vichada,arte,4.406
2013,99,Vichada,arte,3.840
2014,99,Vichada,arte,4.221
2015,99,Vichada,arte,4.899
2016,99,Vichada,arte,4.280
2017,99,Vichada,arte,4.947
2018,99,Vichada,arte,5.103
2019,99,Vichada,arte,5.695
2020,99,Vichada,arte,5.465
2021,99,Vichada,arte,7.241
2022,99,Vichada,arte,10.475
2023,99,Vichada,arte,12.688
2024,99,Vichada,arte,14.770
2025,99,Vichada,arte,17.583
2005,99,Vichada,comercio,25.738
2006,99,Vichada,comercio,29.727
2007,99,Vichada,comercio,32.941
2008,99,Vichada,comercio,37.595
2009,99,Vichada,comercio,36.890
2010,99,Vichada,comercio,36.524
2011,99,Vichada,comercio,40.361
2012,99,Vichada,comercio,43.335
2013,99,Vichada,comercio,47.526
2014,99,Vichada,comercio,52.445
2015,99,Vichada,comercio,57.499
2016,99,Vichada,comercio,59.449
2017,99,Vichada,comercio,63.592
2018,99,Vichada,comercio,67.092
2019,99,Vichada,comercio,70.561
2020,99,Vichada,comercio,56.997
2021,99,Vichada,comercio,76.585
2022,99,Vichada,comercio,95.820
2023,99,Vichada,comercio,104.703
2024,99,Vichada,comercio,114.559
2025,99,Vichada,comercio,124.842
2005,99,Vichada,construccion,10.230
2006,99,Vichada,construccion,12.355
2007,99,Vichada,construccion,17.269
2008,99,Vichada,construccion,21.071
2009,99,Vichada,construccion,28.315
2010,99,Vichada,construccion,27.349
2011,99,Vichada,construccion,32.016
2012,99,Vichada,construccion,38.642
2013,99,Vichada,construccion,43.337
2014,99,Vichada,construccion,44.026
2015,99,Vichada,construccion,54.540
2016,99,Vichada,construccion,54.050
2017,99,Vichada,construccion,57.751
2018,99,Vichada,construccion,59.516
2019,99,Vichada,construccion,68.426
2020,99,Vichada,construccion,52.630
2021,99,Vichada,construccion,61.499
2022,99,Vichada,construccion,70.478
2023,99,Vichada,construccion,77.734
2024,99,Vichada,construccion,82.096
2025,99,Vichada,construccion,78.242
2005,99,Vichada,electricidad,1.868
2006,99,Vichada,electricidad,1.869
2007,99,Vichada,electricidad,1.857
2008,99,Vichada,electricidad,2.718
2009,99,Vichada,electricidad,3.535
2010,99,Vichada,electricidad,3.519
2011,99,Vichada,electricidad,3.483
2012,99,Vichada,electricidad,3.416
2013,99,Vichada,electricidad,3.370
2014,99,Vichada,electricidad,3.077
2015,99,Vichada,electricidad,3.167
2016,99,Vichada,electricidad,3.390
2017,99,Vichada,electricidad,3.680
2018,99,Vichada,electricidad,4.082
2019,99,Vichada,electricidad,4.427
2020,99,Vichada,electricidad,4.635
2021,99,Vichada,electricidad,5.203
2022,99,Vichada,electricidad,5.977
2023,99,Vichada,electricidad,7.128
2024,99,Vichada,electricidad,8.029
2025,99,Vichada,electricidad,8.004
2005,99,Vichada,finanzas,3.494
2006,99,Vichada,finanzas,3.372
2007,99,Vichada,finanzas,4.528
2008,99,Vichada,finanzas,5.072
2009,99,Vichada,finanzas,5.694
2010,99,Vichada,finanzas,6.514
2011,99,Vichada,finanzas,7.438
2012,99,Vichada,finanzas,9.399
2013,99,Vichada,finanzas,10.760
2014,99,Vichada,finanzas,11.503
2015,99,Vichada,finanzas,10.641
2016,99,Vichada,finanzas,9.457
2017,99,Vichada,finanzas,9.882
2018,99,Vichada,finanzas,10.365
2019,99,Vichada,finanzas,11.458
2020,99,Vichada,finanzas,11.987
2021,99,Vichada,finanzas,13.092
2022,99,Vichada,finanzas,13.848
2023,99,Vichada,finanzas,15.113
2024,99,Vichada,finanzas,17.160
2025,99,Vichada,finanzas,18.739
2005,99,Vichada,gobierno,93.461
2006,99,Vichada,gobierno,96.544
2007,99,Vichada,gobierno,108.741
2008,99,Vichada,gobierno,120.975
2009,99,Vichada,gobierno,125.838
2010,99,Vichada,gobierno,136.409
2011,99,Vichada,gobierno,143.945
2012,99,Vichada,gobierno,152.578
2013,99,Vichada,gobierno,171.581
2014,99,Vichada,gobierno,160.949
2015,99,Vichada,gobierno,175.399
2016,99,Vichada,gobierno,193.414
2017,99,Vichada,gobierno,209.737
2018,99,Vichada,gobierno,227.098
2019,99,Vichada,gobierno,249.752
2020,99,Vichada,gobierno,259.000
2021,99,Vichada,gobierno,283.453
2022,99,Vichada,gobierno,304.544
2023,99,Vichada,gobierno,351.443
2024,99,Vichada,gobierno,401.344
2025,99,Vichada,gobierno,441.596
2005,99,Vichada,impuestos,7.966
2006,99,Vichada,impuestos,8.781
2007,99,Vichada,impuestos,14.366
2008,99,Vichada,impuestos,12.365
2009,99,Vichada,impuestos,13.986
2010,99,Vichada,impuestos,9.224
2011,99,Vichada,impuestos,9.811
2012,99,Vichada,impuestos,10.742
2013,99,Vichada,impuestos,11.539
2014,99,Vichada,impuestos,14.687
2015,99,Vichada,impuestos,15.313
2016,99,Vichada,impuestos,14.607
2017,99,Vichada,impuestos,17.178
2018,99,Vichada,impuestos,18.298
2019,99,Vichada,impuestos,19.998
2020,99,Vichada,impuestos,17.231
2021,99,Vichada,impuestos,21.817
2022,99,Vichada,impuestos,28.241
2023,99,Vichada,impuestos,29.212
2024,99,Vichada,impuestos,30.811
2025,99,Vichada,impuestos,34.160
2005,99,Vichada,industria,2.361
2006,99,Vichada,industria,2.654
2007,99,Vichada,industria,2.992
2008,99,Vichada,industria,3.124
2009,99,Vichada,industria,3.151
2010,99,Vichada,industria,3.194
2011,99,Vichada,industria,3.403
2012,99,Vichada,industria,3.609
2013,99,Vichada,industria,3.737
2014,99,Vichada,industria,3.813
2015,99,Vichada,industria,4.161
2016,99,Vichada,industria,4.676
2017,99,Vichada,industria,4.120
2018,99,Vichada,industria,4.206
2019,99,Vichada,industria,4.328
2020,99,Vichada,industria,4.132
2021,99,Vichada,industria,5.076
2022,99,Vichada,industria,6.160
2023,99,Vichada,industria,6.518
2024,99,Vichada,industria,6.703
2025,99,Vichada,industria,7.191
2005,99,Vichada,informacion,2.227
2006,99,Vichada,informacion,3.234
2007,99,Vichada,informacion,3.987
2008,99,Vichada,informacion,4.525
2009,99,Vichada,informacion,4.664
2010,99,Vichada,informacion,3.082
2011,99,Vichada,informacion,3.038
2012,99,Vichada,informacion,2.994
2013,99,Vichada,informacion,3.472
2014,99,Vichada,informacion,3.597
2015,99,Vichada,informacion,3.628
2016,99,Vichada,informacion,3.738
2017,99,Vichada,informacion,3.968
2018,99,Vichada,informacion,3.974
2019,99,Vichada,informacion,4.094
2020,99,Vichada,informacion,4.043
2021,99,Vichada,informacion,4.367
2022,99,Vichada,informacion,4.865
2023,99,Vichada,informacion,5.072
2024,99,Vichada,informacion,5.207
2025,99,Vichada,informacion,5.270
2005,99,Vichada,inmobiliarias,17.179
2006,99,Vichada,inmobiliarias,17.164
2007,99,Vichada,inmobiliarias,17.153
2008,99,Vichada,inmobiliarias,17.126
2009,99,Vichada,inmobiliarias,17.130
2010,99,Vichada,inmobiliarias,17.129
2011,99,Vichada,inmobiliarias,17.111
2012,99,Vichada,inmobiliarias,21.374
2013,99,Vichada,inmobiliarias,21.359
2014,99,Vichada,inmobiliarias,21.118
2015,99,Vichada,inmobiliarias,22.347
2016,99,Vichada,inmobiliarias,23.872
2017,99,Vichada,inmobiliarias,25.609
2018,99,Vichada,inmobiliarias,27.401
2019,99,Vichada,inmobiliarias,29.063
2020,99,Vichada,inmobiliarias,29.980
2021,99,Vichada,inmobiliarias,31.069
2022,99,Vichada,inmobiliarias,33.077
2023,99,Vichada,inmobiliarias,36.199
2024,99,Vichada,inmobiliarias,39.366
2025,99,Vichada,inmobiliarias,41.850
2005,99,Vichada,mineria,0.027
2006,99,Vichada,mineria,0.028
2007,99,Vichada,mineria,0.029
2008,99,Vichada,mineria,0.027
2009,99,Vichada,mineria,0.027
2010,99,Vichada,mineria,1.087
2011,99,Vichada,mineria,1.132
2012,99,Vichada,mineria,1.137
2013,99,Vichada,mineria,2.251
2014,99,Vichada,mineria,8.413
2015,99,Vichada,mineria,2.009
2016,99,Vichada,mineria,1.831
2017,99,Vichada,mineria,1.928
2018,99,Vichada,mineria,2.090
2019,99,Vichada,mineria,2.250
2020,99,Vichada,mineria,1.635
2021,99,Vichada,mineria,1.827
2022,99,Vichada,mineria,2.025
2023,99,Vichada,mineria,2.430
2024,99,Vichada,mineria,2.412
2025,99,Vichada,mineria,2.573
2005,99,Vichada,profesionales,0.762
2006,99,Vichada,profesionales,1.596
2007,99,Vichada,profesionales,1.672
2008,99,Vichada,profesionales,1.752
2009,99,Vichada,profesionales,1.833
2010,99,Vichada,profesionales,2.879
2011,99,Vichada,profesionales,3.016
2012,99,Vichada,profesionales,3.159
2013,99,Vichada,profesionales,3.308
2014,99,Vichada,profesionales,3.389
2015,99,Vichada,profesionales,3.445
2016,99,Vichada,profesionales,3.490
2017,99,Vichada,profesionales,3.616
2018,99,Vichada,profesionales,3.867
2019,99,Vichada,profesionales,4.043
2020,99,Vichada,profesionales,3.940
2021,99,Vichada,profesionales,4.361
2022,99,Vichada,profesionales,4.898
2023,99,Vichada,profesionales,5.414
2024,99,Vichada,profesionales,5.679
2025,99,Vichada,profesionales,6.048
